14:02:16  INFO      ============================================================
14:02:16  INFO      fetch_yesterday.py  |  target date: 2026-03-19
14:02:16  INFO      ============================================================
14:02:16  INFO      Fetching schedule for 2026-03-19 ...
14:02:16  INFO      Found 14 Final game(s). Fetching pitch data...
14:02:16  INFO      [1/14] Fetching game_pk=831452
14:02:16  INFO        game_pk=831452    WSH@STL  284 rows
14:02:18  INFO      [2/14] Fetching game_pk=831551
14:02:18  INFO        game_pk=831551    TB@PHI  219 rows
14:02:19  INFO      [3/14] Fetching game_pk=832062
14:02:20  INFO        game_pk=832062    BAL@NYY  299 rows
14:02:21  INFO      [4/14] Fetching game_pk=831605
14:02:21  INFO        game_pk=831605    NYY@TOR  277 rows
14:02:23  INFO      [5/14] Fetching game_pk=831500
14:02:23  INFO        game_pk=831500    NYM@HOU  347 rows
14:02:24  INFO      [6/14] Fetching game_pk=831501
14:02:24  INFO        game_pk=831501    PIT@BAL  276 rows
14:02:26  INFO      [7/14] Fetching game_pk=831606
14:02:26  INFO        game_pk=831606    MIN@BOS  287 rows
14:02:28  INFO      [8/14] Fetching game_pk=831822
14:02:28  INFO        game_pk=831822    LAA@KC  301 rows
14:02:29  INFO      [9/14] Fetching game_pk=831846
14:02:29  INFO        game_pk=831846    KC@CLE  294 rows
14:02:31  INFO      [10/14] Fetching game_pk=831962
14:02:31  INFO        game_pk=831962    AZ@CWS  289 rows
14:02:33  INFO      [11/14] Fetching game_pk=831755
14:02:33  INFO        game_pk=831755    SEA@ATH  294 rows
14:02:34  INFO      [12/14] Fetching game_pk=831756
14:02:34  INFO        game_pk=831756    SF@COL  326 rows
14:02:36  INFO      [13/14] Fetching game_pk=831907
14:02:36  INFO        game_pk=831907    CWS@SD  330 rows
14:02:37  INFO      [14/14] Fetching game_pk=831722
14:02:38  INFO        game_pk=831722    TEX@MIL  311 rows
14:02:39  INFO      Total raw rows: 4134
14:02:39  INFO      Cleaning 4134 rows...
14:02:39  INFO      Clean complete. Shape: (4134, 83)
14:02:39  INFO        2026_03.csv — new file, writing 4134 rows
14:02:39  INFO        Wrote /home/runner/work/OGUN_CSV/OGUN_CSV/data/2026_03.csv
14:02:39  INFO      Done.
13:43:45  INFO      ============================================================
13:43:45  INFO      fetch_yesterday.py  |  target date: 2026-03-20
13:43:45  INFO      ============================================================
13:43:45  INFO      Fetching schedule for 2026-03-20 ...
13:43:45  INFO      Found 20 Final game(s). Fetching pitch data...
13:43:45  INFO      [1/20] Fetching game_pk=831602
13:43:46  INFO        game_pk=831602    BOS@TB  252 rows
13:43:47  INFO      [2/20] Fetching game_pk=831604
13:43:47  INFO        game_pk=831604    TOR@MIN  281 rows
13:43:49  INFO      [3/20] Fetching game_pk=831550
13:43:49  INFO        game_pk=831550    DET@PHI  247 rows
13:43:51  INFO      [4/20] Fetching game_pk=831456
13:43:51  INFO        game_pk=831456    STL@NYM  291 rows
13:43:52  INFO      [5/20] Fetching game_pk=831910
13:43:52  INFO        game_pk=831910    CWS@LAA  290 rows
13:43:54  INFO      [6/20] Fetching game_pk=831420
13:43:55  INFO        game_pk=831420    KCP@TXP  341 rows
13:43:56  INFO      [7/20] Fetching game_pk=831451
13:43:56  INFO        game_pk=831451    PIT@ATL  290 rows
13:43:58  INFO      [8/20] Fetching game_pk=831505
13:43:58  INFO        game_pk=831505    MIA@HOU  360 rows
13:44:00  INFO      [9/20] Fetching game_pk=831416
13:44:00  INFO        game_pk=831416    BRP@BOP  256 rows
13:44:02  INFO      [10/20] Fetching game_pk=831603
13:44:02  INFO        game_pk=831603    BAL@NYY  263 rows
13:44:04  INFO      [11/20] Fetching game_pk=831450
13:44:04  INFO        game_pk=831450    WSH@MIA  262 rows
13:44:05  INFO      [12/20] Fetching game_pk=831417
13:44:06  INFO        game_pk=831417    DTP@PIP  308 rows
13:44:07  INFO      [13/20] Fetching game_pk=831835
13:44:08  INFO        game_pk=831835    KC@SF  236 rows
13:44:09  INFO      [14/20] Fetching game_pk=831902
13:44:09  INFO        game_pk=831902    CIN@CHC  321 rows
13:44:11  INFO      [15/20] Fetching game_pk=831766
13:44:11  INFO        game_pk=831766    SD@LAD  298 rows
13:44:12  INFO      [16/20] Fetching game_pk=831743
13:44:13  INFO        game_pk=831743    SEA@CLE  395 rows
13:44:15  INFO      [17/20] Fetching game_pk=831749
13:44:15  INFO        game_pk=831749    SF@TEX  256 rows
13:44:17  INFO      [18/20] Fetching game_pk=831931
13:44:17  INFO        game_pk=831931    CHC@ATH  289 rows
13:44:18  INFO      [19/20] Fetching game_pk=831864
13:44:18  INFO        game_pk=831864    COL@SD  280 rows
13:44:20  INFO      [20/20] Fetching game_pk=831796
13:44:20  INFO        game_pk=831796    MIL@AZ  291 rows
13:44:22  INFO      Total raw rows: 5807
13:44:22  INFO      Cleaning 5807 rows...
13:44:22  INFO      Clean complete. Shape: (5807, 83)
13:44:22  INFO        2026_03.csv — adding 5807 new rows (was 4134, now 9941)
13:44:22  INFO        Wrote /home/runner/work/OGUN_CSV/OGUN_CSV/data/2026_03.csv
13:44:22  INFO      Done.
13:46:30  INFO      ============================================================
13:46:30  INFO      fetch_yesterday.py  |  target date: 2026-03-21
13:46:30  INFO      ============================================================
13:46:30  INFO      Fetching schedule for 2026-03-21 ...
13:46:30  INFO      Found 20 Final game(s). Fetching pitch data...
13:46:30  INFO      [1/20] Fetching game_pk=831448
13:46:30  INFO        game_pk=831448    NYM@WSH  243 rows
13:46:32  INFO      [2/20] Fetching game_pk=831553
13:46:33  INFO        game_pk=831553    TOR@PIT  281 rows
13:46:34  INFO      [3/20] Fetching game_pk=831599
13:46:35  INFO        game_pk=831599    MIN@TB  189 rows
13:46:36  INFO      [4/20] Fetching game_pk=831499
13:46:36  INFO        game_pk=831499    PHI@BAL  400 rows
13:46:38  INFO      [5/20] Fetching game_pk=831502
13:46:38  INFO        game_pk=831502    ATL@BOS  286 rows
13:46:40  INFO      [6/20] Fetching game_pk=831449
13:46:41  INFO        game_pk=831449    MIA@STL  257 rows
13:46:42  INFO      [7/20] Fetching game_pk=831601
13:46:43  INFO        game_pk=831601    NYY@DET  242 rows
13:46:45  INFO      [8/20] Fetching game_pk=831412
13:46:45  INFO        game_pk=831412    TBP@PHP  287 rows
13:46:46  INFO      [9/20] Fetching game_pk=831549
13:46:47  INFO        game_pk=831549    HOU@NYM  318 rows
13:46:49  INFO      [10/20] Fetching game_pk=831937
13:46:49  INFO        game_pk=831937    ATH@LAD  316 rows
13:46:51  INFO      [11/20] Fetching game_pk=831868
13:46:51  INFO        game_pk=831868    COL@KC  311 rows
13:46:53  INFO      [12/20] Fetching game_pk=831873
13:46:53  INFO        game_pk=831873    CLE@SF  280 rows
13:46:54  INFO      [13/20] Fetching game_pk=831734
13:46:55  INFO        game_pk=831734    TEX@AZ  274 rows
13:46:56  INFO      [14/20] Fetching game_pk=831767
13:46:56  INFO        game_pk=831767    SD@MIL  241 rows
13:46:58  INFO      [15/20] Fetching game_pk=831418
13:46:58  INFO        game_pk=831418    ABP@NYP  319 rows
13:47:00  INFO      [16/20] Fetching game_pk=831425
13:47:00  INFO        game_pk=831425    COP@ADP  295 rows
13:47:01  INFO      [17/20] Fetching game_pk=831916
13:47:02  INFO        game_pk=831916    CWS@CIN  320 rows
13:47:03  INFO      [18/20] Fetching game_pk=831424
13:47:03  INFO        game_pk=831424    SDP@CCP  295 rows
13:47:05  INFO      [19/20] Fetching game_pk=831423
13:47:05  INFO        game_pk=831423    CWP@LDP  422 rows
13:47:07  INFO      [20/20] Fetching game_pk=831923
13:47:07  INFO        game_pk=831923    CHC@SEA  293 rows
13:47:09  INFO      Total raw rows: 5869
13:47:09  INFO      Cleaning 5869 rows...
13:47:09  INFO      Clean complete. Shape: (5869, 83)
13:47:09  INFO        2026_03.csv — adding 5869 new rows (was 9941, now 15810)
13:47:10  INFO        Wrote /home/runner/work/OGUN_CSV/OGUN_CSV/data/2026_03.csv
13:47:10  INFO      Done.
14:16:50  INFO      ============================================================
14:16:50  INFO      fetch_yesterday.py  |  target date: 2026-03-22
14:16:50  INFO      ============================================================
14:16:50  INFO      Fetching schedule for 2026-03-22 ...
14:16:50  INFO      Found 15 Final game(s). Fetching pitch data...
14:16:50  INFO      [1/15] Fetching game_pk=831496
14:16:50  INFO        game_pk=831496    STL@HOU  281 rows
14:16:52  INFO      [2/15] Fetching game_pk=831552
14:16:52  INFO        game_pk=831552    BOS@PIT  304 rows
14:16:54  INFO      [3/15] Fetching game_pk=831492
14:16:54  INFO        game_pk=831492    ATL@MIN  288 rows
14:16:56  INFO      [4/15] Fetching game_pk=831493
14:16:56  INFO        game_pk=831493    PHI@NYY  256 rows
14:16:57  INFO      [5/15] Fetching game_pk=831592
14:16:58  INFO        game_pk=831592    TB@TOR  307 rows
14:16:59  INFO      [6/15] Fetching game_pk=831446
14:17:00  INFO        game_pk=831446    NYM@MIA  308 rows
14:17:01  INFO      [7/15] Fetching game_pk=831503
14:17:01  INFO        game_pk=831503    WSH@BAL  321 rows
14:17:03  INFO      [8/15] Fetching game_pk=831896
14:17:03  INFO        game_pk=831896    CIN@CLE  308 rows
14:17:05  INFO      [9/15] Fetching game_pk=831789
14:17:05  INFO        game_pk=831789    MIL@CHC  304 rows
14:17:06  INFO      [10/15] Fetching game_pk=831426
14:17:07  INFO        game_pk=831426    MBP@ATP  344 rows
14:17:08  INFO      [11/15] Fetching game_pk=831945
14:17:08  INFO        game_pk=831945    ATH@COL  268 rows
14:17:10  INFO      [12/15] Fetching game_pk=831752
14:17:10  INFO        game_pk=831752    SF@SAC  241 rows
14:17:12  INFO      [13/15] Fetching game_pk=831746
14:17:12  INFO        game_pk=831746    SEA@CWS  261 rows
14:17:13  INFO      [14/15] Fetching game_pk=831804
14:17:13  INFO        game_pk=831804    LAD@LAA  376 rows
14:17:15  INFO      [15/15] Fetching game_pk=831947
14:17:15  INFO        game_pk=831947    AZ@SD  317 rows
14:17:17  INFO      Total raw rows: 4484
14:17:17  INFO      Cleaning 4484 rows...
14:17:17  INFO      Clean complete. Shape: (4484, 83)
14:17:17  INFO        2026_03.csv — adding 4484 new rows (was 15810, now 20294)
14:17:18  INFO        Wrote /home/runner/work/OGUN_CSV/OGUN_CSV/data/2026_03.csv
14:17:18  INFO      Done.
14:20:05  INFO      ============================================================
14:20:05  INFO      fetch_yesterday.py  |  target date: 2026-03-23
14:20:05  INFO      ============================================================
14:20:05  INFO      Fetching schedule for 2026-03-23 ...
14:20:05  INFO      Found 15 Final game(s). Fetching pitch data...
14:20:05  INFO      [1/15] Fetching game_pk=831547
14:20:05  INFO        game_pk=831547    TB@PHI  304 rows
14:20:07  INFO      [2/15] Fetching game_pk=831546
14:20:07  INFO        game_pk=831546    BAL@WSH  259 rows
14:20:09  INFO      [3/15] Fetching game_pk=832036
14:20:09  INFO        game_pk=832036    MIN@BOS  335 rows
14:20:10  INFO      [4/15] Fetching game_pk=831447
14:20:11  INFO        game_pk=831447    ATL@PIT  278 rows
14:20:12  INFO      [5/15] Fetching game_pk=831915
14:20:12  INFO        game_pk=831915    CWS@ATH  360 rows
14:20:14  INFO      [6/15] Fetching game_pk=831780
14:20:14  INFO        game_pk=831780    NYY@CHC  304 rows
14:20:16  INFO      [7/15] Fetching game_pk=831735
14:20:16  INFO        game_pk=831735    SEA@SD  298 rows
14:20:17  INFO      [8/15] Fetching game_pk=831442
14:20:17  INFO        game_pk=831442    STL@SPR  307 rows
14:20:19  INFO      [9/15] Fetching game_pk=832078
14:20:19  INFO        game_pk=832078    CIN@MIL  305 rows
14:20:21  INFO      [10/15] Fetching game_pk=831838
14:20:21  INFO        game_pk=831838    KC@TEX  265 rows
14:20:22  INFO      [11/15] Fetching game_pk=831443
14:20:22  INFO        game_pk=831443    SUG@HOU  321 rows
14:20:24  INFO      [12/15] Fetching game_pk=831857
14:20:24  INFO        game_pk=831857    DET@COL  243 rows
14:20:26  INFO      [13/15] Fetching game_pk=831821
14:20:26  INFO        game_pk=831821    LAA@LAD  385 rows
14:20:27  INFO      [14/15] Fetching game_pk=831885
14:20:28  INFO        game_pk=831885    CLE@AZ  294 rows
14:20:29  INFO      [15/15] Fetching game_pk=831786
14:20:29  INFO        game_pk=831786    MTY@SF  250 rows
14:20:31  INFO      Total raw rows: 4508
14:20:31  INFO      Cleaning 4508 rows...
14:20:31  INFO      Clean complete. Shape: (4508, 83)
14:20:31  INFO        2026_03.csv — adding 4508 new rows (was 20294, now 24802)
14:20:32  INFO        Wrote /home/runner/work/OGUN_CSV/OGUN_CSV/data/2026_03.csv
14:20:32  INFO      Done.
14:19:12  INFO      ============================================================
14:19:12  INFO      fetch_yesterday.py  |  target date: 2026-03-24
14:19:12  INFO      ============================================================
14:19:12  INFO      Fetching schedule for 2026-03-24 ...
14:19:12  INFO      Found 10 Final game(s). Fetching pitch data...
14:19:12  INFO      [1/10] Fetching game_pk=831545
14:19:12  INFO        game_pk=831545    TB@ATL  267 rows
14:19:14  INFO      [2/10] Fetching game_pk=832037
14:19:14  INFO        game_pk=832037    BOS@MIN  290 rows
14:19:16  INFO      [3/10] Fetching game_pk=831837
14:19:16  INFO        game_pk=831837    KC@TEX  286 rows
14:19:17  INFO      [4/10] Fetching game_pk=831779
14:19:17  INFO        game_pk=831779    NYY@CHC  294 rows
14:19:19  INFO      [5/10] Fetching game_pk=831856
14:19:19  INFO        game_pk=831856    DET@COL  284 rows
14:19:21  INFO      [6/10] Fetching game_pk=831887
14:19:21  INFO        game_pk=831887    CLE@AZ  303 rows
14:19:23  INFO      [7/10] Fetching game_pk=832077
14:19:23  INFO        game_pk=832077    CIN@MIL  271 rows
14:19:24  INFO      [8/10] Fetching game_pk=831820
14:19:25  INFO        game_pk=831820    LAA@LAD  295 rows
14:19:26  INFO      [9/10] Fetching game_pk=831441
14:19:26  INFO        game_pk=831441    SUG@HOU  297 rows
14:19:28  INFO      [10/10] Fetching game_pk=831782
14:19:28  INFO        game_pk=831782    MTY@SF  287 rows
14:19:30  INFO      Total raw rows: 2874
14:19:30  INFO      Cleaning 2874 rows...
14:19:30  INFO      Clean complete. Shape: (2874, 83)
14:19:30  INFO        2026_03.csv — adding 2874 new rows (was 24802, now 27676)
14:19:30  INFO        Wrote /home/runner/work/OGUN_CSV/OGUN_CSV/data/2026_03.csv
14:19:30  INFO      Done.
14:25:50  INFO      ============================================================
14:25:50  INFO      fetch_yesterday.py  |  target date: 2026-03-25
14:25:50  INFO      ============================================================
14:25:50  INFO      Fetching schedule for 2026-03-25 ...
14:25:50  INFO      Found 1 Final game(s). Fetching pitch data...
14:25:50  INFO      [1/1] Fetching game_pk=823244
14:25:50  INFO        game_pk=823244    NYY@SF  258 rows
14:25:52  INFO      Total raw rows: 258
14:25:52  INFO      Cleaning 258 rows...
14:25:52  INFO      Clean complete. Shape: (258, 84)
14:25:52  INFO        2026_03.csv — adding 258 new rows (was 27676, now 27934)
14:25:52  INFO        Wrote /home/runner/work/OGUN_CSV/OGUN_CSV/data/2026_03.csv
14:25:52  INFO      Done.
14:13:03  INFO      ============================================================
14:13:03  INFO      fetch_yesterday.py  |  target date: 2026-03-26
14:13:03  INFO      ============================================================
14:13:03  INFO      Fetching schedule for 2026-03-26 ...
14:13:04  INFO      Found 11 Final game(s). Fetching pitch data...
14:13:04  INFO      [1/11] Fetching game_pk=823649
14:13:04  INFO        game_pk=823649    PIT@NYM  331 rows
14:13:05  INFO      [2/11] Fetching game_pk=823812
14:13:06  INFO        game_pk=823812    CWS@MIL  341 rows
14:13:07  INFO      [3/11] Fetching game_pk=824704
14:13:07  INFO        game_pk=824704    WSH@CHC  320 rows
14:13:09  INFO      [4/11] Fetching game_pk=824865
14:13:09  INFO        game_pk=824865    MIN@BAL  251 rows
14:13:11  INFO      [5/11] Fetching game_pk=824541
14:13:11  INFO        game_pk=824541    BOS@CIN  257 rows
14:13:12  INFO      [6/11] Fetching game_pk=824218
14:13:13  INFO        game_pk=824218    LAA@HOU  323 rows
14:13:14  INFO      [7/11] Fetching game_pk=823325
14:13:14  INFO        game_pk=823325    DET@SD  294 rows
14:13:16  INFO      [8/11] Fetching game_pk=823081
14:13:16  INFO        game_pk=823081    TB@STL  313 rows
14:13:18  INFO      [9/11] Fetching game_pk=823486
14:13:18  INFO        game_pk=823486    TEX@PHI  291 rows
14:13:19  INFO      [10/11] Fetching game_pk=823974
14:13:20  INFO        game_pk=823974    AZ@LAD  280 rows
14:13:21  INFO      [11/11] Fetching game_pk=823163
14:13:21  INFO        game_pk=823163    CLE@SEA  296 rows
14:13:23  INFO      Total raw rows: 3297
14:13:23  INFO      Cleaning 3297 rows...
14:13:23  INFO      Clean complete. Shape: (3297, 84)
14:13:23  INFO        2026_03.csv — adding 3297 new rows (was 27934, now 31231)
14:13:24  INFO        Wrote /home/runner/work/OGUN_CSV/OGUN_CSV/data/2026_03.csv
14:13:24  INFO      Done.
13:21:16  INFO      ============================================================
13:21:16  INFO      fetch_yesterday.py  |  target date: 2026-03-27
13:21:16  INFO      ============================================================
13:21:16  INFO      Fetching schedule for 2026-03-27 ...
13:21:16  INFO      Found 8 Final game(s). Fetching pitch data...
13:21:16  INFO      [1/8] Fetching game_pk=823243
13:21:16  INFO        game_pk=823243    NYY@SF  275 rows
13:21:18  INFO      [2/8] Fetching game_pk=822839
13:21:18  INFO        game_pk=822839    ATH@TOR  265 rows
13:21:19  INFO      [3/8] Fetching game_pk=823893
13:21:20  INFO        game_pk=823893    COL@MIA  233 rows
13:21:21  INFO      [4/8] Fetching game_pk=824946
13:21:21  INFO        game_pk=824946    KC@ATL  276 rows
13:21:23  INFO      [5/8] Fetching game_pk=824216
13:21:23  INFO        game_pk=824216    LAA@HOU  321 rows
13:21:25  INFO      [6/8] Fetching game_pk=823324
13:21:25  INFO        game_pk=823324    DET@SD  288 rows
13:21:26  INFO      [7/8] Fetching game_pk=823162
13:21:26  INFO        game_pk=823162    CLE@SEA  278 rows
13:21:28  INFO      [8/8] Fetching game_pk=823971
13:21:28  INFO        game_pk=823971    AZ@LAD  310 rows
13:21:30  INFO      Total raw rows: 2246
13:21:30  INFO      Cleaning 2246 rows...
13:21:30  INFO      Clean complete. Shape: (2246, 84)
13:21:30  INFO        2026_03.csv — adding 2246 new rows (was 31231, now 33477)
13:21:31  INFO        Wrote /home/runner/work/OGUN_CSV/OGUN_CSV/data/2026_03.csv
13:21:31  INFO      Done.
13:52:51  INFO      ============================================================
13:52:51  INFO      fetch_yesterday.py  |  target date: 2026-03-27
13:52:51  INFO      ============================================================
13:52:51  INFO      Fetching schedule for 2026-03-27 ...
13:52:51  INFO      Found 8 Final game(s). Fetching pitch data...
13:52:51  INFO      [1/8] Fetching game_pk=823243
13:52:51  INFO        game_pk=823243    NYY@SF  275 rows
13:52:53  INFO      [2/8] Fetching game_pk=822839
13:52:53  INFO        game_pk=822839    ATH@TOR  265 rows
13:52:54  INFO      [3/8] Fetching game_pk=823893
13:52:54  INFO        game_pk=823893    COL@MIA  233 rows
13:52:56  INFO      [4/8] Fetching game_pk=824946
13:52:56  INFO        game_pk=824946    KC@ATL  276 rows
13:52:58  INFO      [5/8] Fetching game_pk=824216
13:52:58  INFO        game_pk=824216    LAA@HOU  321 rows
13:52:59  INFO      [6/8] Fetching game_pk=823324
13:53:00  INFO        game_pk=823324    DET@SD  288 rows
13:53:01  INFO      [7/8] Fetching game_pk=823162
13:53:01  INFO        game_pk=823162    CLE@SEA  278 rows
13:53:03  INFO      [8/8] Fetching game_pk=823971
13:53:03  INFO        game_pk=823971    AZ@LAD  310 rows
13:53:05  INFO      Total raw rows: 2246
13:53:05  INFO      Cleaning 2246 rows...
13:53:05  INFO      Clean complete. Shape: (2246, 84)
13:53:05  INFO        2026_03.csv — all 2246 rows already present, nothing to add.
13:53:05  INFO      Done.
13:54:56  INFO      ============================================================
13:54:56  INFO      fetch_yesterday.py  |  target date: 2026-03-28
13:54:56  INFO      ============================================================
13:54:56  INFO      Fetching schedule for 2026-03-28 ...
13:54:56  INFO      Found 15 Final game(s). Fetching pitch data...
13:54:56  INFO      [1/15] Fetching game_pk=823082
13:54:56  INFO        game_pk=823082    TB@STL  307 rows
13:54:58  INFO      [2/15] Fetching game_pk=824701
13:54:58  INFO        game_pk=824701    WSH@CHC  274 rows
13:55:00  INFO      [3/15] Fetching game_pk=822838
13:55:00  INFO        game_pk=822838    ATH@TOR  358 rows
13:55:01  INFO      [4/15] Fetching game_pk=824862
13:55:02  INFO        game_pk=824862    MIN@BAL  318 rows
13:55:03  INFO      [5/15] Fetching game_pk=823488
13:55:03  INFO        game_pk=823488    TEX@PHI  341 rows
13:55:05  INFO      [6/15] Fetching game_pk=824540
13:55:05  INFO        game_pk=824540    BOS@CIN  383 rows
13:55:07  INFO      [7/15] Fetching game_pk=823651
13:55:07  INFO        game_pk=823651    PIT@NYM  335 rows
13:55:09  INFO      [8/15] Fetching game_pk=823892
13:55:09  INFO        game_pk=823892    COL@MIA  272 rows
13:55:10  INFO      [9/15] Fetching game_pk=824213
13:55:11  INFO        game_pk=824213    LAA@HOU  348 rows
13:55:12  INFO      [10/15] Fetching game_pk=823811
13:55:12  INFO        game_pk=823811    CWS@MIL  335 rows
13:55:14  INFO      [11/15] Fetching game_pk=824945
13:55:14  INFO        game_pk=824945    KC@ATL  270 rows
13:55:16  INFO      [12/15] Fetching game_pk=823241
13:55:16  INFO        game_pk=823241    NYY@SF  295 rows
13:55:17  INFO      [13/15] Fetching game_pk=823323
13:55:17  INFO        game_pk=823323    DET@SD  287 rows
13:55:19  INFO      [14/15] Fetching game_pk=823973
13:55:19  INFO        game_pk=823973    AZ@LAD  265 rows
13:55:21  INFO      [15/15] Fetching game_pk=823161
13:55:21  INFO        game_pk=823161    CLE@SEA  371 rows
13:55:22  INFO      Total raw rows: 4759
13:55:22  INFO      Cleaning 4759 rows...
13:55:23  INFO      Clean complete. Shape: (4759, 84)
13:55:23  INFO        2026_03.csv — adding 4759 new rows (was 33477, now 38236)
13:55:24  INFO        Wrote /home/runner/work/OGUN_CSV/OGUN_CSV/data/2026_03.csv
13:55:24  INFO      Done.
14:27:48  INFO      ============================================================
14:27:48  INFO      fetch_yesterday.py  |  target date: 2026-03-29
14:27:48  INFO      ============================================================
14:27:48  INFO      Fetching schedule for 2026-03-29 ...
14:27:48  INFO      Found 12 Final game(s). Fetching pitch data...
14:27:48  INFO      [1/12] Fetching game_pk=824864
14:27:48  INFO        game_pk=824864    MIN@BAL  321 rows
14:27:50  INFO      [2/12] Fetching game_pk=823487
14:27:50  INFO        game_pk=823487    TEX@PHI  322 rows
14:27:51  INFO      [3/12] Fetching game_pk=824944
14:27:51  INFO        game_pk=824944    KC@ATL  248 rows
14:27:53  INFO      [4/12] Fetching game_pk=822837
14:27:53  INFO        game_pk=822837    ATH@TOR  249 rows
14:27:55  INFO      [5/12] Fetching game_pk=824538
14:27:55  INFO        game_pk=824538    BOS@CIN  301 rows
14:27:56  INFO      [6/12] Fetching game_pk=823647
14:27:57  INFO        game_pk=823647    PIT@NYM  339 rows
14:27:58  INFO      [7/12] Fetching game_pk=823891
14:27:58  INFO        game_pk=823891    COL@MIA  268 rows
14:28:00  INFO      [8/12] Fetching game_pk=824215
14:28:00  INFO        game_pk=824215    LAA@HOU  353 rows
14:28:02  INFO      [9/12] Fetching game_pk=823810
14:28:02  INFO        game_pk=823810    CWS@MIL  348 rows
14:28:03  INFO      [10/12] Fetching game_pk=823079
14:28:04  INFO        game_pk=823079    TB@STL  310 rows
14:28:05  INFO      [11/12] Fetching game_pk=824700
14:28:05  INFO        game_pk=824700    WSH@CHC  281 rows
14:28:07  INFO      [12/12] Fetching game_pk=823160
14:28:07  INFO        game_pk=823160    CLE@SEA  307 rows
14:28:09  INFO      Total raw rows: 3647
14:28:09  INFO      Cleaning 3647 rows...
14:28:09  INFO      Clean complete. Shape: (3647, 84)
14:28:09  INFO        2026_03.csv — adding 3647 new rows (was 38236, now 41883)
14:28:10  INFO        Wrote /home/runner/work/OGUN_CSV/OGUN_CSV/data/2026_03.csv
14:28:10  INFO      Done.
14:27:32  INFO      ============================================================
14:27:32  INFO      fetch_yesterday.py  |  target date: 2026-03-30
14:27:32  INFO      ============================================================
14:27:32  INFO      Fetching schedule for 2026-03-30 ...
14:27:32  INFO      Found 15 Final game(s). Fetching pitch data...
14:27:32  INFO      [1/15] Fetching game_pk=824135
14:27:32  INFO        game_pk=824135    MIN@KC  240 rows
14:27:34  INFO      [2/15] Fetching game_pk=824863
14:27:34  INFO        game_pk=824863    TEX@BAL  304 rows
14:27:35  INFO      [3/15] Fetching game_pk=824539
14:27:36  INFO        game_pk=824539    PIT@CIN  269 rows
14:27:37  INFO      [4/15] Fetching game_pk=823484
14:27:38  INFO        game_pk=823484    WSH@PHI  340 rows
14:27:39  INFO      [5/15] Fetching game_pk=823890
14:27:39  INFO        game_pk=823890    CWS@MIA  299 rows
14:27:41  INFO      [6/15] Fetching game_pk=822834
14:27:41  INFO        game_pk=822834    COL@TOR  332 rows
14:27:43  INFO      [7/15] Fetching game_pk=824943
14:27:43  INFO        game_pk=824943    ATH@ATL  263 rows
14:27:44  INFO      [8/15] Fetching game_pk=824702
14:27:45  INFO        game_pk=824702    LAA@CHC  271 rows
14:27:46  INFO      [9/15] Fetching game_pk=823809
14:27:46  INFO        game_pk=823809    TB@MIL  273 rows
14:27:48  INFO      [10/15] Fetching game_pk=823080
14:27:48  INFO        game_pk=823080    NYM@STL  269 rows
14:27:50  INFO      [11/15] Fetching game_pk=824214
14:27:50  INFO        game_pk=824214    BOS@HOU  277 rows
14:27:52  INFO      [12/15] Fetching game_pk=823320
14:27:52  INFO        game_pk=823320    SF@SD  273 rows
14:27:53  INFO      [13/15] Fetching game_pk=823159
14:27:54  INFO        game_pk=823159    NYY@SEA  291 rows
14:27:55  INFO      [14/15] Fetching game_pk=825108
14:27:55  INFO        game_pk=825108    DET@AZ  342 rows
14:27:57  INFO      [15/15] Fetching game_pk=823972
14:27:57  INFO        game_pk=823972    CLE@LAD  291 rows
14:27:59  INFO      Total raw rows: 4334
14:27:59  INFO      Cleaning 4334 rows...
14:27:59  INFO      Clean complete. Shape: (4334, 84)
14:27:59  INFO        2026_03.csv — adding 4334 new rows (was 41883, now 46217)
14:28:00  INFO        Wrote /home/runner/work/OGUN_CSV/OGUN_CSV/data/2026_03.csv
14:28:00  INFO      Done.
14:29:42  INFO      ============================================================
14:29:42  INFO      fetch_yesterday.py  |  target date: 2026-03-31
14:29:42  INFO      ============================================================
14:29:42  INFO      Fetching schedule for 2026-03-31 ...
14:29:42  INFO      Found 14 Final game(s). Fetching pitch data...
14:29:42  INFO      [1/14] Fetching game_pk=824861
14:29:42  INFO        game_pk=824861    TEX@BAL  293 rows
14:29:44  INFO      [2/14] Fetching game_pk=824537
14:29:44  INFO        game_pk=824537    PIT@CIN  321 rows
14:29:46  INFO      [3/14] Fetching game_pk=823485
14:29:46  INFO        game_pk=823485    WSH@PHI  263 rows
14:29:47  INFO      [4/14] Fetching game_pk=823888
14:29:47  INFO        game_pk=823888    CWS@MIA  285 rows
14:29:49  INFO      [5/14] Fetching game_pk=822836
14:29:49  INFO        game_pk=822836    COL@TOR  297 rows
14:29:51  INFO      [6/14] Fetching game_pk=824942
14:29:51  INFO        game_pk=824942    ATH@ATL  288 rows
14:29:52  INFO      [7/14] Fetching game_pk=824699
14:29:53  INFO        game_pk=824699    LAA@CHC  302 rows
14:29:54  INFO      [8/14] Fetching game_pk=823807
14:29:54  INFO        game_pk=823807    TB@MIL  278 rows
14:29:56  INFO      [9/14] Fetching game_pk=823077
14:29:56  INFO        game_pk=823077    NYM@STL  258 rows
14:29:58  INFO      [10/14] Fetching game_pk=824212
14:29:58  INFO        game_pk=824212    BOS@HOU  273 rows
14:29:59  INFO      [11/14] Fetching game_pk=825107
14:29:59  INFO        game_pk=825107    DET@AZ  274 rows
14:30:01  INFO      [12/14] Fetching game_pk=823322
14:30:01  INFO        game_pk=823322    SF@SD  305 rows
14:30:03  INFO      [13/14] Fetching game_pk=823158
14:30:03  INFO        game_pk=823158    NYY@SEA  251 rows
14:30:04  INFO      [14/14] Fetching game_pk=823969
14:30:05  INFO        game_pk=823969    CLE@LAD  307 rows
14:30:06  INFO      Total raw rows: 3995
14:30:06  INFO      Cleaning 3995 rows...
14:30:06  INFO      Clean complete. Shape: (3995, 84)
14:30:07  INFO        2026_03.csv — adding 3995 new rows (was 46217, now 50212)
14:30:08  INFO        Wrote /home/runner/work/OGUN_CSV/OGUN_CSV/data/2026_03.csv
14:30:08  INFO      Done.
14:22:42  INFO      ============================================================
14:22:42  INFO      fetch_yesterday.py  |  target date: 2026-04-01
14:22:42  INFO      ============================================================
14:22:42  INFO      Fetching schedule for 2026-04-01 ...
14:22:42  INFO      Found 15 Final game(s). Fetching pitch data...
14:22:42  INFO      [1/15] Fetching game_pk=824940
14:22:42  INFO        game_pk=824940    ATH@ATL  274 rows
14:22:44  INFO      [2/15] Fetching game_pk=824860
14:22:44  INFO        game_pk=824860    TEX@BAL  296 rows
14:22:46  INFO      [3/15] Fetching game_pk=824536
14:22:46  INFO        game_pk=824536    PIT@CIN  305 rows
14:22:48  INFO      [4/15] Fetching game_pk=823483
14:22:48  INFO        game_pk=823483    WSH@PHI  324 rows
14:22:49  INFO      [5/15] Fetching game_pk=822835
14:22:50  INFO        game_pk=822835    COL@TOR  316 rows
14:22:51  INFO      [6/15] Fetching game_pk=823889
14:22:51  INFO        game_pk=823889    CWS@MIA  247 rows
14:22:53  INFO      [7/15] Fetching game_pk=823078
14:22:53  INFO        game_pk=823078    NYM@STL  319 rows
14:22:55  INFO      [8/15] Fetching game_pk=823806
14:22:55  INFO        game_pk=823806    TB@MIL  291 rows
14:22:56  INFO      [9/15] Fetching game_pk=824211
14:22:57  INFO        game_pk=824211    BOS@HOU  302 rows
14:22:58  INFO      [10/15] Fetching game_pk=824698
14:22:58  INFO        game_pk=824698    LAA@CHC  296 rows
14:23:00  INFO      [11/15] Fetching game_pk=825106
14:23:00  INFO        game_pk=825106    DET@AZ  240 rows
14:23:02  INFO      [12/15] Fetching game_pk=823321
14:23:02  INFO        game_pk=823321    SF@SD  278 rows
14:23:03  INFO      [13/15] Fetching game_pk=823157
14:23:04  INFO        game_pk=823157    NYY@SEA  282 rows
14:23:05  INFO      [14/15] Fetching game_pk=824136
14:23:05  INFO        game_pk=824136    MIN@KC  381 rows
14:23:07  INFO      [15/15] Fetching game_pk=823970
14:23:07  INFO        game_pk=823970    CLE@LAD  274 rows
14:23:09  INFO      Total raw rows: 4425
14:23:09  INFO      Cleaning 4425 rows...
14:23:09  INFO      Clean complete. Shape: (4425, 84)
14:23:09  INFO        2026_04.csv — new file, writing 4425 rows
14:23:09  INFO        Wrote /home/runner/work/OGUN_CSV/OGUN_CSV/data/2026_04.csv
14:23:09  INFO      Done.
14:03:11  INFO      ============================================================
14:03:11  INFO      fetch_yesterday.py  |  target date: 2026-04-02
14:03:11  INFO      ============================================================
14:03:11  INFO      Fetching schedule for 2026-04-02 ...
14:03:11  WARNING   POSTPONED   date=2026-04-02  game_pk=824621  TOR@CWS
14:03:11  INFO      Found 3 Final game(s). Fetching pitch data...
14:03:11  INFO      [1/3] Fetching game_pk=824133
14:03:11  INFO        game_pk=824133    MIN@KC  305 rows
14:03:12  INFO      [2/3] Fetching game_pk=825105
14:03:13  INFO        game_pk=825105    ATL@AZ  328 rows
14:03:14  INFO      [3/3] Fetching game_pk=823242
14:03:14  INFO        game_pk=823242    NYM@SF  287 rows
14:03:16  INFO      Total raw rows: 920
14:03:16  INFO      Cleaning 920 rows...
14:03:16  INFO      Clean complete. Shape: (920, 84)
14:03:16  INFO        2026_04.csv — adding 920 new rows (was 4425, now 5345)
14:03:16  INFO        Wrote /home/runner/work/OGUN_CSV/OGUN_CSV/data/2026_04.csv
14:03:16  INFO      Done.
13:54:41  INFO      ============================================================
13:54:41  INFO      fetch_yesterday.py  |  target date: 2026-04-03
13:54:41  INFO      ============================================================
13:54:41  INFO      Fetching schedule for 2026-04-03 ...
13:54:41  WARNING   POSTPONED   date=2026-04-03  game_pk=824134  MIL@KC
13:54:41  INFO      Found 14 Final game(s). Fetching pitch data...
13:54:41  INFO      [1/14] Fetching game_pk=822758
13:54:42  INFO        game_pk=822758    LAD@WSH  321 rows
13:54:43  INFO      [2/14] Fetching game_pk=824299
13:54:43  INFO        game_pk=824299    STL@DET  264 rows
13:54:45  INFO      [3/14] Fetching game_pk=823568
13:54:45  INFO        game_pk=823568    MIA@NYY  290 rows
13:54:46  INFO      [4/14] Fetching game_pk=824786
13:54:47  INFO        game_pk=824786    SD@BOS  245 rows
13:54:48  INFO      [5/14] Fetching game_pk=824621
13:54:48  INFO        game_pk=824621    TOR@CWS  313 rows
13:54:50  INFO      [6/14] Fetching game_pk=822919
13:54:50  INFO        game_pk=822919    CIN@TEX  279 rows
13:54:52  INFO      [7/14] Fetching game_pk=824458
13:54:52  INFO        game_pk=824458    CHC@CLE  277 rows
13:54:53  INFO      [8/14] Fetching game_pk=823732
13:54:53  INFO        game_pk=823732    TB@MIN  341 rows
13:54:55  INFO      [9/14] Fetching game_pk=824377
13:54:55  INFO        game_pk=824377    PHI@COL  288 rows
13:54:57  INFO      [10/14] Fetching game_pk=823406
13:54:57  INFO        game_pk=823406    BAL@PIT  297 rows
13:54:58  INFO      [11/14] Fetching game_pk=824056
13:54:59  INFO        game_pk=824056    SEA@LAA  295 rows
13:55:00  INFO      [12/14] Fetching game_pk=825026
13:55:00  INFO        game_pk=825026    HOU@ATH  326 rows
13:55:02  INFO      [13/14] Fetching game_pk=825103
13:55:02  INFO        game_pk=825103    ATL@AZ  234 rows
13:55:03  INFO      [14/14] Fetching game_pk=823240
13:55:04  INFO        game_pk=823240    NYM@SF  372 rows
13:55:05  INFO      Total raw rows: 4142
13:55:05  INFO      Cleaning 4142 rows...
13:55:05  INFO      Clean complete. Shape: (4142, 84)
13:55:05  INFO        2026_04.csv — adding 4142 new rows (was 5345, now 9487)
13:55:06  INFO        Wrote /home/runner/work/OGUN_CSV/OGUN_CSV/data/2026_04.csv
13:55:06  INFO      Done.
13:56:27  INFO      ============================================================
13:56:27  INFO      fetch_yesterday.py  |  target date: 2026-04-04
13:56:27  INFO      ============================================================
13:56:27  INFO      Fetching schedule for 2026-04-04 ...
13:56:27  WARNING   POSTPONED   date=2026-04-04  game_pk=824460  CHC@CLE
13:56:27  INFO      Found 14 Final game(s). Fetching pitch data...
13:56:27  INFO      [1/14] Fetching game_pk=824622
13:56:27  INFO        game_pk=824622    TOR@CWS  298 rows
13:56:29  INFO      [2/14] Fetching game_pk=824132
13:56:29  INFO        game_pk=824132    MIL@KC  338 rows
13:56:31  INFO      [3/14] Fetching game_pk=824134
13:56:31  INFO        game_pk=824134    MIL@KC  319 rows
13:56:32  INFO      [4/14] Fetching game_pk=822757
13:56:33  INFO        game_pk=822757    LAD@WSH  333 rows
13:56:34  INFO      [5/14] Fetching game_pk=825027
13:56:34  INFO        game_pk=825027    HOU@ATH  343 rows
13:56:36  INFO      [6/14] Fetching game_pk=823404
13:56:36  INFO        game_pk=823404    BAL@PIT  328 rows
13:56:37  INFO      [7/14] Fetching game_pk=824782
13:56:38  INFO        game_pk=824782    SD@BOS  300 rows
13:56:39  INFO      [8/14] Fetching game_pk=822920
13:56:39  INFO        game_pk=822920    CIN@TEX  270 rows
13:56:41  INFO      [9/14] Fetching game_pk=823569
13:56:41  INFO        game_pk=823569    MIA@NYY  379 rows
13:56:43  INFO      [10/14] Fetching game_pk=823730
13:56:43  INFO        game_pk=823730    TB@MIN  311 rows
13:56:45  INFO      [11/14] Fetching game_pk=825104
13:56:45  INFO        game_pk=825104    ATL@AZ  244 rows
13:56:46  INFO      [12/14] Fetching game_pk=824378
13:56:47  INFO        game_pk=824378    PHI@COL  279 rows
13:56:49  INFO      [13/14] Fetching game_pk=823239
13:56:49  INFO        game_pk=823239    NYM@SF  281 rows
13:56:50  INFO      [14/14] Fetching game_pk=824054
13:56:50  INFO        game_pk=824054    SEA@LAA  247 rows
13:56:52  INFO      Total raw rows: 4270
13:56:52  INFO      Cleaning 4270 rows...
13:56:52  INFO      Clean complete. Shape: (4270, 84)
13:56:52  INFO        2026_04.csv — adding 4270 new rows (was 9487, now 13757)
13:56:53  INFO        Wrote /home/runner/work/OGUN_CSV/OGUN_CSV/data/2026_04.csv
13:56:53  INFO      Done.
14:11:44  INFO      ============================================================
14:11:44  INFO      fetch_yesterday.py  |  target date: 2026-04-05
14:11:44  INFO      ============================================================
14:11:44  INFO      Fetching schedule for 2026-04-05 ...
14:11:45  INFO      Found 16 Final game(s). Fetching pitch data...
14:11:45  INFO      [1/16] Fetching game_pk=824459
14:11:45  INFO        game_pk=824459    CHC@CLE  288 rows
14:11:47  INFO      [2/16] Fetching game_pk=824460
14:11:47  INFO        game_pk=824460    CHC@CLE  347 rows
14:11:49  INFO      [3/16] Fetching game_pk=822756
14:11:49  INFO        game_pk=822756    LAD@WSH  333 rows
14:11:50  INFO      [4/16] Fetching game_pk=823405
14:11:51  INFO        game_pk=823405    BAL@PIT  299 rows
14:11:52  INFO      [5/16] Fetching game_pk=824781
14:11:53  INFO        game_pk=824781    SD@BOS  306 rows
14:11:54  INFO      [6/16] Fetching game_pk=823566
14:11:54  INFO        game_pk=823566    MIA@NYY  338 rows
14:11:56  INFO      [7/16] Fetching game_pk=823729
14:11:56  INFO        game_pk=823729    TB@MIN  289 rows
14:11:58  INFO      [8/16] Fetching game_pk=824620
14:11:58  INFO        game_pk=824620    TOR@CWS  280 rows
14:11:59  INFO      [9/16] Fetching game_pk=824131
14:12:00  INFO        game_pk=824131    MIL@KC  336 rows
14:12:01  INFO      [10/16] Fetching game_pk=822917
14:12:01  INFO        game_pk=822917    CIN@TEX  308 rows
14:12:03  INFO      [11/16] Fetching game_pk=824379
14:12:03  INFO        game_pk=824379    PHI@COL  244 rows
14:12:05  INFO      [12/16] Fetching game_pk=825025
14:12:05  INFO        game_pk=825025    HOU@ATH  410 rows
14:12:06  INFO      [13/16] Fetching game_pk=823238
14:12:07  INFO        game_pk=823238    NYM@SF  274 rows
14:12:08  INFO      [14/16] Fetching game_pk=824053
14:12:09  INFO        game_pk=824053    SEA@LAA  375 rows
14:12:10  INFO      [15/16] Fetching game_pk=825102
14:12:10  INFO        game_pk=825102    ATL@AZ  298 rows
14:12:12  INFO      [16/16] Fetching game_pk=824296
14:12:12  INFO        game_pk=824296    STL@DET  303 rows
14:12:14  INFO      Total raw rows: 5028
14:12:14  INFO      Cleaning 5028 rows...
14:12:14  INFO      Clean complete. Shape: (5028, 84)
14:12:14  INFO        2026_04.csv — adding 5028 new rows (was 13757, now 18785)
14:12:14  INFO        Wrote /home/runner/work/OGUN_CSV/OGUN_CSV/data/2026_04.csv
14:12:14  INFO      Done.
14:45:49  INFO      ============================================================
14:45:49  INFO      fetch_yesterday.py  |  target date: 2026-04-06
14:45:49  INFO      ============================================================
14:45:49  INFO      Fetching schedule for 2026-04-06 ...
14:45:50  INFO      Found 13 Final game(s). Fetching pitch data...
14:45:50  INFO      [1/13] Fetching game_pk=823002
14:45:50  INFO        game_pk=823002    CHC@TB  250 rows
14:45:51  INFO      [2/13] Fetching game_pk=824456
14:45:51  INFO        game_pk=824456    KC@CLE  297 rows
14:45:53  INFO      [3/13] Fetching game_pk=823401
14:45:53  INFO        game_pk=823401    SD@PIT  323 rows
14:45:55  INFO      [4/13] Fetching game_pk=823886
14:45:55  INFO        game_pk=823886    CIN@MIA  237 rows
14:45:56  INFO      [5/13] Fetching game_pk=822755
14:45:57  INFO        game_pk=822755    STL@WSH  321 rows
14:45:58  INFO      [6/13] Fetching game_pk=824783
14:45:58  INFO        game_pk=824783    MIL@BOS  339 rows
14:46:00  INFO      [7/13] Fetching game_pk=822832
14:46:00  INFO        game_pk=822832    LAD@TOR  335 rows
14:46:02  INFO      [8/13] Fetching game_pk=823728
14:46:02  INFO        game_pk=823728    DET@MIN  326 rows
14:46:03  INFO      [9/13] Fetching game_pk=824619
14:46:04  INFO        game_pk=824619    BAL@CWS  255 rows
14:46:05  INFO      [10/13] Fetching game_pk=822918
14:46:05  INFO        game_pk=822918    SEA@TEX  263 rows
14:46:07  INFO      [11/13] Fetching game_pk=824376
14:46:07  INFO        game_pk=824376    HOU@COL  275 rows
14:46:09  INFO      [12/13] Fetching game_pk=824052
14:46:09  INFO        game_pk=824052    ATL@LAA  241 rows
14:46:10  INFO      [13/13] Fetching game_pk=823237
14:46:11  INFO        game_pk=823237    PHI@SF  324 rows
14:46:12  INFO      Total raw rows: 3786
14:46:12  INFO      Cleaning 3786 rows...
14:46:12  INFO      Clean complete. Shape: (3786, 84)
14:46:13  INFO        2026_04.csv — adding 3786 new rows (was 18785, now 22571)
14:46:13  INFO        Wrote /home/runner/work/OGUN_CSV/OGUN_CSV/data/2026_04.csv
14:46:13  INFO      Done.
14:46:35  INFO      ============================================================
14:46:35  INFO      fetch_yesterday.py  |  target date: 2026-04-07
14:46:35  INFO      ============================================================
14:46:35  INFO      Fetching schedule for 2026-04-07 ...
14:46:35  INFO      Found 15 Final game(s). Fetching pitch data...
14:46:35  INFO      [1/15] Fetching game_pk=824457
14:46:35  INFO        game_pk=824457    KC@CLE  316 rows
14:46:37  INFO      [2/15] Fetching game_pk=824618
14:46:37  INFO        game_pk=824618    BAL@CWS  348 rows
14:46:38  INFO      [3/15] Fetching game_pk=823648
14:46:39  INFO        game_pk=823648    AZ@NYM  339 rows
14:46:40  INFO      [4/15] Fetching game_pk=823402
14:46:40  INFO        game_pk=823402    SD@PIT  266 rows
14:46:42  INFO      [5/15] Fetching game_pk=822999
14:46:42  INFO        game_pk=822999    CHC@TB  299 rows
14:46:44  INFO      [6/15] Fetching game_pk=823887
14:46:44  INFO        game_pk=823887    CIN@MIA  314 rows
14:46:45  INFO      [7/15] Fetching game_pk=822754
14:46:46  INFO        game_pk=822754    STL@WSH  363 rows
14:46:47  INFO      [8/15] Fetching game_pk=824780
14:46:47  INFO        game_pk=824780    MIL@BOS  282 rows
14:46:49  INFO      [9/15] Fetching game_pk=823567
14:46:49  INFO        game_pk=823567    ATH@NYY  298 rows
14:46:51  INFO      [10/15] Fetching game_pk=822831
14:46:51  INFO        game_pk=822831    LAD@TOR  286 rows
14:46:52  INFO      [11/15] Fetching game_pk=823727
14:46:53  INFO        game_pk=823727    DET@MIN  307 rows
14:46:54  INFO      [12/15] Fetching game_pk=822916
14:46:54  INFO        game_pk=822916    SEA@TEX  221 rows
14:46:56  INFO      [13/15] Fetching game_pk=824375
14:46:56  INFO        game_pk=824375    HOU@COL  229 rows
14:46:58  INFO      [14/15] Fetching game_pk=824051
14:46:58  INFO        game_pk=824051    ATL@LAA  340 rows
14:46:59  INFO      [15/15] Fetching game_pk=823235
14:47:00  INFO        game_pk=823235    PHI@SF  294 rows
14:47:01  INFO      Total raw rows: 4502
14:47:01  INFO      Cleaning 4502 rows...
14:47:01  INFO      Clean complete. Shape: (4502, 84)
14:47:02  INFO        2026_04.csv — adding 4502 new rows (was 22571, now 27073)
14:47:02  INFO        Wrote /home/runner/work/OGUN_CSV/OGUN_CSV/data/2026_04.csv
14:47:02  INFO      Done.
14:55:19  INFO      ============================================================
14:55:19  INFO      fetch_yesterday.py  |  target date: 2026-04-08
14:55:19  INFO      ============================================================
14:55:19  INFO      Fetching schedule for 2026-04-08 ...
14:55:19  INFO      Found 15 Final game(s). Fetching pitch data...
14:55:19  INFO      [1/15] Fetching game_pk=823403
14:55:20  INFO        game_pk=823403    SD@PIT  274 rows
14:55:21  INFO      [2/15] Fetching game_pk=824455
14:55:21  INFO        game_pk=824455    KC@CLE  309 rows
14:55:23  INFO      [3/15] Fetching game_pk=824779
14:55:23  INFO        game_pk=824779    MIL@BOS  278 rows
14:55:25  INFO      [4/15] Fetching game_pk=824617
14:55:25  INFO        game_pk=824617    BAL@CWS  331 rows
14:55:26  INFO      [5/15] Fetching game_pk=822915
14:55:27  INFO        game_pk=822915    SEA@TEX  247 rows
14:55:28  INFO      [6/15] Fetching game_pk=822833
14:55:28  INFO        game_pk=822833    LAD@TOR  304 rows
14:55:30  INFO      [7/15] Fetching game_pk=824374
14:55:30  INFO        game_pk=824374    HOU@COL  319 rows
14:55:32  INFO      [8/15] Fetching game_pk=823234
14:55:32  INFO        game_pk=823234    PHI@SF  274 rows
14:55:33  INFO      [9/15] Fetching game_pk=822753
14:55:34  INFO        game_pk=822753    STL@WSH  315 rows
14:55:35  INFO      [10/15] Fetching game_pk=824050
14:55:35  INFO        game_pk=824050    ATL@LAA  311 rows
14:55:37  INFO      [11/15] Fetching game_pk=823646
14:55:37  INFO        game_pk=823646    AZ@NYM  293 rows
14:55:38  INFO      [12/15] Fetching game_pk=823000
14:55:39  INFO        game_pk=823000    CHC@TB  281 rows
14:55:41  INFO      [13/15] Fetching game_pk=823885
14:55:41  INFO        game_pk=823885    CIN@MIA  307 rows
14:55:42  INFO      [14/15] Fetching game_pk=823564
14:55:43  INFO        game_pk=823564    ATH@NYY  309 rows
14:55:44  INFO      [15/15] Fetching game_pk=823726
14:55:44  INFO        game_pk=823726    DET@MIN  324 rows
14:55:46  INFO      Total raw rows: 4476
14:55:46  INFO      Cleaning 4476 rows...
14:55:46  INFO      Clean complete. Shape: (4476, 84)
14:55:46  INFO        2026_04.csv — adding 4476 new rows (was 27073, now 31549)
14:55:47  INFO        Wrote /home/runner/work/OGUN_CSV/OGUN_CSV/data/2026_04.csv
14:55:47  INFO      Done.
14:18:09  INFO      ============================================================
14:18:09  INFO      fetch_yesterday.py  |  target date: 2026-04-09
14:18:09  INFO      ============================================================
14:18:09  INFO      Fetching schedule for 2026-04-09 ...
14:18:09  INFO      Found 6 Final game(s). Fetching pitch data...
14:18:09  INFO      [1/6] Fetching game_pk=823884
14:18:09  INFO        game_pk=823884    CIN@MIA  282 rows
14:18:10  INFO      [2/6] Fetching game_pk=823565
14:18:11  INFO        game_pk=823565    ATH@NYY  248 rows
14:18:12  INFO      [3/6] Fetching game_pk=823724
14:18:12  INFO        game_pk=823724    DET@MIN  299 rows
14:18:14  INFO      [4/6] Fetching game_pk=823645
14:18:14  INFO        game_pk=823645    AZ@NYM  288 rows
14:18:16  INFO      [5/6] Fetching game_pk=824130
14:18:16  INFO        game_pk=824130    CWS@KC  285 rows
14:18:17  INFO      [6/6] Fetching game_pk=823319
14:18:18  INFO        game_pk=823319    COL@SD  354 rows
14:18:19  INFO      Total raw rows: 1756
14:18:19  INFO      Cleaning 1756 rows...
14:18:19  INFO      Clean complete. Shape: (1756, 84)
14:18:20  INFO        2026_04.csv — adding 1756 new rows (was 31549, now 33305)
14:18:20  INFO        Wrote /home/runner/work/OGUN_CSV/OGUN_CSV/data/2026_04.csv
14:18:20  INFO      Done.
13:57:14  INFO      ============================================================
13:57:14  INFO      fetch_yesterday.py  |  target date: 2026-04-10
13:57:14  INFO      ============================================================
13:57:14  INFO      Fetching schedule for 2026-04-10 ...
13:57:14  INFO      Found 15 Final game(s). Fetching pitch data...
13:57:14  INFO      [1/15] Fetching game_pk=824695
13:57:15  INFO        game_pk=824695    PIT@CHC  298 rows
13:57:16  INFO      [2/15] Fetching game_pk=823482
13:57:17  INFO        game_pk=823482    AZ@PHI  282 rows
13:57:18  INFO      [3/15] Fetching game_pk=824297
13:57:18  INFO        game_pk=824297    MIA@DET  244 rows
13:57:20  INFO      [4/15] Fetching game_pk=824534
13:57:20  INFO        game_pk=824534    LAA@CIN  303 rows
13:57:22  INFO      [5/15] Fetching game_pk=822829
13:57:22  INFO        game_pk=822829    MIN@TOR  311 rows
13:57:24  INFO      [6/15] Fetching game_pk=823643
13:57:24  INFO        game_pk=823643    ATH@NYM  260 rows
13:57:25  INFO      [7/15] Fetching game_pk=822997
13:57:26  INFO        game_pk=822997    NYY@TB  308 rows
13:57:27  INFO      [8/15] Fetching game_pk=824858
13:57:28  INFO        game_pk=824858    SF@BAL  290 rows
13:57:29  INFO      [9/15] Fetching game_pk=824941
13:57:30  INFO        game_pk=824941    CLE@ATL  304 rows
13:57:31  INFO      [10/15] Fetching game_pk=824128
13:57:31  INFO        game_pk=824128    CWS@KC  201 rows
13:57:33  INFO      [11/15] Fetching game_pk=823808
13:57:33  INFO        game_pk=823808    WSH@MIL  302 rows
13:57:35  INFO      [12/15] Fetching game_pk=823076
13:57:35  INFO        game_pk=823076    BOS@STL  275 rows
13:57:37  INFO      [13/15] Fetching game_pk=823318
13:57:37  INFO        game_pk=823318    COL@SD  252 rows
13:57:39  INFO      [14/15] Fetching game_pk=823156
13:57:39  INFO        game_pk=823156    HOU@SEA  355 rows
13:57:41  INFO      [15/15] Fetching game_pk=823968
13:57:41  INFO        game_pk=823968    TEX@LAD  315 rows
13:57:42  INFO      Total raw rows: 4300
13:57:42  INFO      Cleaning 4300 rows...
13:57:42  INFO      Clean complete. Shape: (4300, 84)
13:57:43  INFO        2026_04.csv — adding 4300 new rows (was 33305, now 37605)
13:57:44  INFO        Wrote /home/runner/work/OGUN_CSV/OGUN_CSV/data/2026_04.csv
13:57:44  INFO      Done.
14:00:20  INFO      ============================================================
14:00:20  INFO      fetch_yesterday.py  |  target date: 2026-04-11
14:00:20  INFO      ============================================================
14:00:20  INFO      Fetching schedule for 2026-04-11 ...
14:00:20  INFO      Found 15 Final game(s). Fetching pitch data...
14:00:20  INFO      [1/15] Fetching game_pk=823480
14:00:20  INFO        game_pk=823480    AZ@PHI  292 rows
14:00:22  INFO      [2/15] Fetching game_pk=824294
14:00:22  INFO        game_pk=824294    MIA@DET  280 rows
14:00:24  INFO      [3/15] Fetching game_pk=824697
14:00:24  INFO        game_pk=824697    PIT@CHC  384 rows
14:00:25  INFO      [4/15] Fetching game_pk=822830
14:00:25  INFO        game_pk=822830    MIN@TOR  268 rows
14:00:27  INFO      [5/15] Fetching game_pk=824535
14:00:27  INFO        game_pk=824535    LAA@CIN  347 rows
14:00:29  INFO      [6/15] Fetching game_pk=823644
14:00:29  INFO        game_pk=823644    ATH@NYM  329 rows
14:00:30  INFO      [7/15] Fetching game_pk=824129
14:00:31  INFO        game_pk=824129    CWS@KC  224 rows
14:00:32  INFO      [8/15] Fetching game_pk=822996
14:00:32  INFO        game_pk=822996    NYY@TB  284 rows
14:00:34  INFO      [9/15] Fetching game_pk=823805
14:00:34  INFO        game_pk=823805    WSH@MIL  292 rows
14:00:36  INFO      [10/15] Fetching game_pk=824857
14:00:36  INFO        game_pk=824857    SF@BAL  287 rows
14:00:37  INFO      [11/15] Fetching game_pk=823074
14:00:37  INFO        game_pk=823074    BOS@STL  295 rows
14:00:39  INFO      [12/15] Fetching game_pk=824939
14:00:39  INFO        game_pk=824939    CLE@ATL  312 rows
14:00:41  INFO      [13/15] Fetching game_pk=823316
14:00:41  INFO        game_pk=823316    COL@SD  325 rows
14:00:42  INFO      [14/15] Fetching game_pk=823967
14:00:43  INFO        game_pk=823967    TEX@LAD  292 rows
14:00:44  INFO      [15/15] Fetching game_pk=823155
14:00:44  INFO        game_pk=823155    HOU@SEA  359 rows
14:00:46  INFO      Total raw rows: 4570
14:00:46  INFO      Cleaning 4570 rows...
14:00:46  INFO      Clean complete. Shape: (4570, 84)
14:00:47  INFO        2026_04.csv — adding 4570 new rows (was 37605, now 42175)
14:00:47  INFO        Wrote /home/runner/work/OGUN_CSV/OGUN_CSV/data/2026_04.csv
14:00:47  INFO      Done.
23:57:37  INFO      ============================================================
23:57:37  INFO      fetch_yesterday.py  |  target date: 2026-04-11
23:57:37  INFO      ============================================================
23:57:37  INFO      Fetching schedule for 2026-04-11 ...
23:57:37  INFO      Found 15 Final game(s). Fetching pitch data...
23:57:37  INFO      [1/15] Fetching game_pk=823480
23:57:38  INFO        game_pk=823480    AZ@PHI  292 rows
23:57:39  INFO      [2/15] Fetching game_pk=824294
23:57:40  INFO        game_pk=824294    MIA@DET  280 rows
23:57:41  INFO      [3/15] Fetching game_pk=824697
23:57:43  INFO        game_pk=824697    PIT@CHC  384 rows
23:57:44  INFO      [4/15] Fetching game_pk=822830
23:57:45  INFO        game_pk=822830    MIN@TOR  268 rows
23:57:46  INFO      [5/15] Fetching game_pk=824535
23:57:46  INFO        game_pk=824535    LAA@CIN  347 rows
23:57:48  INFO      [6/15] Fetching game_pk=823644
23:57:48  INFO        game_pk=823644    ATH@NYM  329 rows
23:57:50  INFO      [7/15] Fetching game_pk=824129
23:57:50  INFO        game_pk=824129    CWS@KC  224 rows
23:57:52  INFO      [8/15] Fetching game_pk=822996
23:57:52  INFO        game_pk=822996    NYY@TB  284 rows
23:57:54  INFO      [9/15] Fetching game_pk=823805
23:57:54  INFO        game_pk=823805    WSH@MIL  292 rows
23:57:55  INFO      [10/15] Fetching game_pk=824857
23:57:56  INFO        game_pk=824857    SF@BAL  287 rows
23:57:57  INFO      [11/15] Fetching game_pk=823074
23:57:58  INFO        game_pk=823074    BOS@STL  295 rows
23:57:59  INFO      [12/15] Fetching game_pk=824939
23:58:00  INFO        game_pk=824939    CLE@ATL  312 rows
23:58:01  INFO      [13/15] Fetching game_pk=823316
23:58:02  INFO        game_pk=823316    COL@SD  325 rows
23:58:03  INFO      [14/15] Fetching game_pk=823967
23:58:03  INFO        game_pk=823967    TEX@LAD  292 rows
23:58:05  INFO      [15/15] Fetching game_pk=823155
23:58:05  INFO        game_pk=823155    HOU@SEA  359 rows
23:58:07  INFO      Total raw rows: 4570
23:58:07  INFO      Cleaning 4570 rows...
23:58:07  INFO      Clean complete. Shape: (4570, 84)
23:58:08  INFO        2026_04.csv — all 4570 rows already present, nothing to add.
23:58:08  INFO      Done.
19:01:17  INFO      ============================================================
19:01:17  INFO      fetch_yesterday.py  |  target date: 2026-03-27
19:01:17  INFO      ============================================================
19:01:17  INFO      Fetching schedule for 2026-03-27 ...
19:01:17  INFO      Found 8 Final game(s). Fetching pitch data...
19:01:17  INFO      [1/8] Fetching game_pk=823243
19:01:18  INFO        game_pk=823243    NYY@SF  275 rows
19:01:19  INFO      [2/8] Fetching game_pk=822839
19:01:19  INFO        game_pk=822839    ATH@TOR  265 rows
19:01:21  INFO      [3/8] Fetching game_pk=823893
19:01:21  INFO        game_pk=823893    COL@MIA  233 rows
19:01:23  INFO      [4/8] Fetching game_pk=824946
19:01:23  INFO        game_pk=824946    KC@ATL  276 rows
19:01:25  INFO      [5/8] Fetching game_pk=824216
19:01:25  INFO        game_pk=824216    LAA@HOU  321 rows
19:01:27  INFO      [6/8] Fetching game_pk=823324
19:01:27  INFO        game_pk=823324    DET@SD  288 rows
19:01:29  INFO      [7/8] Fetching game_pk=823162
19:01:29  INFO        game_pk=823162    CLE@SEA  278 rows
19:01:31  INFO      [8/8] Fetching game_pk=823971
19:01:31  INFO        game_pk=823971    AZ@LAD  310 rows
19:01:33  INFO      Total raw rows: 2246
19:01:33  INFO      Cleaning 2246 rows...
19:01:33  INFO      Clean complete. Shape: (2246, 84)
19:01:34  INFO        2026_03.csv — all 2246 rows already present, nothing to add.
19:01:34  INFO      Done.
00:21:52  INFO      ============================================================
00:21:52  INFO      fetch_yesterday.py  |  target date: 2026-04-12
00:21:52  INFO      ============================================================
00:21:52  INFO      Fetching schedule for 2026-04-12 ...
00:21:52  WARNING   INCOMPLETE  date=2026-04-12  game_pk=824938  CLE@ATL  status=In Progress
00:21:52  INFO      Found 14 Final game(s). Fetching pitch data...
00:21:52  INFO      [1/14] Fetching game_pk=824859
00:21:52  INFO        game_pk=824859    SF@BAL  298 rows
00:21:54  INFO      [2/14] Fetching game_pk=823479
00:21:54  INFO        game_pk=823479    AZ@PHI  293 rows
00:21:56  INFO      [3/14] Fetching game_pk=822828
00:21:56  INFO        game_pk=822828    MIN@TOR  330 rows
00:21:57  INFO      [4/14] Fetching game_pk=824533
00:21:58  INFO        game_pk=824533    LAA@CIN  343 rows
00:21:59  INFO      [5/14] Fetching game_pk=823642
00:21:59  INFO        game_pk=823642    ATH@NYM  256 rows
00:22:01  INFO      [6/14] Fetching game_pk=824293
00:22:01  INFO        game_pk=824293    MIA@DET  262 rows
00:22:03  INFO      [7/14] Fetching game_pk=822998
00:22:03  INFO        game_pk=822998    NYY@TB  255 rows
00:22:04  INFO      [8/14] Fetching game_pk=824126
00:22:05  INFO        game_pk=824126    CWS@KC  282 rows
00:22:06  INFO      [9/14] Fetching game_pk=823804
00:22:06  INFO        game_pk=823804    WSH@MIL  268 rows
00:22:08  INFO      [10/14] Fetching game_pk=823075
00:22:08  INFO        game_pk=823075    BOS@STL  280 rows
00:22:10  INFO      [11/14] Fetching game_pk=824696
00:22:10  INFO        game_pk=824696    PIT@CHC  324 rows
00:22:11  INFO      [12/14] Fetching game_pk=823317
00:22:12  INFO        game_pk=823317    COL@SD  285 rows
00:22:13  INFO      [13/14] Fetching game_pk=823154
00:22:13  INFO        game_pk=823154    HOU@SEA  260 rows
00:22:15  INFO      [14/14] Fetching game_pk=823966
00:22:15  INFO        game_pk=823966    TEX@LAD  327 rows
00:22:17  INFO      Total raw rows: 4063
00:22:17  INFO      Cleaning 4063 rows...
00:22:17  INFO      Clean complete. Shape: (4063, 84)
00:22:17  INFO        2026_04.csv — adding 4063 new rows (was 42175, now 46238)
00:22:18  INFO        Wrote /home/runner/work/OGUN_CSV/OGUN_CSV/data/2026_04.csv
00:22:18  INFO      Done.
14:51:12  INFO      ============================================================
14:51:12  INFO      fetch_yesterday.py  |  target date: 2026-04-12
14:51:12  INFO      ============================================================
14:51:12  INFO      Fetching schedule for 2026-04-12 ...
14:51:13  INFO      Found 15 Final game(s). Fetching pitch data...
14:51:13  INFO      [1/15] Fetching game_pk=824859
14:51:13  INFO        game_pk=824859    SF@BAL  298 rows
14:51:14  INFO      [2/15] Fetching game_pk=823479
14:51:15  INFO        game_pk=823479    AZ@PHI  293 rows
14:51:16  INFO      [3/15] Fetching game_pk=822828
14:51:17  INFO        game_pk=822828    MIN@TOR  330 rows
14:51:18  INFO      [4/15] Fetching game_pk=824533
14:51:18  INFO        game_pk=824533    LAA@CIN  343 rows
14:51:20  INFO      [5/15] Fetching game_pk=823642
14:51:20  INFO        game_pk=823642    ATH@NYM  256 rows
14:51:22  INFO      [6/15] Fetching game_pk=824293
14:51:22  INFO        game_pk=824293    MIA@DET  262 rows
14:51:24  INFO      [7/15] Fetching game_pk=822998
14:51:24  INFO        game_pk=822998    NYY@TB  255 rows
14:51:25  INFO      [8/15] Fetching game_pk=824126
14:51:26  INFO        game_pk=824126    CWS@KC  282 rows
14:51:27  INFO      [9/15] Fetching game_pk=823804
14:51:27  INFO        game_pk=823804    WSH@MIL  268 rows
14:51:29  INFO      [10/15] Fetching game_pk=823075
14:51:29  INFO        game_pk=823075    BOS@STL  280 rows
14:51:31  INFO      [11/15] Fetching game_pk=824696
14:51:31  INFO        game_pk=824696    PIT@CHC  324 rows
14:51:33  INFO      [12/15] Fetching game_pk=823317
14:51:33  INFO        game_pk=823317    COL@SD  285 rows
14:51:34  INFO      [13/15] Fetching game_pk=823154
14:51:35  INFO        game_pk=823154    HOU@SEA  260 rows
14:51:36  INFO      [14/15] Fetching game_pk=823966
14:51:37  INFO        game_pk=823966    TEX@LAD  327 rows
14:51:38  INFO      [15/15] Fetching game_pk=824938
14:51:38  INFO        game_pk=824938    CLE@ATL  296 rows
14:51:40  INFO      Total raw rows: 4359
14:51:40  INFO      Cleaning 4359 rows...
14:51:40  INFO      Clean complete. Shape: (4359, 84)
14:51:41  INFO        2026_04.csv — adding 296 new rows (was 46238, now 46534)
14:51:42  INFO        Wrote /home/runner/work/OGUN_CSV/OGUN_CSV/data/2026_04.csv
14:51:42  INFO      Done.
14:51:27  INFO      ============================================================
14:51:27  INFO      fetch_yesterday.py  |  target date: 2026-04-13
14:51:27  INFO      ============================================================
14:51:27  INFO      Fetching schedule for 2026-04-13 ...
14:51:28  INFO      Found 10 Final game(s). Fetching pitch data...
14:51:28  INFO      [1/10] Fetching game_pk=823153
14:51:28  INFO        game_pk=823153    HOU@SEA  240 rows
14:51:29  INFO      [2/10] Fetching game_pk=824856
14:51:30  INFO        game_pk=824856    AZ@BAL  283 rows
14:51:31  INFO      [3/10] Fetching game_pk=823400
14:51:31  INFO        game_pk=823400    WSH@PIT  334 rows
14:51:33  INFO      [4/10] Fetching game_pk=823481
14:51:33  INFO        game_pk=823481    CHC@PHI  316 rows
14:51:34  INFO      [5/10] Fetching game_pk=823563
14:51:35  INFO        game_pk=823563    LAA@NYY  390 rows
14:51:36  INFO      [6/10] Fetching game_pk=824937
14:51:36  INFO        game_pk=824937    MIA@ATL  328 rows
14:51:38  INFO      [7/10] Fetching game_pk=823725
14:51:38  INFO        game_pk=823725    BOS@MIN  293 rows
14:51:40  INFO      [8/10] Fetching game_pk=823073
14:51:40  INFO        game_pk=823073    CLE@STL  341 rows
14:51:41  INFO      [9/10] Fetching game_pk=825024
14:51:42  INFO        game_pk=825024    TEX@ATH  266 rows
14:51:43  INFO      [10/10] Fetching game_pk=823964
14:51:43  INFO        game_pk=823964    NYM@LAD  247 rows
14:51:45  INFO      Total raw rows: 3038
14:51:45  INFO      Cleaning 3038 rows...
14:51:45  INFO      Clean complete. Shape: (3038, 84)
14:51:46  INFO        2026_04.csv — adding 3038 new rows (was 46534, now 49572)
14:51:46  INFO        Wrote /home/runner/work/OGUN_CSV/OGUN_CSV/data/2026_04.csv
14:51:46  INFO      Done.
14:46:53  INFO      ============================================================
14:46:53  INFO      fetch_yesterday.py  |  target date: 2026-04-14
14:46:53  INFO      ============================================================
14:46:53  INFO      Fetching schedule for 2026-04-14 ...
14:46:53  INFO      Found 15 Final game(s). Fetching pitch data...
14:46:53  INFO      [1/15] Fetching game_pk=824853
14:46:53  INFO        game_pk=824853    AZ@BAL  302 rows
14:46:55  INFO      [2/15] Fetching game_pk=824292
14:46:55  INFO        game_pk=824292    KC@DET  250 rows
14:46:57  INFO      [3/15] Fetching game_pk=823398
14:46:57  INFO        game_pk=823398    WSH@PIT  324 rows
14:46:58  INFO      [4/15] Fetching game_pk=824531
14:46:59  INFO        game_pk=824531    SF@CIN  256 rows
14:47:00  INFO      [5/15] Fetching game_pk=823478
14:47:00  INFO        game_pk=823478    CHC@PHI  322 rows
14:47:02  INFO      [6/15] Fetching game_pk=823562
14:47:02  INFO        game_pk=823562    LAA@NYY  324 rows
14:47:04  INFO      [7/15] Fetching game_pk=824935
14:47:04  INFO        game_pk=824935    MIA@ATL  280 rows
14:47:06  INFO      [8/15] Fetching game_pk=823723
14:47:06  INFO        game_pk=823723    BOS@MIN  294 rows
14:47:07  INFO      [9/15] Fetching game_pk=824616
14:47:08  INFO        game_pk=824616    TB@CWS  312 rows
14:47:09  INFO      [10/15] Fetching game_pk=823802
14:47:09  INFO        game_pk=823802    TOR@MIL  335 rows
14:47:11  INFO      [11/15] Fetching game_pk=823072
14:47:11  INFO        game_pk=823072    CLE@STL  315 rows
14:47:13  INFO      [12/15] Fetching game_pk=824210
14:47:13  INFO        game_pk=824210    COL@HOU  308 rows
14:47:14  INFO      [13/15] Fetching game_pk=823315
14:47:15  INFO        game_pk=823315    SEA@SD  240 rows
14:47:16  INFO      [14/15] Fetching game_pk=825022
14:47:16  INFO        game_pk=825022    TEX@ATH  285 rows
14:47:18  INFO      [15/15] Fetching game_pk=823965
14:47:18  INFO        game_pk=823965    NYM@LAD  231 rows
14:47:20  INFO      Total raw rows: 4378
14:47:20  INFO      Cleaning 4378 rows...
14:47:20  INFO      Clean complete. Shape: (4378, 84)
14:47:21  INFO        2026_04.csv — adding 4378 new rows (was 49572, now 53950)
14:47:22  INFO        Wrote /home/runner/work/OGUN_CSV/OGUN_CSV/data/2026_04.csv
14:47:22  INFO      Done.
14:58:07  INFO      ============================================================
14:58:07  INFO      fetch_yesterday.py  |  target date: 2026-04-15
14:58:07  INFO      ============================================================
14:58:07  INFO      Fetching schedule for 2026-04-15 ...
14:58:07  INFO      Found 15 Final game(s). Fetching pitch data...
14:58:07  INFO      [1/15] Fetching game_pk=824855
14:58:07  INFO        game_pk=824855    AZ@BAL  300 rows
14:58:09  INFO      [2/15] Fetching game_pk=823071
14:58:09  INFO        game_pk=823071    CLE@STL  296 rows
14:58:11  INFO      [3/15] Fetching game_pk=823722
14:58:11  INFO        game_pk=823722    BOS@MIN  311 rows
14:58:13  INFO      [4/15] Fetching game_pk=824291
14:58:13  INFO        game_pk=824291    KC@DET  263 rows
14:58:15  INFO      [5/15] Fetching game_pk=823399
14:58:15  INFO        game_pk=823399    WSH@PIT  252 rows
14:58:17  INFO      [6/15] Fetching game_pk=824532
14:58:18  INFO        game_pk=824532    SF@CIN  279 rows
14:58:19  INFO      [7/15] Fetching game_pk=823477
14:58:19  INFO        game_pk=823477    CHC@PHI  296 rows
14:58:21  INFO      [8/15] Fetching game_pk=823561
14:58:21  INFO        game_pk=823561    LAA@NYY  251 rows
14:58:23  INFO      [9/15] Fetching game_pk=824936
14:58:23  INFO        game_pk=824936    MIA@ATL  275 rows
14:58:24  INFO      [10/15] Fetching game_pk=824615
14:58:25  INFO        game_pk=824615    TB@CWS  304 rows
14:58:26  INFO      [11/15] Fetching game_pk=823803
14:58:26  INFO        game_pk=823803    TOR@MIL  262 rows
14:58:28  INFO      [12/15] Fetching game_pk=824209
14:58:28  INFO        game_pk=824209    COL@HOU  290 rows
14:58:30  INFO      [13/15] Fetching game_pk=823314
14:58:30  INFO        game_pk=823314    SEA@SD  338 rows
14:58:31  INFO      [14/15] Fetching game_pk=825021
14:58:32  INFO        game_pk=825021    TEX@ATH  321 rows
14:58:33  INFO      [15/15] Fetching game_pk=823963
14:58:33  INFO        game_pk=823963    NYM@LAD  292 rows
14:58:35  INFO      Total raw rows: 4330
14:58:35  INFO      Cleaning 4330 rows...
14:58:35  INFO      Clean complete. Shape: (4330, 84)
14:58:36  INFO        2026_04.csv — adding 4330 new rows (was 53950, now 58280)
14:58:37  INFO        Wrote /home/runner/work/OGUN_CSV/OGUN_CSV/data/2026_04.csv
14:58:37  INFO      Done.
16:50:32  INFO      ============================================================
16:50:32  INFO      fetch_yesterday.py  |  target date: 2026-04-15
16:50:32  INFO      ============================================================
16:50:32  INFO      Fetching schedule for 2026-04-15 ...
16:50:32  INFO      Found 15 Final game(s). Fetching pitch data...
16:50:32  INFO      [1/15] Fetching game_pk=824855
16:50:32  INFO        game_pk=824855    AZ@BAL  300 rows
16:50:33  INFO      [2/15] Fetching game_pk=823071
16:50:34  INFO        game_pk=823071    CLE@STL  296 rows
16:50:35  INFO      [3/15] Fetching game_pk=823722
16:50:35  INFO        game_pk=823722    BOS@MIN  311 rows
16:50:37  INFO      [4/15] Fetching game_pk=824291
16:50:37  INFO        game_pk=824291    KC@DET  263 rows
16:50:39  INFO      [5/15] Fetching game_pk=823399
16:50:39  INFO        game_pk=823399    WSH@PIT  252 rows
16:50:40  INFO      [6/15] Fetching game_pk=824532
16:50:41  INFO        game_pk=824532    SF@CIN  279 rows
16:50:42  INFO      [7/15] Fetching game_pk=823477
16:50:42  INFO        game_pk=823477    CHC@PHI  296 rows
16:50:44  INFO      [8/15] Fetching game_pk=823561
16:50:44  INFO        game_pk=823561    LAA@NYY  251 rows
16:50:46  INFO      [9/15] Fetching game_pk=824936
16:50:46  INFO        game_pk=824936    MIA@ATL  275 rows
16:50:47  INFO      [10/15] Fetching game_pk=824615
16:50:47  INFO        game_pk=824615    TB@CWS  304 rows
16:50:49  INFO      [11/15] Fetching game_pk=823803
16:50:49  INFO        game_pk=823803    TOR@MIL  262 rows
16:50:51  INFO      [12/15] Fetching game_pk=824209
16:50:51  INFO        game_pk=824209    COL@HOU  290 rows
16:50:53  INFO      [13/15] Fetching game_pk=823314
16:50:53  INFO        game_pk=823314    SEA@SD  338 rows
16:50:55  INFO      [14/15] Fetching game_pk=825021
16:50:55  INFO        game_pk=825021    TEX@ATH  321 rows
16:50:56  INFO      [15/15] Fetching game_pk=823963
16:50:57  INFO        game_pk=823963    NYM@LAD  292 rows
16:50:58  INFO      Total raw rows: 4330
16:50:58  INFO      Cleaning 4330 rows...
16:50:58  INFO      Clean complete. Shape: (4330, 84)
16:50:59  INFO        2026_04.csv — all 4330 rows already present, nothing to add.
16:50:59  INFO      Done.
14:21:56  INFO      ============================================================
14:21:56  INFO      fetch_yesterday.py  |  target date: 2026-04-16
14:21:56  INFO      ============================================================
14:21:56  INFO      Fetching schedule for 2026-04-16 ...
14:21:56  INFO      Found 10 Final game(s). Fetching pitch data...
14:21:56  INFO      [1/10] Fetching game_pk=823396
14:21:56  INFO        game_pk=823396    WSH@PIT  335 rows
14:21:57  INFO      [2/10] Fetching game_pk=824530
14:21:58  INFO        game_pk=824530    SF@CIN  286 rows
14:21:59  INFO      [3/10] Fetching game_pk=824289
14:21:59  INFO        game_pk=824289    KC@DET  303 rows
14:22:01  INFO      [4/10] Fetching game_pk=823560
14:22:01  INFO        game_pk=823560    LAA@NYY  332 rows
14:22:03  INFO      [5/10] Fetching game_pk=823801
14:22:03  INFO        game_pk=823801    TOR@MIL  226 rows
14:22:04  INFO      [6/10] Fetching game_pk=824614
14:22:05  INFO        game_pk=824614    TB@CWS  364 rows
14:22:06  INFO      [7/10] Fetching game_pk=825023
14:22:06  INFO        game_pk=825023    TEX@ATH  341 rows
14:22:08  INFO      [8/10] Fetching game_pk=824453
14:22:08  INFO        game_pk=824453    BAL@CLE  278 rows
14:22:09  INFO      [9/10] Fetching game_pk=824208
14:22:10  INFO        game_pk=824208    COL@HOU  336 rows
14:22:11  INFO      [10/10] Fetching game_pk=823313
14:22:11  INFO        game_pk=823313    SEA@SD  279 rows
14:22:13  INFO      Total raw rows: 3080
14:22:13  INFO      Cleaning 3080 rows...
14:22:13  INFO      Clean complete. Shape: (3080, 84)
14:22:14  INFO        2026_04.csv — adding 3080 new rows (was 58280, now 61360)
14:22:15  INFO        Wrote /home/runner/work/OGUN_CSV/OGUN_CSV/data/2026_04.csv
14:22:15  INFO      Done.
14:02:11  INFO      ============================================================
14:02:11  INFO      fetch_yesterday.py  |  target date: 2026-04-17
14:02:11  INFO      ============================================================
14:02:11  INFO      Fetching schedule for 2026-04-17 ...
14:02:11  INFO      Found 15 Final game(s). Fetching pitch data...
14:02:11  INFO      [1/15] Fetching game_pk=824693
14:02:11  INFO        game_pk=824693    NYM@CHC  290 rows
14:02:12  INFO      [2/15] Fetching game_pk=824454
14:02:13  INFO        game_pk=824454    BAL@CLE  324 rows
14:02:14  INFO      [3/15] Fetching game_pk=823476
14:02:15  INFO        game_pk=823476    ATL@PHI  310 rows
14:02:16  INFO      [4/15] Fetching game_pk=822752
14:02:16  INFO        game_pk=822752    SF@WSH  308 rows
14:02:18  INFO      [5/15] Fetching game_pk=823397
14:02:18  INFO        game_pk=823397    TB@PIT  279 rows
14:02:20  INFO      [6/15] Fetching game_pk=823559
14:02:20  INFO        game_pk=823559    KC@NYY  279 rows
14:02:21  INFO      [7/15] Fetching game_pk=823883
14:02:22  INFO        game_pk=823883    MIL@MIA  357 rows
14:02:23  INFO      [8/15] Fetching game_pk=824778
14:02:23  INFO        game_pk=824778    DET@BOS  260 rows
14:02:25  INFO      [9/15] Fetching game_pk=824207
14:02:25  INFO        game_pk=824207    STL@HOU  305 rows
14:02:27  INFO      [10/15] Fetching game_pk=823720
14:02:27  INFO        game_pk=823720    CIN@MIN  277 rows
14:02:28  INFO      [11/15] Fetching game_pk=824373
14:02:29  INFO        game_pk=824373    LAD@COL  280 rows
14:02:30  INFO      [12/15] Fetching game_pk=824048
14:02:30  INFO        game_pk=824048    SD@LAA  321 rows
14:02:32  INFO      [13/15] Fetching game_pk=823152
14:02:32  INFO        game_pk=823152    TEX@SEA  337 rows
14:02:34  INFO      [14/15] Fetching game_pk=825101
14:02:34  INFO        game_pk=825101    TOR@AZ  257 rows
14:02:35  INFO      [15/15] Fetching game_pk=825019
14:02:36  INFO        game_pk=825019    CWS@ATH  322 rows
14:02:37  INFO      Total raw rows: 4506
14:02:37  INFO      Cleaning 4506 rows...
14:02:37  INFO      Clean complete. Shape: (4506, 84)
14:02:38  INFO        2026_04.csv — adding 4506 new rows (was 61360, now 65866)
14:02:39  INFO        Wrote /home/runner/work/OGUN_CSV/OGUN_CSV/data/2026_04.csv
14:02:39  INFO      Done.
14:00:56  INFO      ============================================================
14:00:56  INFO      fetch_yesterday.py  |  target date: 2026-04-18
14:00:56  INFO      ============================================================
14:00:56  INFO      Fetching schedule for 2026-04-18 ...
14:00:57  INFO      Found 15 Final game(s). Fetching pitch data...
14:00:57  INFO      [1/15] Fetching game_pk=823558
14:00:57  INFO        game_pk=823558    KC@NYY  283 rows
14:00:58  INFO      [2/15] Fetching game_pk=823721
14:00:59  INFO        game_pk=823721    CIN@MIN  324 rows
14:01:00  INFO      [3/15] Fetching game_pk=824694
14:01:00  INFO        game_pk=824694    NYM@CHC  276 rows
14:01:02  INFO      [4/15] Fetching game_pk=823394
14:01:02  INFO        game_pk=823394    TB@PIT  432 rows
14:01:04  INFO      [5/15] Fetching game_pk=822751
14:01:04  INFO        game_pk=822751    SF@WSH  371 rows
14:01:05  INFO      [6/15] Fetching game_pk=825020
14:01:05  INFO        game_pk=825020    CWS@ATH  364 rows
14:01:07  INFO      [7/15] Fetching game_pk=824775
14:01:07  INFO        game_pk=824775    DET@BOS  287 rows
14:01:09  INFO      [8/15] Fetching game_pk=823882
14:01:09  INFO        game_pk=823882    MIL@MIA  302 rows
14:01:10  INFO      [9/15] Fetching game_pk=824451
14:01:11  INFO        game_pk=824451    BAL@CLE  267 rows
14:01:12  INFO      [10/15] Fetching game_pk=824206
14:01:12  INFO        game_pk=824206    STL@HOU  332 rows
14:01:14  INFO      [11/15] Fetching game_pk=823151
14:01:14  INFO        game_pk=823151    TEX@SEA  341 rows
14:01:16  INFO      [12/15] Fetching game_pk=823474
14:01:16  INFO        game_pk=823474    ATL@PHI  287 rows
14:01:17  INFO      [13/15] Fetching game_pk=824372
14:01:17  INFO        game_pk=824372    LAD@COL  265 rows
14:01:19  INFO      [14/15] Fetching game_pk=825098
14:01:19  INFO        game_pk=825098    TOR@AZ  238 rows
14:01:21  INFO      [15/15] Fetching game_pk=824049
14:01:21  INFO        game_pk=824049    SD@LAA  306 rows
14:01:22  INFO      Total raw rows: 4675
14:01:22  INFO      Cleaning 4675 rows...
14:01:23  INFO      Clean complete. Shape: (4675, 84)
14:01:23  INFO        2026_04.csv — adding 4675 new rows (was 65866, now 70541)
14:01:25  INFO        Wrote /home/runner/work/OGUN_CSV/OGUN_CSV/data/2026_04.csv
14:01:25  INFO      Done.
13:12:09  INFO      ============================================================
13:12:09  INFO      fetch_yesterday.py  |  target date: 2026-04-19
13:12:09  INFO      ============================================================
13:12:09  INFO      Fetching schedule for 2026-04-19 ...
13:12:09  INFO      Found 15 Final game(s). Fetching pitch data...
13:12:09  INFO      [1/15] Fetching game_pk=822750
13:12:09  INFO        game_pk=822750    SF@WSH  260 rows
13:12:10  INFO      [2/15] Fetching game_pk=823393
13:12:11  INFO        game_pk=823393    TB@PIT  259 rows
13:12:12  INFO      [3/15] Fetching game_pk=823556
13:12:12  INFO        game_pk=823556    KC@NYY  284 rows
13:12:14  INFO      [4/15] Fetching game_pk=824452
13:12:14  INFO        game_pk=824452    BAL@CLE  307 rows
13:12:16  INFO      [5/15] Fetching game_pk=823881
13:12:16  INFO        game_pk=823881    MIL@MIA  291 rows
13:12:17  INFO      [6/15] Fetching game_pk=824205
13:12:18  INFO        game_pk=824205    STL@HOU  349 rows
13:12:19  INFO      [7/15] Fetching game_pk=823718
13:12:19  INFO        game_pk=823718    CIN@MIN  362 rows
13:12:21  INFO      [8/15] Fetching game_pk=824691
13:12:21  INFO        game_pk=824691    NYM@CHC  285 rows
13:12:23  INFO      [9/15] Fetching game_pk=824371
13:12:23  INFO        game_pk=824371    LAD@COL  321 rows
13:12:24  INFO      [10/15] Fetching game_pk=825018
13:12:25  INFO        game_pk=825018    CWS@ATH  319 rows
13:12:26  INFO      [11/15] Fetching game_pk=824047
13:12:26  INFO        game_pk=824047    SD@LAA  309 rows
13:12:28  INFO      [12/15] Fetching game_pk=823150
13:12:28  INFO        game_pk=823150    TEX@SEA  265 rows
13:12:30  INFO      [13/15] Fetching game_pk=825100
13:12:30  INFO        game_pk=825100    TOR@AZ  270 rows
13:12:31  INFO      [14/15] Fetching game_pk=824777
13:12:32  INFO        game_pk=824777    DET@BOS  301 rows
13:12:33  INFO      [15/15] Fetching game_pk=823475
13:12:33  INFO        game_pk=823475    ATL@PHI  320 rows
13:12:35  INFO      Total raw rows: 4502
13:12:35  INFO      Cleaning 4502 rows...
13:12:35  INFO      Clean complete. Shape: (4502, 84)
13:12:36  INFO        2026_04.csv — adding 4502 new rows (was 70541, now 75043)
13:12:37  INFO        Wrote /home/runner/work/OGUN_CSV/OGUN_CSV/data/2026_04.csv
13:12:37  INFO      Done.
14:53:00  INFO      ============================================================
14:53:00  INFO      fetch_yesterday.py  |  target date: 2026-04-19
14:53:00  INFO      ============================================================
14:53:00  INFO      Fetching schedule for 2026-04-19 ...
14:53:00  INFO      Found 15 Final game(s). Fetching pitch data...
14:53:00  INFO      [1/15] Fetching game_pk=822750
14:53:00  INFO        game_pk=822750    SF@WSH  260 rows
14:53:02  INFO      [2/15] Fetching game_pk=823393
14:53:02  INFO        game_pk=823393    TB@PIT  259 rows
14:53:04  INFO      [3/15] Fetching game_pk=823556
14:53:04  INFO        game_pk=823556    KC@NYY  284 rows
14:53:05  INFO      [4/15] Fetching game_pk=824452
14:53:06  INFO        game_pk=824452    BAL@CLE  307 rows
14:53:07  INFO      [5/15] Fetching game_pk=823881
14:53:08  INFO        game_pk=823881    MIL@MIA  291 rows
14:53:09  INFO      [6/15] Fetching game_pk=824205
14:53:09  INFO        game_pk=824205    STL@HOU  349 rows
14:53:11  INFO      [7/15] Fetching game_pk=823718
14:53:11  INFO        game_pk=823718    CIN@MIN  362 rows
14:53:13  INFO      [8/15] Fetching game_pk=824691
14:53:13  INFO        game_pk=824691    NYM@CHC  285 rows
14:53:15  INFO      [9/15] Fetching game_pk=824371
14:53:15  INFO        game_pk=824371    LAD@COL  321 rows
14:53:16  INFO      [10/15] Fetching game_pk=825018
14:53:17  INFO        game_pk=825018    CWS@ATH  319 rows
14:53:18  INFO      [11/15] Fetching game_pk=824047
14:53:19  INFO        game_pk=824047    SD@LAA  309 rows
14:53:20  INFO      [12/15] Fetching game_pk=823150
14:53:20  INFO        game_pk=823150    TEX@SEA  265 rows
14:53:22  INFO      [13/15] Fetching game_pk=825100
14:53:22  INFO        game_pk=825100    TOR@AZ  270 rows
14:53:24  INFO      [14/15] Fetching game_pk=824777
14:53:24  INFO        game_pk=824777    DET@BOS  301 rows
14:53:26  INFO      [15/15] Fetching game_pk=823475
14:53:27  INFO        game_pk=823475    ATL@PHI  320 rows
14:53:28  INFO      Total raw rows: 4502
14:53:28  INFO      Cleaning 4502 rows...
14:53:28  INFO      Clean complete. Shape: (4502, 84)
14:53:29  INFO        2026_04.csv — all 4502 rows already present, nothing to add.
14:53:29  INFO      Done.
14:48:23  INFO      ============================================================
14:48:23  INFO      fetch_yesterday.py  |  target date: 2026-04-20
14:48:23  INFO      ============================================================
14:48:23  INFO      Fetching schedule for 2026-04-20 ...
14:48:23  INFO      Found 10 Final game(s). Fetching pitch data...
14:48:23  INFO      [1/10] Fetching game_pk=824776
14:48:23  INFO        game_pk=824776    DET@BOS  321 rows
14:48:25  INFO      [2/10] Fetching game_pk=824450
14:48:25  INFO        game_pk=824450    HOU@CLE  319 rows
14:48:26  INFO      [3/10] Fetching game_pk=822994
14:48:27  INFO        game_pk=822994    CIN@TB  277 rows
14:48:28  INFO      [4/10] Fetching game_pk=823879
14:48:28  INFO        game_pk=823879    STL@MIA  272 rows
14:48:30  INFO      [5/10] Fetching game_pk=822749
14:48:30  INFO        game_pk=822749    ATL@WSH  271 rows
14:48:32  INFO      [6/10] Fetching game_pk=824125
14:48:32  INFO        game_pk=824125    BAL@KC  411 rows
14:48:33  INFO      [7/10] Fetching game_pk=824692
14:48:34  INFO        game_pk=824692    PHI@CHC  289 rows
14:48:35  INFO      [8/10] Fetching game_pk=824370
14:48:35  INFO        game_pk=824370    LAD@COL  311 rows
14:48:37  INFO      [9/10] Fetching game_pk=824046
14:48:37  INFO        game_pk=824046    TOR@LAA  296 rows
14:48:38  INFO      [10/10] Fetching game_pk=823149
14:48:39  INFO        game_pk=823149    ATH@SEA  297 rows
14:48:40  INFO      Total raw rows: 3064
14:48:40  INFO      Cleaning 3064 rows...
14:48:40  INFO      Clean complete. Shape: (3064, 84)
14:48:41  INFO        2026_04.csv — adding 3064 new rows (was 75043, now 78107)
14:48:43  INFO        Wrote /home/runner/work/OGUN_CSV/OGUN_CSV/data/2026_04.csv
14:48:43  INFO      Done.
14:47:45  INFO      ============================================================
14:47:45  INFO      fetch_yesterday.py  |  target date: 2026-04-21
14:47:45  INFO      ============================================================
14:47:45  INFO      Fetching schedule for 2026-04-21 ...
14:47:46  INFO      Found 15 Final game(s). Fetching pitch data...
14:47:46  INFO      [1/15] Fetching game_pk=824448
14:47:46  INFO        game_pk=824448    HOU@CLE  325 rows
14:47:47  INFO      [2/15] Fetching game_pk=822995
14:47:49  INFO        game_pk=822995    CIN@TB  385 rows
14:47:51  INFO      [3/15] Fetching game_pk=823880
14:47:51  INFO        game_pk=823880    STL@MIA  328 rows
14:47:53  INFO      [4/15] Fetching game_pk=824290
14:47:53  INFO        game_pk=824290    MIL@DET  345 rows
14:47:54  INFO      [5/15] Fetching game_pk=822747
14:47:55  INFO        game_pk=822747    ATL@WSH  354 rows
14:47:56  INFO      [6/15] Fetching game_pk=824773
14:47:57  INFO        game_pk=824773    NYY@BOS  268 rows
14:47:58  INFO      [7/15] Fetching game_pk=823640
14:47:58  INFO        game_pk=823640    MIN@NYM  301 rows
14:48:00  INFO      [8/15] Fetching game_pk=824127
14:48:00  INFO        game_pk=824127    BAL@KC  309 rows
14:48:02  INFO      [9/15] Fetching game_pk=824690
14:48:02  INFO        game_pk=824690    PHI@CHC  311 rows
14:48:04  INFO      [10/15] Fetching game_pk=822914
14:48:04  INFO        game_pk=822914    PIT@TEX  288 rows
14:48:05  INFO      [11/15] Fetching game_pk=824369
14:48:06  INFO        game_pk=824369    SD@COL  261 rows
14:48:07  INFO      [12/15] Fetching game_pk=824045
14:48:07  INFO        game_pk=824045    TOR@LAA  253 rows
14:48:09  INFO      [13/15] Fetching game_pk=823148
14:48:09  INFO        game_pk=823148    ATH@SEA  322 rows
14:48:11  INFO      [14/15] Fetching game_pk=825099
14:48:11  INFO        game_pk=825099    CWS@AZ  352 rows
14:48:13  INFO      [15/15] Fetching game_pk=823236
14:48:13  INFO        game_pk=823236    LAD@SF  293 rows
14:48:15  INFO      Total raw rows: 4695
14:48:15  INFO      Cleaning 4695 rows...
14:48:15  INFO      Clean complete. Shape: (4695, 84)
14:48:16  INFO        2026_04.csv — adding 4695 new rows (was 78107, now 82802)
14:48:17  INFO        Wrote /home/runner/work/OGUN_CSV/OGUN_CSV/data/2026_04.csv
14:48:17  INFO      Done.
15:13:30  INFO      ============================================================
15:13:30  INFO      fetch_yesterday.py  |  target date: 2026-04-22
15:13:30  INFO      ============================================================
15:13:30  INFO      Fetching schedule for 2026-04-22 ...
15:13:30  INFO      Found 15 Final game(s). Fetching pitch data...
15:13:30  INFO      [1/15] Fetching game_pk=823878
15:13:31  INFO        game_pk=823878    STL@MIA  244 rows
15:13:32  INFO      [2/15] Fetching game_pk=824449
15:13:32  INFO        game_pk=824449    HOU@CLE  288 rows
15:13:34  INFO      [3/15] Fetching game_pk=822993
15:13:34  INFO        game_pk=822993    CIN@TB  239 rows
15:13:36  INFO      [4/15] Fetching game_pk=824123
15:13:36  INFO        game_pk=824123    BAL@KC  284 rows
15:13:37  INFO      [5/15] Fetching game_pk=824044
15:13:38  INFO        game_pk=824044    TOR@LAA  300 rows
15:13:39  INFO      [6/15] Fetching game_pk=823147
15:13:39  INFO        game_pk=823147    ATH@SEA  284 rows
15:13:41  INFO      [7/15] Fetching game_pk=824286
15:13:41  INFO        game_pk=824286    MIL@DET  300 rows
15:13:43  INFO      [8/15] Fetching game_pk=822748
15:13:43  INFO        game_pk=822748    ATL@WSH  297 rows
15:13:45  INFO      [9/15] Fetching game_pk=824774
15:13:45  INFO        game_pk=824774    NYY@BOS  249 rows
15:13:46  INFO      [10/15] Fetching game_pk=823641
15:13:46  INFO        game_pk=823641    MIN@NYM  291 rows
15:13:48  INFO      [11/15] Fetching game_pk=824688
15:13:48  INFO        game_pk=824688    PHI@CHC  276 rows
15:13:50  INFO      [12/15] Fetching game_pk=822913
15:13:50  INFO        game_pk=822913    PIT@TEX  278 rows
15:13:51  INFO      [13/15] Fetching game_pk=824367
15:13:52  INFO        game_pk=824367    SD@COL  341 rows
15:13:53  INFO      [14/15] Fetching game_pk=825097
15:13:53  INFO        game_pk=825097    CWS@AZ  362 rows
15:13:55  INFO      [15/15] Fetching game_pk=823231
15:13:55  INFO        game_pk=823231    LAD@SF  240 rows
15:13:57  INFO      Total raw rows: 4273
15:13:57  INFO      Cleaning 4273 rows...
15:13:57  INFO      Clean complete. Shape: (4273, 84)
15:13:58  INFO        2026_04.csv — adding 4273 new rows (was 82802, now 87075)
15:14:00  INFO        Wrote /home/runner/work/OGUN_CSV/OGUN_CSV/data/2026_04.csv
15:14:00  INFO      Done.
14:46:07  INFO      ============================================================
14:46:07  INFO      fetch_yesterday.py  |  target date: 2026-04-23
14:46:07  INFO      ============================================================
14:46:07  INFO      Fetching schedule for 2026-04-23 ...
14:46:07  INFO      Found 9 Final game(s). Fetching pitch data...
14:46:07  INFO      [1/9] Fetching game_pk=822745
14:46:07  INFO        game_pk=822745    ATL@WSH  271 rows
14:46:08  INFO      [2/9] Fetching game_pk=824288
14:46:09  INFO        game_pk=824288    MIL@DET  276 rows
14:46:10  INFO      [3/9] Fetching game_pk=824689
14:46:10  INFO        game_pk=824689    PHI@CHC  317 rows
14:46:12  INFO      [4/9] Fetching game_pk=824368
14:46:12  INFO        game_pk=824368    SD@COL  332 rows
14:46:14  INFO      [5/9] Fetching game_pk=825096
14:46:14  INFO        game_pk=825096    CWS@AZ  291 rows
14:46:15  INFO      [6/9] Fetching game_pk=823233
14:46:16  INFO        game_pk=823233    LAD@SF  241 rows
14:46:17  INFO      [7/9] Fetching game_pk=824770
14:46:17  INFO        game_pk=824770    NYY@BOS  265 rows
14:46:19  INFO      [8/9] Fetching game_pk=823639
14:46:19  INFO        game_pk=823639    MIN@NYM  317 rows
14:46:21  INFO      [9/9] Fetching game_pk=822912
14:46:21  INFO        game_pk=822912    PIT@TEX  273 rows
14:46:22  INFO      Total raw rows: 2583
14:46:22  INFO      Cleaning 2583 rows...
14:46:22  INFO      Clean complete. Shape: (2583, 84)
14:46:24  INFO        2026_04.csv — adding 2583 new rows (was 87075, now 89658)
14:46:26  INFO        Wrote /home/runner/work/OGUN_CSV/OGUN_CSV/data/2026_04.csv
14:46:26  INFO      Done.
14:03:58  INFO      ============================================================
14:03:58  INFO      fetch_yesterday.py  |  target date: 2026-04-24
14:03:58  INFO      ============================================================
14:03:58  INFO      Fetching schedule for 2026-04-24 ...
14:03:58  INFO      Found 14 Final game(s). Fetching pitch data...
14:03:58  INFO      [1/14] Fetching game_pk=824529
14:03:58  INFO        game_pk=824529    DET@CIN  371 rows
14:04:00  INFO      [2/14] Fetching game_pk=824854
14:04:00  INFO        game_pk=824854    BOS@BAL  303 rows
14:04:02  INFO      [3/14] Fetching game_pk=822827
14:04:02  INFO        game_pk=822827    CLE@TOR  302 rows
14:04:03  INFO      [4/14] Fetching game_pk=823638
14:04:04  INFO        game_pk=823638    COL@NYM  268 rows
14:04:05  INFO      [5/14] Fetching game_pk=822992
14:04:06  INFO        game_pk=822992    MIN@TB  263 rows
14:04:07  INFO      [6/14] Fetching game_pk=824932
14:04:07  INFO        game_pk=824932    PHI@ATL  280 rows
14:04:09  INFO      [7/14] Fetching game_pk=824124
14:04:09  INFO        game_pk=824124    LAA@KC  286 rows
14:04:11  INFO      [8/14] Fetching game_pk=824611
14:04:11  INFO        game_pk=824611    WSH@CWS  275 rows
14:04:12  INFO      [9/14] Fetching game_pk=823800
14:04:13  INFO        game_pk=823800    PIT@MIL  258 rows
14:04:14  INFO      [10/14] Fetching game_pk=822909
14:04:14  INFO        game_pk=822909    ATH@TEX  266 rows
14:04:16  INFO      [11/14] Fetching game_pk=824204
14:04:16  INFO        game_pk=824204    NYY@HOU  324 rows
14:04:18  INFO      [12/14] Fetching game_pk=823069
14:04:18  INFO        game_pk=823069    SEA@STL  267 rows
14:04:20  INFO      [13/14] Fetching game_pk=823962
14:04:20  INFO        game_pk=823962    CHC@LAD  290 rows
14:04:21  INFO      [14/14] Fetching game_pk=823232
14:04:22  INFO        game_pk=823232    MIA@SF  326 rows
14:04:23  INFO      Total raw rows: 4079
14:04:23  INFO      Cleaning 4079 rows...
14:04:23  INFO      Clean complete. Shape: (4079, 84)
14:04:24  INFO        2026_04.csv — adding 4079 new rows (was 89658, now 93737)
14:04:26  INFO        Wrote /home/runner/work/OGUN_CSV/OGUN_CSV/data/2026_04.csv
14:04:26  INFO      Done.
14:05:46  INFO      ============================================================
14:05:46  INFO      fetch_yesterday.py  |  target date: 2026-04-25
14:05:46  INFO      ============================================================
14:05:46  INFO      Fetching schedule for 2026-04-25 ...
14:05:46  WARNING   POSTPONED   date=2026-04-25  game_pk=823637  COL@NYM
14:05:46  INFO      Found 14 Final game(s). Fetching pitch data...
14:05:46  INFO      [1/14] Fetching game_pk=824851
14:05:47  INFO        game_pk=824851    BOS@BAL  339 rows
14:05:48  INFO      [2/14] Fetching game_pk=823070
14:05:49  INFO        game_pk=823070    SEA@STL  322 rows
14:05:50  INFO      [3/14] Fetching game_pk=822826
14:05:50  INFO        game_pk=822826    CLE@TOR  296 rows
14:05:52  INFO      [4/14] Fetching game_pk=823229
14:05:52  INFO        game_pk=823229    MIA@SF  311 rows
14:05:54  INFO      [5/14] Fetching game_pk=822989
14:05:54  INFO        game_pk=822989    MIN@TB  271 rows
14:05:56  INFO      [6/14] Fetching game_pk=824613
14:05:56  INFO        game_pk=824613    WSH@CWS  324 rows
14:05:57  INFO      [7/14] Fetching game_pk=825093
14:05:58  INFO        game_pk=825093    SD@AZ  293 rows
14:05:59  INFO      [8/14] Fetching game_pk=822910
14:06:00  INFO        game_pk=822910    ATH@TEX  267 rows
14:06:01  INFO      [9/14] Fetching game_pk=824121
14:06:01  INFO        game_pk=824121    LAA@KC  342 rows
14:06:03  INFO      [10/14] Fetching game_pk=824203
14:06:03  INFO        game_pk=824203    NYY@HOU  320 rows
14:06:05  INFO      [11/14] Fetching game_pk=823799
14:06:05  INFO        game_pk=823799    PIT@MIL  303 rows
14:06:07  INFO      [12/14] Fetching game_pk=824527
14:06:07  INFO        game_pk=824527    DET@CIN  318 rows
14:06:09  INFO      [13/14] Fetching game_pk=823960
14:06:09  INFO        game_pk=823960    CHC@LAD  355 rows
14:06:10  INFO      [14/14] Fetching game_pk=824933
14:06:11  INFO        game_pk=824933    PHI@ATL  326 rows
14:06:12  INFO      Total raw rows: 4387
14:06:12  INFO      Cleaning 4387 rows...
14:06:12  INFO      Clean complete. Shape: (4387, 84)
14:06:13  INFO        2026_04.csv — adding 4387 new rows (was 93737, now 98124)
14:06:15  INFO        Wrote /home/runner/work/OGUN_CSV/OGUN_CSV/data/2026_04.csv
14:06:15  INFO      Done.
14:27:12  INFO      ============================================================
14:27:12  INFO      fetch_yesterday.py  |  target date: 2026-04-26
14:27:12  INFO      ============================================================
14:27:12  INFO      Fetching schedule for 2026-04-26 ...
14:27:12  INFO      Found 16 Final game(s). Fetching pitch data...
14:27:12  INFO      [1/16] Fetching game_pk=824852
14:27:13  INFO        game_pk=824852    BOS@BAL  279 rows
14:27:14  INFO      [2/16] Fetching game_pk=824934
14:27:14  INFO        game_pk=824934    PHI@ATL  289 rows
14:27:16  INFO      [3/16] Fetching game_pk=822824
14:27:16  INFO        game_pk=822824    CLE@TOR  275 rows
14:27:18  INFO      [4/16] Fetching game_pk=824528
14:27:18  INFO        game_pk=824528    DET@CIN  316 rows
14:27:19  INFO      [5/16] Fetching game_pk=823635
14:27:20  INFO        game_pk=823635    COL@NYM  297 rows
14:27:21  INFO      [6/16] Fetching game_pk=823637
14:27:22  INFO        game_pk=823637    COL@NYM  264 rows
14:27:23  INFO      [7/16] Fetching game_pk=822991
14:27:24  INFO        game_pk=822991    MIN@TB  269 rows
14:27:25  INFO      [8/16] Fetching game_pk=824612
14:27:25  INFO        game_pk=824612    WSH@CWS  248 rows
14:27:27  INFO      [9/16] Fetching game_pk=824202
14:27:27  INFO        game_pk=824202    NYY@HOU  268 rows
14:27:29  INFO      [10/16] Fetching game_pk=823797
14:27:29  INFO        game_pk=823797    PIT@MIL  313 rows
14:27:31  INFO      [11/16] Fetching game_pk=823068
14:27:31  INFO        game_pk=823068    SEA@STL  289 rows
14:27:32  INFO      [12/16] Fetching game_pk=822911
14:27:33  INFO        game_pk=822911    ATH@TEX  270 rows
14:27:34  INFO      [13/16] Fetching game_pk=825094
14:27:34  INFO        game_pk=825094    SD@AZ  322 rows
14:27:36  INFO      [14/16] Fetching game_pk=823230
14:27:36  INFO        game_pk=823230    MIA@SF  242 rows
14:27:38  INFO      [15/16] Fetching game_pk=824122
14:27:39  INFO        game_pk=824122    LAA@KC  371 rows
14:27:40  INFO      [16/16] Fetching game_pk=823959
14:27:40  INFO        game_pk=823959    CHC@LAD  280 rows
14:27:42  INFO      Total raw rows: 4592
14:27:42  INFO      Cleaning 4592 rows...
14:27:42  INFO      Clean complete. Shape: (4592, 84)
14:27:43  INFO        2026_04.csv — adding 4592 new rows (was 98124, now 102716)
14:27:45  INFO        Wrote /home/runner/work/OGUN_CSV/OGUN_CSV/data/2026_04.csv
14:27:45  INFO      Done.
15:08:43  INFO      ============================================================
15:08:43  INFO      fetch_yesterday.py  |  target date: 2026-04-26
15:08:43  INFO      ============================================================
15:08:43  INFO      Fetching schedule for 2026-04-26 ...
15:08:43  INFO      Found 16 Final game(s). Fetching pitch data...
15:08:43  INFO      [1/16] Fetching game_pk=824852
15:08:43  INFO        game_pk=824852    BOS@BAL  279 rows
15:08:44  INFO      [2/16] Fetching game_pk=824934
15:08:45  INFO        game_pk=824934    PHI@ATL  289 rows
15:08:46  INFO      [3/16] Fetching game_pk=822824
15:08:46  INFO        game_pk=822824    CLE@TOR  275 rows
15:08:48  INFO      [4/16] Fetching game_pk=824528
15:08:48  INFO        game_pk=824528    DET@CIN  316 rows
15:08:50  INFO      [5/16] Fetching game_pk=823635
15:08:50  INFO        game_pk=823635    COL@NYM  297 rows
15:08:51  INFO      [6/16] Fetching game_pk=823637
15:08:51  INFO        game_pk=823637    COL@NYM  264 rows
15:08:53  INFO      [7/16] Fetching game_pk=822991
15:08:53  INFO        game_pk=822991    MIN@TB  269 rows
15:08:55  INFO      [8/16] Fetching game_pk=824612
15:08:55  INFO        game_pk=824612    WSH@CWS  248 rows
15:08:57  INFO      [9/16] Fetching game_pk=824202
15:08:57  INFO        game_pk=824202    NYY@HOU  268 rows
15:08:58  INFO      [10/16] Fetching game_pk=823797
15:08:58  INFO        game_pk=823797    PIT@MIL  313 rows
15:09:00  INFO      [11/16] Fetching game_pk=823068
15:09:00  INFO        game_pk=823068    SEA@STL  289 rows
15:09:02  INFO      [12/16] Fetching game_pk=822911
15:09:02  INFO        game_pk=822911    ATH@TEX  270 rows
15:09:03  INFO      [13/16] Fetching game_pk=825094
15:09:04  INFO        game_pk=825094    SD@AZ  322 rows
15:09:05  INFO      [14/16] Fetching game_pk=823230
15:09:05  INFO        game_pk=823230    MIA@SF  242 rows
15:09:07  INFO      [15/16] Fetching game_pk=824122
15:09:07  INFO        game_pk=824122    LAA@KC  371 rows
15:09:09  INFO      [16/16] Fetching game_pk=823959
15:09:09  INFO        game_pk=823959    CHC@LAD  280 rows
15:09:11  INFO      Total raw rows: 4592
15:09:11  INFO      Cleaning 4592 rows...
15:09:11  INFO      Clean complete. Shape: (4592, 84)
15:09:13  INFO        2026_04.csv — all 4592 rows already present, nothing to add.
15:09:13  INFO      Done.
15:28:14  INFO      ============================================================
15:28:14  INFO      fetch_yesterday.py  |  target date: 2026-04-27
15:28:14  INFO      ============================================================
15:28:14  INFO      Fetching schedule for 2026-04-27 ...
15:28:14  INFO      Found 8 Final game(s). Fetching pitch data...
15:28:14  INFO      [1/8] Fetching game_pk=824446
15:28:14  INFO        game_pk=824446    TB@CLE  290 rows
15:28:16  INFO      [2/8] Fetching game_pk=823395
15:28:16  INFO        game_pk=823395    STL@PIT  268 rows
15:28:17  INFO      [3/8] Fetching game_pk=822825
15:28:18  INFO        game_pk=822825    BOS@TOR  271 rows
15:28:19  INFO      [4/8] Fetching game_pk=823719
15:28:19  INFO        game_pk=823719    SEA@MIN  317 rows
15:28:21  INFO      [5/8] Fetching game_pk=824609
15:28:21  INFO        game_pk=824609    LAA@CWS  312 rows
15:28:23  INFO      [6/8] Fetching game_pk=822906
15:28:23  INFO        game_pk=822906    NYY@TEX  296 rows
15:28:24  INFO      [7/8] Fetching game_pk=823311
15:28:25  INFO        game_pk=823311    CHC@SD  348 rows
15:28:26  INFO      [8/8] Fetching game_pk=823961
15:28:26  INFO        game_pk=823961    MIA@LAD  303 rows
15:28:28  INFO      Total raw rows: 2405
15:28:28  INFO      Cleaning 2405 rows...
15:28:28  INFO      Clean complete. Shape: (2405, 84)
15:28:29  INFO        2026_04.csv — adding 2405 new rows (was 102716, now 105121)
15:28:31  INFO        Wrote /home/runner/work/OGUN_CSV/OGUN_CSV/data/2026_04.csv
15:28:31  INFO      Done.
15:15:46  INFO      ============================================================
15:15:46  INFO      fetch_yesterday.py  |  target date: 2026-04-28
15:15:46  INFO      ============================================================
15:15:46  INFO      Fetching schedule for 2026-04-28 ...
15:15:46  INFO      Found 15 Final game(s). Fetching pitch data...
15:15:46  INFO      [1/15] Fetching game_pk=824447
15:15:46  INFO        game_pk=824447    TB@CLE  257 rows
15:15:48  INFO      [2/15] Fetching game_pk=824849
15:15:48  INFO        game_pk=824849    HOU@BAL  275 rows
15:15:49  INFO      [3/15] Fetching game_pk=824526
15:15:50  INFO        game_pk=824526    COL@CIN  272 rows
15:15:51  INFO      [4/15] Fetching game_pk=823390
15:15:51  INFO        game_pk=823390    STL@PIT  307 rows
15:15:53  INFO      [5/15] Fetching game_pk=823473
15:15:53  INFO        game_pk=823473    SF@PHI  274 rows
15:15:55  INFO      [6/15] Fetching game_pk=822823
15:15:56  INFO        game_pk=822823    BOS@TOR  240 rows
15:15:57  INFO      [7/15] Fetching game_pk=823636
15:15:57  INFO        game_pk=823636    WSH@NYM  276 rows
15:15:59  INFO      [8/15] Fetching game_pk=824931
15:15:59  INFO        game_pk=824931    DET@ATL  265 rows
15:16:01  INFO      [9/15] Fetching game_pk=823716
15:16:01  INFO        game_pk=823716    SEA@MIN  287 rows
15:16:02  INFO      [10/15] Fetching game_pk=824610
15:16:03  INFO        game_pk=824610    LAA@CWS  309 rows
15:16:04  INFO      [11/15] Fetching game_pk=823798
15:16:04  INFO        game_pk=823798    AZ@MIL  311 rows
15:16:06  INFO      [12/15] Fetching game_pk=822908
15:16:06  INFO        game_pk=822908    NYY@TEX  289 rows
15:16:08  INFO      [13/15] Fetching game_pk=825017
15:16:08  INFO        game_pk=825017    KC@ATH  345 rows
15:16:09  INFO      [14/15] Fetching game_pk=823310
15:16:10  INFO        game_pk=823310    CHC@SD  325 rows
15:16:11  INFO      [15/15] Fetching game_pk=823956
15:16:11  INFO        game_pk=823956    MIA@LAD  276 rows
15:16:13  INFO      Total raw rows: 4308
15:16:13  INFO      Cleaning 4308 rows...
15:16:13  INFO      Clean complete. Shape: (4308, 84)
15:16:14  INFO        2026_04.csv — adding 4308 new rows (was 105121, now 109429)
15:16:16  INFO        Wrote /home/runner/work/OGUN_CSV/OGUN_CSV/data/2026_04.csv
15:16:16  INFO      Done.
23:21:02  INFO      ============================================================
23:21:02  INFO      fetch_yesterday.py  |  target date: 2026-04-28
23:21:02  INFO      ============================================================
23:21:02  INFO      Fetching schedule for 2026-04-28 ...
23:21:03  INFO      Found 15 Final game(s). Fetching pitch data...
23:21:03  INFO      [1/15] Fetching game_pk=824447
23:21:03  INFO        game_pk=824447    TB@CLE  257 rows
23:21:04  INFO      [2/15] Fetching game_pk=824849
23:21:05  INFO        game_pk=824849    HOU@BAL  275 rows
23:21:06  INFO      [3/15] Fetching game_pk=824526
23:21:06  INFO        game_pk=824526    COL@CIN  272 rows
23:21:08  INFO      [4/15] Fetching game_pk=823390
23:21:08  INFO        game_pk=823390    STL@PIT  307 rows
23:21:10  INFO      [5/15] Fetching game_pk=823473
23:21:10  INFO        game_pk=823473    SF@PHI  274 rows
23:21:11  INFO      [6/15] Fetching game_pk=822823
23:21:11  INFO        game_pk=822823    BOS@TOR  240 rows
23:21:13  INFO      [7/15] Fetching game_pk=823636
23:21:13  INFO        game_pk=823636    WSH@NYM  276 rows
23:21:15  INFO      [8/15] Fetching game_pk=824931
23:21:15  INFO        game_pk=824931    DET@ATL  265 rows
23:21:16  INFO      [9/15] Fetching game_pk=823716
23:21:17  INFO        game_pk=823716    SEA@MIN  287 rows
23:21:18  INFO      [10/15] Fetching game_pk=824610
23:21:18  INFO        game_pk=824610    LAA@CWS  309 rows
23:21:20  INFO      [11/15] Fetching game_pk=823798
23:21:20  INFO        game_pk=823798    AZ@MIL  311 rows
23:21:22  INFO      [12/15] Fetching game_pk=822908
23:21:22  INFO        game_pk=822908    NYY@TEX  289 rows
23:21:23  INFO      [13/15] Fetching game_pk=825017
23:21:24  INFO        game_pk=825017    KC@ATH  345 rows
23:21:25  INFO      [14/15] Fetching game_pk=823310
23:21:25  INFO        game_pk=823310    CHC@SD  325 rows
23:21:27  INFO      [15/15] Fetching game_pk=823956
23:21:27  INFO        game_pk=823956    MIA@LAD  276 rows
23:21:29  INFO      Total raw rows: 4308
23:21:29  INFO      Cleaning 4308 rows...
23:21:29  INFO      Clean complete. Shape: (4308, 84)
23:21:30  INFO        2026_04.csv — all 4308 rows already present, nothing to add.
23:21:30  INFO      Done.
15:11:53  INFO      ============================================================
15:11:53  INFO      fetch_yesterday.py  |  target date: 2026-04-29
15:11:53  INFO      ============================================================
15:11:53  INFO      Fetching schedule for 2026-04-29 ...
15:11:53  WARNING   POSTPONED   date=2026-04-29  game_pk=823471  SF@PHI
15:11:53  WARNING   POSTPONED   date=2026-04-29  game_pk=824850  HOU@BAL
15:11:53  INFO      Found 13 Final game(s). Fetching pitch data...
15:11:53  INFO      [1/13] Fetching game_pk=824445
15:11:53  INFO        game_pk=824445    TB@CLE  250 rows
15:11:55  INFO      [2/13] Fetching game_pk=824608
15:11:55  INFO        game_pk=824608    LAA@CWS  308 rows
15:11:57  INFO      [3/13] Fetching game_pk=823717
15:11:57  INFO        game_pk=823717    SEA@MIN  345 rows
15:11:58  INFO      [4/13] Fetching game_pk=822907
15:11:59  INFO        game_pk=822907    NYY@TEX  270 rows
15:12:00  INFO      [5/13] Fetching game_pk=822821
15:12:01  INFO        game_pk=822821    BOS@TOR  258 rows
15:12:02  INFO      [6/13] Fetching game_pk=823958
15:12:03  INFO        game_pk=823958    MIA@LAD  275 rows
15:12:04  INFO      [7/13] Fetching game_pk=823312
15:12:04  INFO        game_pk=823312    CHC@SD  293 rows
15:12:06  INFO      [8/13] Fetching game_pk=824525
15:12:06  INFO        game_pk=824525    COL@CIN  303 rows
15:12:08  INFO      [9/13] Fetching game_pk=823392
15:12:08  INFO        game_pk=823392    STL@PIT  321 rows
15:12:09  INFO      [10/13] Fetching game_pk=823633
15:12:10  INFO        game_pk=823633    WSH@NYM  340 rows
15:12:11  INFO      [11/13] Fetching game_pk=824930
15:12:12  INFO        game_pk=824930    DET@ATL  273 rows
15:12:13  INFO      [12/13] Fetching game_pk=823796
15:12:13  INFO        game_pk=823796    AZ@MIL  327 rows
15:12:15  INFO      [13/13] Fetching game_pk=825015
15:12:15  INFO        game_pk=825015    KC@ATH  305 rows
15:12:16  INFO      Total raw rows: 3868
15:12:17  INFO      Cleaning 3868 rows...
15:12:17  INFO      Clean complete. Shape: (3868, 84)
15:12:18  INFO        2026_04.csv — adding 3868 new rows (was 109429, now 113297)
15:12:21  INFO        Wrote /home/runner/work/OGUN_CSV/OGUN_CSV/data/2026_04.csv
15:12:21  INFO      Done.
14:18:06  INFO      ============================================================
14:18:06  INFO      fetch_yesterday.py  |  target date: 2026-04-30
14:18:06  INFO      ============================================================
14:18:06  INFO      Fetching schedule for 2026-04-30 ...
14:18:06  INFO      Found 11 Final game(s). Fetching pitch data...
14:18:06  INFO      [1/11] Fetching game_pk=824929
14:18:06  INFO        game_pk=824929    DET@ATL  324 rows
14:18:07  INFO      [2/11] Fetching game_pk=824848
14:18:08  INFO        game_pk=824848    HOU@BAL  275 rows
14:18:09  INFO      [3/11] Fetching game_pk=824850
14:18:09  INFO        game_pk=824850    HOU@BAL  323 rows
14:18:11  INFO      [4/11] Fetching game_pk=823391
14:18:11  INFO        game_pk=823391    STL@PIT  354 rows
14:18:13  INFO      [5/11] Fetching game_pk=823472
14:18:13  INFO        game_pk=823472    SF@PHI  265 rows
14:18:15  INFO      [6/11] Fetching game_pk=823471
14:18:15  INFO        game_pk=823471    SF@PHI  341 rows
14:18:17  INFO      [7/11] Fetching game_pk=824524
14:18:20  INFO        game_pk=824524    COL@CIN  251 rows
14:18:22  INFO      [8/11] Fetching game_pk=823634
14:18:22  INFO        game_pk=823634    WSH@NYM  276 rows
14:18:23  INFO      [9/11] Fetching game_pk=823795
14:18:25  INFO        game_pk=823795    AZ@MIL  300 rows
14:18:26  INFO      [10/11] Fetching game_pk=825016
14:18:26  INFO        game_pk=825016    KC@ATH  286 rows
14:18:28  INFO      [11/11] Fetching game_pk=823714
14:18:28  INFO        game_pk=823714    TOR@MIN  277 rows
14:18:29  INFO      Total raw rows: 3272
14:18:30  INFO      Cleaning 3272 rows...
14:18:30  INFO      Clean complete. Shape: (3272, 84)
14:18:31  INFO        2026_04.csv — adding 3272 new rows (was 113297, now 116569)
14:18:33  INFO        Wrote /home/runner/work/OGUN_CSV/OGUN_CSV/data/2026_04.csv
14:18:33  INFO      Done.
14:11:16  INFO      ============================================================
14:11:16  INFO      fetch_yesterday.py  |  target date: 2026-05-01
14:11:16  INFO      ============================================================
14:11:16  INFO      Fetching schedule for 2026-05-01 ...
14:11:17  INFO      Found 15 Final game(s). Fetching pitch data...
14:11:17  INFO      [1/15] Fetching game_pk=824686
14:11:17  INFO        game_pk=824686    AZ@CHC  322 rows
14:11:18  INFO      [2/15] Fetching game_pk=824287
14:11:19  INFO        game_pk=824287    TEX@DET  345 rows
14:11:20  INFO      [3/15] Fetching game_pk=823389
14:11:20  INFO        game_pk=823389    CIN@PIT  307 rows
14:11:22  INFO      [4/15] Fetching game_pk=822744
14:11:22  INFO        game_pk=822744    MIL@WSH  327 rows
14:11:23  INFO      [5/15] Fetching game_pk=823557
14:11:24  INFO        game_pk=823557    BAL@NYY  297 rows
14:11:25  INFO      [6/15] Fetching game_pk=824772
14:11:25  INFO        game_pk=824772    HOU@BOS  264 rows
14:11:27  INFO      [7/15] Fetching game_pk=822990
14:11:28  INFO        game_pk=822990    SF@TB  232 rows
14:11:29  INFO      [8/15] Fetching game_pk=823877
14:11:30  INFO        game_pk=823877    PHI@MIA  348 rows
14:11:31  INFO      [9/15] Fetching game_pk=823713
14:11:32  INFO        game_pk=823713    TOR@MIN  278 rows
14:11:33  INFO      [10/15] Fetching game_pk=823066
14:11:33  INFO        game_pk=823066    LAD@STL  308 rows
14:11:35  INFO      [11/15] Fetching game_pk=824366
14:11:35  INFO        game_pk=824366    ATL@COL  294 rows
14:11:37  INFO      [12/15] Fetching game_pk=824041
14:11:37  INFO        game_pk=824041    NYM@LAA  259 rows
14:11:38  INFO      [13/15] Fetching game_pk=825012
14:11:39  INFO        game_pk=825012    CLE@ATH  339 rows
14:11:40  INFO      [14/15] Fetching game_pk=823309
14:11:40  INFO        game_pk=823309    CWS@SD  309 rows
14:11:42  INFO      [15/15] Fetching game_pk=823146
14:11:42  INFO        game_pk=823146    KC@SEA  295 rows
14:11:43  INFO      Total raw rows: 4524
14:11:44  INFO      Cleaning 4524 rows...
14:11:44  INFO      Clean complete. Shape: (4524, 84)
14:11:44  INFO        2026_05.csv — new file, writing 4524 rows
14:11:44  INFO        Wrote /home/runner/work/OGUN_CSV/OGUN_CSV/data/2026_05.csv
14:11:44  INFO      Done.
14:11:58  INFO      ============================================================
14:11:58  INFO      fetch_yesterday.py  |  target date: 2026-05-02
14:11:58  INFO      ============================================================
14:11:58  INFO      Fetching schedule for 2026-05-02 ...
14:11:59  INFO      Found 15 Final game(s). Fetching pitch data...
14:11:59  INFO      [1/15] Fetching game_pk=823554
14:11:59  INFO        game_pk=823554    BAL@NYY  326 rows
14:12:00  INFO      [2/15] Fetching game_pk=823715
14:12:01  INFO        game_pk=823715    TOR@MIN  296 rows
14:12:02  INFO      [3/15] Fetching game_pk=824685
14:12:02  INFO        game_pk=824685    AZ@CHC  247 rows
14:12:04  INFO      [4/15] Fetching game_pk=825014
14:12:04  INFO        game_pk=825014    CLE@ATH  329 rows
14:12:06  INFO      [5/15] Fetching game_pk=823388
14:12:06  INFO        game_pk=823388    CIN@PIT  340 rows
14:12:08  INFO      [6/15] Fetching game_pk=822746
14:12:08  INFO        game_pk=822746    MIL@WSH  306 rows
14:12:09  INFO      [7/15] Fetching game_pk=824771
14:12:10  INFO        game_pk=824771    HOU@BOS  289 rows
14:12:11  INFO      [8/15] Fetching game_pk=823876
14:12:11  INFO        game_pk=823876    PHI@MIA  254 rows
14:12:13  INFO      [9/15] Fetching game_pk=822988
14:12:13  INFO        game_pk=822988    SF@TB  269 rows
14:12:15  INFO      [10/15] Fetching game_pk=823067
14:12:15  INFO        game_pk=823067    LAD@STL  288 rows
14:12:16  INFO      [11/15] Fetching game_pk=824284
14:12:17  INFO        game_pk=824284    TEX@DET  263 rows
14:12:18  INFO      [12/15] Fetching game_pk=824365
14:12:19  INFO        game_pk=824365    ATL@COL  289 rows
14:12:20  INFO      [13/15] Fetching game_pk=823308
14:12:20  INFO        game_pk=823308    CWS@SD  258 rows
14:12:22  INFO      [14/15] Fetching game_pk=824042
14:12:22  INFO        game_pk=824042    NYM@LAA  300 rows
14:12:24  INFO      [15/15] Fetching game_pk=823144
14:12:24  INFO        game_pk=823144    KC@SEA  290 rows
14:12:25  INFO      Total raw rows: 4344
14:12:26  INFO      Cleaning 4344 rows...
14:12:26  INFO      Clean complete. Shape: (4344, 84)
14:12:26  INFO        2026_05.csv — adding 4344 new rows (was 4524, now 8868)
14:12:26  INFO        Wrote /home/runner/work/OGUN_CSV/OGUN_CSV/data/2026_05.csv
14:12:26  INFO      Done.
15:11:02  INFO      ============================================================
15:11:02  INFO      fetch_yesterday.py  |  target date: 2026-05-03
15:11:02  INFO      ============================================================
15:11:02  INFO      Fetching schedule for 2026-05-03 ...
15:11:03  INFO      Found 15 Final game(s). Fetching pitch data...
15:11:03  INFO      [1/15] Fetching game_pk=823711
15:11:03  INFO        game_pk=823711    TOR@MIN  282 rows
15:11:04  INFO      [2/15] Fetching game_pk=824769
15:11:05  INFO        game_pk=824769    HOU@BOS  345 rows
15:11:07  INFO      [3/15] Fetching game_pk=823387
15:11:07  INFO        game_pk=823387    CIN@PIT  214 rows
15:11:09  INFO      [4/15] Fetching game_pk=823555
15:11:09  INFO        game_pk=823555    BAL@NYY  320 rows
15:11:11  INFO      [5/15] Fetching game_pk=822742
15:11:12  INFO        game_pk=822742    MIL@WSH  225 rows
15:11:13  INFO      [6/15] Fetching game_pk=822987
15:11:13  INFO        game_pk=822987    SF@TB  279 rows
15:11:15  INFO      [7/15] Fetching game_pk=823875
15:11:15  INFO        game_pk=823875    PHI@MIA  282 rows
15:11:17  INFO      [8/15] Fetching game_pk=823065
15:11:17  INFO        game_pk=823065    LAD@STL  256 rows
15:11:19  INFO      [9/15] Fetching game_pk=824687
15:11:19  INFO        game_pk=824687    AZ@CHC  316 rows
15:11:21  INFO      [10/15] Fetching game_pk=824364
15:11:21  INFO        game_pk=824364    ATL@COL  344 rows
15:11:22  INFO      [11/15] Fetching game_pk=825013
15:11:23  INFO        game_pk=825013    CLE@ATH  268 rows
15:11:25  INFO      [12/15] Fetching game_pk=824043
15:11:25  INFO        game_pk=824043    NYM@LAA  284 rows
15:11:27  INFO      [13/15] Fetching game_pk=823145
15:11:27  INFO        game_pk=823145    KC@SEA  278 rows
15:11:28  INFO      [14/15] Fetching game_pk=823307
15:11:29  INFO        game_pk=823307    CWS@SD  276 rows
15:11:31  INFO      [15/15] Fetching game_pk=824285
15:11:31  INFO        game_pk=824285    TEX@DET  262 rows
15:11:33  INFO      Total raw rows: 4231
15:11:33  INFO      Cleaning 4231 rows...
15:11:33  INFO      Clean complete. Shape: (4231, 84)
15:11:33  INFO        2026_05.csv — adding 4231 new rows (was 8868, now 13099)
15:11:33  INFO        Wrote /home/runner/work/OGUN_CSV/OGUN_CSV/data/2026_05.csv
15:11:33  INFO      Done.
15:27:57  INFO      ============================================================
15:27:57  INFO      fetch_yesterday.py  |  target date: 2026-05-05
15:27:57  INFO      ============================================================
15:27:57  INFO      Fetching schedule for 2026-05-05 ...
15:27:58  WARNING   POSTPONED   date=2026-05-05  game_pk=823062  MIL@STL
15:27:58  WARNING   POSTPONED   date=2026-05-05  game_pk=824362  NYM@COL
15:27:58  INFO      Found 13 Final game(s). Fetching pitch data...
15:27:58  INFO      [1/13] Fetching game_pk=824281
15:27:58  INFO        game_pk=824281    BOS@DET  273 rows
15:27:59  INFO      [2/13] Fetching game_pk=822986
15:27:59  INFO        game_pk=822986    TOR@TB  266 rows
15:28:01  INFO      [3/13] Fetching game_pk=823469
15:28:01  INFO        game_pk=823469    ATH@PHI  282 rows
15:28:03  INFO      [4/13] Fetching game_pk=823873
15:28:03  INFO        game_pk=823873    BAL@MIA  325 rows
15:28:04  INFO      [5/13] Fetching game_pk=822743
15:28:05  INFO        game_pk=822743    MIN@WSH  312 rows
15:28:06  INFO      [6/13] Fetching game_pk=823553
15:28:06  INFO        game_pk=823553    TEX@NYY  292 rows
15:28:08  INFO      [7/13] Fetching game_pk=824682
15:28:08  INFO        game_pk=824682    CIN@CHC  335 rows
15:28:10  INFO      [8/13] Fetching game_pk=824119
15:28:10  INFO        game_pk=824119    CLE@KC  243 rows
15:28:11  INFO      [9/13] Fetching game_pk=824200
15:28:11  INFO        game_pk=824200    LAD@HOU  241 rows
15:28:13  INFO      [10/13] Fetching game_pk=824040
15:28:14  INFO        game_pk=824040    CWS@LAA  268 rows
15:28:15  INFO      [11/13] Fetching game_pk=825092
15:28:15  INFO        game_pk=825092    PIT@AZ  290 rows
15:28:17  INFO      [12/13] Fetching game_pk=823142
15:28:17  INFO        game_pk=823142    ATL@SEA  265 rows
15:28:19  INFO      [13/13] Fetching game_pk=823227
15:28:19  INFO        game_pk=823227    SD@SF  277 rows
15:28:20  INFO      Total raw rows: 3669
15:28:20  INFO      Cleaning 3669 rows...
15:28:20  INFO      Clean complete. Shape: (3669, 84)
15:28:21  INFO        2026_05.csv — adding 3669 new rows (was 13099, now 16768)
15:28:21  INFO        Wrote /home/runner/work/OGUN_CSV/OGUN_CSV/data/2026_05.csv
15:28:21  INFO      Done.
12:41:00  INFO      ============================================================
12:41:00  INFO      fetch_yesterday.py  |  target date: 2026-05-06
12:41:00  INFO      ============================================================
12:41:00  INFO      Fetching schedule for 2026-05-06 ...
12:41:00  INFO      Found 15 Final game(s). Fetching pitch data...
12:41:00  INFO      [1/15] Fetching game_pk=822985
12:41:00  INFO        game_pk=822985    TOR@TB  233 rows
12:41:01  INFO      [2/15] Fetching game_pk=823063
12:41:02  INFO        game_pk=823063    MIL@STL  316 rows
12:41:03  INFO      [3/15] Fetching game_pk=824198
12:41:04  INFO        game_pk=824198    LAD@HOU  295 rows
12:41:05  INFO      [4/15] Fetching game_pk=823226
12:41:05  INFO        game_pk=823226    SD@SF  250 rows
12:41:07  INFO      [5/15] Fetching game_pk=824036
12:41:07  INFO        game_pk=824036    CWS@LAA  286 rows
12:41:09  INFO      [6/15] Fetching game_pk=823141
12:41:09  INFO        game_pk=823141    ATL@SEA  283 rows
12:41:10  INFO      [7/15] Fetching game_pk=824282
12:41:11  INFO        game_pk=824282    BOS@DET  315 rows
12:41:12  INFO      [8/15] Fetching game_pk=823470
12:41:12  INFO        game_pk=823470    ATH@PHI  272 rows
12:41:14  INFO      [9/15] Fetching game_pk=823872
12:41:15  INFO        game_pk=823872    BAL@MIA  296 rows
12:41:16  INFO      [10/15] Fetching game_pk=822740
12:41:17  INFO        game_pk=822740    MIN@WSH  270 rows
12:41:18  INFO      [11/15] Fetching game_pk=823550
12:41:18  INFO        game_pk=823550    TEX@NYY  295 rows
12:41:20  INFO      [12/15] Fetching game_pk=824683
12:41:21  INFO        game_pk=824683    CIN@CHC  328 rows
12:41:22  INFO      [13/15] Fetching game_pk=824118
12:41:23  INFO        game_pk=824118    CLE@KC  307 rows
12:41:24  INFO      [14/15] Fetching game_pk=824361
12:41:24  INFO        game_pk=824361    NYM@COL  318 rows
12:41:26  INFO      [15/15] Fetching game_pk=825091
12:41:26  INFO        game_pk=825091    PIT@AZ  241 rows
12:41:28  INFO      Total raw rows: 4305
12:41:28  INFO      Cleaning 4305 rows...
12:41:28  INFO      Clean complete. Shape: (4305, 84)
12:41:28  INFO        2026_05.csv — adding 4305 new rows (was 16768, now 21073)
12:41:28  INFO        Wrote /home/runner/work/OGUN_CSV/OGUN_CSV/data/2026_05.csv
12:41:28  INFO      Done.
15:29:00  INFO      ============================================================
15:29:00  INFO      fetch_yesterday.py  |  target date: 2026-05-06
15:29:00  INFO      ============================================================
15:29:00  INFO      Fetching schedule for 2026-05-06 ...
15:29:00  INFO      Found 15 Final game(s). Fetching pitch data...
15:29:00  INFO      [1/15] Fetching game_pk=822985
15:29:00  INFO        game_pk=822985    TOR@TB  233 rows
15:29:02  INFO      [2/15] Fetching game_pk=823063
15:29:02  INFO        game_pk=823063    MIL@STL  316 rows
15:29:04  INFO      [3/15] Fetching game_pk=824198
15:29:04  INFO        game_pk=824198    LAD@HOU  295 rows
15:29:05  INFO      [4/15] Fetching game_pk=823226
15:29:06  INFO        game_pk=823226    SD@SF  250 rows
15:29:07  INFO      [5/15] Fetching game_pk=824036
15:29:07  INFO        game_pk=824036    CWS@LAA  286 rows
15:29:09  INFO      [6/15] Fetching game_pk=823141
15:29:09  INFO        game_pk=823141    ATL@SEA  283 rows
15:29:11  INFO      [7/15] Fetching game_pk=824282
15:29:11  INFO        game_pk=824282    BOS@DET  315 rows
15:29:12  INFO      [8/15] Fetching game_pk=823470
15:29:13  INFO        game_pk=823470    ATH@PHI  272 rows
15:29:14  INFO      [9/15] Fetching game_pk=823872
15:29:14  INFO        game_pk=823872    BAL@MIA  296 rows
15:29:16  INFO      [10/15] Fetching game_pk=822740
15:29:16  INFO        game_pk=822740    MIN@WSH  270 rows
15:29:17  INFO      [11/15] Fetching game_pk=823550
15:29:18  INFO        game_pk=823550    TEX@NYY  295 rows
15:29:19  INFO      [12/15] Fetching game_pk=824683
15:29:19  INFO        game_pk=824683    CIN@CHC  328 rows
15:29:21  INFO      [13/15] Fetching game_pk=824118
15:29:21  INFO        game_pk=824118    CLE@KC  307 rows
15:29:23  INFO      [14/15] Fetching game_pk=824361
15:29:23  INFO        game_pk=824361    NYM@COL  318 rows
15:29:24  INFO      [15/15] Fetching game_pk=825091
15:29:25  INFO        game_pk=825091    PIT@AZ  241 rows
15:29:26  INFO      Total raw rows: 4305
15:29:26  INFO      Cleaning 4305 rows...
15:29:26  INFO      Clean complete. Shape: (4305, 84)
15:29:27  INFO        2026_05.csv — all 4305 rows already present, nothing to add.
15:29:27  INFO      Done.
14:52:31  INFO      ============================================================
14:52:31  INFO      fetch_yesterday.py  |  target date: 2026-05-07
14:52:31  INFO      ============================================================
14:52:31  INFO      Fetching schedule for 2026-05-07 ...
14:52:32  INFO      Found 10 Final game(s). Fetching pitch data...
14:52:32  INFO      [1/10] Fetching game_pk=823551
14:52:32  INFO        game_pk=823551    TEX@NYY  319 rows
14:52:34  INFO      [2/10] Fetching game_pk=822741
14:52:34  INFO        game_pk=822741    MIN@WSH  306 rows
14:52:35  INFO      [3/10] Fetching game_pk=824117
14:52:36  INFO        game_pk=824117    CLE@KC  366 rows
14:52:38  INFO      [4/10] Fetching game_pk=824681
14:52:38  INFO        game_pk=824681    CIN@CHC  329 rows
14:52:40  INFO      [5/10] Fetching game_pk=824362
14:52:40  INFO        game_pk=824362    NYM@COL  279 rows
14:52:41  INFO      [6/10] Fetching game_pk=825090
14:52:42  INFO        game_pk=825090    PIT@AZ  273 rows
14:52:43  INFO      [7/10] Fetching game_pk=823467
14:52:44  INFO        game_pk=823467    ATH@PHI  293 rows
14:52:45  INFO      [8/10] Fetching game_pk=823870
14:52:46  INFO        game_pk=823870    BAL@MIA  273 rows
14:52:47  INFO      [9/10] Fetching game_pk=824767
14:52:48  INFO        game_pk=824767    TB@BOS  282 rows
14:52:49  INFO      [10/10] Fetching game_pk=823306
14:52:50  INFO        game_pk=823306    STL@SD  250 rows
14:52:51  INFO      Total raw rows: 2970
14:52:51  INFO      Cleaning 2970 rows...
14:52:51  INFO      Clean complete. Shape: (2970, 84)
14:52:52  INFO        2026_05.csv — adding 2970 new rows (was 21073, now 24043)
14:52:52  INFO        Wrote /home/runner/work/OGUN_CSV/OGUN_CSV/data/2026_05.csv
14:52:52  INFO      Done.
14:17:53  INFO      ============================================================
14:17:53  INFO      fetch_yesterday.py  |  target date: 2026-05-08
14:17:53  INFO      ============================================================
14:17:53  INFO      Fetching schedule for 2026-05-08 ...
14:17:54  INFO      Found 15 Final game(s). Fetching pitch data...
14:17:54  INFO      [1/15] Fetching game_pk=824522
14:17:54  INFO        game_pk=824522    HOU@CIN  280 rows
14:17:55  INFO      [2/15] Fetching game_pk=823466
14:17:56  INFO        game_pk=823466    COL@PHI  384 rows
14:17:57  INFO      [3/15] Fetching game_pk=824846
14:17:57  INFO        game_pk=824846    ATH@BAL  284 rows
14:17:59  INFO      [4/15] Fetching game_pk=822822
14:17:59  INFO        game_pk=822822    LAA@TOR  289 rows
14:18:01  INFO      [5/15] Fetching game_pk=824768
14:18:01  INFO        game_pk=824768    TB@BOS  261 rows
14:18:02  INFO      [6/15] Fetching game_pk=823871
14:18:02  INFO        game_pk=823871    WSH@MIA  287 rows
14:18:04  INFO      [7/15] Fetching game_pk=824443
14:18:04  INFO        game_pk=824443    MIN@CLE  307 rows
14:18:06  INFO      [8/15] Fetching game_pk=824116
14:18:06  INFO        game_pk=824116    DET@KC  274 rows
14:18:07  INFO      [9/15] Fetching game_pk=824607
14:18:08  INFO        game_pk=824607    SEA@CWS  299 rows
14:18:09  INFO      [10/15] Fetching game_pk=823794
14:18:09  INFO        game_pk=823794    NYY@MIL  258 rows
14:18:11  INFO      [11/15] Fetching game_pk=822904
14:18:11  INFO        game_pk=822904    CHC@TEX  303 rows
14:18:12  INFO      [12/15] Fetching game_pk=825088
14:18:13  INFO        game_pk=825088    NYM@AZ  285 rows
14:18:15  INFO      [13/15] Fetching game_pk=823303
14:18:15  INFO        game_pk=823303    STL@SD  268 rows
14:18:17  INFO      [14/15] Fetching game_pk=823957
14:18:17  INFO        game_pk=823957    ATL@LAD  275 rows
14:18:18  INFO      [15/15] Fetching game_pk=823225
14:18:18  INFO        game_pk=823225    PIT@SF  267 rows
14:18:20  INFO      Total raw rows: 4321
14:18:20  INFO      Cleaning 4321 rows...
14:18:20  INFO      Clean complete. Shape: (4321, 84)
14:18:20  INFO        2026_05.csv — adding 4321 new rows (was 24043, now 28364)
14:18:21  INFO        Wrote /home/runner/work/OGUN_CSV/OGUN_CSV/data/2026_05.csv
14:18:21  INFO      Done.
14:20:51  INFO      ============================================================
14:20:51  INFO      fetch_yesterday.py  |  target date: 2026-05-09
14:20:51  INFO      ============================================================
14:20:51  INFO      Fetching schedule for 2026-05-09 ...
14:20:51  WARNING   POSTPONED   date=2026-05-09  game_pk=824766  TB@BOS
14:20:51  INFO      Found 14 Final game(s). Fetching pitch data...
14:20:51  INFO      [1/14] Fetching game_pk=822820
14:20:52  INFO        game_pk=822820    LAA@TOR  326 rows
14:20:53  INFO      [2/14] Fetching game_pk=824847
14:20:54  INFO        game_pk=824847    ATH@BAL  326 rows
14:20:55  INFO      [3/14] Fetching game_pk=824523
14:20:55  INFO        game_pk=824523    HOU@CIN  243 rows
14:20:57  INFO      [4/14] Fetching game_pk=823869
14:20:57  INFO        game_pk=823869    WSH@MIA  287 rows
14:20:59  INFO      [5/14] Fetching game_pk=823468
14:20:59  INFO        game_pk=823468    COL@PHI  286 rows
14:21:00  INFO      [6/14] Fetching game_pk=824444
14:21:01  INFO        game_pk=824444    MIN@CLE  356 rows
14:21:02  INFO      [7/14] Fetching game_pk=822905
14:21:03  INFO        game_pk=822905    CHC@TEX  299 rows
14:21:04  INFO      [8/14] Fetching game_pk=824115
14:21:04  INFO        game_pk=824115    DET@KC  233 rows
14:21:06  INFO      [9/14] Fetching game_pk=824606
14:21:06  INFO        game_pk=824606    SEA@CWS  308 rows
14:21:08  INFO      [10/14] Fetching game_pk=823792
14:21:08  INFO        game_pk=823792    NYY@MIL  331 rows
14:21:09  INFO      [11/14] Fetching game_pk=825089
14:21:10  INFO        game_pk=825089    NYM@AZ  264 rows
14:21:11  INFO      [12/14] Fetching game_pk=823304
14:21:12  INFO        game_pk=823304    STL@SD  291 rows
14:21:13  INFO      [13/14] Fetching game_pk=823224
14:21:13  INFO        game_pk=823224    PIT@SF  356 rows
14:21:15  INFO      [14/14] Fetching game_pk=823955
14:21:16  INFO        game_pk=823955    ATL@LAD  323 rows
14:21:18  INFO      Total raw rows: 4229
14:21:18  INFO      Cleaning 4229 rows...
14:21:18  INFO      Clean complete. Shape: (4229, 84)
14:21:18  INFO        2026_05.csv — adding 4229 new rows (was 28364, now 32593)
14:21:19  INFO        Wrote /home/runner/work/OGUN_CSV/OGUN_CSV/data/2026_05.csv
14:21:19  INFO      Done.
15:57:12  INFO      ============================================================
15:57:12  INFO      fetch_yesterday.py  |  target date: 2026-05-10
15:57:12  INFO      ============================================================
15:57:12  INFO      Fetching schedule for 2026-05-10 ...
15:57:13  INFO      Found 15 Final game(s). Fetching pitch data...
15:57:13  INFO      [1/15] Fetching game_pk=823868
15:57:13  INFO        game_pk=823868    WSH@MIA  279 rows
15:57:14  INFO      [2/15] Fetching game_pk=824845
15:57:15  INFO        game_pk=824845    ATH@BAL  284 rows
15:57:16  INFO      [3/15] Fetching game_pk=824765
15:57:17  INFO        game_pk=824765    TB@BOS  283 rows
15:57:18  INFO      [4/15] Fetching game_pk=823463
15:57:19  INFO        game_pk=823463    COL@PHI  258 rows
15:57:20  INFO      [5/15] Fetching game_pk=822819
15:57:20  INFO        game_pk=822819    LAA@TOR  249 rows
15:57:22  INFO      [6/15] Fetching game_pk=824520
15:57:22  INFO        game_pk=824520    HOU@CIN  280 rows
15:57:24  INFO      [7/15] Fetching game_pk=824440
15:57:24  INFO        game_pk=824440    MIN@CLE  301 rows
15:57:26  INFO      [8/15] Fetching game_pk=824605
15:57:26  INFO        game_pk=824605    SEA@CWS  279 rows
15:57:27  INFO      [9/15] Fetching game_pk=823793
15:57:28  INFO        game_pk=823793    NYY@MIL  279 rows
15:57:29  INFO      [10/15] Fetching game_pk=822902
15:57:29  INFO        game_pk=822902    CHC@TEX  243 rows
15:57:31  INFO      [11/15] Fetching game_pk=823221
15:57:31  INFO        game_pk=823221    PIT@SF  391 rows
15:57:33  INFO      [12/15] Fetching game_pk=825085
15:57:33  INFO        game_pk=825085    NYM@AZ  248 rows
15:57:35  INFO      [13/15] Fetching game_pk=823305
15:57:35  INFO        game_pk=823305    STL@SD  317 rows
15:57:36  INFO      [14/15] Fetching game_pk=823954
15:57:37  INFO        game_pk=823954    ATL@LAD  249 rows
15:57:38  INFO      [15/15] Fetching game_pk=824113
15:57:38  INFO        game_pk=824113    DET@KC  310 rows
15:57:40  INFO      Total raw rows: 4250
15:57:40  INFO      Cleaning 4250 rows...
15:57:40  INFO      Clean complete. Shape: (4250, 84)
15:57:41  INFO        2026_05.csv — adding 4250 new rows (was 32593, now 36843)
15:57:41  INFO        Wrote /home/runner/work/OGUN_CSV/OGUN_CSV/data/2026_05.csv
15:57:41  INFO      Done.
15:40:27  INFO      ============================================================
15:40:27  INFO      fetch_yesterday.py  |  target date: 2026-05-11
15:40:27  INFO      ============================================================
15:40:27  INFO      Fetching schedule for 2026-05-11 ...
15:40:27  INFO      Found 6 Final game(s). Fetching pitch data...
15:40:27  INFO      [1/6] Fetching game_pk=824441
15:40:28  INFO        game_pk=824441    LAA@CLE  346 rows
15:40:29  INFO      [2/6] Fetching game_pk=824844
15:40:29  INFO        game_pk=824844    NYY@BAL  268 rows
15:40:31  INFO      [3/6] Fetching game_pk=822818
15:40:31  INFO        game_pk=822818    TB@TOR  313 rows
15:40:33  INFO      [4/6] Fetching game_pk=822901
15:40:33  INFO        game_pk=822901    AZ@TEX  231 rows
15:40:34  INFO      [5/6] Fetching game_pk=824199
15:40:35  INFO        game_pk=824199    SEA@HOU  280 rows
15:40:36  INFO      [6/6] Fetching game_pk=823953
15:40:36  INFO        game_pk=823953    SF@LAD  331 rows
15:40:38  INFO      Total raw rows: 1769
15:40:38  INFO      Cleaning 1769 rows...
15:40:38  INFO      Clean complete. Shape: (1769, 84)
15:40:38  INFO        2026_05.csv — adding 1769 new rows (was 36843, now 38612)
15:40:39  INFO        Wrote /home/runner/work/OGUN_CSV/OGUN_CSV/data/2026_05.csv
15:40:39  INFO      Done.
15:45:35  INFO      ============================================================
15:45:35  INFO      fetch_yesterday.py  |  target date: 2026-05-12
15:45:36  INFO      ============================================================
15:45:36  INFO      Fetching schedule for 2026-05-12 ...
15:45:36  INFO      Found 15 Final game(s). Fetching pitch data...
15:45:36  INFO      [1/15] Fetching game_pk=824442
15:45:36  INFO        game_pk=824442    LAA@CLE  326 rows
15:45:38  INFO      [2/15] Fetching game_pk=824843
15:45:38  INFO        game_pk=824843    NYY@BAL  287 rows
15:45:39  INFO      [3/15] Fetching game_pk=824521
15:45:40  INFO        game_pk=824521    WSH@CIN  344 rows
15:45:41  INFO      [4/15] Fetching game_pk=823385
15:45:42  INFO        game_pk=823385    COL@PIT  269 rows
15:45:43  INFO      [5/15] Fetching game_pk=824764
15:45:43  INFO        game_pk=824764    PHI@BOS  250 rows
15:45:45  INFO      [6/15] Fetching game_pk=822817
15:45:45  INFO        game_pk=822817    TB@TOR  378 rows
15:45:47  INFO      [7/15] Fetching game_pk=823632
15:45:47  INFO        game_pk=823632    DET@NYM  361 rows
15:45:49  INFO      [8/15] Fetching game_pk=824927
15:45:49  INFO        game_pk=824927    CHC@ATL  274 rows
15:45:50  INFO      [9/15] Fetching game_pk=824604
15:45:51  INFO        game_pk=824604    KC@CWS  294 rows
15:45:52  INFO      [10/15] Fetching game_pk=823712
15:45:53  INFO        game_pk=823712    MIA@MIN  221 rows
15:45:54  INFO      [11/15] Fetching game_pk=823790
15:45:54  INFO        game_pk=823790    SD@MIL  271 rows
15:45:56  INFO      [12/15] Fetching game_pk=822903
15:45:56  INFO        game_pk=822903    AZ@TEX  275 rows
15:45:58  INFO      [13/15] Fetching game_pk=824197
15:45:58  INFO        game_pk=824197    SEA@HOU  318 rows
15:45:59  INFO      [14/15] Fetching game_pk=825011
15:46:00  INFO        game_pk=825011    STL@ATH  321 rows
15:46:01  INFO      [15/15] Fetching game_pk=823951
15:46:02  INFO        game_pk=823951    SF@LAD  292 rows
15:46:03  INFO      Total raw rows: 4481
15:46:03  INFO      Cleaning 4481 rows...
15:46:03  INFO      Clean complete. Shape: (4481, 84)
15:46:04  INFO        2026_05.csv — adding 4481 new rows (was 38612, now 43093)
15:46:05  INFO        Wrote /home/runner/work/OGUN_CSV/OGUN_CSV/data/2026_05.csv
15:46:05  INFO      Done.
15:21:01  INFO      ============================================================
15:21:01  INFO      fetch_yesterday.py  |  target date: 2026-05-13
15:21:01  INFO      ============================================================
15:21:01  INFO      Fetching schedule for 2026-05-13 ...
15:21:01  INFO      Found 15 Final game(s). Fetching pitch data...
15:21:01  INFO      [1/15] Fetching game_pk=824841
15:21:01  INFO        game_pk=824841    NYY@BAL  296 rows
15:21:02  INFO      [2/15] Fetching game_pk=824438
15:21:03  INFO        game_pk=824438    LAA@CLE  285 rows
15:21:04  INFO      [3/15] Fetching game_pk=824519
15:21:05  INFO        game_pk=824519    WSH@CIN  357 rows
15:21:07  INFO      [4/15] Fetching game_pk=823386
15:21:07  INFO        game_pk=823386    COL@PIT  253 rows
15:21:08  INFO      [5/15] Fetching game_pk=824763
15:21:09  INFO        game_pk=824763    PHI@BOS  237 rows
15:21:10  INFO      [6/15] Fetching game_pk=822815
15:21:10  INFO        game_pk=822815    TB@TOR  311 rows
15:21:12  INFO      [7/15] Fetching game_pk=823631
15:21:12  INFO        game_pk=823631    DET@NYM  311 rows
15:21:14  INFO      [8/15] Fetching game_pk=824928
15:21:14  INFO        game_pk=824928    CHC@ATL  260 rows
15:21:15  INFO      [9/15] Fetching game_pk=824603
15:21:16  INFO        game_pk=824603    KC@CWS  293 rows
15:21:17  INFO      [10/15] Fetching game_pk=823710
15:21:17  INFO        game_pk=823710    MIA@MIN  311 rows
15:21:19  INFO      [11/15] Fetching game_pk=823791
15:21:19  INFO        game_pk=823791    SD@MIL  273 rows
15:21:20  INFO      [12/15] Fetching game_pk=822900
15:21:21  INFO        game_pk=822900    AZ@TEX  322 rows
15:21:22  INFO      [13/15] Fetching game_pk=824195
15:21:22  INFO        game_pk=824195    SEA@HOU  321 rows
15:21:24  INFO      [14/15] Fetching game_pk=825010
15:21:24  INFO        game_pk=825010    STL@ATH  275 rows
15:21:26  INFO      [15/15] Fetching game_pk=823952
15:21:26  INFO        game_pk=823952    SF@LAD  277 rows
15:21:27  INFO      Total raw rows: 4382
15:21:27  INFO      Cleaning 4382 rows...
15:21:27  INFO      Clean complete. Shape: (4382, 84)
15:21:28  INFO        2026_05.csv — adding 4382 new rows (was 43093, now 47475)
15:21:29  INFO        Wrote /home/runner/work/OGUN_CSV/OGUN_CSV/data/2026_05.csv
15:21:29  INFO      Done.
15:15:45  INFO      ============================================================
15:15:45  INFO      fetch_yesterday.py  |  target date: 2026-05-14
15:15:45  INFO      ============================================================
15:15:45  INFO      Fetching schedule for 2026-05-14 ...
15:15:45  INFO      Found 11 Final game(s). Fetching pitch data...
15:15:45  INFO      [1/11] Fetching game_pk=823383
15:15:45  INFO        game_pk=823383    COL@PIT  265 rows
15:15:47  INFO      [2/11] Fetching game_pk=824517
15:15:47  INFO        game_pk=824517    WSH@CIN  300 rows
15:15:48  INFO      [3/11] Fetching game_pk=823630
15:15:49  INFO        game_pk=823630    DET@NYM  264 rows
15:15:50  INFO      [4/11] Fetching game_pk=823709
15:15:50  INFO        game_pk=823709    MIA@MIN  271 rows
15:15:52  INFO      [5/11] Fetching game_pk=823789
15:15:52  INFO        game_pk=823789    SD@MIL  337 rows
15:15:54  INFO      [6/11] Fetching game_pk=824196
15:15:54  INFO        game_pk=824196    SEA@HOU  326 rows
15:15:55  INFO      [7/11] Fetching game_pk=825008
15:15:56  INFO        game_pk=825008    STL@ATH  291 rows
15:15:57  INFO      [8/11] Fetching game_pk=824762
15:15:58  INFO        game_pk=824762    PHI@BOS  284 rows
15:15:59  INFO      [9/11] Fetching game_pk=824926
15:16:00  INFO        game_pk=824926    CHC@ATL  282 rows
15:16:01  INFO      [10/11] Fetching game_pk=824602
15:16:01  INFO        game_pk=824602    KC@CWS  274 rows
15:16:03  INFO      [11/11] Fetching game_pk=823950
15:16:03  INFO        game_pk=823950    SF@LAD  296 rows
15:16:05  INFO      Total raw rows: 3190
15:16:05  INFO      Cleaning 3190 rows...
15:16:05  INFO      Clean complete. Shape: (3190, 84)
15:16:05  INFO        2026_05.csv — adding 3190 new rows (was 47475, now 50665)
15:16:06  INFO        Wrote /home/runner/work/OGUN_CSV/OGUN_CSV/data/2026_05.csv
15:16:06  INFO      Done.
14:23:02  INFO      ============================================================
14:23:02  INFO      fetch_yesterday.py  |  target date: 2026-05-15
14:23:02  INFO      ============================================================
14:23:02  INFO      Fetching schedule for 2026-05-15 ...
14:23:02  INFO      Found 15 Final game(s). Fetching pitch data...
14:23:02  INFO      [1/15] Fetching game_pk=823384
14:23:02  INFO        game_pk=823384    PHI@PIT  373 rows
14:23:04  INFO      [2/15] Fetching game_pk=822739
14:23:04  INFO        game_pk=822739    BAL@WSH  272 rows
14:23:05  INFO      [3/15] Fetching game_pk=824280
14:23:06  INFO        game_pk=824280    TOR@DET  267 rows
14:23:07  INFO      [4/15] Fetching game_pk=824439
14:23:07  INFO        game_pk=824439    CIN@CLE  326 rows
14:23:09  INFO      [5/15] Fetching game_pk=822983
14:23:09  INFO        game_pk=822983    MIA@TB  242 rows
14:23:10  INFO      [6/15] Fetching game_pk=823707
14:23:11  INFO        game_pk=823707    MIL@MIN  270 rows
14:23:12  INFO      [7/15] Fetching game_pk=824925
14:23:12  INFO        game_pk=824925    BOS@ATL  295 rows
14:23:14  INFO      [8/15] Fetching game_pk=823629
14:23:14  INFO        game_pk=823629    NYY@NYM  312 rows
14:23:16  INFO      [9/15] Fetching game_pk=824601
14:23:16  INFO        game_pk=824601    CHC@CWS  355 rows
14:23:17  INFO      [10/15] Fetching game_pk=824194
14:23:17  INFO        game_pk=824194    TEX@HOU  241 rows
14:23:19  INFO      [11/15] Fetching game_pk=823061
14:23:19  INFO        game_pk=823061    KC@STL  314 rows
14:23:21  INFO      [12/15] Fetching game_pk=824360
14:23:21  INFO        game_pk=824360    AZ@COL  263 rows
14:23:22  INFO      [13/15] Fetching game_pk=824037
14:23:23  INFO        game_pk=824037    LAD@LAA  282 rows
14:23:24  INFO      [14/15] Fetching game_pk=823140
14:23:24  INFO        game_pk=823140    SD@SEA  271 rows
14:23:26  INFO      [15/15] Fetching game_pk=825009
14:23:26  INFO        game_pk=825009    SF@ATH  266 rows
14:23:27  INFO      Total raw rows: 4349
14:23:28  INFO      Cleaning 4349 rows...
14:23:28  INFO      Clean complete. Shape: (4349, 84)
14:23:28  INFO        2026_05.csv — adding 4349 new rows (was 50665, now 55014)
14:23:29  INFO        Wrote /home/runner/work/OGUN_CSV/OGUN_CSV/data/2026_05.csv
14:23:29  INFO      Done.
14:26:38  INFO      ============================================================
14:26:38  INFO      fetch_yesterday.py  |  target date: 2026-05-16
14:26:38  INFO      ============================================================
14:26:38  INFO      Fetching schedule for 2026-05-16 ...
14:26:38  INFO      Found 15 Final game(s). Fetching pitch data...
14:26:38  INFO      [1/15] Fetching game_pk=824278
14:26:38  INFO        game_pk=824278    TOR@DET  266 rows
14:26:40  INFO      [2/15] Fetching game_pk=823060
14:26:40  INFO        game_pk=823060    KC@STL  234 rows
14:26:41  INFO      [3/15] Fetching game_pk=824359
14:26:41  INFO        game_pk=824359    AZ@COL  318 rows
14:26:43  INFO      [4/15] Fetching game_pk=822737
14:26:43  INFO        game_pk=822737    BAL@WSH  308 rows
14:26:45  INFO      [5/15] Fetching game_pk=823382
14:26:45  INFO        game_pk=823382    PHI@PIT  291 rows
14:26:46  INFO      [6/15] Fetching game_pk=822981
14:26:47  INFO        game_pk=822981    MIA@TB  324 rows
14:26:48  INFO      [7/15] Fetching game_pk=824435
14:26:48  INFO        game_pk=824435    CIN@CLE  296 rows
14:26:50  INFO      [8/15] Fetching game_pk=824193
14:26:50  INFO        game_pk=824193    TEX@HOU  271 rows
14:26:51  INFO      [9/15] Fetching game_pk=824600
14:26:52  INFO        game_pk=824600    CHC@CWS  289 rows
14:26:53  INFO      [10/15] Fetching game_pk=823706
14:26:53  INFO        game_pk=823706    MIL@MIN  259 rows
14:26:55  INFO      [11/15] Fetching game_pk=823139
14:26:55  INFO        game_pk=823139    SD@SEA  292 rows
14:26:57  INFO      [12/15] Fetching game_pk=824924
14:26:57  INFO        game_pk=824924    BOS@ATL  222 rows
14:26:58  INFO      [13/15] Fetching game_pk=823627
14:26:58  INFO        game_pk=823627    NYY@NYM  328 rows
14:27:00  INFO      [14/15] Fetching game_pk=824038
14:27:00  INFO        game_pk=824038    LAD@LAA  345 rows
14:27:02  INFO      [15/15] Fetching game_pk=825007
14:27:02  INFO        game_pk=825007    SF@ATH  275 rows
14:27:03  INFO      Total raw rows: 4318
14:27:03  INFO      Cleaning 4318 rows...
14:27:03  INFO      Clean complete. Shape: (4318, 84)
14:27:04  INFO        2026_05.csv — adding 4318 new rows (was 55014, now 59332)
14:27:05  INFO        Wrote /home/runner/work/OGUN_CSV/OGUN_CSV/data/2026_05.csv
14:27:05  INFO      Done.
16:25:24  INFO      ============================================================
16:25:24  INFO      fetch_yesterday.py  |  target date: 2026-05-17
16:25:24  INFO      ============================================================
16:25:24  INFO      Fetching schedule for 2026-05-17 ...
16:25:24  INFO      Found 15 Final game(s). Fetching pitch data...
16:25:24  INFO      [1/15] Fetching game_pk=822982
16:25:24  INFO        game_pk=822982    MIA@TB  299 rows
16:25:26  INFO      [2/15] Fetching game_pk=822738
16:25:26  INFO        game_pk=822738    BAL@WSH  326 rows
16:25:28  INFO      [3/15] Fetching game_pk=823381
16:25:28  INFO        game_pk=823381    PHI@PIT  272 rows
16:25:29  INFO      [4/15] Fetching game_pk=824923
16:25:30  INFO        game_pk=824923    BOS@ATL  274 rows
16:25:31  INFO      [5/15] Fetching game_pk=824436
16:25:31  INFO        game_pk=824436    CIN@CLE  288 rows
16:25:33  INFO      [6/15] Fetching game_pk=824279
16:25:33  INFO        game_pk=824279    TOR@DET  285 rows
16:25:34  INFO      [7/15] Fetching game_pk=823628
16:25:35  INFO        game_pk=823628    NYY@NYM  331 rows
16:25:36  INFO      [8/15] Fetching game_pk=824192
16:25:36  INFO        game_pk=824192    TEX@HOU  255 rows
16:25:38  INFO      [9/15] Fetching game_pk=824599
16:25:38  INFO        game_pk=824599    CHC@CWS  364 rows
16:25:40  INFO      [10/15] Fetching game_pk=823708
16:25:40  INFO        game_pk=823708    MIL@MIN  296 rows
16:25:41  INFO      [11/15] Fetching game_pk=823058
16:25:41  INFO        game_pk=823058    KC@STL  262 rows
16:25:43  INFO      [12/15] Fetching game_pk=824358
16:25:43  INFO        game_pk=824358    AZ@COL  315 rows
16:25:45  INFO      [13/15] Fetching game_pk=825006
16:25:45  INFO        game_pk=825006    SF@ATH  307 rows
16:25:46  INFO      [14/15] Fetching game_pk=824034
16:25:47  INFO        game_pk=824034    LAD@LAA  276 rows
16:25:48  INFO      [15/15] Fetching game_pk=823138
16:25:48  INFO        game_pk=823138    SD@SEA  307 rows
16:25:50  INFO      Total raw rows: 4457
16:25:50  INFO      Cleaning 4457 rows...
16:25:50  INFO      Clean complete. Shape: (4457, 84)
16:25:51  INFO        2026_05.csv — adding 4457 new rows (was 59332, now 63789)
16:25:52  INFO        Wrote /home/runner/work/OGUN_CSV/OGUN_CSV/data/2026_05.csv
16:25:52  INFO      Done.
16:22:33  INFO      ============================================================
16:22:33  INFO      fetch_yesterday.py  |  target date: 2026-05-18
16:22:33  INFO      ============================================================
16:22:33  INFO      Fetching schedule for 2026-05-18 ...
16:22:33  INFO      Found 14 Final game(s). Fetching pitch data...
16:22:33  INFO      [1/14] Fetching game_pk=824277
16:22:34  INFO        game_pk=824277    CLE@DET  295 rows
16:22:35  INFO      [2/14] Fetching game_pk=822980
16:22:35  INFO        game_pk=822980    BAL@TB  342 rows
16:22:37  INFO      [3/14] Fetching game_pk=823465
16:22:37  INFO        game_pk=823465    CIN@PHI  254 rows
16:22:39  INFO      [4/14] Fetching game_pk=823867
16:22:39  INFO        game_pk=823867    ATL@MIA  315 rows
16:22:41  INFO      [5/14] Fetching game_pk=822734
16:22:41  INFO        game_pk=822734    NYM@WSH  419 rows
16:22:42  INFO      [6/14] Fetching game_pk=823549
16:22:43  INFO        game_pk=823549    TOR@NYY  325 rows
16:22:44  INFO      [7/14] Fetching game_pk=824114
16:22:45  INFO        game_pk=824114    BOS@KC  255 rows
16:22:47  INFO      [8/14] Fetching game_pk=823705
16:22:47  INFO        game_pk=823705    HOU@MIN  283 rows
16:22:49  INFO      [9/14] Fetching game_pk=824680
16:22:49  INFO        game_pk=824680    MIL@CHC  257 rows
16:22:51  INFO      [10/14] Fetching game_pk=824357
16:22:51  INFO        game_pk=824357    TEX@COL  283 rows
16:22:52  INFO      [11/14] Fetching game_pk=824035
16:22:53  INFO        game_pk=824035    ATH@LAA  249 rows
16:22:54  INFO      [12/14] Fetching game_pk=823301
16:22:55  INFO        game_pk=823301    LAD@SD  260 rows
16:22:56  INFO      [13/14] Fetching game_pk=825087
16:22:56  INFO        game_pk=825087    SF@AZ  267 rows
16:22:58  INFO      [14/14] Fetching game_pk=823137
16:22:58  INFO        game_pk=823137    CWS@SEA  294 rows
16:23:00  INFO      Total raw rows: 4098
16:23:00  INFO      Cleaning 4098 rows...
16:23:00  INFO      Clean complete. Shape: (4098, 84)
16:23:01  INFO        2026_05.csv — adding 4098 new rows (was 63789, now 67887)
16:23:02  INFO        Wrote /home/runner/work/OGUN_CSV/OGUN_CSV/data/2026_05.csv
16:23:02  INFO      Done.
16:27:22  INFO      ============================================================
16:27:22  INFO      fetch_yesterday.py  |  target date: 2026-05-19
16:27:22  INFO      ============================================================
16:27:22  INFO      Fetching schedule for 2026-05-19 ...
16:27:22  INFO      Found 15 Final game(s). Fetching pitch data...
16:27:22  INFO      [1/15] Fetching game_pk=823865
16:27:22  INFO        game_pk=823865    ATL@MIA  340 rows
16:27:24  INFO      [2/15] Fetching game_pk=824276
16:27:24  INFO        game_pk=824276    CLE@DET  283 rows
16:27:26  INFO      [3/15] Fetching game_pk=822979
16:27:26  INFO        game_pk=822979    BAL@TB  272 rows
16:27:27  INFO      [4/15] Fetching game_pk=823464
16:27:28  INFO        game_pk=823464    CIN@PHI  281 rows
16:27:29  INFO      [5/15] Fetching game_pk=822736
16:27:29  INFO        game_pk=822736    NYM@WSH  275 rows
16:27:31  INFO      [6/15] Fetching game_pk=823548
16:27:31  INFO        game_pk=823548    TOR@NYY  302 rows
16:27:33  INFO      [7/15] Fetching game_pk=824112
16:27:33  INFO        game_pk=824112    BOS@KC  296 rows
16:27:34  INFO      [8/15] Fetching game_pk=823704
16:27:35  INFO        game_pk=823704    HOU@MIN  275 rows
16:27:36  INFO      [9/15] Fetching game_pk=824677
16:27:37  INFO        game_pk=824677    MIL@CHC  284 rows
16:27:38  INFO      [10/15] Fetching game_pk=823059
16:27:38  INFO        game_pk=823059    PIT@STL  307 rows
16:27:40  INFO      [11/15] Fetching game_pk=824356
16:27:40  INFO        game_pk=824356    TEX@COL  263 rows
16:27:42  INFO      [12/15] Fetching game_pk=824033
16:27:42  INFO        game_pk=824033    ATH@LAA  321 rows
16:27:43  INFO      [13/15] Fetching game_pk=823302
16:27:44  INFO        game_pk=823302    LAD@SD  283 rows
16:27:45  INFO      [14/15] Fetching game_pk=825086
16:27:46  INFO        game_pk=825086    SF@AZ  270 rows
16:27:47  INFO      [15/15] Fetching game_pk=823136
16:27:47  INFO        game_pk=823136    CWS@SEA  284 rows
16:27:49  INFO      Total raw rows: 4336
16:27:49  INFO      Cleaning 4336 rows...
16:27:49  INFO      Clean complete. Shape: (4336, 84)
16:27:50  INFO        2026_05.csv — adding 4336 new rows (was 67887, now 72223)
16:27:51  INFO        Wrote /home/runner/work/OGUN_CSV/OGUN_CSV/data/2026_05.csv
16:27:51  INFO      Done.
16:16:26  INFO      ============================================================
16:16:26  INFO      fetch_yesterday.py  |  target date: 2026-05-20
16:16:26  INFO      ============================================================
16:16:26  INFO      Fetching schedule for 2026-05-20 ...
16:16:26  INFO      Found 15 Final game(s). Fetching pitch data...
16:16:26  INFO      [1/15] Fetching game_pk=823462
16:16:26  INFO        game_pk=823462    CIN@PHI  306 rows
16:16:28  INFO      [2/15] Fetching game_pk=822977
16:16:28  INFO        game_pk=822977    BAL@TB  279 rows
16:16:29  INFO      [3/15] Fetching game_pk=823703
16:16:29  INFO        game_pk=823703    HOU@MIN  257 rows
16:16:31  INFO      [4/15] Fetching game_pk=824355
16:16:31  INFO        game_pk=824355    TEX@COL  296 rows
16:16:33  INFO      [5/15] Fetching game_pk=825084
16:16:33  INFO        game_pk=825084    SF@AZ  240 rows
16:16:34  INFO      [6/15] Fetching game_pk=823134
16:16:34  INFO        game_pk=823134    CWS@SEA  285 rows
16:16:36  INFO      [7/15] Fetching game_pk=824273
16:16:36  INFO        game_pk=824273    CLE@DET  282 rows
16:16:38  INFO      [8/15] Fetching game_pk=823866
16:16:38  INFO        game_pk=823866    ATL@MIA  263 rows
16:16:39  INFO      [9/15] Fetching game_pk=822735
16:16:40  INFO        game_pk=822735    NYM@WSH  250 rows
16:16:41  INFO      [10/15] Fetching game_pk=823547
16:16:41  INFO        game_pk=823547    TOR@NYY  276 rows
16:16:43  INFO      [11/15] Fetching game_pk=824111
16:16:43  INFO        game_pk=824111    BOS@KC  310 rows
16:16:44  INFO      [12/15] Fetching game_pk=824678
16:16:45  INFO        game_pk=824678    MIL@CHC  276 rows
16:16:46  INFO      [13/15] Fetching game_pk=823057
16:16:46  INFO        game_pk=823057    PIT@STL  337 rows
16:16:48  INFO      [14/15] Fetching game_pk=823299
16:16:48  INFO        game_pk=823299    LAD@SD  292 rows
16:16:50  INFO      [15/15] Fetching game_pk=824032
16:16:50  INFO        game_pk=824032    ATH@LAA  295 rows
16:16:51  INFO      Total raw rows: 4244
16:16:51  INFO      Cleaning 4244 rows...
16:16:51  INFO      Clean complete. Shape: (4244, 84)
16:16:52  INFO        2026_05.csv — adding 4244 new rows (was 72223, now 76467)
16:16:54  INFO        Wrote /home/runner/work/OGUN_CSV/OGUN_CSV/data/2026_05.csv
16:16:54  INFO      Done.
15:49:32  INFO      ============================================================
15:49:32  INFO      fetch_yesterday.py  |  target date: 2026-05-21
15:49:32  INFO      ============================================================
15:49:32  INFO      Fetching schedule for 2026-05-21 ...
15:49:32  INFO      Found 7 Final game(s). Fetching pitch data...
15:49:32  INFO      [1/7] Fetching game_pk=824274
15:49:32  INFO        game_pk=824274    CLE@DET  301 rows
15:49:34  INFO      [2/7] Fetching game_pk=823056
15:49:34  INFO        game_pk=823056    PIT@STL  270 rows
15:49:35  INFO      [3/7] Fetching game_pk=822733
15:49:36  INFO        game_pk=822733    NYM@WSH  262 rows
15:49:37  INFO      [4/7] Fetching game_pk=823864
15:49:38  INFO        game_pk=823864    ATL@MIA  295 rows
15:49:39  INFO      [5/7] Fetching game_pk=823545
15:49:39  INFO        game_pk=823545    TOR@NYY  277 rows
15:49:41  INFO      [6/7] Fetching game_pk=824031
15:49:41  INFO        game_pk=824031    ATH@LAA  314 rows
15:49:43  INFO      [7/7] Fetching game_pk=825083
15:49:43  INFO        game_pk=825083    COL@AZ  294 rows
15:49:45  INFO      Total raw rows: 2013
15:49:45  INFO      Cleaning 2013 rows...
15:49:45  INFO      Clean complete. Shape: (2013, 84)
15:49:46  INFO        2026_05.csv — adding 2013 new rows (was 76467, now 78480)
15:49:47  INFO        Wrote /home/runner/work/OGUN_CSV/OGUN_CSV/data/2026_05.csv
15:49:47  INFO      Done.
14:40:59  INFO      ============================================================
14:40:59  INFO      fetch_yesterday.py  |  target date: 2026-05-22
14:40:59  INFO      ============================================================
14:40:59  INFO      Fetching schedule for 2026-05-22 ...
14:40:59  WARNING   POSTPONED   date=2026-05-22  game_pk=824518  STL@CIN
14:40:59  INFO      Found 14 Final game(s). Fetching pitch data...
14:40:59  INFO      [1/14] Fetching game_pk=824679
14:40:59  INFO        game_pk=824679    HOU@CHC  312 rows
14:41:01  INFO      [2/14] Fetching game_pk=823461
14:41:01  INFO        game_pk=823461    CLE@PHI  217 rows
14:41:02  INFO      [3/14] Fetching game_pk=823546
14:41:02  INFO        game_pk=823546    TB@NYY  275 rows
14:41:04  INFO      [4/14] Fetching game_pk=822816
14:41:04  INFO        game_pk=822816    PIT@TOR  303 rows
14:41:06  INFO      [5/14] Fetching game_pk=824761
14:41:06  INFO        game_pk=824761    MIN@BOS  313 rows
14:41:07  INFO      [6/14] Fetching game_pk=823863
14:41:08  INFO        game_pk=823863    NYM@MIA  245 rows
14:41:09  INFO      [7/14] Fetching game_pk=824842
14:41:10  INFO        game_pk=824842    DET@BAL  297 rows
14:41:12  INFO      [8/14] Fetching game_pk=824922
14:41:12  INFO        game_pk=824922    WSH@ATL  351 rows
14:41:13  INFO      [9/14] Fetching game_pk=824110
14:41:14  INFO        game_pk=824110    SEA@KC  301 rows
14:41:15  INFO      [10/14] Fetching game_pk=823788
14:41:15  INFO        game_pk=823788    LAD@MIL  308 rows
14:41:17  INFO      [11/14] Fetching game_pk=824029
14:41:17  INFO        game_pk=824029    TEX@LAA  270 rows
14:41:18  INFO      [12/14] Fetching game_pk=825082
14:41:19  INFO        game_pk=825082    COL@AZ  278 rows
14:41:20  INFO      [13/14] Fetching game_pk=823298
14:41:20  INFO        game_pk=823298    ATH@SD  261 rows
14:41:22  INFO      [14/14] Fetching game_pk=823223
14:41:22  INFO        game_pk=823223    CWS@SF  304 rows
14:41:24  INFO      Total raw rows: 4035
14:41:24  INFO      Cleaning 4035 rows...
14:41:24  INFO      Clean complete. Shape: (4035, 84)
14:41:24  INFO        2026_05.csv — adding 4035 new rows (was 78480, now 82515)
14:41:26  INFO        Wrote /home/runner/work/OGUN_CSV/OGUN_CSV/data/2026_05.csv
14:41:26  INFO      Done.
14:25:22  INFO      ============================================================
14:25:22  INFO      fetch_yesterday.py  |  target date: 2026-05-23
14:25:22  INFO      ============================================================
14:25:22  INFO      Fetching schedule for 2026-05-23 ...
14:25:22  WARNING   POSTPONED   date=2026-05-23  game_pk=823543  TB@NYY
14:25:22  WARNING   POSTPONED   date=2026-05-23  game_pk=824840  DET@BAL
14:25:22  INFO      Found 14 Final game(s). Fetching pitch data...
14:25:22  INFO      [1/14] Fetching game_pk=824518
14:25:22  INFO        game_pk=824518    STL@CIN  310 rows
14:25:24  INFO      [2/14] Fetching game_pk=824516
14:25:24  INFO        game_pk=824516    STL@CIN  341 rows
14:25:26  INFO      [3/14] Fetching game_pk=824674
14:25:26  INFO        game_pk=824674    HOU@CHC  257 rows
14:25:28  INFO      [4/14] Fetching game_pk=822814
14:25:28  INFO        game_pk=822814    PIT@TOR  267 rows
14:25:30  INFO      [5/14] Fetching game_pk=823458
14:25:30  INFO        game_pk=823458    CLE@PHI  299 rows
14:25:32  INFO      [6/14] Fetching game_pk=823222
14:25:32  INFO        game_pk=823222    CWS@SF  308 rows
14:25:33  INFO      [7/14] Fetching game_pk=824109
14:25:34  INFO        game_pk=824109    SEA@KC  234 rows
14:25:35  INFO      [8/14] Fetching game_pk=824760
14:25:35  INFO        game_pk=824760    MIN@BOS  294 rows
14:25:37  INFO      [9/14] Fetching game_pk=824920
14:25:37  INFO        game_pk=824920    WSH@ATL  266 rows
14:25:39  INFO      [10/14] Fetching game_pk=823862
14:25:39  INFO        game_pk=823862    NYM@MIA  247 rows
14:25:41  INFO      [11/14] Fetching game_pk=823787
14:25:41  INFO        game_pk=823787    LAD@MIL  349 rows
14:25:42  INFO      [12/14] Fetching game_pk=823300
14:25:43  INFO        game_pk=823300    ATH@SD  292 rows
14:25:44  INFO      [13/14] Fetching game_pk=824030
14:25:45  INFO        game_pk=824030    TEX@LAA  295 rows
14:25:46  INFO      [14/14] Fetching game_pk=825080
14:25:46  INFO        game_pk=825080    COL@AZ  281 rows
14:25:48  INFO      Total raw rows: 4040
14:25:48  INFO      Cleaning 4040 rows...
14:25:48  INFO      Clean complete. Shape: (4040, 84)
14:25:49  INFO        2026_05.csv — adding 4040 new rows (was 82515, now 86555)
14:25:50  INFO        Wrote /home/runner/work/OGUN_CSV/OGUN_CSV/data/2026_05.csv
14:25:50  INFO      Done.
15:52:45  INFO      ============================================================
15:52:45  INFO      fetch_yesterday.py  |  target date: 2026-05-24
15:52:45  INFO      ============================================================
15:52:45  INFO      Fetching schedule for 2026-05-24 ...
15:52:46  WARNING   POSTPONED   date=2026-05-24  game_pk=824514  STL@CIN
15:52:46  INFO      Found 15 Final game(s). Fetching pitch data...
15:52:46  INFO      [1/15] Fetching game_pk=822813
15:52:46  INFO        game_pk=822813    PIT@TOR  297 rows
15:52:47  INFO      [2/15] Fetching game_pk=824839
15:52:47  INFO        game_pk=824839    DET@BAL  289 rows
15:52:49  INFO      [3/15] Fetching game_pk=824840
15:52:49  INFO        game_pk=824840    DET@BAL  288 rows
15:52:51  INFO      [4/15] Fetching game_pk=824759
15:52:51  INFO        game_pk=824759    MIN@BOS  316 rows
15:52:53  INFO      [5/15] Fetching game_pk=823459
15:52:53  INFO        game_pk=823459    CLE@PHI  262 rows
15:52:54  INFO      [6/15] Fetching game_pk=823544
15:52:55  INFO        game_pk=823544    TB@NYY  234 rows
15:52:56  INFO      [7/15] Fetching game_pk=823861
15:52:56  INFO        game_pk=823861    NYM@MIA  279 rows
15:52:58  INFO      [8/15] Fetching game_pk=824108
15:52:58  INFO        game_pk=824108    SEA@KC  291 rows
15:53:00  INFO      [9/15] Fetching game_pk=823786
15:53:00  INFO        game_pk=823786    LAD@MIL  290 rows
15:53:01  INFO      [10/15] Fetching game_pk=824676
15:53:02  INFO        game_pk=824676    HOU@CHC  303 rows
15:53:03  INFO      [11/15] Fetching game_pk=823220
15:53:04  INFO        game_pk=823220    CWS@SF  312 rows
15:53:05  INFO      [12/15] Fetching game_pk=825081
15:53:05  INFO        game_pk=825081    COL@AZ  235 rows
15:53:07  INFO      [13/15] Fetching game_pk=823297
15:53:07  INFO        game_pk=823297    ATH@SD  340 rows
15:53:09  INFO      [14/15] Fetching game_pk=824921
15:53:09  INFO        game_pk=824921    WSH@ATL  283 rows
15:53:10  INFO      [15/15] Fetching game_pk=824028
15:53:11  INFO        game_pk=824028    TEX@LAA  273 rows
15:53:12  INFO      Total raw rows: 4292
15:53:12  INFO      Cleaning 4292 rows...
15:53:12  INFO      Clean complete. Shape: (4292, 84)
15:53:13  INFO        2026_05.csv — adding 4292 new rows (was 86555, now 90847)
15:53:15  INFO        Wrote /home/runner/work/OGUN_CSV/OGUN_CSV/data/2026_05.csv
15:53:15  INFO      Done.
16:44:09  INFO      ============================================================
16:44:09  INFO      fetch_yesterday.py  |  target date: 2026-05-25
16:44:09  INFO      ============================================================
16:44:09  INFO      Fetching schedule for 2026-05-25 ...
16:44:09  INFO      Found 13 Final game(s). Fetching pitch data...
16:44:09  INFO      [1/13] Fetching game_pk=823380
16:44:10  INFO        game_pk=823380    CHC@PIT  268 rows
16:44:11  INFO      [2/13] Fetching game_pk=824838
16:44:11  INFO        game_pk=824838    TB@BAL  405 rows
16:44:13  INFO      [3/13] Fetching game_pk=824598
16:44:13  INFO        game_pk=824598    MIN@CWS  262 rows
16:44:15  INFO      [4/13] Fetching game_pk=823784
16:44:15  INFO        game_pk=823784    STL@MIL  277 rows
16:44:16  INFO      [5/13] Fetching game_pk=824107
16:44:17  INFO        game_pk=824107    NYY@KC  246 rows
16:44:18  INFO      [6/13] Fetching game_pk=823625
16:44:18  INFO        game_pk=823625    CIN@NYM  326 rows
16:44:20  INFO      [7/13] Fetching game_pk=823219
16:44:20  INFO        game_pk=823219    AZ@SF  274 rows
16:44:21  INFO      [8/13] Fetching game_pk=824437
16:44:22  INFO        game_pk=824437    WSH@CLE  304 rows
16:44:23  INFO      [9/13] Fetching game_pk=823296
16:44:23  INFO        game_pk=823296    PHI@SD  283 rows
16:44:25  INFO      [10/13] Fetching game_pk=822899
16:44:25  INFO        game_pk=822899    HOU@TEX  278 rows
16:44:27  INFO      [11/13] Fetching game_pk=822812
16:44:27  INFO        game_pk=822812    MIA@TOR  303 rows
16:44:28  INFO      [12/13] Fetching game_pk=823948
16:44:29  INFO        game_pk=823948    COL@LAD  262 rows
16:44:30  INFO      [13/13] Fetching game_pk=825005
16:44:30  INFO        game_pk=825005    SEA@ATH  291 rows
16:44:32  INFO      Total raw rows: 3779
16:44:32  INFO      Cleaning 3779 rows...
16:44:32  INFO      Clean complete. Shape: (3779, 84)
16:44:33  INFO        2026_05.csv — adding 3779 new rows (was 90847, now 94626)
16:44:35  INFO        Wrote /home/runner/work/OGUN_CSV/OGUN_CSV/data/2026_05.csv
16:44:35  INFO      Done.
16:39:02  INFO      ============================================================
16:39:02  INFO      fetch_yesterday.py  |  target date: 2026-05-26
16:39:02  INFO      ============================================================
16:39:02  INFO      Fetching schedule for 2026-05-26 ...
16:39:02  INFO      Found 15 Final game(s). Fetching pitch data...
16:39:02  INFO      [1/15] Fetching game_pk=824434
16:39:02  INFO        game_pk=824434    WSH@CLE  307 rows
16:39:04  INFO      [2/15] Fetching game_pk=824837
16:39:04  INFO        game_pk=824837    TB@BAL  249 rows
16:39:06  INFO      [3/15] Fetching game_pk=824275
16:39:06  INFO        game_pk=824275    LAA@DET  315 rows
16:39:07  INFO      [4/15] Fetching game_pk=823379
16:39:08  INFO        game_pk=823379    CHC@PIT  284 rows
16:39:09  INFO      [5/15] Fetching game_pk=824758
16:39:09  INFO        game_pk=824758    ATL@BOS  310 rows
16:39:11  INFO      [6/15] Fetching game_pk=822811
16:39:11  INFO        game_pk=822811    MIA@TOR  256 rows
16:39:13  INFO      [7/15] Fetching game_pk=823624
16:39:13  INFO        game_pk=823624    CIN@NYM  311 rows
16:39:14  INFO      [8/15] Fetching game_pk=824597
16:39:15  INFO        game_pk=824597    MIN@CWS  323 rows
16:39:16  INFO      [9/15] Fetching game_pk=824106
16:39:16  INFO        game_pk=824106    NYY@KC  332 rows
16:39:18  INFO      [10/15] Fetching game_pk=823785
16:39:18  INFO        game_pk=823785    STL@MIL  284 rows
16:39:20  INFO      [11/15] Fetching game_pk=822898
16:39:20  INFO        game_pk=822898    HOU@TEX  257 rows
16:39:21  INFO      [12/15] Fetching game_pk=825004
16:39:22  INFO        game_pk=825004    SEA@ATH  257 rows
16:39:23  INFO      [13/15] Fetching game_pk=823294
16:39:23  INFO        game_pk=823294    PHI@SD  286 rows
16:39:25  INFO      [14/15] Fetching game_pk=823216
16:39:25  INFO        game_pk=823216    AZ@SF  301 rows
16:39:27  INFO      [15/15] Fetching game_pk=823949
16:39:27  INFO        game_pk=823949    COL@LAD  302 rows
16:39:28  INFO      Total raw rows: 4374
16:39:29  INFO      Cleaning 4374 rows...
16:39:29  INFO      Clean complete. Shape: (4374, 84)
16:39:30  INFO        2026_05.csv — adding 4374 new rows (was 94626, now 99000)
16:39:32  INFO        Wrote /home/runner/work/OGUN_CSV/OGUN_CSV/data/2026_05.csv
16:39:32  INFO      Done.
16:54:43  INFO      ============================================================
16:54:43  INFO      fetch_yesterday.py  |  target date: 2026-05-27
16:54:43  INFO      ============================================================
16:54:43  INFO      Fetching schedule for 2026-05-27 ...
16:54:43  INFO      Found 15 Final game(s). Fetching pitch data...
16:54:43  INFO      [1/15] Fetching game_pk=822809
16:54:43  INFO        game_pk=822809    MIA@TOR  285 rows
16:54:45  INFO      [2/15] Fetching game_pk=824432
16:54:45  INFO        game_pk=824432    WSH@CLE  256 rows
16:54:46  INFO      [3/15] Fetching game_pk=823783
16:54:46  INFO        game_pk=823783    STL@MIL  233 rows
16:54:48  INFO      [4/15] Fetching game_pk=825003
16:54:48  INFO        game_pk=825003    SEA@ATH  294 rows
16:54:50  INFO      [5/15] Fetching game_pk=823217
16:54:50  INFO        game_pk=823217    AZ@SF  234 rows
16:54:51  INFO      [6/15] Fetching game_pk=823295
16:54:52  INFO        game_pk=823295    PHI@SD  246 rows
16:54:53  INFO      [7/15] Fetching game_pk=824836
16:54:53  INFO        game_pk=824836    TB@BAL  289 rows
16:54:55  INFO      [8/15] Fetching game_pk=824270
16:54:55  INFO        game_pk=824270    LAA@DET  269 rows
16:54:56  INFO      [9/15] Fetching game_pk=823376
16:54:57  INFO        game_pk=823376    CHC@PIT  325 rows
16:54:58  INFO      [10/15] Fetching game_pk=824756
16:54:58  INFO        game_pk=824756    ATL@BOS  257 rows
16:55:00  INFO      [11/15] Fetching game_pk=823626
16:55:00  INFO        game_pk=823626    CIN@NYM  323 rows
16:55:02  INFO      [12/15] Fetching game_pk=824596
16:55:02  INFO        game_pk=824596    MIN@CWS  263 rows
16:55:03  INFO      [13/15] Fetching game_pk=824104
16:55:04  INFO        game_pk=824104    NYY@KC  280 rows
16:55:05  INFO      [14/15] Fetching game_pk=822897
16:55:05  INFO        game_pk=822897    HOU@TEX  282 rows
16:55:07  INFO      [15/15] Fetching game_pk=823947
16:55:07  INFO        game_pk=823947    COL@LAD  274 rows
16:55:09  INFO      Total raw rows: 4110
16:55:09  INFO      Cleaning 4110 rows...
16:55:09  INFO      Clean complete. Shape: (4110, 84)
16:55:10  INFO        2026_05.csv — adding 4110 new rows (was 99000, now 103110)
16:55:12  INFO        Wrote /home/runner/work/OGUN_CSV/OGUN_CSV/data/2026_05.csv
16:55:12  INFO      Done.
16:42:52  INFO      ============================================================
16:42:52  INFO      fetch_yesterday.py  |  target date: 2026-05-28
16:42:52  INFO      ============================================================
16:42:52  INFO      Fetching schedule for 2026-05-28 ...
16:42:55  INFO      Found 6 Final game(s). Fetching pitch data...
16:42:55  INFO      [1/6] Fetching game_pk=824272
16:42:55  INFO        game_pk=824272    LAA@DET  306 rows
16:42:57  INFO      [2/6] Fetching game_pk=824595
16:42:57  INFO        game_pk=824595    MIN@CWS  272 rows
16:42:59  INFO      [3/6] Fetching game_pk=824757
16:42:59  INFO        game_pk=824757    ATL@BOS  327 rows
16:43:01  INFO      [4/6] Fetching game_pk=824834
16:43:01  INFO        game_pk=824834    TOR@BAL  278 rows
16:43:02  INFO      [5/6] Fetching game_pk=823378
16:43:03  INFO        game_pk=823378    CHC@PIT  343 rows
16:43:04  INFO      [6/6] Fetching game_pk=822896
16:43:04  INFO        game_pk=822896    HOU@TEX  271 rows
16:43:06  INFO      Total raw rows: 1797
16:43:06  INFO      Cleaning 1797 rows...
16:43:06  INFO      Clean complete. Shape: (1797, 84)
16:43:07  INFO        2026_05.csv — adding 1797 new rows (was 103110, now 104907)
16:43:09  INFO        Wrote /home/runner/work/OGUN_CSV/OGUN_CSV/data/2026_05.csv
16:43:09  INFO      Done.
14:42:15  INFO      ============================================================
14:42:15  INFO      fetch_yesterday.py  |  target date: 2026-05-29
14:42:15  INFO      ============================================================
14:42:15  INFO      Fetching schedule for 2026-05-29 ...
14:42:15  INFO      Found 15 Final game(s). Fetching pitch data...
14:42:15  INFO      [1/15] Fetching game_pk=824515
14:42:16  INFO        game_pk=824515    ATL@CIN  289 rows
14:42:17  INFO      [2/15] Fetching game_pk=822732
14:42:17  INFO        game_pk=822732    SD@WSH  351 rows
14:42:19  INFO      [3/15] Fetching game_pk=823377
14:42:19  INFO        game_pk=823377    MIN@PIT  304 rows
14:42:20  INFO      [4/15] Fetching game_pk=824835
14:42:21  INFO        game_pk=824835    TOR@BAL  278 rows
14:42:22  INFO      [5/15] Fetching game_pk=824433
14:42:22  INFO        game_pk=824433    BOS@CLE  220 rows
14:42:24  INFO      [6/15] Fetching game_pk=822978
14:42:24  INFO        game_pk=822978    LAA@TB  279 rows
14:42:26  INFO      [7/15] Fetching game_pk=823623
14:42:26  INFO        game_pk=823623    MIA@NYM  302 rows
14:42:27  INFO      [8/15] Fetching game_pk=823055
14:42:27  INFO        game_pk=823055    CHC@STL  268 rows
14:42:29  INFO      [9/15] Fetching game_pk=824594
14:42:29  INFO        game_pk=824594    DET@CWS  271 rows
14:42:31  INFO      [10/15] Fetching game_pk=822894
14:42:31  INFO        game_pk=822894    KC@TEX  294 rows
14:42:32  INFO      [11/15] Fetching game_pk=824191
14:42:32  INFO        game_pk=824191    MIL@HOU  315 rows
14:42:34  INFO      [12/15] Fetching game_pk=824353
14:42:34  INFO        game_pk=824353    SF@COL  318 rows
14:42:36  INFO      [13/15] Fetching game_pk=825002
14:42:36  INFO        game_pk=825002    NYY@ATH  309 rows
14:42:37  INFO      [14/15] Fetching game_pk=823135
14:42:38  INFO        game_pk=823135    AZ@SEA  345 rows
14:42:39  INFO      [15/15] Fetching game_pk=823946
14:42:39  INFO        game_pk=823946    PHI@LAD  231 rows
14:42:41  INFO      Total raw rows: 4374
14:42:41  INFO      Cleaning 4374 rows...
14:42:41  INFO      Clean complete. Shape: (4374, 84)
14:42:42  INFO        2026_05.csv — adding 4374 new rows (was 104907, now 109281)
14:42:44  INFO        Wrote /home/runner/work/OGUN_CSV/OGUN_CSV/data/2026_05.csv
14:42:44  INFO      Done.
14:47:03  INFO      ============================================================
14:47:03  INFO      fetch_yesterday.py  |  target date: 2026-05-30
14:47:03  INFO      ============================================================
14:47:03  INFO      Fetching schedule for 2026-05-30 ...
14:47:03  INFO      Found 15 Final game(s). Fetching pitch data...
14:47:03  INFO      [1/15] Fetching game_pk=824593
14:47:04  INFO        game_pk=824593    DET@CWS  259 rows
14:47:05  INFO      [2/15] Fetching game_pk=822731
14:47:05  INFO        game_pk=822731    SD@WSH  294 rows
14:47:07  INFO      [3/15] Fetching game_pk=822893
14:47:07  INFO        game_pk=822893    KC@TEX  298 rows
14:47:08  INFO      [4/15] Fetching game_pk=824833
14:47:09  INFO        game_pk=824833    TOR@BAL  307 rows
14:47:10  INFO      [5/15] Fetching game_pk=823375
14:47:11  INFO        game_pk=823375    MIN@PIT  329 rows
14:47:12  INFO      [6/15] Fetching game_pk=824431
14:47:13  INFO        game_pk=824431    BOS@CLE  324 rows
14:47:14  INFO      [7/15] Fetching game_pk=822975
14:47:14  INFO        game_pk=822975    LAA@TB  359 rows
14:47:16  INFO      [8/15] Fetching game_pk=823622
14:47:16  INFO        game_pk=823622    MIA@NYM  273 rows
14:47:18  INFO      [9/15] Fetching game_pk=824190
14:47:18  INFO        game_pk=824190    MIL@HOU  321 rows
14:47:19  INFO      [10/15] Fetching game_pk=823054
14:47:19  INFO        game_pk=823054    CHC@STL  277 rows
14:47:21  INFO      [11/15] Fetching game_pk=824513
14:47:21  INFO        game_pk=824513    ATL@CIN  278 rows
14:47:23  INFO      [12/15] Fetching game_pk=824352
14:47:23  INFO        game_pk=824352    SF@COL  289 rows
14:47:24  INFO      [13/15] Fetching game_pk=825000
14:47:24  INFO        game_pk=825000    NYY@ATH  303 rows
14:47:26  INFO      [14/15] Fetching game_pk=823132
14:47:26  INFO        game_pk=823132    AZ@SEA  264 rows
14:47:28  INFO      [15/15] Fetching game_pk=823945
14:47:28  INFO        game_pk=823945    PHI@LAD  292 rows
14:47:29  INFO      Total raw rows: 4467
14:47:29  INFO      Cleaning 4467 rows...
14:47:29  INFO      Clean complete. Shape: (4467, 84)
14:47:31  INFO        2026_05.csv — adding 4467 new rows (was 109281, now 113748)
14:47:33  INFO        Wrote /home/runner/work/OGUN_CSV/OGUN_CSV/data/2026_05.csv
14:47:33  INFO      Done.
18:39:31  INFO      ============================================================
18:39:31  INFO      fetch_yesterday.py  |  target date: 2026-05-31
18:39:31  INFO      ============================================================
18:39:31  INFO      Fetching schedule for 2026-05-31 ...
18:39:31  INFO      Found 15 Final game(s). Fetching pitch data...
18:39:31  INFO      [1/15] Fetching game_pk=824832
18:39:32  INFO        game_pk=824832    TOR@BAL  284 rows
18:39:33  INFO      [2/15] Fetching game_pk=822729
18:39:33  INFO        game_pk=822729    SD@WSH  262 rows
18:39:35  INFO      [3/15] Fetching game_pk=823373
18:39:35  INFO        game_pk=823373    MIN@PIT  278 rows
18:39:37  INFO      [4/15] Fetching game_pk=824430
18:39:37  INFO        game_pk=824430    BOS@CLE  319 rows
18:39:38  INFO      [5/15] Fetching game_pk=822976
18:39:39  INFO        game_pk=822976    LAA@TB  291 rows
18:39:40  INFO      [6/15] Fetching game_pk=824512
18:39:40  INFO        game_pk=824512    ATL@CIN  286 rows
18:39:42  INFO      [7/15] Fetching game_pk=823621
18:39:42  INFO        game_pk=823621    MIA@NYM  315 rows
18:39:44  INFO      [8/15] Fetching game_pk=824592
18:39:44  INFO        game_pk=824592    DET@CWS  252 rows
18:39:45  INFO      [9/15] Fetching game_pk=824187
18:39:45  INFO        game_pk=824187    MIL@HOU  257 rows
18:39:47  INFO      [10/15] Fetching game_pk=822895
18:39:47  INFO        game_pk=822895    KC@TEX  276 rows
18:39:49  INFO      [11/15] Fetching game_pk=824354
18:39:49  INFO        game_pk=824354    SF@COL  396 rows
18:39:51  INFO      [12/15] Fetching game_pk=825001
18:39:51  INFO        game_pk=825001    NYY@ATH  311 rows
18:39:52  INFO      [13/15] Fetching game_pk=823133
18:39:53  INFO        game_pk=823133    AZ@SEA  293 rows
18:39:54  INFO      [14/15] Fetching game_pk=823944
18:39:54  INFO        game_pk=823944    PHI@LAD  336 rows
18:39:56  INFO      [15/15] Fetching game_pk=823053
18:39:56  INFO        game_pk=823053    CHC@STL  293 rows
18:39:58  INFO      Total raw rows: 4449
18:39:58  INFO      Cleaning 4449 rows...
18:39:58  INFO      Clean complete. Shape: (4449, 84)
18:39:59  INFO        2026_05.csv — adding 4449 new rows (was 113748, now 118197)
18:40:01  INFO        Wrote /home/runner/work/OGUN_CSV/OGUN_CSV/data/2026_05.csv
18:40:01  INFO      Done.
17:25:05  INFO      ============================================================
17:25:05  INFO      fetch_yesterday.py  |  target date: 2026-06-01
17:25:05  INFO      ============================================================
17:25:05  INFO      Fetching schedule for 2026-06-01 ...
17:25:05  INFO      Found 9 Final game(s). Fetching pitch data...
17:25:05  INFO      [1/9] Fetching game_pk=822974
17:25:05  INFO        game_pk=822974    DET@TB  0 rows
17:25:06  INFO      [2/9] Fetching game_pk=822730
17:25:07  INFO        game_pk=822730    MIA@WSH  289 rows
17:25:08  INFO      [3/9] Fetching game_pk=824510
17:25:09  INFO        game_pk=824510    KC@CIN  309 rows
17:25:10  INFO      [4/9] Fetching game_pk=823702
17:25:11  INFO        game_pk=823702    CWS@MIN  280 rows
17:25:12  INFO      [5/9] Fetching game_pk=823781
17:25:13  INFO        game_pk=823781    SF@MIL  345 rows
17:25:14  INFO      [6/9] Fetching game_pk=823050
17:25:14  INFO        game_pk=823050    TEX@STL  0 rows
17:25:16  INFO      [7/9] Fetching game_pk=824027
17:25:17  INFO        game_pk=824027    COL@LAA  335 rows
17:25:18  INFO      [8/9] Fetching game_pk=825078
17:25:18  INFO        game_pk=825078    LAD@AZ  0 rows
17:25:20  INFO      [9/9] Fetching game_pk=823131
17:25:20  INFO        game_pk=823131    NYM@SEA  292 rows
17:25:22  INFO      Total raw rows: 1850
17:25:22  INFO      Cleaning 1850 rows...
17:25:22  INFO      Clean complete. Shape: (1850, 84)
17:25:22  INFO        2026_06.csv — new file, writing 1850 rows
17:25:22  INFO        Wrote /home/runner/work/OGUN_CSV/OGUN_CSV/data/2026_06.csv
17:25:22  INFO      Done.
18:01:07  INFO      ============================================================
18:01:07  INFO      fetch_yesterday.py  |  target date: 2026-06-02
18:01:07  INFO      ============================================================
18:01:07  INFO      Fetching schedule for 2026-06-02 ...
18:01:07  INFO      Found 15 Final game(s). Fetching pitch data...
18:01:07  INFO      [1/15] Fetching game_pk=822971
18:01:08  INFO        game_pk=822971    DET@TB  292 rows
18:01:09  INFO      [2/15] Fetching game_pk=823460
18:01:09  INFO        game_pk=823460    SD@PHI  278 rows
18:01:11  INFO      [3/15] Fetching game_pk=824754
18:01:11  INFO        game_pk=824754    BAL@BOS  274 rows
18:01:13  INFO      [4/15] Fetching game_pk=822728
18:01:13  INFO        game_pk=822728    MIA@WSH  292 rows
18:01:14  INFO      [5/15] Fetching game_pk=823541
18:01:14  INFO        game_pk=823541    CLE@NYY  348 rows
18:01:16  INFO      [6/15] Fetching game_pk=824511
18:01:16  INFO        game_pk=824511    KC@CIN  321 rows
18:01:18  INFO      [7/15] Fetching game_pk=824918
18:01:18  INFO        game_pk=824918    TOR@ATL  259 rows
18:01:19  INFO      [8/15] Fetching game_pk=823700
18:01:20  INFO        game_pk=823700    CWS@MIN  285 rows
18:01:21  INFO      [9/15] Fetching game_pk=823782
18:01:21  INFO        game_pk=823782    SF@MIL  337 rows
18:01:23  INFO      [10/15] Fetching game_pk=823052
18:01:23  INFO        game_pk=823052    TEX@STL  287 rows
18:01:25  INFO      [11/15] Fetching game_pk=824675
18:01:25  INFO        game_pk=824675    ATH@CHC  240 rows
18:01:26  INFO      [12/15] Fetching game_pk=824189
18:01:26  INFO        game_pk=824189    PIT@HOU  335 rows
18:01:28  INFO      [13/15] Fetching game_pk=824026
18:01:28  INFO        game_pk=824026    COL@LAA  331 rows
18:01:30  INFO      [14/15] Fetching game_pk=825079
18:01:30  INFO        game_pk=825079    LAD@AZ  316 rows
18:01:31  INFO      [15/15] Fetching game_pk=823129
18:01:32  INFO        game_pk=823129    NYM@SEA  298 rows
18:01:33  INFO      Total raw rows: 4493
18:01:33  INFO      Cleaning 4493 rows...
18:01:33  INFO      Clean complete. Shape: (4493, 84)
18:01:33  INFO        2026_06.csv — adding 4493 new rows (was 1850, now 6343)
18:01:34  INFO        Wrote /home/runner/work/OGUN_CSV/OGUN_CSV/data/2026_06.csv
18:01:34  INFO      Done.
16:21:00  INFO      ============================================================
16:21:00  INFO      fetch_yesterday.py  |  target date: 2026-06-03
16:21:00  INFO      ============================================================
16:21:00  INFO      Fetching schedule for 2026-06-03 ...
16:21:00  INFO      Found 15 Final game(s). Fetching pitch data...
16:21:00  INFO      [1/15] Fetching game_pk=822727
16:21:00  INFO        game_pk=822727    MIA@WSH  335 rows
16:21:02  INFO      [2/15] Fetching game_pk=822973
16:21:02  INFO        game_pk=822973    DET@TB  246 rows
16:21:03  INFO      [3/15] Fetching game_pk=823701
16:21:04  INFO        game_pk=823701    CWS@MIN  303 rows
16:21:05  INFO      [4/15] Fetching game_pk=823130
16:21:05  INFO        game_pk=823130    NYM@SEA  281 rows
16:21:07  INFO      [5/15] Fetching game_pk=823456
16:21:07  INFO        game_pk=823456    SD@PHI  241 rows
16:21:09  INFO      [6/15] Fetching game_pk=824755
16:21:09  INFO        game_pk=824755    BAL@BOS  301 rows
16:21:10  INFO      [7/15] Fetching game_pk=823540
16:21:11  INFO        game_pk=823540    CLE@NYY  271 rows
16:21:12  INFO      [8/15] Fetching game_pk=824509
16:21:12  INFO        game_pk=824509    KC@CIN  299 rows
16:21:14  INFO      [9/15] Fetching game_pk=824917
16:21:14  INFO        game_pk=824917    TOR@ATL  274 rows
16:21:16  INFO      [10/15] Fetching game_pk=823780
16:21:16  INFO        game_pk=823780    SF@MIL  253 rows
16:21:17  INFO      [11/15] Fetching game_pk=823051
16:21:17  INFO        game_pk=823051    TEX@STL  290 rows
16:21:19  INFO      [12/15] Fetching game_pk=824671
16:21:19  INFO        game_pk=824671    ATH@CHC  323 rows
16:21:21  INFO      [13/15] Fetching game_pk=824188
16:21:21  INFO        game_pk=824188    PIT@HOU  406 rows
16:21:22  INFO      [14/15] Fetching game_pk=824024
16:21:23  INFO        game_pk=824024    COL@LAA  316 rows
16:21:24  INFO      [15/15] Fetching game_pk=825077
16:21:24  INFO        game_pk=825077    LAD@AZ  322 rows
16:21:26  INFO      Total raw rows: 4461
16:21:26  INFO      Cleaning 4461 rows...
16:21:26  INFO      Clean complete. Shape: (4461, 84)
16:21:26  INFO        2026_06.csv — adding 4461 new rows (was 6343, now 10804)
16:21:26  INFO        Wrote /home/runner/work/OGUN_CSV/OGUN_CSV/data/2026_06.csv
16:21:26  INFO      Done.
15:55:45  INFO      ============================================================
15:55:45  INFO      fetch_yesterday.py  |  target date: 2026-06-04
15:55:45  INFO      ============================================================
15:55:45  INFO      Fetching schedule for 2026-06-04 ...
15:55:45  INFO      Found 9 Final game(s). Fetching pitch data...
15:55:45  INFO      [1/9] Fetching game_pk=823457
15:55:46  INFO        game_pk=823457    SD@PHI  299 rows
15:55:47  INFO      [2/9] Fetching game_pk=824753
15:55:47  INFO        game_pk=824753    BAL@BOS  300 rows
15:55:49  INFO      [3/9] Fetching game_pk=823542
15:55:49  INFO        game_pk=823542    CLE@NYY  261 rows
15:55:51  INFO      [4/9] Fetching game_pk=823779
15:55:51  INFO        game_pk=823779    SF@MIL  372 rows
15:55:52  INFO      [5/9] Fetching game_pk=824919
15:55:53  INFO        game_pk=824919    TOR@ATL  317 rows
15:55:54  INFO      [6/9] Fetching game_pk=823698
15:55:55  INFO        game_pk=823698    KC@MIN  324 rows
15:55:56  INFO      [7/9] Fetching game_pk=824672
15:55:57  INFO        game_pk=824672    ATH@CHC  275 rows
15:55:58  INFO      [8/9] Fetching game_pk=824185
15:55:58  INFO        game_pk=824185    PIT@HOU  287 rows
15:56:00  INFO      [9/9] Fetching game_pk=825076
15:56:00  INFO        game_pk=825076    LAD@AZ  250 rows
15:56:01  INFO      Total raw rows: 2685
15:56:02  INFO      Cleaning 2685 rows...
15:56:02  INFO      Clean complete. Shape: (2685, 84)
15:56:02  INFO        2026_06.csv — adding 2685 new rows (was 10804, now 13489)
15:56:02  INFO        Wrote /home/runner/work/OGUN_CSV/OGUN_CSV/data/2026_06.csv
15:56:02  INFO      Done.
14:42:37  INFO      ============================================================
14:42:37  INFO      fetch_yesterday.py  |  target date: 2026-06-05
14:42:37  INFO      ============================================================
14:42:37  INFO      Fetching schedule for 2026-06-05 ...
14:42:37  INFO      Found 15 Final game(s). Fetching pitch data...
14:42:37  INFO      [1/15] Fetching game_pk=824673
14:42:37  INFO        game_pk=824673    SF@CHC  331 rows
14:42:39  INFO      [2/15] Fetching game_pk=824271
14:42:39  INFO        game_pk=824271    SEA@DET  287 rows
14:42:40  INFO      [3/15] Fetching game_pk=823455
14:42:40  INFO        game_pk=823455    CWS@PHI  288 rows
14:42:42  INFO      [4/15] Fetching game_pk=823538
14:42:42  INFO        game_pk=823538    BOS@NYY  231 rows
14:42:44  INFO      [5/15] Fetching game_pk=822810
14:42:44  INFO        game_pk=822810    BAL@TOR  302 rows
14:42:45  INFO      [6/15] Fetching game_pk=823860
14:42:46  INFO        game_pk=823860    TB@MIA  266 rows
14:42:47  INFO      [7/15] Fetching game_pk=824914
14:42:47  INFO        game_pk=824914    PIT@ATL  293 rows
14:42:49  INFO      [8/15] Fetching game_pk=824186
14:42:49  INFO        game_pk=824186    ATH@HOU  283 rows
14:42:50  INFO      [9/15] Fetching game_pk=823049
14:42:51  INFO        game_pk=823049    CIN@STL  355 rows
14:42:52  INFO      [10/15] Fetching game_pk=822892
14:42:52  INFO        game_pk=822892    CLE@TEX  273 rows
14:42:54  INFO      [11/15] Fetching game_pk=823699
14:42:54  INFO        game_pk=823699    KC@MIN  238 rows
14:42:55  INFO      [12/15] Fetching game_pk=824350
14:42:56  INFO        game_pk=824350    MIL@COL  342 rows
14:42:57  INFO      [13/15] Fetching game_pk=825073
14:42:58  INFO        game_pk=825073    WSH@AZ  301 rows
14:42:59  INFO      [14/15] Fetching game_pk=823293
14:42:59  INFO        game_pk=823293    NYM@SD  283 rows
14:43:01  INFO      [15/15] Fetching game_pk=823943
14:43:01  INFO        game_pk=823943    LAA@LAD  262 rows
14:43:02  INFO      Total raw rows: 4335
14:43:03  INFO      Cleaning 4335 rows...
14:43:03  INFO      Clean complete. Shape: (4335, 84)
14:43:03  INFO        2026_06.csv — adding 4335 new rows (was 13489, now 17824)
14:43:03  INFO        Wrote /home/runner/work/OGUN_CSV/OGUN_CSV/data/2026_06.csv
14:43:03  INFO      Done.
14:54:42  INFO      ============================================================
14:54:42  INFO      fetch_yesterday.py  |  target date: 2026-06-06
14:54:42  INFO      ============================================================
14:54:42  INFO      Fetching schedule for 2026-06-06 ...
14:54:42  WARNING   POSTPONED   date=2026-06-06  game_pk=823539  BOS@NYY
14:54:42  INFO      Found 14 Final game(s). Fetching pitch data...
14:54:42  INFO      [1/14] Fetching game_pk=824269
14:54:42  INFO        game_pk=824269    SEA@DET  276 rows
14:54:44  INFO      [2/14] Fetching game_pk=823697
14:54:44  INFO        game_pk=823697    KC@MIN  289 rows
14:54:46  INFO      [3/14] Fetching game_pk=823048
14:54:46  INFO        game_pk=823048    CIN@STL  289 rows
14:54:47  INFO      [4/14] Fetching game_pk=824669
14:54:48  INFO        game_pk=824669    SF@CHC  334 rows
14:54:49  INFO      [5/14] Fetching game_pk=822808
14:54:50  INFO        game_pk=822808    BAL@TOR  277 rows
14:54:51  INFO      [6/14] Fetching game_pk=823454
14:54:51  INFO        game_pk=823454    CWS@PHI  300 rows
14:54:53  INFO      [7/14] Fetching game_pk=825075
14:54:53  INFO        game_pk=825075    WSH@AZ  259 rows
14:54:55  INFO      [8/14] Fetching game_pk=824184
14:54:55  INFO        game_pk=824184    ATH@HOU  340 rows
14:54:57  INFO      [9/14] Fetching game_pk=824915
14:54:57  INFO        game_pk=824915    PIT@ATL  298 rows
14:54:58  INFO      [10/14] Fetching game_pk=823859
14:54:59  INFO        game_pk=823859    TB@MIA  296 rows
14:55:00  INFO      [11/14] Fetching game_pk=822891
14:55:00  INFO        game_pk=822891    CLE@TEX  263 rows
14:55:02  INFO      [12/14] Fetching game_pk=824351
14:55:02  INFO        game_pk=824351    MIL@COL  319 rows
14:55:04  INFO      [13/14] Fetching game_pk=823942
14:55:04  INFO        game_pk=823942    LAA@LAD  274 rows
14:55:05  INFO      [14/14] Fetching game_pk=823292
14:55:06  INFO        game_pk=823292    NYM@SD  271 rows
14:55:07  INFO      Total raw rows: 4085
14:55:07  INFO      Cleaning 4085 rows...
14:55:07  INFO      Clean complete. Shape: (4085, 84)
14:55:08  INFO        2026_06.csv — adding 4085 new rows (was 17824, now 21909)
14:55:08  INFO        Wrote /home/runner/work/OGUN_CSV/OGUN_CSV/data/2026_06.csv
14:55:08  INFO      Done.
16:50:40  INFO      ============================================================
16:50:40  INFO      fetch_yesterday.py  |  target date: 2026-06-07
16:50:40  INFO      ============================================================
16:50:40  INFO      Fetching schedule for 2026-06-07 ...
16:50:40  INFO      Found 15 Final game(s). Fetching pitch data...
16:50:40  INFO      [1/15] Fetching game_pk=824916
16:50:41  INFO        game_pk=824916    PIT@ATL  291 rows
16:50:43  INFO      [2/15] Fetching game_pk=823453
16:50:43  INFO        game_pk=823453    CWS@PHI  359 rows
16:50:45  INFO      [3/15] Fetching game_pk=823537
16:50:45  INFO        game_pk=823537    BOS@NYY  266 rows
16:50:46  INFO      [4/15] Fetching game_pk=822807
16:50:47  INFO        game_pk=822807    BAL@TOR  283 rows
16:50:48  INFO      [5/15] Fetching game_pk=824268
16:50:49  INFO        game_pk=824268    SEA@DET  326 rows
16:50:50  INFO      [6/15] Fetching game_pk=823857
16:50:50  INFO        game_pk=823857    TB@MIA  269 rows
16:50:52  INFO      [7/15] Fetching game_pk=824183
16:50:52  INFO        game_pk=824183    ATH@HOU  294 rows
16:50:54  INFO      [8/15] Fetching game_pk=823696
16:50:54  INFO        game_pk=823696    KC@MIN  317 rows
16:50:56  INFO      [9/15] Fetching game_pk=823047
16:50:56  INFO        game_pk=823047    CIN@STL  296 rows
16:50:57  INFO      [10/15] Fetching game_pk=822890
16:50:58  INFO        game_pk=822890    CLE@TEX  277 rows
16:50:59  INFO      [11/15] Fetching game_pk=824349
16:51:00  INFO        game_pk=824349    MIL@COL  280 rows
16:51:01  INFO      [12/15] Fetching game_pk=825074
16:51:01  INFO        game_pk=825074    WSH@AZ  268 rows
16:51:03  INFO      [13/15] Fetching game_pk=823941
16:51:03  INFO        game_pk=823941    LAA@LAD  357 rows
16:51:05  INFO      [14/15] Fetching game_pk=823291
16:51:05  INFO        game_pk=823291    NYM@SD  315 rows
16:51:07  INFO      [15/15] Fetching game_pk=824670
16:51:07  INFO        game_pk=824670    SF@CHC  301 rows
16:51:09  INFO      Total raw rows: 4499
16:51:09  INFO      Cleaning 4499 rows...
16:51:09  INFO      Clean complete. Shape: (4499, 84)
16:51:09  INFO        2026_06.csv — adding 4499 new rows (was 21909, now 26408)
16:51:10  INFO        Wrote /home/runner/work/OGUN_CSV/OGUN_CSV/data/2026_06.csv
16:51:10  INFO      Done.
15:57:21  INFO      ============================================================
15:57:21  INFO      fetch_yesterday.py  |  target date: 2026-06-08
15:57:21  INFO      ============================================================
15:57:21  INFO      Fetching schedule for 2026-06-08 ...
15:57:21  INFO      Found 8 Final game(s). Fetching pitch data...
15:57:21  INFO      [1/8] Fetching game_pk=824829
15:57:21  INFO        game_pk=824829    SEA@BAL  306 rows
15:57:22  INFO      [2/8] Fetching game_pk=822972
15:57:23  INFO        game_pk=822972    BOS@TB  275 rows
15:57:24  INFO      [3/8] Fetching game_pk=824427
15:57:24  INFO        game_pk=824427    NYY@CLE  381 rows
15:57:26  INFO      [4/8] Fetching game_pk=822806
15:57:26  INFO        game_pk=822806    PHI@TOR  293 rows
15:57:28  INFO      [5/8] Fetching game_pk=824025
15:57:28  INFO        game_pk=824025    HOU@LAA  326 rows
15:57:30  INFO      [6/8] Fetching game_pk=823289
15:57:30  INFO        game_pk=823289    CIN@SD  299 rows
15:57:32  INFO      [7/8] Fetching game_pk=823218
15:57:32  INFO        game_pk=823218    WSH@SF  256 rows
15:57:33  INFO      [8/8] Fetching game_pk=824998
15:57:34  INFO        game_pk=824998    MIL@ATH  441 rows
15:57:35  INFO      Total raw rows: 2577
15:57:35  INFO      Cleaning 2577 rows...
15:57:35  INFO      Clean complete. Shape: (2577, 84)
15:57:36  INFO        2026_06.csv — adding 2577 new rows (was 26408, now 28985)
15:57:36  INFO        Wrote /home/runner/work/OGUN_CSV/OGUN_CSV/data/2026_06.csv
15:57:36  INFO      Done.
16:36:13  INFO      ============================================================
16:36:13  INFO      fetch_yesterday.py  |  target date: 2026-06-09
16:36:13  INFO      ============================================================
16:36:13  INFO      Fetching schedule for 2026-06-09 ...
16:36:13  INFO      Found 15 Final game(s). Fetching pitch data...
16:36:13  INFO      [1/15] Fetching game_pk=824830
16:36:14  INFO        game_pk=824830    SEA@BAL  338 rows
16:36:15  INFO      [2/15] Fetching game_pk=823374
16:36:16  INFO        game_pk=823374    LAD@PIT  374 rows
16:36:17  INFO      [3/15] Fetching game_pk=822969
16:36:17  INFO        game_pk=822969    BOS@TB  218 rows
16:36:19  INFO      [4/15] Fetching game_pk=824267
16:36:19  INFO        game_pk=824267    MIN@DET  334 rows
16:36:21  INFO      [5/15] Fetching game_pk=823858
16:36:21  INFO        game_pk=823858    AZ@MIA  333 rows
16:36:22  INFO      [6/15] Fetching game_pk=824429
16:36:23  INFO        game_pk=824429    NYY@CLE  305 rows
16:36:24  INFO      [7/15] Fetching game_pk=822805
16:36:25  INFO        game_pk=822805    PHI@TOR  270 rows
16:36:26  INFO      [8/15] Fetching game_pk=823620
16:36:26  INFO        game_pk=823620    STL@NYM  259 rows
16:36:28  INFO      [9/15] Fetching game_pk=824105
16:36:28  INFO        game_pk=824105    TEX@KC  262 rows
16:36:30  INFO      [10/15] Fetching game_pk=824591
16:36:30  INFO        game_pk=824591    ATL@CWS  331 rows
16:36:32  INFO      [11/15] Fetching game_pk=824347
16:36:32  INFO        game_pk=824347    CHC@COL  281 rows
16:36:33  INFO      [12/15] Fetching game_pk=824023
16:36:34  INFO        game_pk=824023    HOU@LAA  313 rows
16:36:35  INFO      [13/15] Fetching game_pk=823290
16:36:36  INFO        game_pk=823290    CIN@SD  395 rows
16:36:37  INFO      [14/15] Fetching game_pk=823214
16:36:37  INFO        game_pk=823214    WSH@SF  367 rows
16:36:39  INFO      [15/15] Fetching game_pk=824999
16:36:39  INFO        game_pk=824999    MIL@ATH  283 rows
16:36:41  INFO      Total raw rows: 4663
16:36:41  INFO      Cleaning 4663 rows...
16:36:41  INFO      Clean complete. Shape: (4663, 84)
16:36:41  INFO        2026_06.csv — adding 4663 new rows (was 28985, now 33648)
16:36:42  INFO        Wrote /home/runner/work/OGUN_CSV/OGUN_CSV/data/2026_06.csv
16:36:42  INFO      Done.
16:56:14  INFO      ============================================================
16:56:14  INFO      fetch_yesterday.py  |  target date: 2026-06-10
16:56:14  INFO      ============================================================
16:56:14  INFO      Fetching schedule for 2026-06-10 ...
16:56:14  INFO      Found 15 Final game(s). Fetching pitch data...
16:56:14  INFO      [1/15] Fetching game_pk=822970
16:56:15  INFO        game_pk=822970    BOS@TB  279 rows
16:56:16  INFO      [2/15] Fetching game_pk=824428
16:56:16  INFO        game_pk=824428    NYY@CLE  311 rows
16:56:18  INFO      [3/15] Fetching game_pk=823215
16:56:18  INFO        game_pk=823215    WSH@SF  344 rows
16:56:20  INFO      [4/15] Fetching game_pk=823287
16:56:20  INFO        game_pk=823287    CIN@SD  303 rows
16:56:21  INFO      [5/15] Fetching game_pk=824831
16:56:22  INFO        game_pk=824831    SEA@BAL  264 rows
16:56:23  INFO      [6/15] Fetching game_pk=823372
16:56:23  INFO        game_pk=823372    LAD@PIT  314 rows
16:56:25  INFO      [7/15] Fetching game_pk=824266
16:56:25  INFO        game_pk=824266    MIN@DET  347 rows
16:56:27  INFO      [8/15] Fetching game_pk=823856
16:56:27  INFO        game_pk=823856    AZ@MIA  274 rows
16:56:28  INFO      [9/15] Fetching game_pk=822804
16:56:29  INFO        game_pk=822804    PHI@TOR  347 rows
16:56:30  INFO      [10/15] Fetching game_pk=823618
16:56:30  INFO        game_pk=823618    STL@NYM  278 rows
16:56:32  INFO      [11/15] Fetching game_pk=824103
16:56:32  INFO        game_pk=824103    TEX@KC  362 rows
16:56:34  INFO      [12/15] Fetching game_pk=824590
16:56:34  INFO        game_pk=824590    ATL@CWS  295 rows
16:56:35  INFO      [13/15] Fetching game_pk=824348
16:56:36  INFO        game_pk=824348    CHC@COL  300 rows
16:56:37  INFO      [14/15] Fetching game_pk=824996
16:56:37  INFO        game_pk=824996    MIL@ATH  280 rows
16:56:39  INFO      [15/15] Fetching game_pk=824022
16:56:39  INFO        game_pk=824022    HOU@LAA  259 rows
16:56:41  INFO      Total raw rows: 4557
16:56:41  INFO      Cleaning 4557 rows...
16:56:41  INFO      Clean complete. Shape: (4557, 84)
16:56:41  INFO        2026_06.csv — adding 4557 new rows (was 33648, now 38205)
16:56:42  INFO        Wrote /home/runner/work/OGUN_CSV/OGUN_CSV/data/2026_06.csv
16:56:42  INFO      Done.
16:20:09  INFO      ============================================================
16:20:09  INFO      fetch_yesterday.py  |  target date: 2026-06-11
16:20:09  INFO      ============================================================
16:20:09  INFO      Fetching schedule for 2026-06-11 ...
16:20:09  WARNING   POSTPONED   date=2026-06-11  game_pk=824589  ATL@CWS
16:20:09  INFO      Found 7 Final game(s). Fetching pitch data...
16:20:09  INFO      [1/7] Fetching game_pk=823619
16:20:09  INFO        game_pk=823619    STL@NYM  287 rows
16:20:11  INFO      [2/7] Fetching game_pk=824265
16:20:11  INFO        game_pk=824265    MIN@DET  257 rows
16:20:13  INFO      [3/7] Fetching game_pk=823855
16:20:13  INFO        game_pk=823855    AZ@MIA  234 rows
16:20:14  INFO      [4/7] Fetching game_pk=824101
16:20:14  INFO        game_pk=824101    TEX@KC  258 rows
16:20:16  INFO      [5/7] Fetching game_pk=824346
16:20:16  INFO        game_pk=824346    CHC@COL  291 rows
16:20:18  INFO      [6/7] Fetching game_pk=823371
16:20:18  INFO        game_pk=823371    LAD@PIT  359 rows
16:20:19  INFO      [7/7] Fetching game_pk=824827
16:20:20  INFO        game_pk=824827    SEA@BAL  281 rows
16:20:21  INFO      Total raw rows: 1967
16:20:21  INFO      Cleaning 1967 rows...
16:20:21  INFO      Clean complete. Shape: (1967, 84)
16:20:22  INFO        2026_06.csv — adding 1967 new rows (was 38205, now 40172)
16:20:22  INFO        Wrote /home/runner/work/OGUN_CSV/OGUN_CSV/data/2026_06.csv
16:20:22  INFO      Done.
15:02:33  INFO      ============================================================
15:02:33  INFO      fetch_yesterday.py  |  target date: 2026-06-12
15:02:33  INFO      ============================================================
15:02:33  INFO      Fetching schedule for 2026-06-12 ...
15:02:33  INFO      Found 15 Final game(s). Fetching pitch data...
15:02:33  INFO      [1/15] Fetching game_pk=823370
15:02:34  INFO        game_pk=823370    MIA@PIT  280 rows
15:02:35  INFO      [2/15] Fetching game_pk=822726
15:02:35  INFO        game_pk=822726    SEA@WSH  267 rows
15:02:37  INFO      [3/15] Fetching game_pk=824826
15:02:37  INFO        game_pk=824826    SD@BAL  302 rows
15:02:38  INFO      [4/15] Fetching game_pk=824425
15:02:39  INFO        game_pk=824425    DET@CLE  265 rows
15:02:40  INFO      [5/15] Fetching game_pk=824752
15:02:41  INFO        game_pk=824752    TEX@BOS  291 rows
15:02:42  INFO      [6/15] Fetching game_pk=824507
15:02:42  INFO        game_pk=824507    AZ@CIN  360 rows
15:02:44  INFO      [7/15] Fetching game_pk=823617
15:02:44  INFO        game_pk=823617    ATL@NYM  323 rows
15:02:46  INFO      [8/15] Fetching game_pk=822803
15:02:46  INFO        game_pk=822803    NYY@TOR  298 rows
15:02:48  INFO      [9/15] Fetching game_pk=824588
15:02:48  INFO        game_pk=824588    LAD@CWS  300 rows
15:02:49  INFO      [10/15] Fetching game_pk=823778
15:02:50  INFO        game_pk=823778    PHI@MIL  235 rows
15:02:51  INFO      [11/15] Fetching game_pk=824102
15:02:51  INFO        game_pk=824102    HOU@KC  372 rows
15:02:53  INFO      [12/15] Fetching game_pk=823695
15:02:53  INFO        game_pk=823695    STL@MIN  294 rows
15:02:55  INFO      [13/15] Fetching game_pk=824020
15:02:55  INFO        game_pk=824020    TB@LAA  286 rows
15:02:56  INFO      [14/15] Fetching game_pk=824997
15:02:57  INFO        game_pk=824997    COL@ATH  287 rows
15:02:58  INFO      [15/15] Fetching game_pk=823211
15:02:58  INFO        game_pk=823211    CHC@SF  288 rows
15:03:00  INFO      Total raw rows: 4448
15:03:00  INFO      Cleaning 4448 rows...
15:03:00  INFO      Clean complete. Shape: (4448, 84)
15:03:00  INFO        2026_06.csv — adding 4448 new rows (was 40172, now 44620)
15:03:01  INFO        Wrote /home/runner/work/OGUN_CSV/OGUN_CSV/data/2026_06.csv
15:03:01  INFO      Done.
15:08:09  INFO      ============================================================
15:08:09  INFO      fetch_yesterday.py  |  target date: 2026-06-13
15:08:09  INFO      ============================================================
15:08:09  INFO      Fetching schedule for 2026-06-13 ...
15:08:10  INFO      Found 15 Final game(s). Fetching pitch data...
15:08:10  INFO      [1/15] Fetching game_pk=823694
15:08:10  INFO        game_pk=823694    STL@MIN  302 rows
15:08:11  INFO      [2/15] Fetching game_pk=822802
15:08:12  INFO        game_pk=822802    NYY@TOR  278 rows
15:08:13  INFO      [3/15] Fetching game_pk=824828
15:08:13  INFO        game_pk=824828    SD@BAL  295 rows
15:08:15  INFO      [4/15] Fetching game_pk=822725
15:08:15  INFO        game_pk=822725    SEA@WSH  276 rows
15:08:17  INFO      [5/15] Fetching game_pk=823369
15:08:17  INFO        game_pk=823369    MIA@PIT  281 rows
15:08:19  INFO      [6/15] Fetching game_pk=824508
15:08:19  INFO        game_pk=824508    AZ@CIN  264 rows
15:08:20  INFO      [7/15] Fetching game_pk=824426
15:08:21  INFO        game_pk=824426    DET@CLE  265 rows
15:08:22  INFO      [8/15] Fetching game_pk=824749
15:08:22  INFO        game_pk=824749    TEX@BOS  309 rows
15:08:24  INFO      [9/15] Fetching game_pk=823616
15:08:24  INFO        game_pk=823616    ATL@NYM  258 rows
15:08:26  INFO      [10/15] Fetching game_pk=824587
15:08:26  INFO        game_pk=824587    LAD@CWS  305 rows
15:08:27  INFO      [11/15] Fetching game_pk=824100
15:08:28  INFO        game_pk=824100    HOU@KC  314 rows
15:08:29  INFO      [12/15] Fetching game_pk=823776
15:08:30  INFO        game_pk=823776    PHI@MIL  342 rows
15:08:31  INFO      [13/15] Fetching game_pk=824995
15:08:31  INFO        game_pk=824995    COL@ATH  291 rows
15:08:33  INFO      [14/15] Fetching game_pk=823213
15:08:33  INFO        game_pk=823213    CHC@SF  337 rows
15:08:35  INFO      [15/15] Fetching game_pk=824019
15:08:35  INFO        game_pk=824019    TB@LAA  283 rows
15:08:37  INFO      Total raw rows: 4400
15:08:37  INFO      Cleaning 4400 rows...
15:08:37  INFO      Clean complete. Shape: (4400, 84)
15:08:37  INFO        2026_06.csv — adding 4400 new rows (was 44620, now 49020)
15:08:38  INFO        Wrote /home/runner/work/OGUN_CSV/OGUN_CSV/data/2026_06.csv
15:08:38  INFO      Done.
17:59:19  INFO      ============================================================
17:59:19  INFO      fetch_yesterday.py  |  target date: 2026-06-14
17:59:19  INFO      ============================================================
17:59:19  INFO      Fetching schedule for 2026-06-14 ...
17:59:19  WARNING   POSTPONED   date=2026-06-14  game_pk=824424  DET@CLE
17:59:19  INFO      Found 14 Final game(s). Fetching pitch data...
17:59:19  INFO      [1/14] Fetching game_pk=823368
17:59:20  INFO        game_pk=823368    MIA@PIT  319 rows
17:59:21  INFO      [2/14] Fetching game_pk=824823
17:59:21  INFO        game_pk=824823    SD@BAL  294 rows
17:59:23  INFO      [3/14] Fetching game_pk=822722
17:59:23  INFO        game_pk=822722    SEA@WSH  232 rows
17:59:25  INFO      [4/14] Fetching game_pk=822801
17:59:25  INFO        game_pk=822801    NYY@TOR  333 rows
17:59:26  INFO      [5/14] Fetching game_pk=824506
17:59:27  INFO        game_pk=824506    AZ@CIN  314 rows
17:59:28  INFO      [6/14] Fetching game_pk=823615
17:59:28  INFO        game_pk=823615    ATL@NYM  303 rows
17:59:30  INFO      [7/14] Fetching game_pk=824099
17:59:30  INFO        game_pk=824099    HOU@KC  246 rows
17:59:32  INFO      [8/14] Fetching game_pk=823693
17:59:32  INFO        game_pk=823693    STL@MIN  281 rows
17:59:33  INFO      [9/14] Fetching game_pk=824586
17:59:33  INFO        game_pk=824586    LAD@CWS  288 rows
17:59:35  INFO      [10/14] Fetching game_pk=823777
17:59:35  INFO        game_pk=823777    PHI@MIL  269 rows
17:59:37  INFO      [11/14] Fetching game_pk=824994
17:59:37  INFO        game_pk=824994    COL@ATH  359 rows
17:59:39  INFO      [12/14] Fetching game_pk=823212
17:59:39  INFO        game_pk=823212    CHC@SF  275 rows
17:59:40  INFO      [13/14] Fetching game_pk=824021
17:59:41  INFO        game_pk=824021    TB@LAA  306 rows
17:59:42  INFO      [14/14] Fetching game_pk=824751
17:59:42  INFO        game_pk=824751    TEX@BOS  282 rows
17:59:44  INFO      Total raw rows: 4101
17:59:44  INFO      Cleaning 4101 rows...
17:59:44  INFO      Clean complete. Shape: (4101, 84)
17:59:45  INFO        2026_06.csv — adding 4101 new rows (was 49020, now 53121)
17:59:46  INFO        Wrote /home/runner/work/OGUN_CSV/OGUN_CSV/data/2026_06.csv
17:59:46  INFO      Done.
18:06:23  INFO      ============================================================
18:06:23  INFO      fetch_yesterday.py  |  target date: 2026-06-15
18:06:23  INFO      ============================================================
18:06:23  INFO      Fetching schedule for 2026-06-15 ...
18:06:23  INFO      Found 10 Final game(s). Fetching pitch data...
18:06:23  INFO      [1/10] Fetching game_pk=823452
18:06:23  INFO        game_pk=823452    MIA@PHI  299 rows
18:06:25  INFO      [2/10] Fetching game_pk=822724
18:06:25  INFO        game_pk=822724    KC@WSH  271 rows
18:06:27  INFO      [3/10] Fetching game_pk=824505
18:06:27  INFO        game_pk=824505    NYM@CIN  317 rows
18:06:29  INFO      [4/10] Fetching game_pk=823046
18:06:29  INFO        game_pk=823046    SD@STL  221 rows
18:06:31  INFO      [5/10] Fetching game_pk=824666
18:06:31  INFO        game_pk=824666    COL@CHC  335 rows
18:06:33  INFO      [6/10] Fetching game_pk=822887
18:06:33  INFO        game_pk=822887    MIN@TEX  220 rows
18:06:35  INFO      [7/10] Fetching game_pk=824181
18:06:35  INFO        game_pk=824181    DET@HOU  322 rows
18:06:37  INFO      [8/10] Fetching game_pk=825071
18:06:37  INFO        game_pk=825071    LAA@AZ  229 rows
18:06:39  INFO      [9/10] Fetching game_pk=824993
18:06:39  INFO        game_pk=824993    PIT@ATH  311 rows
18:06:41  INFO      [10/10] Fetching game_pk=823938
18:06:41  INFO        game_pk=823938    TB@LAD  263 rows
18:06:43  INFO      Total raw rows: 2788
18:06:43  INFO      Cleaning 2788 rows...
18:06:43  INFO      Clean complete. Shape: (2788, 84)
18:06:44  INFO        2026_06.csv — adding 2788 new rows (was 53121, now 55909)
18:06:45  INFO        Wrote /home/runner/work/OGUN_CSV/OGUN_CSV/data/2026_06.csv
18:06:45  INFO      Done.
16:39:38  INFO      ============================================================
16:39:38  INFO      fetch_yesterday.py  |  target date: 2026-06-16
16:39:38  INFO      ============================================================
16:39:38  INFO      Fetching schedule for 2026-06-16 ...
16:39:39  INFO      Found 14 Final game(s). Fetching pitch data...
16:39:39  INFO      [1/14] Fetching game_pk=823451
16:39:39  INFO        game_pk=823451    MIA@PHI  270 rows
16:39:40  INFO      [2/14] Fetching game_pk=822723
16:39:41  INFO        game_pk=822723    KC@WSH  306 rows
16:39:42  INFO      [3/14] Fetching game_pk=824750
16:39:43  INFO        game_pk=824750    TOR@BOS  324 rows
16:39:44  INFO      [4/14] Fetching game_pk=823535
16:39:44  INFO        game_pk=823535    CWS@NYY  310 rows
16:39:46  INFO      [5/14] Fetching game_pk=824504
16:39:46  INFO        game_pk=824504    NYM@CIN  322 rows
16:39:48  INFO      [6/14] Fetching game_pk=823775
16:39:48  INFO        game_pk=823775    CLE@MIL  269 rows
16:39:50  INFO      [7/14] Fetching game_pk=823045
16:39:50  INFO        game_pk=823045    SD@STL  275 rows
16:39:51  INFO      [8/14] Fetching game_pk=824667
16:39:52  INFO        game_pk=824667    COL@CHC  304 rows
16:39:53  INFO      [9/14] Fetching game_pk=822888
16:39:54  INFO        game_pk=822888    MIN@TEX  286 rows
16:39:55  INFO      [10/14] Fetching game_pk=824182
16:39:55  INFO        game_pk=824182    DET@HOU  265 rows
16:39:57  INFO      [11/14] Fetching game_pk=825070
16:39:57  INFO        game_pk=825070    LAA@AZ  268 rows
16:39:59  INFO      [12/14] Fetching game_pk=824991
16:39:59  INFO        game_pk=824991    PIT@ATH  315 rows
16:40:00  INFO      [13/14] Fetching game_pk=823128
16:40:01  INFO        game_pk=823128    BAL@SEA  240 rows
16:40:02  INFO      [14/14] Fetching game_pk=823939
16:40:03  INFO        game_pk=823939    TB@LAD  209 rows
16:40:04  INFO      Total raw rows: 3963
16:40:04  INFO      Cleaning 3963 rows...
16:40:05  INFO      Clean complete. Shape: (3963, 84)
16:40:05  INFO        2026_06.csv — adding 3963 new rows (was 55909, now 59872)
16:40:06  INFO        Wrote /home/runner/work/OGUN_CSV/OGUN_CSV/data/2026_06.csv
16:40:06  INFO      Done.
16:35:09  INFO      ============================================================
16:35:09  INFO      fetch_yesterday.py  |  target date: 2026-06-17
16:35:09  INFO      ============================================================
16:35:09  INFO      Fetching schedule for 2026-06-17 ...
16:35:09  INFO      Found 15 Final game(s). Fetching pitch data...
16:35:09  INFO      [1/15] Fetching game_pk=824503
16:35:09  INFO        game_pk=824503    NYM@CIN  282 rows
16:35:10  INFO      [2/15] Fetching game_pk=822721
16:35:11  INFO        game_pk=822721    KC@WSH  311 rows
16:35:12  INFO      [3/15] Fetching game_pk=823450
16:35:12  INFO        game_pk=823450    MIA@PHI  305 rows
16:35:14  INFO      [4/15] Fetching game_pk=824912
16:35:14  INFO        game_pk=824912    SF@ATL  310 rows
16:35:16  INFO      [5/15] Fetching game_pk=824178
16:35:16  INFO        game_pk=824178    DET@HOU  251 rows
16:35:17  INFO      [6/15] Fetching game_pk=823044
16:35:18  INFO        game_pk=823044    SD@STL  280 rows
16:35:19  INFO      [7/15] Fetching game_pk=823940
16:35:19  INFO        game_pk=823940    TB@LAD  303 rows
16:35:21  INFO      [8/15] Fetching game_pk=825072
16:35:21  INFO        game_pk=825072    LAA@AZ  274 rows
16:35:23  INFO      [9/15] Fetching game_pk=824746
16:35:23  INFO        game_pk=824746    TOR@BOS  292 rows
16:35:24  INFO      [10/15] Fetching game_pk=823536
16:35:25  INFO        game_pk=823536    CWS@NYY  319 rows
16:35:26  INFO      [11/15] Fetching game_pk=824913
16:35:26  INFO        game_pk=824913    SF@ATL  307 rows
16:35:28  INFO      [12/15] Fetching game_pk=823774
16:35:28  INFO        game_pk=823774    CLE@MIL  278 rows
16:35:30  INFO      [13/15] Fetching game_pk=824668
16:35:30  INFO        game_pk=824668    COL@CHC  307 rows
16:35:31  INFO      [14/15] Fetching game_pk=824992
16:35:32  INFO        game_pk=824992    PIT@ATH  309 rows
16:35:33  INFO      [15/15] Fetching game_pk=823127
16:35:33  INFO        game_pk=823127    BAL@SEA  265 rows
16:35:35  INFO      Total raw rows: 4393
16:35:35  INFO      Cleaning 4393 rows...
16:35:35  INFO      Clean complete. Shape: (4393, 84)
16:35:36  INFO        2026_06.csv — adding 4393 new rows (was 59872, now 64265)
16:35:37  INFO        Wrote /home/runner/work/OGUN_CSV/OGUN_CSV/data/2026_06.csv
16:35:37  INFO      Done.
16:01:18  INFO      ============================================================
16:01:18  INFO      fetch_yesterday.py  |  target date: 2026-06-18
16:01:18  INFO      ============================================================
16:01:18  INFO      Fetching schedule for 2026-06-18 ...
16:01:18  WARNING   POSTPONED   date=2026-06-18  game_pk=824911  SF@ATL
16:01:18  INFO      Found 8 Final game(s). Fetching pitch data...
16:01:18  INFO      [1/8] Fetching game_pk=824748
16:01:18  INFO        game_pk=824748    TOR@BOS  238 rows
16:01:20  INFO      [2/8] Fetching game_pk=823772
16:01:20  INFO        game_pk=823772    CLE@MIL  350 rows
16:01:21  INFO      [3/8] Fetching game_pk=822889
16:01:22  INFO        game_pk=822889    MIN@TEX  326 rows
16:01:23  INFO      [4/8] Fetching game_pk=823125
16:01:23  INFO        game_pk=823125    BAL@SEA  230 rows
16:01:25  INFO      [5/8] Fetching game_pk=823448
16:01:25  INFO        game_pk=823448    NYM@PHI  335 rows
16:01:26  INFO      [6/8] Fetching game_pk=823533
16:01:27  INFO        game_pk=823533    CWS@NYY  239 rows
16:01:28  INFO      [7/8] Fetching game_pk=824098
16:01:28  INFO        game_pk=824098    STL@KC  351 rows
16:01:30  INFO      [8/8] Fetching game_pk=824989
16:01:30  INFO        game_pk=824989    LAA@ATH  300 rows
16:01:32  INFO      Total raw rows: 2369
16:01:32  INFO      Cleaning 2369 rows...
16:01:32  INFO      Clean complete. Shape: (2369, 84)
16:01:32  INFO        2026_06.csv — adding 2369 new rows (was 64265, now 66634)
16:01:34  INFO        Wrote /home/runner/work/OGUN_CSV/OGUN_CSV/data/2026_06.csv
16:01:34  INFO      Done.
15:04:43  INFO      ============================================================
15:04:43  INFO      fetch_yesterday.py  |  target date: 2026-06-19
15:04:43  INFO      ============================================================
15:04:43  INFO      Fetching schedule for 2026-06-19 ...
15:04:44  INFO      Found 14 Final game(s). Fetching pitch data...
15:04:44  INFO      [1/14] Fetching game_pk=824663
15:04:44  INFO        game_pk=824663    TOR@CHC  320 rows
15:04:45  INFO      [2/14] Fetching game_pk=824264
15:04:45  INFO        game_pk=824264    CWS@DET  276 rows
15:04:47  INFO      [3/14] Fetching game_pk=823534
15:04:47  INFO        game_pk=823534    CIN@NYY  281 rows
15:04:49  INFO      [4/14] Fetching game_pk=822966
15:04:49  INFO        game_pk=822966    WSH@TB  234 rows
15:04:50  INFO      [5/14] Fetching game_pk=823853
15:04:51  INFO        game_pk=823853    SF@MIA  287 rows
15:04:52  INFO      [6/14] Fetching game_pk=824910
15:04:52  INFO        game_pk=824910    MIL@ATL  264 rows
15:04:54  INFO      [7/14] Fetching game_pk=822886
15:04:54  INFO        game_pk=822886    SD@TEX  294 rows
15:04:55  INFO      [8/14] Fetching game_pk=824179
15:04:56  INFO        game_pk=824179    CLE@HOU  280 rows
15:04:57  INFO      [9/14] Fetching game_pk=824097
15:04:57  INFO        game_pk=824097    STL@KC  276 rows
15:04:59  INFO      [10/14] Fetching game_pk=824345
15:04:59  INFO        game_pk=824345    PIT@COL  214 rows
15:05:01  INFO      [11/14] Fetching game_pk=824990
15:05:01  INFO        game_pk=824990    LAA@ATH  376 rows
15:05:02  INFO      [12/14] Fetching game_pk=825069
15:05:02  INFO        game_pk=825069    MIN@AZ  270 rows
15:05:04  INFO      [13/14] Fetching game_pk=823936
15:05:04  INFO        game_pk=823936    BAL@LAD  308 rows
15:05:06  INFO      [14/14] Fetching game_pk=823124
15:05:06  INFO        game_pk=823124    BOS@SEA  258 rows
15:05:07  INFO      Total raw rows: 3938
15:05:08  INFO      Cleaning 3938 rows...
15:05:08  INFO      Clean complete. Shape: (3938, 84)
15:05:08  INFO        2026_06.csv — adding 3938 new rows (was 66634, now 70572)
15:05:10  INFO        Wrote /home/runner/work/OGUN_CSV/OGUN_CSV/data/2026_06.csv
15:05:10  INFO      Done.
02:19:06  INFO      ============================================================
02:19:06  INFO      fetch_yesterday.py  |  target date: 2026-06-20
02:19:06  INFO      ============================================================
02:19:06  INFO      Fetching schedule for 2026-06-20 ...
02:19:06  WARNING   INCOMPLETE  date=2026-06-20  game_pk=824342  PIT@COL  status=In Progress
02:19:06  WARNING   INCOMPLETE  date=2026-06-20  game_pk=824988  LAA@ATH  status=In Progress
02:19:06  WARNING   INCOMPLETE  date=2026-06-20  game_pk=823937  BAL@LAD  status=In Progress
02:19:06  WARNING   INCOMPLETE  date=2026-06-20  game_pk=823126  BOS@SEA  status=In Progress
02:19:06  WARNING   INCOMPLETE  date=2026-06-20  game_pk=825068  MIN@AZ  status=In Progress
02:19:06  INFO      Found 8 Final game(s). Fetching pitch data...
02:19:06  INFO      [1/8] Fetching game_pk=824263
02:19:06  INFO        game_pk=824263    CWS@DET  264 rows
02:19:08  INFO      [2/8] Fetching game_pk=823532
02:19:08  INFO        game_pk=823532    CIN@NYY  309 rows
02:19:10  INFO      [3/8] Fetching game_pk=824665
02:19:10  INFO        game_pk=824665    TOR@CHC  340 rows
02:19:11  INFO      [4/8] Fetching game_pk=822885
02:19:12  INFO        game_pk=822885    SD@TEX  348 rows
02:19:13  INFO      [5/8] Fetching game_pk=822967
02:19:13  INFO        game_pk=822967    WSH@TB  298 rows
02:19:15  INFO      [6/8] Fetching game_pk=823854
02:19:15  INFO        game_pk=823854    SF@MIA  323 rows
02:19:17  INFO      [7/8] Fetching game_pk=824909
02:19:17  INFO        game_pk=824909    MIL@ATL  265 rows
02:19:18  INFO      [8/8] Fetching game_pk=824180
02:19:18  INFO        game_pk=824180    CLE@HOU  254 rows
02:19:20  INFO      Total raw rows: 2401
02:19:20  INFO      Cleaning 2401 rows...
02:19:20  INFO      Clean complete. Shape: (2401, 84)
02:19:21  INFO        2026_06.csv — adding 2401 new rows (was 70572, now 72973)
02:19:22  INFO        Wrote /home/runner/work/OGUN_CSV/OGUN_CSV/data/2026_06.csv
02:19:22  INFO      Done.
15:12:32  INFO      ============================================================
15:12:32  INFO      fetch_yesterday.py  |  target date: 2026-06-20
15:12:32  INFO      ============================================================
15:12:32  INFO      Fetching schedule for 2026-06-20 ...
15:12:32  INFO      Found 14 Final game(s). Fetching pitch data...
15:12:32  INFO      [1/14] Fetching game_pk=824263
15:12:32  INFO        game_pk=824263    CWS@DET  264 rows
15:12:34  INFO      [2/14] Fetching game_pk=823532
15:12:34  INFO        game_pk=823532    CIN@NYY  309 rows
15:12:36  INFO      [3/14] Fetching game_pk=824665
15:12:36  INFO        game_pk=824665    TOR@CHC  340 rows
15:12:37  INFO      [4/14] Fetching game_pk=822885
15:12:38  INFO        game_pk=822885    SD@TEX  348 rows
15:12:39  INFO      [5/14] Fetching game_pk=822967
15:12:39  INFO        game_pk=822967    WSH@TB  298 rows
15:12:41  INFO      [6/14] Fetching game_pk=823854
15:12:41  INFO        game_pk=823854    SF@MIA  323 rows
15:12:42  INFO      [7/14] Fetching game_pk=824909
15:12:43  INFO        game_pk=824909    MIL@ATL  265 rows
15:12:44  INFO      [8/14] Fetching game_pk=824180
15:12:44  INFO        game_pk=824180    CLE@HOU  254 rows
15:12:46  INFO      [9/14] Fetching game_pk=823447
15:12:46  INFO        game_pk=823447    NYM@PHI  297 rows
15:12:48  INFO      [10/14] Fetching game_pk=824342
15:12:48  INFO        game_pk=824342    PIT@COL  275 rows
15:12:49  INFO      [11/14] Fetching game_pk=824988
15:12:50  INFO        game_pk=824988    LAA@ATH  322 rows
15:12:51  INFO      [12/14] Fetching game_pk=823937
15:12:51  INFO        game_pk=823937    BAL@LAD  285 rows
15:12:53  INFO      [13/14] Fetching game_pk=823126
15:12:53  INFO        game_pk=823126    BOS@SEA  279 rows
15:12:54  INFO      [14/14] Fetching game_pk=825068
15:12:55  INFO        game_pk=825068    MIN@AZ  363 rows
15:12:56  INFO      Total raw rows: 4222
15:12:56  INFO      Cleaning 4222 rows...
15:12:56  INFO      Clean complete. Shape: (4222, 84)
15:12:57  INFO        2026_06.csv — adding 1821 new rows (was 72973, now 74794)
15:12:59  INFO        Wrote /home/runner/work/OGUN_CSV/OGUN_CSV/data/2026_06.csv
15:12:59  INFO      Done.
17:41:31  INFO      ============================================================
17:41:31  INFO      fetch_yesterday.py  |  target date: 2026-06-21
17:41:31  INFO      ============================================================
17:41:31  INFO      Fetching schedule for 2026-06-21 ...
17:41:31  WARNING   POSTPONED   date=2026-06-21  game_pk=824664  TOR@CHC
17:41:31  INFO      Found 14 Final game(s). Fetching pitch data...
17:41:31  INFO      [1/14] Fetching game_pk=823531
17:41:31  INFO        game_pk=823531    CIN@NYY  296 rows
17:41:33  INFO      [2/14] Fetching game_pk=824908
17:41:33  INFO        game_pk=824908    MIL@ATL  290 rows
17:41:35  INFO      [3/14] Fetching game_pk=822968
17:41:35  INFO        game_pk=822968    WSH@TB  278 rows
17:41:36  INFO      [4/14] Fetching game_pk=824260
17:41:37  INFO        game_pk=824260    CWS@DET  272 rows
17:41:38  INFO      [5/14] Fetching game_pk=823852
17:41:38  INFO        game_pk=823852    SF@MIA  220 rows
17:41:40  INFO      [6/14] Fetching game_pk=824177
17:41:40  INFO        game_pk=824177    CLE@HOU  226 rows
17:41:41  INFO      [7/14] Fetching game_pk=824095
17:41:42  INFO        game_pk=824095    STL@KC  312 rows
17:41:43  INFO      [8/14] Fetching game_pk=822883
17:41:44  INFO        game_pk=822883    SD@TEX  252 rows
17:41:45  INFO      [9/14] Fetching game_pk=824343
17:41:45  INFO        game_pk=824343    PIT@COL  291 rows
17:41:47  INFO      [10/14] Fetching game_pk=825067
17:41:47  INFO        game_pk=825067    MIN@AZ  269 rows
17:41:48  INFO      [11/14] Fetching game_pk=824987
17:41:49  INFO        game_pk=824987    LAA@ATH  295 rows
17:41:50  INFO      [12/14] Fetching game_pk=823934
17:41:51  INFO        game_pk=823934    BAL@LAD  329 rows
17:41:52  INFO      [13/14] Fetching game_pk=823123
17:41:52  INFO        game_pk=823123    BOS@SEA  238 rows
17:41:54  INFO      [14/14] Fetching game_pk=823449
17:41:54  INFO        game_pk=823449    NYM@PHI  301 rows
17:41:55  INFO      Total raw rows: 3869
17:41:56  INFO      Cleaning 3869 rows...
17:41:56  INFO      Clean complete. Shape: (3869, 84)
17:41:57  INFO        2026_06.csv — adding 3869 new rows (was 74794, now 78663)
17:41:58  INFO        Wrote /home/runner/work/OGUN_CSV/OGUN_CSV/data/2026_06.csv
17:41:58  INFO      Done.
15:49:59  INFO      ============================================================
15:49:59  INFO      fetch_yesterday.py  |  target date: 2026-06-22
15:49:59  INFO      ============================================================
15:49:59  INFO      Fetching schedule for 2026-06-22 ...
15:49:59  WARNING   POSTPONED   date=2026-06-22  game_pk=823613  CHC@NYM
15:49:59  INFO      Found 12 Final game(s). Fetching pitch data...
15:49:59  INFO      [1/12] Fetching game_pk=824261
15:49:59  INFO        game_pk=824261    NYY@DET  269 rows
15:50:01  INFO      [2/12] Fetching game_pk=822964
15:50:01  INFO        game_pk=822964    KC@TB  258 rows
15:50:02  INFO      [3/12] Fetching game_pk=823851
15:50:03  INFO        game_pk=823851    TEX@MIA  296 rows
15:50:04  INFO      [4/12] Fetching game_pk=822720
15:50:04  INFO        game_pk=822720    PHI@WSH  257 rows
15:50:06  INFO      [5/12] Fetching game_pk=822800
15:50:06  INFO        game_pk=822800    HOU@TOR  316 rows
15:50:08  INFO      [6/12] Fetching game_pk=824502
15:50:08  INFO        game_pk=824502    MIL@CIN  276 rows
15:50:10  INFO      [7/12] Fetching game_pk=823692
15:50:10  INFO        game_pk=823692    LAD@MIN  289 rows
15:50:11  INFO      [8/12] Fetching game_pk=824585
15:50:12  INFO        game_pk=824585    CLE@CWS  335 rows
15:50:13  INFO      [9/12] Fetching game_pk=823040
15:50:14  INFO        game_pk=823040    AZ@STL  254 rows
15:50:15  INFO      [10/12] Fetching game_pk=824344
15:50:15  INFO        game_pk=824344    BOS@COL  240 rows
15:50:17  INFO      [11/12] Fetching game_pk=824016
15:50:17  INFO        game_pk=824016    BAL@LAA  275 rows
15:50:19  INFO      [12/12] Fetching game_pk=823288
15:50:19  INFO        game_pk=823288    ATL@SD  281 rows
15:50:20  INFO      Total raw rows: 3346
15:50:21  INFO      Cleaning 3346 rows...
15:50:21  INFO      Clean complete. Shape: (3346, 84)
15:50:22  INFO        2026_06.csv — adding 3346 new rows (was 78663, now 82009)
15:50:23  INFO        Wrote /home/runner/work/OGUN_CSV/OGUN_CSV/data/2026_06.csv
15:50:23  INFO      Done.
15:34:32  INFO      ============================================================
15:34:32  INFO      fetch_yesterday.py  |  target date: 2026-06-23
15:34:32  INFO      ============================================================
15:34:32  INFO      Fetching schedule for 2026-06-23 ...
15:34:32  INFO      Found 15 Final game(s). Fetching pitch data...
15:34:32  INFO      [1/15] Fetching game_pk=822799
15:34:32  INFO        game_pk=822799    HOU@TOR  387 rows
15:34:34  INFO      [2/15] Fetching game_pk=823365
15:34:34  INFO        game_pk=823365    SEA@PIT  280 rows
15:34:35  INFO      [3/15] Fetching game_pk=822963
15:34:36  INFO        game_pk=822963    KC@TB  295 rows
15:34:37  INFO      [4/15] Fetching game_pk=823849
15:34:37  INFO        game_pk=823849    TEX@MIA  285 rows
15:34:39  INFO      [5/15] Fetching game_pk=824262
15:34:39  INFO        game_pk=824262    NYY@DET  289 rows
15:34:40  INFO      [6/15] Fetching game_pk=822718
15:34:41  INFO        game_pk=822718    PHI@WSH  317 rows
15:34:42  INFO      [7/15] Fetching game_pk=823614
15:34:42  INFO        game_pk=823614    CHC@NYM  356 rows
15:34:44  INFO      [8/15] Fetching game_pk=824501
15:34:44  INFO        game_pk=824501    MIL@CIN  281 rows
15:34:46  INFO      [9/15] Fetching game_pk=823690
15:34:46  INFO        game_pk=823690    LAD@MIN  333 rows
15:34:47  INFO      [10/15] Fetching game_pk=824584
15:34:48  INFO        game_pk=824584    CLE@CWS  236 rows
15:34:49  INFO      [11/15] Fetching game_pk=823043
15:34:49  INFO        game_pk=823043    AZ@STL  307 rows
15:34:51  INFO      [12/15] Fetching game_pk=824340
15:34:51  INFO        game_pk=824340    BOS@COL  259 rows
15:34:52  INFO      [13/15] Fetching game_pk=824017
15:34:53  INFO        game_pk=824017    BAL@LAA  258 rows
15:34:54  INFO      [14/15] Fetching game_pk=823286
15:34:54  INFO        game_pk=823286    ATL@SD  344 rows
15:34:56  INFO      [15/15] Fetching game_pk=823210
15:34:56  INFO        game_pk=823210    ATH@SF  279 rows
15:34:57  INFO      Total raw rows: 4506
15:34:58  INFO      Cleaning 4506 rows...
15:34:58  INFO      Clean complete. Shape: (4506, 84)
15:34:59  INFO        2026_06.csv — adding 4506 new rows (was 82009, now 86515)
15:35:00  INFO        Wrote /home/runner/work/OGUN_CSV/OGUN_CSV/data/2026_06.csv
15:35:00  INFO      Done.
15:40:29  INFO      ============================================================
15:40:29  INFO      fetch_yesterday.py  |  target date: 2026-06-24
15:40:29  INFO      ============================================================
15:40:29  INFO      Fetching schedule for 2026-06-24 ...
15:40:29  INFO      Found 16 Final game(s). Fetching pitch data...
15:40:29  INFO      [1/16] Fetching game_pk=823850
15:40:29  INFO        game_pk=823850    TEX@MIA  246 rows
15:40:30  INFO      [2/16] Fetching game_pk=823613
15:40:31  INFO        game_pk=823613    CHC@NYM  308 rows
15:40:32  INFO      [3/16] Fetching game_pk=823611
15:40:32  INFO        game_pk=823611    CHC@NYM  331 rows
15:40:34  INFO      [4/16] Fetching game_pk=824583
15:40:34  INFO        game_pk=824583    CLE@CWS  358 rows
15:40:36  INFO      [5/16] Fetching game_pk=824341
15:40:36  INFO        game_pk=824341    BOS@COL  276 rows
15:40:37  INFO      [6/16] Fetching game_pk=824018
15:40:38  INFO        game_pk=824018    BAL@LAA  350 rows
15:40:39  INFO      [7/16] Fetching game_pk=823367
15:40:39  INFO        game_pk=823367    SEA@PIT  283 rows
15:40:41  INFO      [8/16] Fetching game_pk=822965
15:40:41  INFO        game_pk=822965    KC@TB  289 rows
15:40:42  INFO      [9/16] Fetching game_pk=824259
15:40:43  INFO        game_pk=824259    NYY@DET  270 rows
15:40:44  INFO      [10/16] Fetching game_pk=822719
15:40:44  INFO        game_pk=822719    PHI@WSH  319 rows
15:40:46  INFO      [11/16] Fetching game_pk=822798
15:40:46  INFO        game_pk=822798    HOU@TOR  291 rows
15:40:48  INFO      [12/16] Fetching game_pk=824500
15:40:48  INFO        game_pk=824500    MIL@CIN  368 rows
15:40:49  INFO      [13/16] Fetching game_pk=823691
15:40:50  INFO        game_pk=823691    LAD@MIN  290 rows
15:40:51  INFO      [14/16] Fetching game_pk=823041
15:40:51  INFO        game_pk=823041    AZ@STL  303 rows
15:40:53  INFO      [15/16] Fetching game_pk=823284
15:40:53  INFO        game_pk=823284    ATL@SD  274 rows
15:40:55  INFO      [16/16] Fetching game_pk=823208
15:40:55  INFO        game_pk=823208    ATH@SF  268 rows
15:40:56  INFO      Total raw rows: 4824
15:40:56  INFO      Cleaning 4824 rows...
15:40:56  INFO      Clean complete. Shape: (4824, 84)
15:40:57  INFO        2026_06.csv — adding 4824 new rows (was 86515, now 91339)
15:40:59  INFO        Wrote /home/runner/work/OGUN_CSV/OGUN_CSV/data/2026_06.csv
15:40:59  INFO      Done.
15:25:08  INFO      ============================================================
15:25:08  INFO      fetch_yesterday.py  |  target date: 2026-06-25
15:25:08  INFO      ============================================================
15:25:08  INFO      Fetching schedule for 2026-06-25 ...
15:25:10  WARNING   POSTPONED   date=2026-06-25  game_pk=823042  AZ@STL
15:25:10  INFO      Found 8 Final game(s). Fetching pitch data...
15:25:10  INFO      [1/8] Fetching game_pk=822961
15:25:10  INFO        game_pk=822961    KC@TB  282 rows
15:25:12  INFO      [2/8] Fetching game_pk=823366
15:25:12  INFO        game_pk=823366    SEA@PIT  262 rows
15:25:13  INFO      [3/8] Fetching game_pk=823209
15:25:14  INFO        game_pk=823209    ATH@SF  330 rows
15:25:15  INFO      [4/8] Fetching game_pk=824258
15:25:16  INFO        game_pk=824258    HOU@DET  265 rows
15:25:17  INFO      [5/8] Fetching game_pk=822717
15:25:17  INFO        game_pk=822717    PHI@WSH  306 rows
15:25:19  INFO      [6/8] Fetching game_pk=822797
15:25:19  INFO        game_pk=822797    TEX@TOR  283 rows
15:25:21  INFO      [7/8] Fetching game_pk=823612
15:25:21  INFO        game_pk=823612    CHC@NYM  332 rows
15:25:23  INFO      [8/8] Fetching game_pk=824747
15:25:23  INFO        game_pk=824747    NYY@BOS  292 rows
15:25:24  INFO      Total raw rows: 2352
15:25:25  INFO      Cleaning 2352 rows...
15:25:25  INFO      Clean complete. Shape: (2352, 84)
15:25:26  INFO        2026_06.csv — adding 2352 new rows (was 91339, now 93691)
15:25:28  INFO        Wrote /home/runner/work/OGUN_CSV/OGUN_CSV/data/2026_06.csv
15:25:28  INFO      Done.
14:43:45  INFO      ============================================================
14:43:45  INFO      fetch_yesterday.py  |  target date: 2026-06-26
14:43:45  INFO      ============================================================
14:43:45  INFO      Fetching schedule for 2026-06-26 ...
14:43:46  INFO      Found 15 Final game(s). Fetching pitch data...
14:43:46  INFO      [1/15] Fetching game_pk=824255
14:43:46  INFO        game_pk=824255    HOU@DET  283 rows
14:43:47  INFO      [2/15] Fetching game_pk=823363
14:43:48  INFO        game_pk=823363    CIN@PIT  317 rows
14:43:49  INFO      [3/15] Fetching game_pk=824824
14:43:49  INFO        game_pk=824824    WSH@BAL  286 rows
14:43:51  INFO      [4/15] Fetching game_pk=822796
14:43:51  INFO        game_pk=822796    TEX@TOR  314 rows
14:43:52  INFO      [5/15] Fetching game_pk=824423
14:43:53  INFO        game_pk=824423    SEA@CLE  283 rows
14:43:54  INFO      [6/15] Fetching game_pk=822962
14:43:54  INFO        game_pk=822962    AZ@TB  243 rows
14:43:56  INFO      [7/15] Fetching game_pk=823610
14:43:56  INFO        game_pk=823610    PHI@NYM  243 rows
14:43:57  INFO      [8/15] Fetching game_pk=824743
14:43:58  INFO        game_pk=824743    NYY@BOS  250 rows
14:43:59  INFO      [9/15] Fetching game_pk=824582
14:43:59  INFO        game_pk=824582    KC@CWS  318 rows
14:44:01  INFO      [10/15] Fetching game_pk=823773
14:44:01  INFO        game_pk=823773    CHC@MIL  310 rows
14:44:03  INFO      [11/15] Fetching game_pk=823688
14:44:03  INFO        game_pk=823688    COL@MIN  303 rows
14:44:04  INFO      [12/15] Fetching game_pk=823039
14:44:04  INFO        game_pk=823039    MIA@STL  278 rows
14:44:06  INFO      [13/15] Fetching game_pk=824014
14:44:06  INFO        game_pk=824014    ATH@LAA  307 rows
14:44:08  INFO      [14/15] Fetching game_pk=823285
14:44:08  INFO        game_pk=823285    LAD@SD  266 rows
14:44:09  INFO      [15/15] Fetching game_pk=823206
14:44:10  INFO        game_pk=823206    ATL@SF  296 rows
14:44:11  INFO      Total raw rows: 4297
14:44:11  INFO      Cleaning 4297 rows...
14:44:11  INFO      Clean complete. Shape: (4297, 84)
14:44:12  INFO        2026_06.csv — adding 4297 new rows (was 93691, now 97988)
14:44:14  INFO        Wrote /home/runner/work/OGUN_CSV/OGUN_CSV/data/2026_06.csv
14:44:14  INFO      Done.
14:50:04  INFO      ============================================================
14:50:04  INFO      fetch_yesterday.py  |  target date: 2026-06-27
14:50:04  INFO      ============================================================
14:50:04  INFO      Fetching schedule for 2026-06-27 ...
14:50:05  INFO      Found 15 Final game(s). Fetching pitch data...
14:50:05  INFO      [1/15] Fetching game_pk=824257
14:50:05  INFO        game_pk=824257    HOU@DET  281 rows
14:50:07  INFO      [2/15] Fetching game_pk=824745
14:50:07  INFO        game_pk=824745    NYY@BOS  245 rows
14:50:09  INFO      [3/15] Fetching game_pk=822794
14:50:10  INFO        game_pk=822794    TEX@TOR  336 rows
14:50:11  INFO      [4/15] Fetching game_pk=823364
14:50:12  INFO        game_pk=823364    CIN@PIT  309 rows
14:50:13  INFO      [5/15] Fetching game_pk=823609
14:50:14  INFO        game_pk=823609    PHI@NYM  292 rows
14:50:15  INFO      [6/15] Fetching game_pk=824581
14:50:16  INFO        game_pk=824581    KC@CWS  265 rows
14:50:17  INFO      [7/15] Fetching game_pk=822960
14:50:18  INFO        game_pk=822960    AZ@TB  248 rows
14:50:19  INFO      [8/15] Fetching game_pk=824825
14:50:19  INFO        game_pk=824825    WSH@BAL  351 rows
14:50:21  INFO      [9/15] Fetching game_pk=824421
14:50:21  INFO        game_pk=824421    SEA@CLE  260 rows
14:50:23  INFO      [10/15] Fetching game_pk=823689
14:50:23  INFO        game_pk=823689    COL@MIN  302 rows
14:50:25  INFO      [11/15] Fetching game_pk=823770
14:50:25  INFO        game_pk=823770    CHC@MIL  297 rows
14:50:27  INFO      [12/15] Fetching game_pk=823038
14:50:27  INFO        game_pk=823038    MIA@STL  267 rows
14:50:29  INFO      [13/15] Fetching game_pk=823283
14:50:29  INFO        game_pk=823283    LAD@SD  341 rows
14:50:30  INFO      [14/15] Fetching game_pk=823207
14:50:31  INFO        game_pk=823207    ATL@SF  242 rows
14:50:32  INFO      [15/15] Fetching game_pk=824015
14:50:32  INFO        game_pk=824015    ATH@LAA  285 rows
14:50:34  INFO      Total raw rows: 4321
14:50:34  INFO      Cleaning 4321 rows...
14:50:34  INFO      Clean complete. Shape: (4321, 84)
14:50:35  INFO        2026_06.csv — adding 4321 new rows (was 97988, now 102309)
14:50:37  INFO        Wrote /home/runner/work/OGUN_CSV/OGUN_CSV/data/2026_06.csv
14:50:37  INFO      Done.
16:39:43  INFO      ============================================================
16:39:43  INFO      fetch_yesterday.py  |  target date: 2026-06-28
16:39:43  INFO      ============================================================
16:39:43  INFO      Fetching schedule for 2026-06-28 ...
16:39:43  INFO      Found 15 Final game(s). Fetching pitch data...
16:39:43  INFO      [1/15] Fetching game_pk=824821
16:39:44  INFO        game_pk=824821    WSH@BAL  289 rows
16:39:45  INFO      [2/15] Fetching game_pk=823362
16:39:45  INFO        game_pk=823362    CIN@PIT  323 rows
16:39:47  INFO      [3/15] Fetching game_pk=822795
16:39:48  INFO        game_pk=822795    TEX@TOR  294 rows
16:39:49  INFO      [4/15] Fetching game_pk=824256
16:39:50  INFO        game_pk=824256    HOU@DET  358 rows
16:39:51  INFO      [5/15] Fetching game_pk=824422
16:39:51  INFO        game_pk=824422    SEA@CLE  338 rows
16:39:53  INFO      [6/15] Fetching game_pk=822959
16:39:53  INFO        game_pk=822959    AZ@TB  258 rows
16:39:55  INFO      [7/15] Fetching game_pk=823608
16:39:55  INFO        game_pk=823608    PHI@NYM  343 rows
16:39:57  INFO      [8/15] Fetching game_pk=823686
16:39:57  INFO        game_pk=823686    COL@MIN  242 rows
16:39:58  INFO      [9/15] Fetching game_pk=824580
16:39:59  INFO        game_pk=824580    KC@CWS  297 rows
16:40:00  INFO      [10/15] Fetching game_pk=823769
16:40:01  INFO        game_pk=823769    CHC@MIL  316 rows
16:40:02  INFO      [11/15] Fetching game_pk=823037
16:40:02  INFO        game_pk=823037    MIA@STL  245 rows
16:40:04  INFO      [12/15] Fetching game_pk=824011
16:40:04  INFO        game_pk=824011    ATH@LAA  271 rows
16:40:06  INFO      [13/15] Fetching game_pk=823204
16:40:06  INFO        game_pk=823204    ATL@SF  242 rows
16:40:08  INFO      [14/15] Fetching game_pk=823281
16:40:08  INFO        game_pk=823281    LAD@SD  301 rows
16:40:09  INFO      [15/15] Fetching game_pk=824744
16:40:10  INFO        game_pk=824744    NYY@BOS  298 rows
16:40:11  INFO      Total raw rows: 4415
16:40:11  INFO      Cleaning 4415 rows...
16:40:11  INFO      Clean complete. Shape: (4415, 84)
16:40:13  INFO        2026_06.csv — adding 4415 new rows (was 102309, now 106724)
16:40:14  INFO        Wrote /home/runner/work/OGUN_CSV/OGUN_CSV/data/2026_06.csv
16:40:14  INFO      Done.
15:29:50  INFO      ============================================================
15:29:50  INFO      fetch_yesterday.py  |  target date: 2026-06-29
15:29:50  INFO      ============================================================
15:29:50  INFO      Fetching schedule for 2026-06-29 ...
15:29:51  INFO      Found 13 Final game(s). Fetching pitch data...
15:29:51  INFO      [1/13] Fetching game_pk=824822
15:29:51  INFO        game_pk=824822    CWS@BAL  308 rows
15:29:52  INFO      [2/13] Fetching game_pk=823444
15:29:53  INFO        game_pk=823444    PIT@PHI  335 rows
15:29:54  INFO      [3/13] Fetching game_pk=823529
15:29:54  INFO        game_pk=823529    DET@NYY  269 rows
15:29:56  INFO      [4/13] Fetching game_pk=822792
15:29:56  INFO        game_pk=822792    NYM@TOR  257 rows
15:29:57  INFO      [5/13] Fetching game_pk=824741
15:29:58  INFO        game_pk=824741    WSH@BOS  256 rows
15:29:59  INFO      [6/13] Fetching game_pk=824420
15:29:59  INFO        game_pk=824420    TEX@CLE  250 rows
15:30:01  INFO      [7/13] Fetching game_pk=823771
15:30:01  INFO        game_pk=823771    CIN@MIL  300 rows
15:30:03  INFO      [8/13] Fetching game_pk=824662
15:30:03  INFO        game_pk=824662    SD@CHC  302 rows
15:30:04  INFO      [9/13] Fetching game_pk=824176
15:30:04  INFO        game_pk=824176    MIN@HOU  279 rows
15:30:06  INFO      [10/13] Fetching game_pk=824339
15:30:06  INFO        game_pk=824339    MIA@COL  299 rows
15:30:08  INFO      [11/13] Fetching game_pk=824986
15:30:08  INFO        game_pk=824986    LAD@ATH  327 rows
15:30:10  INFO      [12/13] Fetching game_pk=823121
15:30:10  INFO        game_pk=823121    LAA@SEA  246 rows
15:30:11  INFO      [13/13] Fetching game_pk=825065
15:30:12  INFO        game_pk=825065    SF@AZ  271 rows
15:30:13  INFO      Total raw rows: 3699
15:30:13  INFO      Cleaning 3699 rows...
15:30:13  INFO      Clean complete. Shape: (3699, 84)
15:30:15  INFO        2026_06.csv — adding 3699 new rows (was 106724, now 110423)
15:30:17  INFO        Wrote /home/runner/work/OGUN_CSV/OGUN_CSV/data/2026_06.csv
15:30:17  INFO      Done.
15:43:48  INFO      ============================================================
15:43:48  INFO      fetch_yesterday.py  |  target date: 2026-06-30
15:43:48  INFO      ============================================================
15:43:48  INFO      Fetching schedule for 2026-06-30 ...
15:43:48  INFO      Found 15 Final game(s). Fetching pitch data...
15:43:48  INFO      [1/15] Fetching game_pk=824819
15:43:49  INFO        game_pk=824819    CWS@BAL  302 rows
15:43:50  INFO      [2/15] Fetching game_pk=824418
15:43:50  INFO        game_pk=824418    TEX@CLE  243 rows
15:43:52  INFO      [3/15] Fetching game_pk=823445
15:43:52  INFO        game_pk=823445    PIT@PHI  276 rows
15:43:54  INFO      [4/15] Fetching game_pk=823528
15:43:54  INFO        game_pk=823528    DET@NYY  286 rows
15:43:55  INFO      [5/15] Fetching game_pk=822793
15:43:56  INFO        game_pk=822793    NYM@TOR  275 rows
15:43:57  INFO      [6/15] Fetching game_pk=824742
15:43:57  INFO        game_pk=824742    WSH@BOS  283 rows
15:43:59  INFO      [7/15] Fetching game_pk=824907
15:43:59  INFO        game_pk=824907    STL@ATL  329 rows
15:44:01  INFO      [8/15] Fetching game_pk=824096
15:44:01  INFO        game_pk=824096    TB@KC  296 rows
15:44:02  INFO      [9/15] Fetching game_pk=823768
15:44:03  INFO        game_pk=823768    CIN@MIL  286 rows
15:44:04  INFO      [10/15] Fetching game_pk=824661
15:44:04  INFO        game_pk=824661    SD@CHC  308 rows
15:44:06  INFO      [11/15] Fetching game_pk=824175
15:44:06  INFO        game_pk=824175    MIN@HOU  275 rows
15:44:08  INFO      [12/15] Fetching game_pk=824338
15:44:08  INFO        game_pk=824338    MIA@COL  317 rows
15:44:09  INFO      [13/15] Fetching game_pk=824984
15:44:10  INFO        game_pk=824984    LAD@ATH  294 rows
15:44:11  INFO      [14/15] Fetching game_pk=823122
15:44:11  INFO        game_pk=823122    LAA@SEA  318 rows
15:44:13  INFO      [15/15] Fetching game_pk=825066
15:44:13  INFO        game_pk=825066    SF@AZ  274 rows
15:44:15  INFO      Total raw rows: 4362
15:44:15  INFO      Cleaning 4362 rows...
15:44:15  INFO      Clean complete. Shape: (4362, 84)
15:44:16  INFO        2026_06.csv — adding 4362 new rows (was 110423, now 114785)
15:44:18  INFO        Wrote /home/runner/work/OGUN_CSV/OGUN_CSV/data/2026_06.csv
15:44:18  INFO      Done.
15:17:21  INFO      ============================================================
15:17:21  INFO      fetch_yesterday.py  |  target date: 2026-07-01
15:17:21  INFO      ============================================================
15:17:21  INFO      Fetching schedule for 2026-07-01 ...
15:17:22  INFO      Found 14 Final game(s). Fetching pitch data...
15:17:22  INFO      [1/14] Fetching game_pk=824818
15:17:22  INFO        game_pk=824818    CWS@BAL  276 rows
15:17:24  INFO      [2/14] Fetching game_pk=824419
15:17:24  INFO        game_pk=824419    TEX@CLE  291 rows
15:17:26  INFO      [3/14] Fetching game_pk=824740
15:17:26  INFO        game_pk=824740    WSH@BOS  356 rows
15:17:27  INFO      [4/14] Fetching game_pk=823530
15:17:28  INFO        game_pk=823530    DET@NYY  296 rows
15:17:29  INFO      [5/14] Fetching game_pk=824660
15:17:30  INFO        game_pk=824660    SD@CHC  295 rows
15:17:32  INFO      [6/14] Fetching game_pk=822791
15:17:32  INFO        game_pk=822791    NYM@TOR  284 rows
15:17:33  INFO      [7/14] Fetching game_pk=823446
15:17:34  INFO        game_pk=823446    PIT@PHI  355 rows
15:17:35  INFO      [8/14] Fetching game_pk=824905
15:17:35  INFO        game_pk=824905    STL@ATL  256 rows
15:17:37  INFO      [9/14] Fetching game_pk=824094
15:17:37  INFO        game_pk=824094    TB@KC  247 rows
15:17:39  INFO      [10/14] Fetching game_pk=824174
15:17:39  INFO        game_pk=824174    MIN@HOU  359 rows
15:17:41  INFO      [11/14] Fetching game_pk=823767
15:17:41  INFO        game_pk=823767    CIN@MIL  275 rows
15:17:43  INFO      [12/14] Fetching game_pk=824337
15:17:43  INFO        game_pk=824337    MIA@COL  229 rows
15:17:44  INFO      [13/14] Fetching game_pk=824985
15:17:45  INFO        game_pk=824985    LAD@ATH  258 rows
15:17:46  INFO      [14/14] Fetching game_pk=825064
15:17:47  INFO        game_pk=825064    SF@AZ  302 rows
15:17:48  INFO      Total raw rows: 4079
15:17:48  INFO      Cleaning 4079 rows...
15:17:48  INFO      Clean complete. Shape: (4079, 84)
15:17:48  INFO        2026_07.csv — new file, writing 4079 rows
15:17:48  INFO        Wrote /home/runner/work/OGUN_CSV/OGUN_CSV/data/2026_07.csv
15:17:48  INFO      Done.
15:13:13  INFO      ============================================================
15:13:13  INFO      fetch_yesterday.py  |  target date: 2026-07-02
15:13:13  INFO      ============================================================
15:13:14  INFO      Fetching schedule for 2026-07-02 ...
15:13:14  INFO      Found 9 Final game(s). Fetching pitch data...
15:13:14  INFO      [1/9] Fetching game_pk=823442
15:13:14  INFO        game_pk=823442    PIT@PHI  329 rows
15:13:16  INFO      [2/9] Fetching game_pk=823765
15:13:16  INFO        game_pk=823765    CIN@MIL  292 rows
15:13:18  INFO      [3/9] Fetching game_pk=824335
15:13:18  INFO        game_pk=824335    MIA@COL  293 rows
15:13:19  INFO      [4/9] Fetching game_pk=824416
15:13:20  INFO        game_pk=824416    CWS@CLE  316 rows
15:13:21  INFO      [5/9] Fetching game_pk=824906
15:13:21  INFO        game_pk=824906    STL@ATL  297 rows
15:13:23  INFO      [6/9] Fetching game_pk=824093
15:13:23  INFO        game_pk=824093    TB@KC  268 rows
15:13:25  INFO      [7/9] Fetching game_pk=822884
15:13:25  INFO        game_pk=822884    DET@TEX  321 rows
15:13:27  INFO      [8/9] Fetching game_pk=823119
15:13:27  INFO        game_pk=823119    LAA@SEA  254 rows
15:13:29  INFO      [9/9] Fetching game_pk=823935
15:13:29  INFO        game_pk=823935    SD@LAD  341 rows
15:13:30  INFO      Total raw rows: 2711
15:13:30  INFO      Cleaning 2711 rows...
15:13:30  INFO      Clean complete. Shape: (2711, 84)
15:13:31  INFO        2026_07.csv — adding 2711 new rows (was 4079, now 6790)
15:13:31  INFO        Wrote /home/runner/work/OGUN_CSV/OGUN_CSV/data/2026_07.csv
15:13:31  INFO      Done.
14:38:53  INFO      ============================================================
14:38:53  INFO      fetch_yesterday.py  |  target date: 2026-07-03
14:38:53  INFO      ============================================================
14:38:53  INFO      Fetching schedule for 2026-07-03 ...
14:38:53  INFO      Found 13 Final game(s). Fetching pitch data...
14:38:53  INFO      [1/13] Fetching game_pk=824659
14:38:53  INFO        game_pk=824659    STL@CHC  340 rows
14:38:55  INFO      [2/13] Fetching game_pk=822714
14:38:55  INFO        game_pk=822714    PIT@WSH  317 rows
14:38:57  INFO      [3/13] Fetching game_pk=823527
14:38:57  INFO        game_pk=823527    MIN@NYY  288 rows
14:38:58  INFO      [4/13] Fetching game_pk=824498
14:38:59  INFO        game_pk=824498    BAL@CIN  275 rows
14:39:00  INFO      [5/13] Fetching game_pk=824417
14:39:00  INFO        game_pk=824417    CWS@CLE  291 rows
14:39:02  INFO      [6/13] Fetching game_pk=824904
14:39:02  INFO        game_pk=824904    NYM@ATL  305 rows
14:39:04  INFO      [7/13] Fetching game_pk=824336
14:39:04  INFO        game_pk=824336    SF@COL  332 rows
14:39:05  INFO      [8/13] Fetching game_pk=824173
14:39:06  INFO        game_pk=824173    TB@HOU  232 rows
14:39:07  INFO      [9/13] Fetching game_pk=824013
14:39:07  INFO        game_pk=824013    BOS@LAA  278 rows
14:39:09  INFO      [10/13] Fetching game_pk=824982
14:39:09  INFO        game_pk=824982    MIA@ATH  335 rows
14:39:10  INFO      [11/13] Fetching game_pk=825062
14:39:11  INFO        game_pk=825062    MIL@AZ  354 rows
14:39:12  INFO      [12/13] Fetching game_pk=823933
14:39:12  INFO        game_pk=823933    SD@LAD  270 rows
14:39:14  INFO      [13/13] Fetching game_pk=823120
14:39:14  INFO        game_pk=823120    TOR@SEA  298 rows
14:39:16  INFO      Total raw rows: 3915
14:39:16  INFO      Cleaning 3915 rows...
14:39:16  INFO      Clean complete. Shape: (3915, 84)
14:39:16  INFO        2026_07.csv — adding 3915 new rows (was 6790, now 10705)
14:39:16  INFO        Wrote /home/runner/work/OGUN_CSV/OGUN_CSV/data/2026_07.csv
14:39:16  INFO      Done.
14:45:08  INFO      ============================================================
14:45:08  INFO      fetch_yesterday.py  |  target date: 2026-07-04
14:45:08  INFO      ============================================================
14:45:08  INFO      Fetching schedule for 2026-07-04 ...
14:45:09  INFO      Found 15 Final game(s). Fetching pitch data...
14:45:09  INFO      [1/15] Fetching game_pk=822716
14:45:09  INFO        game_pk=822716    PIT@WSH  309 rows
14:45:10  INFO      [2/15] Fetching game_pk=823526
14:45:11  INFO        game_pk=823526    MIN@NYY  349 rows
14:45:12  INFO      [3/15] Fetching game_pk=822882
14:45:12  INFO        game_pk=822882    DET@TEX  254 rows
14:45:14  INFO      [4/15] Fetching game_pk=823118
14:45:14  INFO        game_pk=823118    TOR@SEA  273 rows
14:45:16  INFO      [5/15] Fetching game_pk=824499
14:45:16  INFO        game_pk=824499    BAL@CIN  321 rows
14:45:17  INFO      [6/15] Fetching game_pk=824171
14:45:18  INFO        game_pk=824171    TB@HOU  320 rows
14:45:19  INFO      [7/15] Fetching game_pk=824415
14:45:19  INFO        game_pk=824415    CWS@CLE  292 rows
14:45:21  INFO      [8/15] Fetching game_pk=824658
14:45:21  INFO        game_pk=824658    STL@CHC  287 rows
14:45:23  INFO      [9/15] Fetching game_pk=824903
14:45:23  INFO        game_pk=824903    NYM@ATL  336 rows
14:45:24  INFO      [10/15] Fetching game_pk=824334
14:45:24  INFO        game_pk=824334    SF@COL  279 rows
14:45:26  INFO      [11/15] Fetching game_pk=824092
14:45:26  INFO        game_pk=824092    PHI@KC  305 rows
14:45:28  INFO      [12/15] Fetching game_pk=824012
14:45:28  INFO        game_pk=824012    BOS@LAA  284 rows
14:45:30  INFO      [13/15] Fetching game_pk=824983
14:45:30  INFO        game_pk=824983    MIA@ATH  296 rows
14:45:32  INFO      [14/15] Fetching game_pk=825063
14:45:32  INFO        game_pk=825063    MIL@AZ  260 rows
14:45:33  INFO      [15/15] Fetching game_pk=823932
14:45:33  INFO        game_pk=823932    SD@LAD  262 rows
14:45:35  INFO      Total raw rows: 4427
14:45:35  INFO      Cleaning 4427 rows...
14:45:35  INFO      Clean complete. Shape: (4427, 84)
14:45:35  INFO        2026_07.csv — adding 4427 new rows (was 10705, now 15132)
14:45:36  INFO        Wrote /home/runner/work/OGUN_CSV/OGUN_CSV/data/2026_07.csv
14:45:36  INFO      Done.
16:22:19  INFO      ============================================================
16:22:19  INFO      fetch_yesterday.py  |  target date: 2026-07-05
16:22:19  INFO      ============================================================
16:22:19  INFO      Fetching schedule for 2026-07-05 ...
16:22:20  INFO      Found 15 Final game(s). Fetching pitch data...
16:22:20  INFO      [1/15] Fetching game_pk=824902
16:22:20  INFO        game_pk=824902    NYM@ATL  324 rows
16:22:22  INFO      [2/15] Fetching game_pk=822715
16:22:22  INFO        game_pk=822715    PIT@WSH  350 rows
16:22:23  INFO      [3/15] Fetching game_pk=824497
16:22:24  INFO        game_pk=824497    BAL@CIN  269 rows
16:22:25  INFO      [4/15] Fetching game_pk=823525
16:22:25  INFO        game_pk=823525    MIN@NYY  311 rows
16:22:27  INFO      [5/15] Fetching game_pk=824413
16:22:27  INFO        game_pk=824413    CWS@CLE  324 rows
16:22:28  INFO      [6/15] Fetching game_pk=824656
16:22:29  INFO        game_pk=824656    STL@CHC  281 rows
16:22:30  INFO      [7/15] Fetching game_pk=824091
16:22:30  INFO        game_pk=824091    PHI@KC  252 rows
16:22:32  INFO      [8/15] Fetching game_pk=824172
16:22:32  INFO        game_pk=824172    TB@HOU  276 rows
16:22:34  INFO      [9/15] Fetching game_pk=822879
16:22:34  INFO        game_pk=822879    DET@TEX  295 rows
16:22:35  INFO      [10/15] Fetching game_pk=824333
16:22:35  INFO        game_pk=824333    SF@COL  302 rows
16:22:37  INFO      [11/15] Fetching game_pk=825061
16:22:37  INFO        game_pk=825061    MIL@AZ  306 rows
16:22:39  INFO      [12/15] Fetching game_pk=824980
16:22:39  INFO        game_pk=824980    MIA@ATH  356 rows
16:22:40  INFO      [13/15] Fetching game_pk=823117
16:22:41  INFO        game_pk=823117    TOR@SEA  247 rows
16:22:42  INFO      [14/15] Fetching game_pk=823931
16:22:42  INFO        game_pk=823931    SD@LAD  340 rows
16:22:44  INFO      [15/15] Fetching game_pk=824010
16:22:44  INFO        game_pk=824010    BOS@LAA  315 rows
16:22:46  INFO      Total raw rows: 4548
16:22:46  INFO      Cleaning 4548 rows...
16:22:46  INFO      Clean complete. Shape: (4548, 84)
16:22:46  INFO        2026_07.csv — adding 4548 new rows (was 15132, now 19680)
16:22:46  INFO        Wrote /home/runner/work/OGUN_CSV/OGUN_CSV/data/2026_07.csv
16:22:46  INFO      Done.
15:44:36  INFO      ============================================================
15:44:36  INFO      fetch_yesterday.py  |  target date: 2026-07-06
15:44:36  INFO      ============================================================
15:44:36  INFO      Fetching schedule for 2026-07-06 ...
15:44:37  INFO      Found 8 Final game(s). Fetching pitch data...
15:44:37  INFO      [1/8] Fetching game_pk=824089
15:44:37  INFO        game_pk=824089    PHI@KC  362 rows
15:44:38  INFO      [2/8] Fetching game_pk=822958
15:44:39  INFO        game_pk=822958    NYY@TB  258 rows
15:44:40  INFO      [3/8] Fetching game_pk=822712
15:44:40  INFO        game_pk=822712    HOU@WSH  303 rows
15:44:42  INFO      [4/8] Fetching game_pk=824900
15:44:42  INFO        game_pk=824900    NYM@ATL  388 rows
15:44:44  INFO      [5/8] Fetching game_pk=823036
15:44:44  INFO        game_pk=823036    MIL@STL  277 rows
15:44:45  INFO      [6/8] Fetching game_pk=823282
15:44:46  INFO        game_pk=823282    AZ@SD  285 rows
15:44:47  INFO      [7/8] Fetching game_pk=823205
15:44:47  INFO        game_pk=823205    TOR@SF  240 rows
15:44:49  INFO      [8/8] Fetching game_pk=823930
15:44:49  INFO        game_pk=823930    COL@LAD  324 rows
15:44:50  INFO      Total raw rows: 2437
15:44:51  INFO      Cleaning 2437 rows...
15:44:51  INFO      Clean complete. Shape: (2437, 84)
15:44:51  INFO        2026_07.csv — adding 2437 new rows (was 19680, now 22117)
15:44:51  INFO        Wrote /home/runner/work/OGUN_CSV/OGUN_CSV/data/2026_07.csv
15:44:51  INFO      Done.
15:23:33  INFO      ============================================================
15:23:33  INFO      fetch_yesterday.py  |  target date: 2026-07-07
15:23:33  INFO      ============================================================
15:23:33  INFO      Fetching schedule for 2026-07-07 ...
15:23:33  INFO      Found 16 Final game(s). Fetching pitch data...
15:23:33  INFO      [1/16] Fetching game_pk=823062
15:23:33  INFO        game_pk=823062    MIL@STL  278 rows
15:23:35  INFO      [2/16] Fetching game_pk=823035
15:23:35  INFO        game_pk=823035    MIL@STL  279 rows
15:23:37  INFO      [3/16] Fetching game_pk=824820
15:23:37  INFO        game_pk=824820    CHC@BAL  297 rows
15:23:38  INFO      [4/16] Fetching game_pk=824254
15:23:39  INFO        game_pk=824254    ATH@DET  305 rows
15:23:40  INFO      [5/16] Fetching game_pk=823361
15:23:40  INFO        game_pk=823361    ATL@PIT  302 rows
15:23:42  INFO      [6/16] Fetching game_pk=823847
15:23:42  INFO        game_pk=823847    SEA@MIA  331 rows
15:23:44  INFO      [7/16] Fetching game_pk=822956
15:23:44  INFO        game_pk=822956    NYY@TB  268 rows
15:23:45  INFO      [8/16] Fetching game_pk=822713
15:23:46  INFO        game_pk=822713    HOU@WSH  327 rows
15:23:47  INFO      [9/16] Fetching game_pk=823607
15:23:47  INFO        game_pk=823607    KC@NYM  378 rows
15:23:49  INFO      [10/16] Fetching game_pk=824495
15:23:49  INFO        game_pk=824495    PHI@CIN  329 rows
15:23:51  INFO      [11/16] Fetching game_pk=823687
15:23:51  INFO        game_pk=823687    CLE@MIN  269 rows
15:23:52  INFO      [12/16] Fetching game_pk=824579
15:23:53  INFO        game_pk=824579    BOS@CWS  318 rows
15:23:54  INFO      [13/16] Fetching game_pk=822881
15:23:54  INFO        game_pk=822881    LAA@TEX  303 rows
15:23:56  INFO      [14/16] Fetching game_pk=823280
15:23:56  INFO        game_pk=823280    AZ@SD  260 rows
15:23:58  INFO      [15/16] Fetching game_pk=823203
15:23:58  INFO        game_pk=823203    TOR@SF  278 rows
15:23:59  INFO      [16/16] Fetching game_pk=823929
15:23:59  INFO        game_pk=823929    COL@LAD  273 rows
15:24:01  INFO      Total raw rows: 4795
15:24:01  INFO      Cleaning 4795 rows...
15:24:01  INFO      Clean complete. Shape: (4795, 84)
15:24:01  INFO        2026_07.csv — adding 4795 new rows (was 22117, now 26912)
15:24:02  INFO        Wrote /home/runner/work/OGUN_CSV/OGUN_CSV/data/2026_07.csv
15:24:02  INFO      Done.
15:57:00  INFO      ============================================================
15:57:00  INFO      fetch_yesterday.py  |  target date: 2026-07-08
15:57:00  INFO      ============================================================
15:57:00  INFO      Fetching schedule for 2026-07-08 ...
15:57:01  INFO      Found 15 Final game(s). Fetching pitch data...
15:57:01  INFO      [1/15] Fetching game_pk=823202
15:57:01  INFO        game_pk=823202    TOR@SF  287 rows
15:57:02  INFO      [2/15] Fetching game_pk=824815
15:57:03  INFO        game_pk=824815    CHC@BAL  316 rows
15:57:04  INFO      [3/15] Fetching game_pk=824253
15:57:04  INFO        game_pk=824253    ATH@DET  303 rows
15:57:06  INFO      [4/15] Fetching game_pk=823360
15:57:06  INFO        game_pk=823360    ATL@PIT  268 rows
15:57:08  INFO      [5/15] Fetching game_pk=823848
15:57:08  INFO        game_pk=823848    SEA@MIA  226 rows
15:57:09  INFO      [6/15] Fetching game_pk=822957
15:57:10  INFO        game_pk=822957    NYY@TB  250 rows
15:57:11  INFO      [7/15] Fetching game_pk=822710
15:57:11  INFO        game_pk=822710    HOU@WSH  317 rows
15:57:13  INFO      [8/15] Fetching game_pk=823605
15:57:13  INFO        game_pk=823605    KC@NYM  328 rows
15:57:15  INFO      [9/15] Fetching game_pk=824496
15:57:15  INFO        game_pk=824496    PHI@CIN  355 rows
15:57:16  INFO      [10/15] Fetching game_pk=823684
15:57:17  INFO        game_pk=823684    CLE@MIN  358 rows
15:57:18  INFO      [11/15] Fetching game_pk=824578
15:57:18  INFO        game_pk=824578    BOS@CWS  297 rows
15:57:20  INFO      [12/15] Fetching game_pk=823032
15:57:20  INFO        game_pk=823032    MIL@STL  268 rows
15:57:22  INFO      [13/15] Fetching game_pk=822880
15:57:22  INFO        game_pk=822880    LAA@TEX  320 rows
15:57:23  INFO      [14/15] Fetching game_pk=823928
15:57:23  INFO        game_pk=823928    COL@LAD  247 rows
15:57:25  INFO      [15/15] Fetching game_pk=823279
15:57:25  INFO        game_pk=823279    AZ@SD  291 rows
15:57:27  INFO      Total raw rows: 4431
15:57:27  INFO      Cleaning 4431 rows...
15:57:27  INFO      Clean complete. Shape: (4431, 84)
15:57:27  INFO        2026_07.csv — adding 4431 new rows (was 26912, now 31343)
15:57:28  INFO        Wrote /home/runner/work/OGUN_CSV/OGUN_CSV/data/2026_07.csv
15:57:28  INFO      Done.
15:33:58  INFO      ============================================================
15:33:58  INFO      fetch_yesterday.py  |  target date: 2026-07-09
15:33:58  INFO      ============================================================
15:33:58  INFO      Fetching schedule for 2026-07-09 ...
15:33:59  INFO      Found 13 Final game(s). Fetching pitch data...
15:33:59  INFO      [1/13] Fetching game_pk=823359
15:33:59  INFO        game_pk=823359    ATL@PIT  360 rows
15:34:01  INFO      [2/13] Fetching game_pk=823606
15:34:01  INFO        game_pk=823606    KC@NYM  270 rows
15:34:02  INFO      [3/13] Fetching game_pk=822954
15:34:03  INFO        game_pk=822954    NYY@TB  294 rows
15:34:04  INFO      [4/13] Fetching game_pk=824816
15:34:04  INFO        game_pk=824816    CHC@BAL  269 rows
15:34:06  INFO      [5/13] Fetching game_pk=823683
15:34:06  INFO        game_pk=823683    CLE@MIN  275 rows
15:34:07  INFO      [6/13] Fetching game_pk=824577
15:34:08  INFO        game_pk=824577    BOS@CWS  253 rows
15:34:09  INFO      [7/13] Fetching game_pk=824251
15:34:09  INFO        game_pk=824251    ATH@DET  261 rows
15:34:11  INFO      [8/13] Fetching game_pk=823846
15:34:11  INFO        game_pk=823846    SEA@MIA  268 rows
15:34:13  INFO      [9/13] Fetching game_pk=824494
15:34:13  INFO        game_pk=824494    PHI@CIN  244 rows
15:34:14  INFO      [10/13] Fetching game_pk=823034
15:34:15  INFO        game_pk=823034    MIL@STL  307 rows
15:34:16  INFO      [11/13] Fetching game_pk=822877
15:34:16  INFO        game_pk=822877    LAA@TEX  320 rows
15:34:18  INFO      [12/13] Fetching game_pk=823277
15:34:18  INFO        game_pk=823277    AZ@SD  268 rows
15:34:20  INFO      [13/13] Fetching game_pk=823201
15:34:20  INFO        game_pk=823201    COL@SF  307 rows
15:34:21  INFO      Total raw rows: 3696
15:34:21  INFO      Cleaning 3696 rows...
15:34:21  INFO      Clean complete. Shape: (3696, 84)
15:34:22  INFO        2026_07.csv — adding 3696 new rows (was 31343, now 35039)
15:34:22  INFO        Wrote /home/runner/work/OGUN_CSV/OGUN_CSV/data/2026_07.csv
15:34:22  INFO      Done.
14:23:20  INFO      ============================================================
14:23:20  INFO      fetch_yesterday.py  |  target date: 2026-07-10
14:23:20  INFO      ============================================================
14:23:20  INFO      Fetching schedule for 2026-07-10 ...
14:23:21  WARNING   POSTPONED   date=2026-07-10  game_pk=823357  MIL@PIT
14:23:21  INFO      Found 14 Final game(s). Fetching pitch data...
14:23:21  INFO      [1/14] Fetching game_pk=824252
14:23:21  INFO        game_pk=824252    PHI@DET  270 rows
14:23:22  INFO      [2/14] Fetching game_pk=822709
14:23:22  INFO        game_pk=822709    NYY@WSH  313 rows
14:23:24  INFO      [3/14] Fetching game_pk=824817
14:23:24  INFO        game_pk=824817    KC@BAL  254 rows
14:23:26  INFO      [4/14] Fetching game_pk=824493
14:23:26  INFO        game_pk=824493    CHC@CIN  272 rows
14:23:27  INFO      [5/14] Fetching game_pk=822955
14:23:27  INFO        game_pk=822955    SEA@TB  248 rows
14:23:29  INFO      [6/14] Fetching game_pk=823845
14:23:29  INFO        game_pk=823845    CLE@MIA  264 rows
14:23:31  INFO      [7/14] Fetching game_pk=823604
14:23:31  INFO        game_pk=823604    BOS@NYM  309 rows
14:23:32  INFO      [8/14] Fetching game_pk=824575
14:23:33  INFO        game_pk=824575    ATH@CWS  282 rows
14:23:34  INFO      [9/14] Fetching game_pk=822878
14:23:34  INFO        game_pk=822878    HOU@TEX  251 rows
14:23:36  INFO      [10/14] Fetching game_pk=823685
14:23:36  INFO        game_pk=823685    LAA@MIN  286 rows
14:23:37  INFO      [11/14] Fetching game_pk=823033
14:23:38  INFO        game_pk=823033    ATL@STL  264 rows
14:23:39  INFO      [12/14] Fetching game_pk=823278
14:23:39  INFO        game_pk=823278    TOR@SD  307 rows
14:23:41  INFO      [13/14] Fetching game_pk=823927
14:23:41  INFO        game_pk=823927    AZ@LAD  314 rows
14:23:43  INFO      [14/14] Fetching game_pk=823200
14:23:43  INFO        game_pk=823200    COL@SF  367 rows
14:23:44  INFO      Total raw rows: 4001
14:23:44  INFO      Cleaning 4001 rows...
14:23:44  INFO      Clean complete. Shape: (4001, 84)
14:23:45  INFO        2026_07.csv — adding 4001 new rows (was 35039, now 39040)
14:23:46  INFO        Wrote /home/runner/work/OGUN_CSV/OGUN_CSV/data/2026_07.csv
14:23:46  INFO      Done.
14:27:55  INFO      ============================================================
14:27:55  INFO      fetch_yesterday.py  |  target date: 2026-07-11
14:27:55  INFO      ============================================================
14:27:55  INFO      Fetching schedule for 2026-07-11 ...
14:27:57  INFO      Found 16 Final game(s). Fetching pitch data...
14:27:57  INFO      [1/16] Fetching game_pk=823357
14:27:57  INFO        game_pk=823357    MIL@PIT  333 rows
14:27:59  INFO      [2/16] Fetching game_pk=823356
14:27:59  INFO        game_pk=823356    MIL@PIT  302 rows
14:28:00  INFO      [3/16] Fetching game_pk=823682
14:28:00  INFO        game_pk=823682    LAA@MIN  291 rows
14:28:02  INFO      [4/16] Fetching game_pk=824576
14:28:02  INFO        game_pk=824576    ATH@CWS  239 rows
14:28:04  INFO      [5/16] Fetching game_pk=823198
14:28:04  INFO        game_pk=823198    COL@SF  246 rows
14:28:05  INFO      [6/16] Fetching game_pk=822711
14:28:05  INFO        game_pk=822711    NYY@WSH  298 rows
14:28:07  INFO      [7/16] Fetching game_pk=823603
14:28:07  INFO        game_pk=823603    BOS@NYM  305 rows
14:28:09  INFO      [8/16] Fetching game_pk=822953
14:28:09  INFO        game_pk=822953    SEA@TB  253 rows
14:28:10  INFO      [9/16] Fetching game_pk=823844
14:28:11  INFO        game_pk=823844    CLE@MIA  281 rows
14:28:12  INFO      [10/16] Fetching game_pk=824249
14:28:12  INFO        game_pk=824249    PHI@DET  258 rows
14:28:14  INFO      [11/16] Fetching game_pk=824813
14:28:14  INFO        game_pk=824813    KC@BAL  241 rows
14:28:15  INFO      [12/16] Fetching game_pk=822875
14:28:16  INFO        game_pk=822875    HOU@TEX  315 rows
14:28:17  INFO      [13/16] Fetching game_pk=824492
14:28:17  INFO        game_pk=824492    CHC@CIN  293 rows
14:28:19  INFO      [14/16] Fetching game_pk=823030
14:28:19  INFO        game_pk=823030    ATL@STL  249 rows
14:28:20  INFO      [15/16] Fetching game_pk=823276
14:28:21  INFO        game_pk=823276    TOR@SD  361 rows
14:28:22  INFO      [16/16] Fetching game_pk=823926
14:28:22  INFO        game_pk=823926    AZ@LAD  276 rows
14:28:24  INFO      Total raw rows: 4541
14:28:24  INFO      Cleaning 4541 rows...
14:28:24  INFO      Clean complete. Shape: (4541, 84)
14:28:25  INFO        2026_07.csv — adding 4541 new rows (was 39040, now 43581)
14:28:25  INFO        Wrote /home/runner/work/OGUN_CSV/OGUN_CSV/data/2026_07.csv
14:28:25  INFO      Done.
15:44:28  INFO      ============================================================
15:44:28  INFO      fetch_yesterday.py  |  target date: 2026-07-12
15:44:28  INFO      ============================================================
15:44:28  INFO      Fetching schedule for 2026-07-12 ...
15:44:28  INFO      Found 15 Final game(s). Fetching pitch data...
15:44:28  INFO      [1/15] Fetching game_pk=823358
15:44:29  INFO        game_pk=823358    MIL@PIT  328 rows
15:44:30  INFO      [2/15] Fetching game_pk=824814
15:44:30  INFO        game_pk=824814    KC@BAL  330 rows
15:44:32  INFO      [3/15] Fetching game_pk=822708
15:44:32  INFO        game_pk=822708    NYY@WSH  281 rows
15:44:34  INFO      [4/15] Fetching game_pk=824491
15:44:34  INFO        game_pk=824491    CHC@CIN  295 rows
15:44:36  INFO      [5/15] Fetching game_pk=823602
15:44:36  INFO        game_pk=823602    BOS@NYM  273 rows
15:44:37  INFO      [6/15] Fetching game_pk=822951
15:44:38  INFO        game_pk=822951    SEA@TB  315 rows
15:44:39  INFO      [7/15] Fetching game_pk=824250
15:44:40  INFO        game_pk=824250    PHI@DET  310 rows
15:44:41  INFO      [8/15] Fetching game_pk=823842
15:44:41  INFO        game_pk=823842    CLE@MIA  303 rows
15:44:43  INFO      [9/15] Fetching game_pk=823681
15:44:43  INFO        game_pk=823681    LAA@MIN  273 rows
15:44:45  INFO      [10/15] Fetching game_pk=824574
15:44:45  INFO        game_pk=824574    ATH@CWS  257 rows
15:44:46  INFO      [11/15] Fetching game_pk=823029
15:44:47  INFO        game_pk=823029    ATL@STL  323 rows
15:44:48  INFO      [12/15] Fetching game_pk=822876
15:44:49  INFO        game_pk=822876    HOU@TEX  305 rows
15:44:50  INFO      [13/15] Fetching game_pk=823199
15:44:50  INFO        game_pk=823199    COL@SF  249 rows
15:44:52  INFO      [14/15] Fetching game_pk=823925
15:44:52  INFO        game_pk=823925    AZ@LAD  300 rows
15:44:54  INFO      [15/15] Fetching game_pk=823274
15:44:54  INFO        game_pk=823274    TOR@SD  288 rows
15:44:56  INFO      Total raw rows: 4430
15:44:56  INFO      Cleaning 4430 rows...
15:44:56  INFO      Clean complete. Shape: (4430, 84)
15:44:56  INFO        2026_07.csv — adding 4430 new rows (was 43581, now 48011)
15:44:57  INFO        Wrote /home/runner/work/OGUN_CSV/OGUN_CSV/data/2026_07.csv
15:44:57  INFO      Done.
14:53:25  INFO      ============================================================
14:53:25  INFO      fetch_yesterday.py  |  target date: 2026-07-13
14:53:25  INFO      ============================================================
14:53:25  INFO      Fetching schedule for 2026-07-13 ...
14:53:25  INFO      No Final games found for 2026-07-13 — nothing to do.
14:52:19  INFO      ============================================================
14:52:19  INFO      fetch_yesterday.py  |  target date: 2026-07-14
14:52:19  INFO      ============================================================
14:52:19  INFO      Fetching schedule for 2026-07-14 ...
14:52:19  INFO      Found 1 Final game(s). Fetching pitch data...
14:52:19  INFO      [1/1] Fetching game_pk=823443
14:52:20  INFO        game_pk=823443    AL@NL  260 rows
14:52:21  INFO      Total raw rows: 260
14:52:21  INFO      Cleaning 260 rows...
14:52:21  INFO      Clean complete. Shape: (260, 84)
14:52:22  INFO        2026_07.csv — adding 260 new rows (was 48011, now 48271)
14:52:23  INFO        Wrote /home/runner/work/OGUN_CSV/OGUN_CSV/data/2026_07.csv
14:52:23  INFO      Done.
15:04:00  INFO      ============================================================
15:04:00  INFO      fetch_yesterday.py  |  target date: 2026-07-15
15:04:00  INFO      ============================================================
15:04:00  INFO      Fetching schedule for 2026-07-15 ...
15:04:00  INFO      No Final games found for 2026-07-15 — nothing to do.
14:45:18  INFO      ============================================================
14:45:18  INFO      fetch_yesterday.py  |  target date: 2026-07-16
14:45:18  INFO      ============================================================
14:45:18  INFO      Fetching schedule for 2026-07-16 ...
14:45:19  INFO      Found 1 Final game(s). Fetching pitch data...
14:45:19  INFO      [1/1] Fetching game_pk=823440
14:45:19  INFO        game_pk=823440    NYM@PHI  258 rows
14:45:20  INFO      Total raw rows: 258
14:45:20  INFO      Cleaning 258 rows...
14:45:20  INFO      Clean complete. Shape: (258, 84)
14:45:21  INFO        2026_07.csv — adding 258 new rows (was 48271, now 48529)
14:45:22  INFO        Wrote /home/runner/work/OGUN_CSV/OGUN_CSV/data/2026_07.csv
14:45:22  INFO      Done.
14:21:22  INFO      ============================================================
14:21:22  INFO      fetch_yesterday.py  |  target date: 2026-07-17
14:21:22  INFO      ============================================================
14:21:22  INFO      Fetching schedule for 2026-07-17 ...
14:21:22  WARNING   POSTPONED   date=2026-07-17  game_pk=824414  PIT@CLE
14:21:22  INFO      Found 14 Final game(s). Fetching pitch data...
14:21:22  INFO      [1/14] Fetching game_pk=824766
14:21:22  INFO        game_pk=824766    TB@BOS  248 rows
14:21:23  INFO      [2/14] Fetching game_pk=824737
14:21:24  INFO        game_pk=824737    TB@BOS  263 rows
14:21:25  INFO      [3/14] Fetching game_pk=823524
14:21:25  INFO        game_pk=823524    LAD@NYY  285 rows
14:21:27  INFO      [4/14] Fetching game_pk=824901
14:21:27  INFO        game_pk=824901    TEX@ATL  321 rows
14:21:29  INFO      [5/14] Fetching game_pk=822789
14:21:29  INFO        game_pk=822789    CWS@TOR  333 rows
14:21:30  INFO      [6/14] Fetching game_pk=823766
14:21:31  INFO        game_pk=823766    MIA@MIL  328 rows
14:21:32  INFO      [7/14] Fetching game_pk=824655
14:21:32  INFO        game_pk=824655    MIN@CHC  293 rows
14:21:34  INFO      [8/14] Fetching game_pk=824170
14:21:34  INFO        game_pk=824170    BAL@HOU  342 rows
14:21:35  INFO      [9/14] Fetching game_pk=824090
14:21:36  INFO        game_pk=824090    SD@KC  322 rows
14:21:37  INFO      [10/14] Fetching game_pk=824332
14:21:37  INFO        game_pk=824332    CIN@COL  264 rows
14:21:39  INFO      [11/14] Fetching game_pk=824009
14:21:39  INFO        game_pk=824009    DET@LAA  281 rows
14:21:41  INFO      [12/14] Fetching game_pk=824981
14:21:41  INFO        game_pk=824981    WSH@ATH  371 rows
14:21:42  INFO      [13/14] Fetching game_pk=825060
14:21:43  INFO        game_pk=825060    STL@AZ  301 rows
14:21:44  INFO      [14/14] Fetching game_pk=823115
14:21:44  INFO        game_pk=823115    SF@SEA  295 rows
14:21:46  INFO      Total raw rows: 4247
14:21:46  INFO      Cleaning 4247 rows...
14:21:46  INFO      Clean complete. Shape: (4247, 84)
14:21:47  INFO        2026_07.csv — adding 4247 new rows (was 48529, now 52776)
14:21:48  INFO        Wrote /home/runner/work/OGUN_CSV/OGUN_CSV/data/2026_07.csv
14:21:48  INFO      Done.
14:24:47  INFO      ============================================================
14:24:47  INFO      fetch_yesterday.py  |  target date: 2026-07-18
14:24:47  INFO      ============================================================
14:24:47  INFO      Fetching schedule for 2026-07-18 ...
14:24:48  WARNING   POSTPONED   date=2026-07-18  game_pk=823523  LAD@NYY
14:24:48  INFO      Found 15 Final game(s). Fetching pitch data...
14:24:48  INFO      [1/15] Fetching game_pk=824414
14:24:48  INFO        game_pk=824414    PIT@CLE  265 rows
14:24:49  INFO      [2/15] Fetching game_pk=824412
14:24:50  INFO        game_pk=824412    PIT@CLE  303 rows
14:24:51  INFO      [3/15] Fetching game_pk=824657
14:24:52  INFO        game_pk=824657    MIN@CHC  285 rows
14:24:53  INFO      [4/15] Fetching game_pk=823441
14:24:53  INFO        game_pk=823441    NYM@PHI  309 rows
14:24:55  INFO      [5/15] Fetching game_pk=822790
14:24:55  INFO        game_pk=822790    CWS@TOR  222 rows
14:24:56  INFO      [6/15] Fetching game_pk=824331
14:24:57  INFO        game_pk=824331    CIN@COL  252 rows
14:24:58  INFO      [7/15] Fetching game_pk=824169
14:24:59  INFO        game_pk=824169    BAL@HOU  343 rows
14:25:00  INFO      [8/15] Fetching game_pk=824088
14:25:00  INFO        game_pk=824088    SD@KC  266 rows
14:25:02  INFO      [9/15] Fetching game_pk=825059
14:25:02  INFO        game_pk=825059    STL@AZ  288 rows
14:25:03  INFO      [10/15] Fetching game_pk=824738
14:25:04  INFO        game_pk=824738    TB@BOS  277 rows
14:25:05  INFO      [11/15] Fetching game_pk=824899
14:25:05  INFO        game_pk=824899    TEX@ATL  297 rows
14:25:07  INFO      [12/15] Fetching game_pk=823763
14:25:07  INFO        game_pk=823763    MIA@MIL  323 rows
14:25:09  INFO      [13/15] Fetching game_pk=823116
14:25:09  INFO        game_pk=823116    SF@SEA  298 rows
14:25:11  INFO      [14/15] Fetching game_pk=824979
14:25:11  INFO        game_pk=824979    WSH@ATH  288 rows
14:25:12  INFO      [15/15] Fetching game_pk=824008
14:25:12  INFO        game_pk=824008    DET@LAA  285 rows
14:25:14  INFO      Total raw rows: 4301
14:25:14  INFO      Cleaning 4301 rows...
14:25:14  INFO      Clean complete. Shape: (4301, 84)
14:25:15  INFO        2026_07.csv — adding 4301 new rows (was 52776, now 57077)
14:25:16  INFO        Wrote /home/runner/work/OGUN_CSV/OGUN_CSV/data/2026_07.csv
14:25:16  INFO      Done.
15:12:48  INFO      ============================================================
15:12:48  INFO      fetch_yesterday.py  |  target date: 2026-07-19
15:12:48  INFO      ============================================================
15:12:48  INFO      Fetching schedule for 2026-07-19 ...
15:12:48  INFO      Found 16 Final game(s). Fetching pitch data...
15:12:48  INFO      [1/16] Fetching game_pk=822786
15:12:48  INFO        game_pk=822786    CWS@TOR  256 rows
15:12:50  INFO      [2/16] Fetching game_pk=823523
15:12:50  INFO        game_pk=823523    LAD@NYY  308 rows
15:12:52  INFO      [3/16] Fetching game_pk=823521
15:12:52  INFO        game_pk=823521    LAD@NYY  278 rows
15:12:53  INFO      [4/16] Fetching game_pk=824739
15:12:54  INFO        game_pk=824739    TB@BOS  262 rows
15:12:55  INFO      [5/16] Fetching game_pk=823439
15:12:55  INFO        game_pk=823439    NYM@PHI  355 rows
15:12:57  INFO      [6/16] Fetching game_pk=824897
15:12:57  INFO        game_pk=824897    TEX@ATL  293 rows
15:12:58  INFO      [7/16] Fetching game_pk=824411
15:12:59  INFO        game_pk=824411    PIT@CLE  273 rows
15:13:00  INFO      [8/16] Fetching game_pk=824168
15:13:00  INFO        game_pk=824168    BAL@HOU  296 rows
15:13:02  INFO      [9/16] Fetching game_pk=824086
15:13:02  INFO        game_pk=824086    SD@KC  327 rows
15:13:03  INFO      [10/16] Fetching game_pk=823764
15:13:04  INFO        game_pk=823764    MIA@MIL  296 rows
15:13:05  INFO      [11/16] Fetching game_pk=824653
15:13:05  INFO        game_pk=824653    MIN@CHC  311 rows
15:13:07  INFO      [12/16] Fetching game_pk=824330
15:13:07  INFO        game_pk=824330    CIN@COL  291 rows
15:13:09  INFO      [13/16] Fetching game_pk=824978
15:13:09  INFO        game_pk=824978    WSH@ATH  300 rows
15:13:10  INFO      [14/16] Fetching game_pk=824007
15:13:10  INFO        game_pk=824007    DET@LAA  304 rows
15:13:12  INFO      [15/16] Fetching game_pk=823113
15:13:12  INFO        game_pk=823113    SF@SEA  277 rows
15:13:14  INFO      [16/16] Fetching game_pk=825057
15:13:14  INFO        game_pk=825057    STL@AZ  360 rows
15:13:15  INFO      Total raw rows: 4787
15:13:15  INFO      Cleaning 4787 rows...
15:13:16  INFO      Clean complete. Shape: (4787, 84)
15:13:16  INFO        2026_07.csv — adding 4787 new rows (was 57077, now 61864)
15:13:18  INFO        Wrote /home/runner/work/OGUN_CSV/OGUN_CSV/data/2026_07.csv
15:13:18  INFO      Done.
15:05:28  INFO      ============================================================
15:05:28  INFO      fetch_yesterday.py  |  target date: 2026-07-20
15:05:28  INFO      ============================================================
15:05:28  INFO      Fetching schedule for 2026-07-20 ...
15:05:29  INFO      Found 15 Final game(s). Fetching pitch data...
15:05:29  INFO      [1/15] Fetching game_pk=824410
15:05:29  INFO        game_pk=824410    MIN@CLE  317 rows
15:05:30  INFO      [2/15] Fetching game_pk=823522
15:05:31  INFO        game_pk=823522    PIT@NYY  309 rows
15:05:32  INFO      [3/15] Fetching game_pk=822788
15:05:32  INFO        game_pk=822788    TB@TOR  267 rows
15:05:34  INFO      [4/15] Fetching game_pk=824736
15:05:34  INFO        game_pk=824736    BAL@BOS  248 rows
15:05:35  INFO      [5/15] Fetching game_pk=823436
15:05:36  INFO        game_pk=823436    LAD@PHI  289 rows
15:05:37  INFO      [6/15] Fetching game_pk=824898
15:05:37  INFO        game_pk=824898    SD@ATL  233 rows
15:05:39  INFO      [7/15] Fetching game_pk=824087
15:05:39  INFO        game_pk=824087    SF@KC  267 rows
15:05:41  INFO      [8/15] Fetching game_pk=823762
15:05:41  INFO        game_pk=823762    NYM@MIL  302 rows
15:05:42  INFO      [9/15] Fetching game_pk=824654
15:05:43  INFO        game_pk=824654    DET@CHC  370 rows
15:05:44  INFO      [10/15] Fetching game_pk=822874
15:05:45  INFO        game_pk=822874    CWS@TEX  348 rows
15:05:46  INFO      [11/15] Fetching game_pk=824167
15:05:46  INFO        game_pk=824167    MIA@HOU  310 rows
15:05:48  INFO      [12/15] Fetching game_pk=824328
15:05:48  INFO        game_pk=824328    WSH@COL  261 rows
15:05:50  INFO      [13/15] Fetching game_pk=825058
15:05:50  INFO        game_pk=825058    ATH@AZ  299 rows
15:05:51  INFO      [14/15] Fetching game_pk=823112
15:05:52  INFO        game_pk=823112    CIN@SEA  268 rows
15:05:53  INFO      [15/15] Fetching game_pk=824006
15:05:53  INFO        game_pk=824006    STL@LAA  272 rows
15:05:55  INFO      Total raw rows: 4360
15:05:55  INFO      Cleaning 4360 rows...
15:05:55  INFO      Clean complete. Shape: (4360, 84)
15:05:56  INFO        2026_07.csv — adding 4360 new rows (was 61864, now 66224)
15:05:57  INFO        Wrote /home/runner/work/OGUN_CSV/OGUN_CSV/data/2026_07.csv
15:05:57  INFO      Done.
15:05:32  INFO      ============================================================
15:05:32  INFO      fetch_yesterday.py  |  target date: 2026-07-21
15:05:32  INFO      ============================================================
15:05:32  INFO      Fetching schedule for 2026-07-21 ...
15:05:32  WARNING   POSTPONED   date=2026-07-21  game_pk=823519  PIT@NYY
15:05:32  WARNING   POSTPONED   date=2026-07-21  game_pk=824735  BAL@BOS
15:05:32  INFO      Found 13 Final game(s). Fetching pitch data...
15:05:32  INFO      [1/13] Fetching game_pk=824409
15:05:32  INFO        game_pk=824409    MIN@CLE  273 rows
15:05:34  INFO      [2/13] Fetching game_pk=823437
15:05:34  INFO        game_pk=823437    LAD@PHI  238 rows
15:05:35  INFO      [3/13] Fetching game_pk=822787
15:05:36  INFO        game_pk=822787    TB@TOR  344 rows
15:05:37  INFO      [4/13] Fetching game_pk=824895
15:05:37  INFO        game_pk=824895    SD@ATL  324 rows
15:05:39  INFO      [5/13] Fetching game_pk=824085
15:05:39  INFO        game_pk=824085    SF@KC  271 rows
15:05:41  INFO      [6/13] Fetching game_pk=823760
15:05:41  INFO        game_pk=823760    NYM@MIL  302 rows
15:05:42  INFO      [7/13] Fetching game_pk=824652
15:05:43  INFO        game_pk=824652    DET@CHC  337 rows
15:05:44  INFO      [8/13] Fetching game_pk=822871
15:05:44  INFO        game_pk=822871    CWS@TEX  287 rows
15:05:46  INFO      [9/13] Fetching game_pk=824165
15:05:46  INFO        game_pk=824165    MIA@HOU  261 rows
15:05:48  INFO      [10/13] Fetching game_pk=824329
15:05:48  INFO        game_pk=824329    WSH@COL  292 rows
15:05:49  INFO      [11/13] Fetching game_pk=824005
15:05:49  INFO        game_pk=824005    STL@LAA  288 rows
15:05:51  INFO      [12/13] Fetching game_pk=825056
15:05:51  INFO        game_pk=825056    ATH@AZ  342 rows
15:05:53  INFO      [13/13] Fetching game_pk=823114
15:05:53  INFO        game_pk=823114    CIN@SEA  306 rows
15:05:54  INFO      Total raw rows: 3865
15:05:55  INFO      Cleaning 3865 rows...
15:05:55  INFO      Clean complete. Shape: (3865, 84)
15:05:55  INFO        2026_07.csv — adding 3865 new rows (was 66224, now 70089)
15:05:57  INFO        Wrote /home/runner/work/OGUN_CSV/OGUN_CSV/data/2026_07.csv
15:05:57  INFO      Done.
15:10:54  INFO      ============================================================
15:10:54  INFO      fetch_yesterday.py  |  target date: 2026-07-22
15:10:54  INFO      ============================================================
15:10:54  INFO      Fetching schedule for 2026-07-22 ...
15:10:55  INFO      Found 17 Final game(s). Fetching pitch data...
15:10:55  INFO      [1/17] Fetching game_pk=823518
15:10:55  INFO        game_pk=823518    PIT@NYY  323 rows
15:10:57  INFO      [2/17] Fetching game_pk=823519
15:10:57  INFO        game_pk=823519    PIT@NYY  233 rows
15:10:59  INFO      [3/17] Fetching game_pk=824735
15:10:59  INFO        game_pk=824735    BAL@BOS  241 rows
15:11:01  INFO      [4/17] Fetching game_pk=824732
15:11:01  INFO        game_pk=824732    BAL@BOS  296 rows
15:11:02  INFO      [5/17] Fetching game_pk=824083
15:11:03  INFO        game_pk=824083    SF@KC  243 rows
15:11:04  INFO      [6/17] Fetching game_pk=823761
15:11:05  INFO        game_pk=823761    NYM@MIL  319 rows
15:11:06  INFO      [7/17] Fetching game_pk=824327
15:11:06  INFO        game_pk=824327    WSH@COL  299 rows
15:11:08  INFO      [8/17] Fetching game_pk=825055
15:11:08  INFO        game_pk=825055    ATH@AZ  329 rows
15:11:10  INFO      [9/17] Fetching game_pk=823110
15:11:10  INFO        game_pk=823110    CIN@SEA  273 rows
15:11:12  INFO      [10/17] Fetching game_pk=824004
15:11:12  INFO        game_pk=824004    STL@LAA  280 rows
15:11:13  INFO      [11/17] Fetching game_pk=824408
15:11:14  INFO        game_pk=824408    MIN@CLE  339 rows
15:11:15  INFO      [12/17] Fetching game_pk=823438
15:11:15  INFO        game_pk=823438    LAD@PHI  305 rows
15:11:17  INFO      [13/17] Fetching game_pk=822784
15:11:17  INFO        game_pk=822784    TB@TOR  278 rows
15:11:19  INFO      [14/17] Fetching game_pk=824896
15:11:19  INFO        game_pk=824896    SD@ATL  322 rows
15:11:21  INFO      [15/17] Fetching game_pk=822873
15:11:21  INFO        game_pk=822873    CWS@TEX  289 rows
15:11:22  INFO      [16/17] Fetching game_pk=824650
15:11:23  INFO        game_pk=824650    DET@CHC  282 rows
15:11:25  INFO      [17/17] Fetching game_pk=824166
15:11:25  INFO        game_pk=824166    MIA@HOU  253 rows
15:11:27  INFO      Total raw rows: 4904
15:11:27  INFO      Cleaning 4904 rows...
15:11:27  INFO      Clean complete. Shape: (4904, 84)
15:11:28  INFO        2026_07.csv — adding 4904 new rows (was 70089, now 74993)
15:11:29  INFO        Wrote /home/runner/work/OGUN_CSV/OGUN_CSV/data/2026_07.csv
15:11:29  INFO      Done.
14:56:52  INFO      ============================================================
14:56:52  INFO      fetch_yesterday.py  |  target date: 2026-07-23
14:56:52  INFO      ============================================================
14:56:52  INFO      Fetching schedule for 2026-07-23 ...
14:56:53  INFO      Found 5 Final game(s). Fetching pitch data...
14:56:53  INFO      [1/5] Fetching game_pk=824893
14:56:53  INFO        game_pk=824893    SD@ATL  273 rows
14:56:54  INFO      [2/5] Fetching game_pk=824406
14:56:55  INFO        game_pk=824406    MIN@CLE  364 rows
14:56:56  INFO      [3/5] Fetching game_pk=822785
14:56:56  INFO        game_pk=822785    TB@TOR  237 rows
14:56:58  INFO      [4/5] Fetching game_pk=823042
14:56:58  INFO        game_pk=823042    AZ@STL  310 rows
14:57:00  INFO      [5/5] Fetching game_pk=824247
14:57:00  INFO        game_pk=824247    KC@DET  293 rows
14:57:01  INFO      Total raw rows: 1477
14:57:01  INFO      Cleaning 1477 rows...
14:57:02  INFO      Clean complete. Shape: (1477, 84)
14:57:02  INFO        2026_07.csv — adding 1477 new rows (was 74993, now 76470)
14:57:04  INFO        Wrote /home/runner/work/OGUN_CSV/OGUN_CSV/data/2026_07.csv
14:57:04  INFO      Done.
14:39:11  INFO      ============================================================
14:39:11  INFO      fetch_yesterday.py  |  target date: 2026-07-24
14:39:11  INFO      ============================================================
14:39:11  INFO      Fetching schedule for 2026-07-24 ...
14:39:11  INFO      Found 15 Final game(s). Fetching pitch data...
14:39:11  INFO      [1/15] Fetching game_pk=823759
14:39:12  INFO        game_pk=823759    COL@MIL  309 rows
14:39:13  INFO      [2/15] Fetching game_pk=824248
14:39:13  INFO        game_pk=824248    KC@DET  234 rows
14:39:15  INFO      [3/15] Fetching game_pk=823352
14:39:15  INFO        game_pk=823352    CHC@PIT  282 rows
14:39:17  INFO      [4/15] Fetching game_pk=822707
14:39:18  INFO        game_pk=822707    AZ@WSH  280 rows
14:39:19  INFO      [5/15] Fetching game_pk=823434
14:39:19  INFO        game_pk=823434    NYY@PHI  257 rows
14:39:21  INFO      [6/15] Fetching game_pk=824812
14:39:21  INFO        game_pk=824812    ATL@BAL  334 rows
14:39:23  INFO      [7/15] Fetching game_pk=823601
14:39:23  INFO        game_pk=823601    LAD@NYM  264 rows
14:39:25  INFO      [8/15] Fetching game_pk=822952
14:39:25  INFO        game_pk=822952    CLE@TB  292 rows
14:39:27  INFO      [9/15] Fetching game_pk=823843
14:39:27  INFO        game_pk=823843    SD@MIA  301 rows
14:39:29  INFO      [10/15] Fetching game_pk=824733
14:39:29  INFO        game_pk=824733    TOR@BOS  335 rows
14:39:30  INFO      [11/15] Fetching game_pk=824573
14:39:31  INFO        game_pk=824573    HOU@CWS  348 rows
14:39:32  INFO      [12/15] Fetching game_pk=822872
14:39:33  INFO        game_pk=822872    SEA@TEX  281 rows
14:39:34  INFO      [13/15] Fetching game_pk=823680
14:39:34  INFO        game_pk=823680    ATH@MIN  276 rows
14:39:36  INFO      [14/15] Fetching game_pk=823031
14:39:36  INFO        game_pk=823031    CIN@STL  271 rows
14:39:38  INFO      [15/15] Fetching game_pk=823196
14:39:38  INFO        game_pk=823196    LAA@SF  340 rows
14:39:40  INFO      Total raw rows: 4404
14:39:40  INFO      Cleaning 4404 rows...
14:39:40  INFO      Clean complete. Shape: (4404, 84)
14:39:41  INFO        2026_07.csv — adding 4404 new rows (was 76470, now 80874)
14:39:42  INFO        Wrote /home/runner/work/OGUN_CSV/OGUN_CSV/data/2026_07.csv
14:39:42  INFO      Done.
14:37:54  INFO      ============================================================
14:37:54  INFO      fetch_yesterday.py  |  target date: 2026-07-25
14:37:54  INFO      ============================================================
14:37:54  INFO      Fetching schedule for 2026-07-25 ...
14:37:55  INFO      Found 15 Final game(s). Fetching pitch data...
14:37:55  INFO      [1/15] Fetching game_pk=824244
14:37:55  INFO        game_pk=824244    KC@DET  251 rows
14:37:56  INFO      [2/15] Fetching game_pk=822704
14:37:57  INFO        game_pk=822704    AZ@WSH  269 rows
14:37:58  INFO      [3/15] Fetching game_pk=823197
14:37:58  INFO        game_pk=823197    LAA@SF  278 rows
14:38:00  INFO      [4/15] Fetching game_pk=824734
14:38:00  INFO        game_pk=824734    TOR@BOS  258 rows
14:38:02  INFO      [5/15] Fetching game_pk=823841
14:38:02  INFO        game_pk=823841    SD@MIA  296 rows
14:38:03  INFO      [6/15] Fetching game_pk=823435
14:38:04  INFO        game_pk=823435    NYY@PHI  276 rows
14:38:05  INFO      [7/15] Fetching game_pk=822948
14:38:05  INFO        game_pk=822948    CLE@TB  262 rows
14:38:07  INFO      [8/15] Fetching game_pk=823355
14:38:07  INFO        game_pk=823355    CHC@PIT  313 rows
14:38:09  INFO      [9/15] Fetching game_pk=824811
14:38:09  INFO        game_pk=824811    ATL@BAL  291 rows
14:38:10  INFO      [10/15] Fetching game_pk=823679
14:38:11  INFO        game_pk=823679    ATH@MIN  253 rows
14:38:12  INFO      [11/15] Fetching game_pk=824571
14:38:12  INFO        game_pk=824571    HOU@CWS  288 rows
14:38:14  INFO      [12/15] Fetching game_pk=823758
14:38:14  INFO        game_pk=823758    COL@MIL  286 rows
14:38:16  INFO      [13/15] Fetching game_pk=823600
14:38:16  INFO        game_pk=823600    LAD@NYM  282 rows
14:38:17  INFO      [14/15] Fetching game_pk=823027
14:38:17  INFO        game_pk=823027    CIN@STL  257 rows
14:38:19  INFO      [15/15] Fetching game_pk=822869
14:38:19  INFO        game_pk=822869    SEA@TEX  267 rows
14:38:21  INFO      Total raw rows: 4127
14:38:21  INFO      Cleaning 4127 rows...
14:38:21  INFO      Clean complete. Shape: (4127, 84)
14:38:22  INFO        2026_07.csv — adding 4127 new rows (was 80874, now 85001)
14:38:23  INFO        Wrote /home/runner/work/OGUN_CSV/OGUN_CSV/data/2026_07.csv
14:38:23  INFO      Done.
15:43:27  INFO      ============================================================
15:43:27  INFO      fetch_yesterday.py  |  target date: 2026-07-26
15:43:27  INFO      ============================================================
15:43:27  INFO      Fetching schedule for 2026-07-26 ...
15:43:28  INFO      Found 15 Final game(s). Fetching pitch data...
15:43:28  INFO      [1/15] Fetching game_pk=822950
15:43:28  INFO        game_pk=822950    CLE@TB  224 rows
15:43:29  INFO      [2/15] Fetching game_pk=822706
15:43:30  INFO        game_pk=822706    AZ@WSH  299 rows
15:43:31  INFO      [3/15] Fetching game_pk=823354
15:43:32  INFO        game_pk=823354    CHC@PIT  289 rows
15:43:33  INFO      [4/15] Fetching game_pk=824730
15:43:34  INFO        game_pk=824730    TOR@BOS  269 rows
15:43:35  INFO      [5/15] Fetching game_pk=824810
15:43:35  INFO        game_pk=824810    ATL@BAL  366 rows
15:43:37  INFO      [6/15] Fetching game_pk=824246
15:43:37  INFO        game_pk=824246    KC@DET  337 rows
15:43:39  INFO      [7/15] Fetching game_pk=823599
15:43:39  INFO        game_pk=823599    LAD@NYM  335 rows
15:43:41  INFO      [8/15] Fetching game_pk=823840
15:43:41  INFO        game_pk=823840    SD@MIA  274 rows
15:43:43  INFO      [9/15] Fetching game_pk=823678
15:43:43  INFO        game_pk=823678    ATH@MIN  303 rows
15:43:44  INFO      [10/15] Fetching game_pk=824572
15:43:45  INFO        game_pk=824572    HOU@CWS  309 rows
15:43:46  INFO      [11/15] Fetching game_pk=823755
15:43:47  INFO        game_pk=823755    COL@MIL  288 rows
15:43:48  INFO      [12/15] Fetching game_pk=823028
15:43:49  INFO        game_pk=823028    CIN@STL  337 rows
15:43:50  INFO      [13/15] Fetching game_pk=822870
15:43:50  INFO        game_pk=822870    SEA@TEX  303 rows
15:43:52  INFO      [14/15] Fetching game_pk=823194
15:43:52  INFO        game_pk=823194    LAA@SF  286 rows
15:43:54  INFO      [15/15] Fetching game_pk=823433
15:43:54  INFO        game_pk=823433    NYY@PHI  305 rows
15:43:56  INFO      Total raw rows: 4524
15:43:56  INFO      Cleaning 4524 rows...
15:43:56  INFO      Clean complete. Shape: (4524, 84)
15:43:57  INFO        2026_07.csv — adding 4524 new rows (was 85001, now 89525)
15:43:59  INFO        Wrote /home/runner/work/OGUN_CSV/OGUN_CSV/data/2026_07.csv
15:43:59  INFO      Done.
15:23:09  INFO      ============================================================
15:23:09  INFO      fetch_yesterday.py  |  target date: 2026-07-27
15:23:09  INFO      ============================================================
15:23:09  INFO      Fetching schedule for 2026-07-27 ...
15:23:10  WARNING   POSTPONED   date=2026-07-27  game_pk=824490  CLE@CIN
15:23:10  INFO      Found 11 Final game(s). Fetching pitch data...
15:23:10  INFO      [1/11] Fetching game_pk=822868
15:23:10  INFO        game_pk=822868    SEA@TEX  257 rows
15:23:11  INFO      [2/11] Fetching game_pk=824245
15:23:12  INFO        game_pk=824245    BAL@DET  301 rows
15:23:13  INFO      [3/11] Fetching game_pk=823353
15:23:14  INFO        game_pk=823353    AZ@PIT  317 rows
15:23:15  INFO      [4/11] Fetching game_pk=823839
15:23:15  INFO        game_pk=823839    PHI@MIA  320 rows
15:23:17  INFO      [5/11] Fetching game_pk=822705
15:23:17  INFO        game_pk=822705    TOR@WSH  280 rows
15:23:18  INFO      [6/11] Fetching game_pk=823597
15:23:19  INFO        game_pk=823597    ATL@NYM  293 rows
15:23:20  INFO      [7/11] Fetching game_pk=824570
15:23:20  INFO        game_pk=824570    NYY@CWS  327 rows
15:23:22  INFO      [8/11] Fetching game_pk=823025
15:23:22  INFO        game_pk=823025    CHC@STL  290 rows
15:23:24  INFO      [9/11] Fetching game_pk=824001
15:23:24  INFO        game_pk=824001    HOU@LAA  345 rows
15:23:25  INFO      [10/11] Fetching game_pk=824977
15:23:26  INFO        game_pk=824977    BOS@ATH  273 rows
15:23:27  INFO      [11/11] Fetching game_pk=823195
15:23:27  INFO        game_pk=823195    MIL@SF  264 rows
15:23:29  INFO      Total raw rows: 3267
15:23:29  INFO      Cleaning 3267 rows...
15:23:29  INFO      Clean complete. Shape: (3267, 84)
15:23:30  INFO        2026_07.csv — adding 3267 new rows (was 89525, now 92792)
15:23:32  INFO        Wrote /home/runner/work/OGUN_CSV/OGUN_CSV/data/2026_07.csv
15:23:32  INFO      Done.
15:32:28  INFO      ============================================================
15:32:28  INFO      fetch_yesterday.py  |  target date: 2026-07-28
15:32:28  INFO      ============================================================
15:32:28  INFO      Fetching schedule for 2026-07-28 ...
15:32:29  WARNING   POSTPONED   date=2026-07-28  game_pk=823598  ATL@NYM
15:32:29  INFO      Found 15 Final game(s). Fetching pitch data...
15:32:29  INFO      [1/15] Fetching game_pk=824490
15:32:29  INFO        game_pk=824490    CLE@CIN  320 rows
15:32:31  INFO      [2/15] Fetching game_pk=824489
15:32:31  INFO        game_pk=824489    CLE@CIN  255 rows
15:32:33  INFO      [3/15] Fetching game_pk=824243
15:32:33  INFO        game_pk=824243    BAL@DET  287 rows
15:32:35  INFO      [4/15] Fetching game_pk=823350
15:32:35  INFO        game_pk=823350    AZ@PIT  411 rows
15:32:37  INFO      [5/15] Fetching game_pk=822949
15:32:37  INFO        game_pk=822949    TEX@TB  271 rows
15:32:39  INFO      [6/15] Fetching game_pk=823838
15:32:39  INFO        game_pk=823838    PHI@MIA  250 rows
15:32:40  INFO      [7/15] Fetching game_pk=822703
15:32:41  INFO        game_pk=822703    TOR@WSH  326 rows
15:32:42  INFO      [8/15] Fetching game_pk=823676
15:32:43  INFO        game_pk=823676    KC@MIN  291 rows
15:32:44  INFO      [9/15] Fetching game_pk=824569
15:32:45  INFO        game_pk=824569    NYY@CWS  281 rows
15:32:46  INFO      [10/15] Fetching game_pk=823026
15:32:46  INFO        game_pk=823026    CHC@STL  323 rows
15:32:48  INFO      [11/15] Fetching game_pk=824003
15:32:48  INFO        game_pk=824003    HOU@LAA  308 rows
15:32:50  INFO      [12/15] Fetching game_pk=824976
15:32:50  INFO        game_pk=824976    BOS@ATH  259 rows
15:32:51  INFO      [13/15] Fetching game_pk=823275
15:32:52  INFO        game_pk=823275    COL@SD  356 rows
15:32:53  INFO      [14/15] Fetching game_pk=823193
15:32:54  INFO        game_pk=823193    MIL@SF  348 rows
15:32:55  INFO      [15/15] Fetching game_pk=823923
15:32:55  INFO        game_pk=823923    SEA@LAD  300 rows
15:32:57  INFO      Total raw rows: 4586
15:32:57  INFO      Cleaning 4586 rows...
15:32:57  INFO      Clean complete. Shape: (4586, 84)
15:32:58  INFO        2026_07.csv — adding 4586 new rows (was 92792, now 97378)
15:33:00  INFO        Wrote /home/runner/work/OGUN_CSV/OGUN_CSV/data/2026_07.csv
15:33:00  INFO      Done.
15:11:44  INFO      ============================================================
15:11:44  INFO      fetch_yesterday.py  |  target date: 2026-07-29
15:11:44  INFO      ============================================================
15:11:44  INFO      Fetching schedule for 2026-07-29 ...
15:11:44  INFO      Found 16 Final game(s). Fetching pitch data...
15:11:44  INFO      [1/16] Fetching game_pk=823837
15:11:44  INFO        game_pk=823837    PHI@MIA  267 rows
15:11:46  INFO      [2/16] Fetching game_pk=823351
15:11:46  INFO        game_pk=823351    AZ@PIT  229 rows
15:11:48  INFO      [3/16] Fetching game_pk=822702
15:11:48  INFO        game_pk=822702    TOR@WSH  309 rows
15:11:49  INFO      [4/16] Fetching game_pk=824242
15:11:50  INFO        game_pk=824242    BAL@DET  357 rows
15:11:51  INFO      [5/16] Fetching game_pk=823596
15:11:51  INFO        game_pk=823596    ATL@NYM  275 rows
15:11:53  INFO      [6/16] Fetching game_pk=823598
15:11:53  INFO        game_pk=823598    ATL@NYM  289 rows
15:11:54  INFO      [7/16] Fetching game_pk=823192
15:11:55  INFO        game_pk=823192    MIL@SF  343 rows
15:11:56  INFO      [8/16] Fetching game_pk=823273
15:11:56  INFO        game_pk=823273    COL@SD  241 rows
15:11:58  INFO      [9/16] Fetching game_pk=822947
15:11:58  INFO        game_pk=822947    TEX@TB  249 rows
15:12:00  INFO      [10/16] Fetching game_pk=824487
15:12:00  INFO        game_pk=824487    CLE@CIN  350 rows
15:12:01  INFO      [11/16] Fetching game_pk=823677
15:12:02  INFO        game_pk=823677    KC@MIN  262 rows
15:12:03  INFO      [12/16] Fetching game_pk=824567
15:12:03  INFO        game_pk=824567    NYY@CWS  368 rows
15:12:05  INFO      [13/16] Fetching game_pk=823022
15:12:05  INFO        game_pk=823022    CHC@STL  298 rows
15:12:06  INFO      [14/16] Fetching game_pk=824002
15:12:07  INFO        game_pk=824002    HOU@LAA  314 rows
15:12:08  INFO      [15/16] Fetching game_pk=824973
15:12:08  INFO        game_pk=824973    BOS@ATH  339 rows
15:12:10  INFO      [16/16] Fetching game_pk=823924
15:12:10  INFO        game_pk=823924    SEA@LAD  270 rows
15:12:12  INFO      Total raw rows: 4760
15:12:12  INFO      Cleaning 4760 rows...
15:12:12  INFO      Clean complete. Shape: (4760, 84)
15:12:13  INFO        2026_07.csv — adding 4760 new rows (was 97378, now 102138)
15:12:15  INFO        Wrote /home/runner/work/OGUN_CSV/OGUN_CSV/data/2026_07.csv
15:12:15  INFO      Done.
15:22:52  INFO      ============================================================
15:22:52  INFO      fetch_yesterday.py  |  target date: 2026-07-30
15:22:52  INFO      ============================================================
15:22:52  INFO      Fetching schedule for 2026-07-30 ...
15:22:55  INFO      Found 10 Final game(s). Fetching pitch data...
15:22:55  INFO      [1/10] Fetching game_pk=822946
15:22:55  INFO        game_pk=822946    TEX@TB  302 rows
15:22:57  INFO      [2/10] Fetching game_pk=823674
15:22:57  INFO        game_pk=823674    KC@MIN  261 rows
15:22:58  INFO      [3/10] Fetching game_pk=824568
15:22:59  INFO        game_pk=824568    NYY@CWS  321 rows
15:23:00  INFO      [4/10] Fetching game_pk=823023
15:23:00  INFO        game_pk=823023    CHC@STL  324 rows
15:23:02  INFO      [5/10] Fetching game_pk=824488
15:23:02  INFO        game_pk=824488    PIT@CIN  337 rows
15:23:03  INFO      [6/10] Fetching game_pk=823595
15:23:04  INFO        game_pk=823595    MIA@NYM  273 rows
15:23:05  INFO      [7/10] Fetching game_pk=824894
15:23:05  INFO        game_pk=824894    WSH@ATL  238 rows
15:23:07  INFO      [8/10] Fetching game_pk=824974
15:23:07  INFO        game_pk=824974    BOS@ATH  242 rows
15:23:09  INFO      [9/10] Fetching game_pk=823271
15:23:09  INFO        game_pk=823271    SF@SD  300 rows
15:23:10  INFO      [10/10] Fetching game_pk=823921
15:23:11  INFO        game_pk=823921    SEA@LAD  307 rows
15:23:12  INFO      Total raw rows: 2905
15:23:12  INFO      Cleaning 2905 rows...
15:23:12  INFO      Clean complete. Shape: (2905, 84)
15:23:13  INFO        2026_07.csv — adding 2905 new rows (was 102138, now 105043)
15:23:15  INFO        Wrote /home/runner/work/OGUN_CSV/OGUN_CSV/data/2026_07.csv
15:23:15  INFO      Done.
14:27:49  INFO      ============================================================
14:27:49  INFO      fetch_yesterday.py  |  target date: 2026-07-31
14:27:49  INFO      ============================================================
14:27:49  INFO      Fetching schedule for 2026-07-31 ...
14:27:49  INFO      Found 15 Final game(s). Fetching pitch data...
14:27:49  INFO      [1/15] Fetching game_pk=824651
14:27:50  INFO        game_pk=824651    NYY@CHC  261 rows
14:27:51  INFO      [2/15] Fetching game_pk=824486
14:27:51  INFO        game_pk=824486    PIT@CIN  316 rows
14:27:53  INFO      [3/15] Fetching game_pk=824809
14:27:53  INFO        game_pk=824809    PHI@BAL  288 rows
14:27:55  INFO      [4/15] Fetching game_pk=822782
14:27:55  INFO        game_pk=822782    STL@TOR  282 rows
14:27:56  INFO      [5/15] Fetching game_pk=824407
14:27:57  INFO        game_pk=824407    AZ@CLE  254 rows
14:27:58  INFO      [6/15] Fetching game_pk=822945
14:27:59  INFO        game_pk=822945    CWS@TB  273 rows
14:28:00  INFO      [7/15] Fetching game_pk=823593
14:28:00  INFO        game_pk=823593    MIA@NYM  257 rows
14:28:02  INFO      [8/15] Fetching game_pk=824892
14:28:02  INFO        game_pk=824892    WSH@ATL  296 rows
14:28:04  INFO      [9/15] Fetching game_pk=824164
14:28:04  INFO        game_pk=824164    TEX@HOU  321 rows
14:28:05  INFO      [10/15] Fetching game_pk=824325
14:28:06  INFO        game_pk=824325    KC@COL  227 rows
14:28:07  INFO      [11/15] Fetching game_pk=823999
14:28:07  INFO        game_pk=823999    MIL@LAA  306 rows
14:28:09  INFO      [12/15] Fetching game_pk=824975
14:28:09  INFO        game_pk=824975    DET@ATH  299 rows
14:28:11  INFO      [13/15] Fetching game_pk=823272
14:28:11  INFO        game_pk=823272    SF@SD  270 rows
14:28:13  INFO      [14/15] Fetching game_pk=823922
14:28:13  INFO        game_pk=823922    BOS@LAD  306 rows
14:28:14  INFO      [15/15] Fetching game_pk=823111
14:28:15  INFO        game_pk=823111    MIN@SEA  300 rows
14:28:16  INFO      Total raw rows: 4256
14:28:16  INFO      Cleaning 4256 rows...
14:28:16  INFO      Clean complete. Shape: (4256, 84)
14:28:17  INFO        2026_07.csv — adding 4256 new rows (was 105043, now 109299)
14:28:19  INFO        Wrote /home/runner/work/OGUN_CSV/OGUN_CSV/data/2026_07.csv
14:28:19  INFO      Done.
14:37:37  INFO      ============================================================
14:37:37  INFO      fetch_yesterday.py  |  target date: 2026-08-01
14:37:37  INFO      ============================================================
14:37:37  INFO      Fetching schedule for 2026-08-01 ...
14:37:38  INFO      Found 15 Final game(s). Fetching pitch data...
14:37:38  INFO      [1/15] Fetching game_pk=822781
14:37:39  INFO        game_pk=822781    STL@TOR  299 rows
14:37:40  INFO      [2/15] Fetching game_pk=823109
14:37:41  INFO        game_pk=823109    MIN@SEA  277 rows
14:37:43  INFO      [3/15] Fetching game_pk=822944
14:37:43  INFO        game_pk=822944    CWS@TB  242 rows
14:37:44  INFO      [4/15] Fetching game_pk=823594
14:37:45  INFO        game_pk=823594    MIA@NYM  283 rows
14:37:46  INFO      [5/15] Fetching game_pk=824485
14:37:46  INFO        game_pk=824485    PIT@CIN  299 rows
14:37:48  INFO      [6/15] Fetching game_pk=824808
14:37:48  INFO        game_pk=824808    PHI@BAL  310 rows
14:37:50  INFO      [7/15] Fetching game_pk=824162
14:37:50  INFO        game_pk=824162    TEX@HOU  308 rows
14:37:52  INFO      [8/15] Fetching game_pk=824405
14:37:52  INFO        game_pk=824405    AZ@CLE  393 rows
14:37:54  INFO      [9/15] Fetching game_pk=824890
14:37:54  INFO        game_pk=824890    WSH@ATL  257 rows
14:37:55  INFO      [10/15] Fetching game_pk=824649
14:37:56  INFO        game_pk=824649    NYY@CHC  286 rows
14:37:57  INFO      [11/15] Fetching game_pk=824326
14:37:57  INFO        game_pk=824326    KC@COL  316 rows
14:37:59  INFO      [12/15] Fetching game_pk=823269
14:37:59  INFO        game_pk=823269    SF@SD  305 rows
14:38:01  INFO      [13/15] Fetching game_pk=823920
14:38:01  INFO        game_pk=823920    BOS@LAD  224 rows
14:38:02  INFO      [14/15] Fetching game_pk=824000
14:38:03  INFO        game_pk=824000    MIL@LAA  286 rows
14:38:04  INFO      [15/15] Fetching game_pk=824972
14:38:04  INFO        game_pk=824972    DET@ATH  328 rows
14:38:06  INFO      Total raw rows: 4413
14:38:06  INFO      Cleaning 4413 rows...
14:38:06  INFO      Clean complete. Shape: (4413, 84)
14:38:06  INFO        2026_08.csv — new file, writing 4413 rows
14:38:06  INFO        Wrote /home/runner/work/OGUN_CSV/OGUN_CSV/data/2026_08.csv
14:38:06  INFO      Done.
15:44:50  INFO      ============================================================
15:44:50  INFO      fetch_yesterday.py  |  target date: 2026-08-02
15:44:50  INFO      ============================================================
15:44:50  INFO      Fetching schedule for 2026-08-02 ...
15:44:50  INFO      Found 14 Final game(s). Fetching pitch data...
15:44:50  INFO      [1/14] Fetching game_pk=824891
15:44:50  INFO        game_pk=824891    WSH@ATL  260 rows
15:44:52  INFO      [2/14] Fetching game_pk=822783
15:44:52  INFO        game_pk=822783    STL@TOR  280 rows
15:44:54  INFO      [3/14] Fetching game_pk=824404
15:44:54  INFO        game_pk=824404    AZ@CLE  288 rows
15:44:55  INFO      [4/14] Fetching game_pk=824483
15:44:55  INFO        game_pk=824483    PIT@CIN  308 rows
15:44:57  INFO      [5/14] Fetching game_pk=822943
15:44:57  INFO        game_pk=822943    CWS@TB  281 rows
15:44:59  INFO      [6/14] Fetching game_pk=823592
15:44:59  INFO        game_pk=823592    MIA@NYM  276 rows
15:45:00  INFO      [7/14] Fetching game_pk=824163
15:45:01  INFO        game_pk=824163    TEX@HOU  294 rows
15:45:02  INFO      [8/14] Fetching game_pk=824648
15:45:02  INFO        game_pk=824648    NYY@CHC  295 rows
15:45:04  INFO      [9/14] Fetching game_pk=824323
15:45:04  INFO        game_pk=824323    KC@COL  259 rows
15:45:06  INFO      [10/14] Fetching game_pk=823996
15:45:06  INFO        game_pk=823996    MIL@LAA  248 rows
15:45:07  INFO      [11/14] Fetching game_pk=824971
15:45:08  INFO        game_pk=824971    DET@ATH  340 rows
15:45:09  INFO      [12/14] Fetching game_pk=823270
15:45:09  INFO        game_pk=823270    SF@SD  329 rows
15:45:11  INFO      [13/14] Fetching game_pk=823107
15:45:11  INFO        game_pk=823107    MIN@SEA  308 rows
15:45:13  INFO      [14/14] Fetching game_pk=823919
15:45:13  INFO        game_pk=823919    BOS@LAD  334 rows
15:45:14  INFO      Total raw rows: 4100
15:45:14  INFO      Cleaning 4100 rows...
15:45:14  INFO      Clean complete. Shape: (4100, 84)
15:45:15  INFO        2026_08.csv — adding 4100 new rows (was 4413, now 8513)
15:45:15  INFO        Wrote /home/runner/work/OGUN_CSV/OGUN_CSV/data/2026_08.csv
15:45:15  INFO      Done.
15:26:10  INFO      ============================================================
15:26:10  INFO      fetch_yesterday.py  |  target date: 2026-08-03
15:26:10  INFO      ============================================================
15:26:10  INFO      Fetching schedule for 2026-08-03 ...
15:26:10  INFO      Found 8 Final game(s). Fetching pitch data...
15:26:10  INFO      [1/8] Fetching game_pk=823431
15:26:11  INFO        game_pk=823431    WSH@PHI  269 rows
15:26:12  INFO      [2/8] Fetching game_pk=823520
15:26:13  INFO        game_pk=823520    STL@NYY  369 rows
15:26:14  INFO      [3/8] Fetching game_pk=823757
15:26:14  INFO        game_pk=823757    PIT@MIL  316 rows
15:26:16  INFO      [4/8] Fetching game_pk=824647
15:26:16  INFO        game_pk=824647    LAD@CHC  291 rows
15:26:17  INFO      [5/8] Fetching game_pk=822867
15:26:18  INFO        game_pk=822867    SF@TEX  295 rows
15:26:19  INFO      [6/8] Fetching game_pk=824160
15:26:19  INFO        game_pk=824160    TOR@HOU  258 rows
15:26:21  INFO      [7/8] Fetching game_pk=824324
15:26:21  INFO        game_pk=824324    TB@COL  275 rows
15:26:23  INFO      [8/8] Fetching game_pk=825095
15:26:23  INFO        game_pk=825095    SD@AZ  278 rows
15:26:24  INFO      Total raw rows: 2351
15:26:24  INFO      Cleaning 2351 rows...
15:26:25  INFO      Clean complete. Shape: (2351, 84)
15:26:25  INFO        2026_08.csv — adding 2351 new rows (was 8513, now 10864)
15:26:25  INFO        Wrote /home/runner/work/OGUN_CSV/OGUN_CSV/data/2026_08.csv
15:26:25  INFO      Done.
15:15:16  INFO      ============================================================
15:15:16  INFO      fetch_yesterday.py  |  target date: 2026-08-04
15:15:16  INFO      ============================================================
15:15:16  INFO      Fetching schedule for 2026-08-04 ...
15:15:16  INFO      Found 15 Final game(s). Fetching pitch data...
15:15:16  INFO      [1/15] Fetching game_pk=824805
15:15:17  INFO        game_pk=824805    LAA@BAL  264 rows
15:15:18  INFO      [2/15] Fetching game_pk=824403
15:15:18  INFO        game_pk=824403    NYM@CLE  289 rows
15:15:20  INFO      [3/15] Fetching game_pk=824484
15:15:20  INFO        game_pk=824484    ATH@CIN  281 rows
15:15:22  INFO      [4/15] Fetching game_pk=823432
15:15:22  INFO        game_pk=823432    WSH@PHI  246 rows
15:15:23  INFO      [5/15] Fetching game_pk=823517
15:15:23  INFO        game_pk=823517    STL@NYY  248 rows
15:15:25  INFO      [6/15] Fetching game_pk=824731
15:15:25  INFO        game_pk=824731    CWS@BOS  276 rows
15:15:27  INFO      [7/15] Fetching game_pk=824888
15:15:27  INFO        game_pk=824888    MIA@ATL  247 rows
15:15:28  INFO      [8/15] Fetching game_pk=824084
15:15:29  INFO        game_pk=824084    MIN@KC  293 rows
15:15:30  INFO      [9/15] Fetching game_pk=823756
15:15:30  INFO        game_pk=823756    PIT@MIL  265 rows
15:15:32  INFO      [10/15] Fetching game_pk=824645
15:15:32  INFO        game_pk=824645    LAD@CHC  256 rows
15:15:34  INFO      [11/15] Fetching game_pk=822865
15:15:34  INFO        game_pk=822865    SF@TEX  304 rows
15:15:35  INFO      [12/15] Fetching game_pk=824161
15:15:36  INFO        game_pk=824161    TOR@HOU  257 rows
15:15:37  INFO      [13/15] Fetching game_pk=824321
15:15:37  INFO        game_pk=824321    TB@COL  336 rows
15:15:39  INFO      [14/15] Fetching game_pk=825054
15:15:39  INFO        game_pk=825054    SD@AZ  293 rows
15:15:41  INFO      [15/15] Fetching game_pk=823108
15:15:41  INFO        game_pk=823108    DET@SEA  292 rows
15:15:42  INFO      Total raw rows: 4147
15:15:42  INFO      Cleaning 4147 rows...
15:15:42  INFO      Clean complete. Shape: (4147, 84)
15:15:43  INFO        2026_08.csv — adding 4147 new rows (was 10864, now 15011)
15:15:43  INFO        Wrote /home/runner/work/OGUN_CSV/OGUN_CSV/data/2026_08.csv
15:15:43  INFO      Done.
15:15:13  INFO      ============================================================
15:15:13  INFO      fetch_yesterday.py  |  target date: 2026-08-05
15:15:13  INFO      ============================================================
15:15:13  INFO      Fetching schedule for 2026-08-05 ...
15:15:14  INFO      Found 15 Final game(s). Fetching pitch data...
15:15:14  INFO      [1/15] Fetching game_pk=824158
15:15:14  INFO        game_pk=824158    TOR@HOU  312 rows
15:15:15  INFO      [2/15] Fetching game_pk=824646
15:15:15  INFO        game_pk=824646    LAD@CHC  315 rows
15:15:17  INFO      [3/15] Fetching game_pk=822866
15:15:17  INFO        game_pk=822866    SF@TEX  282 rows
15:15:19  INFO      [4/15] Fetching game_pk=824322
15:15:19  INFO        game_pk=824322    TB@COL  257 rows
15:15:20  INFO      [5/15] Fetching game_pk=824806
15:15:21  INFO        game_pk=824806    LAA@BAL  285 rows
15:15:22  INFO      [6/15] Fetching game_pk=824402
15:15:22  INFO        game_pk=824402    NYM@CLE  361 rows
15:15:24  INFO      [7/15] Fetching game_pk=824482
15:15:24  INFO        game_pk=824482    ATH@CIN  259 rows
15:15:25  INFO      [8/15] Fetching game_pk=823429
15:15:26  INFO        game_pk=823429    WSH@PHI  374 rows
15:15:27  INFO      [9/15] Fetching game_pk=823516
15:15:27  INFO        game_pk=823516    STL@NYY  345 rows
15:15:29  INFO      [10/15] Fetching game_pk=824728
15:15:29  INFO        game_pk=824728    CWS@BOS  271 rows
15:15:31  INFO      [11/15] Fetching game_pk=824889
15:15:31  INFO        game_pk=824889    MIA@ATL  254 rows
15:15:32  INFO      [12/15] Fetching game_pk=824082
15:15:33  INFO        game_pk=824082    MIN@KC  240 rows
15:15:34  INFO      [13/15] Fetching game_pk=823753
15:15:34  INFO        game_pk=823753    PIT@MIL  283 rows
15:15:36  INFO      [14/15] Fetching game_pk=825052
15:15:36  INFO        game_pk=825052    SD@AZ  310 rows
15:15:37  INFO      [15/15] Fetching game_pk=823106
15:15:38  INFO        game_pk=823106    DET@SEA  224 rows
15:15:39  INFO      Total raw rows: 4372
15:15:39  INFO      Cleaning 4372 rows...
15:15:39  INFO      Clean complete. Shape: (4372, 84)
15:15:40  INFO        2026_08.csv — adding 4372 new rows (was 15011, now 19383)
15:15:40  INFO        Wrote /home/runner/work/OGUN_CSV/OGUN_CSV/data/2026_08.csv
15:15:40  INFO      Done.
14:14:10  INFO      ============================================================
14:14:10  INFO      fetch_yesterday.py  |  target date: 2026-08-06
14:14:10  INFO      ============================================================
14:14:10  INFO      Fetching schedule for 2026-08-06 ...
14:14:10  INFO      Found 11 Final game(s). Fetching pitch data...
14:14:10  INFO      [1/11] Fetching game_pk=824804
14:14:11  INFO        game_pk=824804    LAA@BAL  315 rows
14:14:12  INFO      [2/11] Fetching game_pk=824481
14:14:12  INFO        game_pk=824481    ATH@CIN  286 rows
14:14:14  INFO      [3/11] Fetching game_pk=824401
14:14:14  INFO        game_pk=824401    NYM@CLE  366 rows
14:14:16  INFO      [4/11] Fetching game_pk=823754
14:14:16  INFO        game_pk=823754    PIT@MIL  267 rows
14:14:17  INFO      [5/11] Fetching game_pk=824664
14:14:18  INFO        game_pk=824664    TOR@CHC  330 rows
14:14:19  INFO      [6/11] Fetching game_pk=823105
14:14:19  INFO        game_pk=823105    DET@SEA  306 rows
14:14:21  INFO      [7/11] Fetching game_pk=823430
14:14:21  INFO        game_pk=823430    WSH@PHI  300 rows
14:14:23  INFO      [8/11] Fetching game_pk=824729
14:14:23  INFO        game_pk=824729    CWS@BOS  443 rows
14:14:24  INFO      [9/11] Fetching game_pk=824885
14:14:25  INFO        game_pk=824885    MIA@ATL  289 rows
14:14:26  INFO      [10/11] Fetching game_pk=824080
14:14:26  INFO        game_pk=824080    MIN@KC  296 rows
14:14:28  INFO      [11/11] Fetching game_pk=825053
14:14:28  INFO        game_pk=825053    SD@AZ  305 rows
14:14:30  INFO      Total raw rows: 3503
14:14:30  INFO      Cleaning 3503 rows...
14:14:30  INFO      Clean complete. Shape: (3503, 84)
14:14:30  INFO        2026_08.csv — adding 3503 new rows (was 19383, now 22886)
14:14:31  INFO        Wrote /home/runner/work/OGUN_CSV/OGUN_CSV/data/2026_08.csv
14:14:31  INFO      Done.
13:47:18  INFO      ============================================================
13:47:18  INFO      fetch_yesterday.py  |  target date: 2026-08-07
13:47:18  INFO      ============================================================
13:47:18  INFO      Fetching schedule for 2026-08-07 ...
13:47:19  INFO      Found 15 Final game(s). Fetching pitch data...
13:47:19  INFO      [1/15] Fetching game_pk=823349
13:47:20  INFO        game_pk=823349    NYM@PIT  285 rows
13:47:22  INFO      [2/15] Fetching game_pk=823428
13:47:23  INFO        game_pk=823428    TOR@PHI  360 rows
13:47:24  INFO      [3/15] Fetching game_pk=822699
13:47:25  INFO        game_pk=822699    CIN@WSH  271 rows
13:47:27  INFO      [4/15] Fetching game_pk=823515
13:47:28  INFO        game_pk=823515    ATL@NYY  339 rows
13:47:29  INFO      [5/15] Fetching game_pk=824727
13:47:30  INFO        game_pk=824727    ATH@BOS  285 rows
13:47:32  INFO      [6/15] Fetching game_pk=823836
13:47:33  INFO        game_pk=823836    LAA@MIA  306 rows
13:47:34  INFO      [7/15] Fetching game_pk=824566
13:47:35  INFO        game_pk=824566    CLE@CWS  300 rows
13:47:37  INFO      [8/15] Fetching game_pk=823750
13:47:38  INFO        game_pk=823750    MIN@MIL  308 rows
13:47:39  INFO      [9/15] Fetching game_pk=824081
13:47:40  INFO        game_pk=824081    CHC@KC  298 rows
13:47:42  INFO      [10/15] Fetching game_pk=823024
13:47:43  INFO        game_pk=823024    COL@STL  274 rows
13:47:44  INFO      [11/15] Fetching game_pk=822863
13:47:45  INFO        game_pk=822863    BAL@TEX  232 rows
13:47:47  INFO      [12/15] Fetching game_pk=825051
13:47:48  INFO        game_pk=825051    LAD@AZ  266 rows
13:47:49  INFO      [13/15] Fetching game_pk=823266
13:47:50  INFO        game_pk=823266    HOU@SD  308 rows
13:47:52  INFO      [14/15] Fetching game_pk=823103
13:47:53  INFO        game_pk=823103    TB@SEA  250 rows
13:47:54  INFO      [15/15] Fetching game_pk=823191
13:47:55  INFO        game_pk=823191    DET@SF  264 rows
13:47:57  INFO      Total raw rows: 4346
13:47:57  INFO      Cleaning 4346 rows...
13:47:57  INFO      Clean complete. Shape: (4346, 84)
13:47:57  INFO        2026_08.csv — adding 4346 new rows (was 22886, now 27232)
13:47:58  INFO        Wrote /home/runner/work/OGUN_CSV/OGUN_CSV/data/2026_08.csv
13:47:58  INFO      Done.
13:51:33  INFO      ============================================================
13:51:33  INFO      fetch_yesterday.py  |  target date: 2026-08-08
13:51:33  INFO      ============================================================
13:51:33  INFO      Fetching schedule for 2026-08-08 ...
13:51:33  INFO      Found 15 Final game(s). Fetching pitch data...
13:51:33  INFO      [1/15] Fetching game_pk=823514
13:51:33  INFO        game_pk=823514    ATL@NYY  296 rows
13:51:35  INFO      [2/15] Fetching game_pk=824726
13:51:35  INFO        game_pk=824726    ATH@BOS  303 rows
13:51:36  INFO      [3/15] Fetching game_pk=823834
13:51:37  INFO        game_pk=823834    LAA@MIA  285 rows
13:51:38  INFO      [4/15] Fetching game_pk=823426
13:51:38  INFO        game_pk=823426    TOR@PHI  386 rows
13:51:40  INFO      [5/15] Fetching game_pk=823348
13:51:40  INFO        game_pk=823348    NYM@PIT  281 rows
13:51:41  INFO      [6/15] Fetching game_pk=822701
13:51:42  INFO        game_pk=822701    CIN@WSH  270 rows
13:51:43  INFO      [7/15] Fetching game_pk=824079
13:51:43  INFO        game_pk=824079    CHC@KC  289 rows
13:51:45  INFO      [8/15] Fetching game_pk=823752
13:51:45  INFO        game_pk=823752    MIN@MIL  292 rows
13:51:47  INFO      [9/15] Fetching game_pk=823267
13:51:47  INFO        game_pk=823267    HOU@SD  288 rows
13:51:48  INFO      [10/15] Fetching game_pk=823188
13:51:48  INFO        game_pk=823188    DET@SF  301 rows
13:51:50  INFO      [11/15] Fetching game_pk=823021
13:51:50  INFO        game_pk=823021    COL@STL  342 rows
13:51:52  INFO      [12/15] Fetching game_pk=822864
13:51:52  INFO        game_pk=822864    BAL@TEX  281 rows
13:51:53  INFO      [13/15] Fetching game_pk=824565
13:51:54  INFO        game_pk=824565    CLE@CWS  282 rows
13:51:55  INFO      [14/15] Fetching game_pk=825049
13:51:55  INFO        game_pk=825049    LAD@AZ  355 rows
13:51:57  INFO      [15/15] Fetching game_pk=823102
13:51:57  INFO        game_pk=823102    TB@SEA  280 rows
13:51:58  INFO      Total raw rows: 4531
13:51:59  INFO      Cleaning 4531 rows...
13:51:59  INFO      Clean complete. Shape: (4531, 84)
13:51:59  INFO        2026_08.csv — adding 4531 new rows (was 27232, now 31763)
13:52:00  INFO        Wrote /home/runner/work/OGUN_CSV/OGUN_CSV/data/2026_08.csv
13:52:00  INFO      Done.
14:21:05  INFO      ============================================================
14:21:05  INFO      fetch_yesterday.py  |  target date: 2026-08-09
14:21:05  INFO      ============================================================
14:21:05  INFO      Fetching schedule for 2026-08-09 ...
14:21:06  INFO      Found 15 Final game(s). Fetching pitch data...
14:21:06  INFO      [1/15] Fetching game_pk=822700
14:21:06  INFO        game_pk=822700    CIN@WSH  288 rows
14:21:07  INFO      [2/15] Fetching game_pk=824724
14:21:08  INFO        game_pk=824724    ATH@BOS  279 rows
14:21:09  INFO      [3/15] Fetching game_pk=823345
14:21:09  INFO        game_pk=823345    NYM@PIT  317 rows
14:21:11  INFO      [4/15] Fetching game_pk=823425
14:21:11  INFO        game_pk=823425    TOR@PHI  351 rows
14:21:13  INFO      [5/15] Fetching game_pk=823513
14:21:13  INFO        game_pk=823513    ATL@NYY  252 rows
14:21:15  INFO      [6/15] Fetching game_pk=823835
14:21:15  INFO        game_pk=823835    LAA@MIA  319 rows
14:21:16  INFO      [7/15] Fetching game_pk=824078
14:21:16  INFO        game_pk=824078    CHC@KC  292 rows
14:21:18  INFO      [8/15] Fetching game_pk=824564
14:21:18  INFO        game_pk=824564    CLE@CWS  343 rows
14:21:20  INFO      [9/15] Fetching game_pk=823751
14:21:20  INFO        game_pk=823751    MIN@MIL  339 rows
14:21:21  INFO      [10/15] Fetching game_pk=823020
14:21:22  INFO        game_pk=823020    COL@STL  292 rows
14:21:23  INFO      [11/15] Fetching game_pk=822862
14:21:23  INFO        game_pk=822862    BAL@TEX  335 rows
14:21:25  INFO      [12/15] Fetching game_pk=823190
14:21:25  INFO        game_pk=823190    DET@SF  307 rows
14:21:27  INFO      [13/15] Fetching game_pk=825050
14:21:27  INFO        game_pk=825050    LAD@AZ  267 rows
14:21:28  INFO      [14/15] Fetching game_pk=823104
14:21:29  INFO        game_pk=823104    TB@SEA  287 rows
14:21:30  INFO      [15/15] Fetching game_pk=823268
14:21:31  INFO        game_pk=823268    HOU@SD  233 rows
14:21:32  INFO      Total raw rows: 4501
14:21:32  INFO      Cleaning 4501 rows...
14:21:32  INFO      Clean complete. Shape: (4501, 84)
14:21:33  INFO        2026_08.csv — adding 4501 new rows (was 31763, now 36264)
14:21:33  INFO        Wrote /home/runner/work/OGUN_CSV/OGUN_CSV/data/2026_08.csv
14:21:33  INFO      Done.
14:21:07  INFO      ============================================================
14:21:07  INFO      fetch_yesterday.py  |  target date: 2026-08-10
14:21:07  INFO      ============================================================
14:21:07  INFO      Fetching schedule for 2026-08-10 ...
14:21:08  INFO      Found 10 Final game(s). Fetching pitch data...
14:21:08  INFO      [1/10] Fetching game_pk=822780
14:21:08  INFO        game_pk=822780    BOS@TOR  266 rows
14:21:10  INFO      [2/10] Fetching game_pk=824887
14:21:10  INFO        game_pk=824887    NYM@ATL  337 rows
14:21:12  INFO      [3/10] Fetching game_pk=823675
14:21:12  INFO        game_pk=823675    BAL@MIN  307 rows
14:21:13  INFO      [4/10] Fetching game_pk=823018
14:21:13  INFO        game_pk=823018    PHI@STL  331 rows
14:21:15  INFO      [5/10] Fetching game_pk=823998
14:21:15  INFO        game_pk=823998    TEX@LAA  341 rows
14:21:17  INFO      [6/10] Fetching game_pk=825048
14:21:17  INFO        game_pk=825048    COL@AZ  292 rows
14:21:19  INFO      [7/10] Fetching game_pk=824969
14:21:19  INFO        game_pk=824969    TB@ATH  297 rows
14:21:20  INFO      [8/10] Fetching game_pk=823265
14:21:20  INFO        game_pk=823265    MIL@SD  243 rows
14:21:22  INFO      [9/10] Fetching game_pk=823189
14:21:22  INFO        game_pk=823189    HOU@SF  288 rows
14:21:24  INFO      [10/10] Fetching game_pk=823918
14:21:24  INFO        game_pk=823918    KC@LAD  291 rows
14:21:26  INFO      Total raw rows: 2993
14:21:26  INFO      Cleaning 2993 rows...
14:21:26  INFO      Clean complete. Shape: (2993, 84)
14:21:26  INFO        2026_08.csv — adding 2993 new rows (was 36264, now 39257)
14:21:27  INFO        Wrote /home/runner/work/OGUN_CSV/OGUN_CSV/data/2026_08.csv
14:21:27  INFO      Done.
14:21:53  INFO      ============================================================
14:21:53  INFO      fetch_yesterday.py  |  target date: 2026-08-11
14:21:53  INFO      ============================================================
14:21:53  INFO      Fetching schedule for 2026-08-11 ...
14:21:54  INFO      Found 15 Final game(s). Fetching pitch data...
14:21:54  INFO      [1/15] Fetching game_pk=824240
14:21:54  INFO        game_pk=824240    CLE@DET  295 rows
14:21:56  INFO      [2/15] Fetching game_pk=823832
14:21:56  INFO        game_pk=823832    PIT@MIA  237 rows
14:21:58  INFO      [3/15] Fetching game_pk=822697
14:21:58  INFO        game_pk=822697    CHC@WSH  342 rows
14:22:00  INFO      [4/15] Fetching game_pk=823512
14:22:00  INFO        game_pk=823512    SEA@NYY  310 rows
14:22:02  INFO      [5/15] Fetching game_pk=822778
14:22:02  INFO        game_pk=822778    BOS@TOR  286 rows
14:22:04  INFO      [6/15] Fetching game_pk=824886
14:22:04  INFO        game_pk=824886    NYM@ATL  254 rows
14:22:05  INFO      [7/15] Fetching game_pk=823673
14:22:06  INFO        game_pk=823673    BAL@MIN  301 rows
14:22:08  INFO      [8/15] Fetching game_pk=824563
14:22:08  INFO        game_pk=824563    CIN@CWS  293 rows
14:22:10  INFO      [9/15] Fetching game_pk=823019
14:22:10  INFO        game_pk=823019    PHI@STL  281 rows
14:22:11  INFO      [10/15] Fetching game_pk=823997
14:22:12  INFO        game_pk=823997    TEX@LAA  234 rows
14:22:14  INFO      [11/15] Fetching game_pk=825046
14:22:14  INFO        game_pk=825046    COL@AZ  260 rows
14:22:16  INFO      [12/15] Fetching game_pk=824970
14:22:16  INFO        game_pk=824970    TB@ATH  261 rows
14:22:17  INFO      [13/15] Fetching game_pk=823264
14:22:18  INFO        game_pk=823264    MIL@SD  295 rows
14:22:19  INFO      [14/15] Fetching game_pk=823186
14:22:19  INFO        game_pk=823186    HOU@SF  275 rows
14:22:21  INFO      [15/15] Fetching game_pk=823917
14:22:21  INFO        game_pk=823917    KC@LAD  299 rows
14:22:23  INFO      Total raw rows: 4223
14:22:23  INFO      Cleaning 4223 rows...
14:22:23  INFO      Clean complete. Shape: (4223, 84)
14:22:23  INFO        2026_08.csv — adding 4223 new rows (was 39257, now 43480)
14:22:24  INFO        Wrote /home/runner/work/OGUN_CSV/OGUN_CSV/data/2026_08.csv
14:22:24  INFO      Done.
14:23:31  INFO      ============================================================
14:23:31  INFO      fetch_yesterday.py  |  target date: 2026-08-12
14:23:31  INFO      ============================================================
14:23:31  INFO      Fetching schedule for 2026-08-12 ...
14:23:32  INFO      Found 15 Final game(s). Fetching pitch data...
14:23:32  INFO      [1/15] Fetching game_pk=823672
14:23:32  INFO        game_pk=823672    BAL@MIN  293 rows
14:23:33  INFO      [2/15] Fetching game_pk=823017
14:23:34  INFO        game_pk=823017    PHI@STL  272 rows
14:23:35  INFO      [3/15] Fetching game_pk=824967
14:23:35  INFO        game_pk=824967    TB@ATH  295 rows
14:23:37  INFO      [4/15] Fetching game_pk=825047
14:23:37  INFO        game_pk=825047    COL@AZ  326 rows
14:23:38  INFO      [5/15] Fetching game_pk=823187
14:23:39  INFO        game_pk=823187    HOU@SF  254 rows
14:23:40  INFO      [6/15] Fetching game_pk=823263
14:23:40  INFO        game_pk=823263    MIL@SD  374 rows
14:23:42  INFO      [7/15] Fetching game_pk=824241
14:23:42  INFO        game_pk=824241    CLE@DET  333 rows
14:23:44  INFO      [8/15] Fetching game_pk=823833
14:23:44  INFO        game_pk=823833    PIT@MIA  295 rows
14:23:45  INFO      [9/15] Fetching game_pk=822698
14:23:46  INFO        game_pk=822698    CHC@WSH  352 rows
14:23:47  INFO      [10/15] Fetching game_pk=823511
14:23:47  INFO        game_pk=823511    SEA@NYY  280 rows
14:23:49  INFO      [11/15] Fetching game_pk=822779
14:23:49  INFO        game_pk=822779    BOS@TOR  283 rows
14:23:50  INFO      [12/15] Fetching game_pk=824883
14:23:51  INFO        game_pk=824883    NYM@ATL  267 rows
14:23:52  INFO      [13/15] Fetching game_pk=824562
14:23:52  INFO        game_pk=824562    CIN@CWS  282 rows
14:23:54  INFO      [14/15] Fetching game_pk=823916
14:23:54  INFO        game_pk=823916    KC@LAD  271 rows
14:23:56  INFO      [15/15] Fetching game_pk=823994
14:23:56  INFO        game_pk=823994    TEX@LAA  291 rows
14:23:57  INFO      Total raw rows: 4468
14:23:57  INFO      Cleaning 4468 rows...
14:23:57  INFO      Clean complete. Shape: (4468, 84)
14:23:58  INFO        2026_08.csv — adding 4468 new rows (was 43480, now 47948)
14:23:59  INFO        Wrote /home/runner/work/OGUN_CSV/OGUN_CSV/data/2026_08.csv
14:23:59  INFO      Done.
14:16:55  INFO      ============================================================
14:16:55  INFO      fetch_yesterday.py  |  target date: 2026-08-13
14:16:55  INFO      ============================================================
14:16:55  INFO      Fetching schedule for 2026-08-13 ...
14:16:56  INFO      Found 9 Final game(s). Fetching pitch data...
14:16:56  INFO      [1/9] Fetching game_pk=824238
14:16:56  INFO        game_pk=824238    CLE@DET  270 rows
14:16:58  INFO      [2/9] Fetching game_pk=824561
14:16:58  INFO        game_pk=824561    CIN@CWS  343 rows
14:16:59  INFO      [3/9] Fetching game_pk=823829
14:17:00  INFO        game_pk=823829    PIT@MIA  264 rows
14:17:01  INFO      [4/9] Fetching game_pk=823508
14:17:01  INFO        game_pk=823508    SEA@NYY  286 rows
14:17:03  INFO      [5/9] Fetching game_pk=822776
14:17:03  INFO        game_pk=822776    BOS@TOR  283 rows
14:17:05  INFO      [6/9] Fetching game_pk=822696
14:17:05  INFO        game_pk=822696    CHC@WSH  244 rows
14:17:06  INFO      [7/9] Fetching game_pk=823669
14:17:06  INFO        game_pk=823669    PHI@MIN  305 rows
14:17:08  INFO      [8/9] Fetching game_pk=823995
14:17:08  INFO        game_pk=823995    TEX@LAA  310 rows
14:17:10  INFO      [9/9] Fetching game_pk=823915
14:17:10  INFO        game_pk=823915    MIL@LAD  321 rows
14:17:11  INFO      Total raw rows: 2626
14:17:11  INFO      Cleaning 2626 rows...
14:17:11  INFO      Clean complete. Shape: (2626, 84)
14:17:12  INFO        2026_08.csv — adding 2626 new rows (was 47948, now 50574)
14:17:13  INFO        Wrote /home/runner/work/OGUN_CSV/OGUN_CSV/data/2026_08.csv
14:17:13  INFO      Done.
13:31:38  INFO      ============================================================
13:31:38  INFO      fetch_yesterday.py  |  target date: 2026-08-14
13:31:38  INFO      ============================================================
13:31:38  INFO      Fetching schedule for 2026-08-14 ...
13:31:40  INFO      Found 14 Final game(s). Fetching pitch data...
13:31:40  INFO      [1/14] Fetching game_pk=824643
13:31:40  INFO        game_pk=824643    STL@CHC  279 rows
13:31:42  INFO      [2/14] Fetching game_pk=824479
13:31:42  INFO        game_pk=824479    MIA@CIN  245 rows
13:31:43  INFO      [3/14] Fetching game_pk=823346
13:31:44  INFO        game_pk=823346    BOS@PIT  306 rows
13:31:45  INFO      [4/14] Fetching game_pk=824237
13:31:45  INFO        game_pk=824237    CWS@DET  280 rows
13:31:47  INFO      [5/14] Fetching game_pk=823591
13:31:47  INFO        game_pk=823591    WSH@NYM  257 rows
13:31:49  INFO      [6/14] Fetching game_pk=824399
13:31:49  INFO        game_pk=824399    SD@CLE  294 rows
13:31:50  INFO      [7/14] Fetching game_pk=822942
13:31:51  INFO        game_pk=822942    BAL@TB  314 rows
13:31:52  INFO      [8/14] Fetching game_pk=824882
13:31:53  INFO        game_pk=824882    AZ@ATL  280 rows
13:31:54  INFO      [9/14] Fetching game_pk=822777
13:31:54  INFO        game_pk=822777    NYY@TOR  235 rows
13:31:56  INFO      [10/14] Fetching game_pk=824159
13:31:56  INFO        game_pk=824159    SEA@HOU  360 rows
13:31:58  INFO      [11/14] Fetching game_pk=823993
13:31:58  INFO        game_pk=823993    KC@LAA  324 rows
13:32:00  INFO      [12/14] Fetching game_pk=824968
13:32:00  INFO        game_pk=824968    TEX@ATH  328 rows
13:32:02  INFO      [13/14] Fetching game_pk=823913
13:32:02  INFO        game_pk=823913    MIL@LAD  286 rows
13:32:04  INFO      [14/14] Fetching game_pk=823185
13:32:04  INFO        game_pk=823185    COL@SF  271 rows
13:32:05  INFO      Total raw rows: 4059
13:32:06  INFO      Cleaning 4059 rows...
13:32:06  INFO      Clean complete. Shape: (4059, 84)
13:32:06  INFO        2026_08.csv — adding 4059 new rows (was 50574, now 54633)
13:32:07  INFO        Wrote /home/runner/work/OGUN_CSV/OGUN_CSV/data/2026_08.csv
13:32:07  INFO      Done.
13:33:10  INFO      ============================================================
13:33:10  INFO      fetch_yesterday.py  |  target date: 2026-08-15
13:33:10  INFO      ============================================================
13:33:10  INFO      Fetching schedule for 2026-08-15 ...
13:33:10  INFO      Found 15 Final game(s). Fetching pitch data...
13:33:10  INFO      [1/15] Fetching game_pk=824239
13:33:11  INFO        game_pk=824239    CWS@DET  267 rows
13:33:12  INFO      [2/15] Fetching game_pk=824644
13:33:12  INFO        game_pk=824644    STL@CHC  282 rows
13:33:14  INFO      [3/15] Fetching game_pk=822775
13:33:14  INFO        game_pk=822775    NYY@TOR  272 rows
13:33:16  INFO      [4/15] Fetching game_pk=823184
13:33:16  INFO        game_pk=823184    COL@SF  274 rows
13:33:17  INFO      [5/15] Fetching game_pk=823588
13:33:17  INFO        game_pk=823588    WSH@NYM  302 rows
13:33:19  INFO      [6/15] Fetching game_pk=822941
13:33:19  INFO        game_pk=822941    BAL@TB  310 rows
13:33:21  INFO      [7/15] Fetching game_pk=824480
13:33:21  INFO        game_pk=824480    MIA@CIN  307 rows
13:33:22  INFO      [8/15] Fetching game_pk=824400
13:33:23  INFO        game_pk=824400    SD@CLE  263 rows
13:33:24  INFO      [9/15] Fetching game_pk=824157
13:33:24  INFO        game_pk=824157    SEA@HOU  286 rows
13:33:26  INFO      [10/15] Fetching game_pk=823671
13:33:26  INFO        game_pk=823671    PHI@MIN  311 rows
13:33:27  INFO      [11/15] Fetching game_pk=823347
13:33:28  INFO        game_pk=823347    BOS@PIT  267 rows
13:33:29  INFO      [12/15] Fetching game_pk=824884
13:33:29  INFO        game_pk=824884    AZ@ATL  303 rows
13:33:31  INFO      [13/15] Fetching game_pk=823914
13:33:31  INFO        game_pk=823914    MIL@LAD  282 rows
13:33:32  INFO      [14/15] Fetching game_pk=823990
13:33:33  INFO        game_pk=823990    KC@LAA  231 rows
13:33:34  INFO      [15/15] Fetching game_pk=824966
13:33:34  INFO        game_pk=824966    TEX@ATH  286 rows
13:33:36  INFO      Total raw rows: 4243
13:33:36  INFO      Cleaning 4243 rows...
13:33:36  INFO      Clean complete. Shape: (4243, 84)
13:33:37  INFO        2026_08.csv — adding 4243 new rows (was 54633, now 58876)
13:33:38  INFO        Wrote /home/runner/work/OGUN_CSV/OGUN_CSV/data/2026_08.csv
13:33:38  INFO      Done.
13:40:55  INFO      ============================================================
13:40:55  INFO      fetch_yesterday.py  |  target date: 2026-08-16
13:40:55  INFO      ============================================================
13:40:55  INFO      Fetching schedule for 2026-08-16 ...
13:40:56  INFO      Found 15 Final game(s). Fetching pitch data...
13:40:56  INFO      [1/15] Fetching game_pk=822940
13:40:56  INFO        game_pk=822940    BAL@TB  343 rows
13:40:58  INFO      [2/15] Fetching game_pk=823344
13:40:58  INFO        game_pk=823344    BOS@PIT  280 rows
13:41:00  INFO      [3/15] Fetching game_pk=824880
13:41:00  INFO        game_pk=824880    AZ@ATL  252 rows
13:41:02  INFO      [4/15] Fetching game_pk=822774
13:41:02  INFO        game_pk=822774    NYY@TOR  289 rows
13:41:03  INFO      [5/15] Fetching game_pk=823590
13:41:04  INFO        game_pk=823590    WSH@NYM  252 rows
13:41:05  INFO      [6/15] Fetching game_pk=824397
13:41:06  INFO        game_pk=824397    SD@CLE  282 rows
13:41:07  INFO      [7/15] Fetching game_pk=824236
13:41:07  INFO        game_pk=824236    CWS@DET  299 rows
13:41:09  INFO      [8/15] Fetching game_pk=824477
13:41:09  INFO        game_pk=824477    MIA@CIN  324 rows
13:41:11  INFO      [9/15] Fetching game_pk=823670
13:41:12  INFO        game_pk=823670    PHI@MIN  318 rows
13:41:13  INFO      [10/15] Fetching game_pk=824642
13:41:15  INFO        game_pk=824642    STL@CHC  324 rows
13:41:16  INFO      [11/15] Fetching game_pk=823182
13:41:16  INFO        game_pk=823182    COL@SF  332 rows
13:41:18  INFO      [12/15] Fetching game_pk=824965
13:41:18  INFO        game_pk=824965    TEX@ATH  285 rows
13:41:20  INFO      [13/15] Fetching game_pk=823991
13:41:20  INFO        game_pk=823991    KC@LAA  263 rows
13:41:22  INFO      [14/15] Fetching game_pk=823912
13:41:22  INFO        game_pk=823912    MIL@LAD  295 rows
13:41:23  INFO      [15/15] Fetching game_pk=824156
13:41:24  INFO        game_pk=824156    SEA@HOU  288 rows
13:41:26  INFO      Total raw rows: 4426
13:41:26  INFO      Cleaning 4426 rows...
13:41:26  INFO      Clean complete. Shape: (4426, 84)
13:41:27  INFO        2026_08.csv — adding 4426 new rows (was 58876, now 63302)
13:41:28  INFO        Wrote /home/runner/work/OGUN_CSV/OGUN_CSV/data/2026_08.csv
13:41:28  INFO      Done.
13:43:42  INFO      ============================================================
13:43:42  INFO      fetch_yesterday.py  |  target date: 2026-08-17
13:43:42  INFO      ============================================================
13:43:42  INFO      Fetching schedule for 2026-08-17 ...
13:43:42  INFO      Found 11 Final game(s). Fetching pitch data...
13:43:42  INFO      [1/11] Fetching game_pk=824514
13:43:42  INFO        game_pk=824514    STL@CIN  320 rows
13:43:44  INFO      [2/11] Fetching game_pk=824478
13:43:44  INFO        game_pk=824478    STL@CIN  301 rows
13:43:46  INFO      [3/11] Fetching game_pk=822939
13:43:46  INFO        game_pk=822939    BAL@TB  315 rows
13:43:47  INFO      [4/11] Fetching game_pk=823427
13:43:48  INFO        game_pk=823427    MIA@PHI  316 rows
13:43:49  INFO      [5/11] Fetching game_pk=823343
13:43:49  INFO        game_pk=823343    DET@PIT  330 rows
13:43:51  INFO      [6/11] Fetching game_pk=824725
13:43:51  INFO        game_pk=824725    AZ@BOS  290 rows
13:43:52  INFO      [7/11] Fetching game_pk=823589
13:43:53  INFO        game_pk=823589    SD@NYM  251 rows
13:43:54  INFO      [8/11] Fetching game_pk=824077
13:43:54  INFO        game_pk=824077    ATH@KC  286 rows
13:43:56  INFO      [9/11] Fetching game_pk=823668
13:43:56  INFO        game_pk=823668    ATL@MIN  293 rows
13:43:58  INFO      [10/11] Fetching game_pk=824641
13:43:58  INFO        game_pk=824641    CWS@CHC  359 rows
13:43:59  INFO      [11/11] Fetching game_pk=824320
13:44:00  INFO        game_pk=824320    LAD@COL  306 rows
13:44:01  INFO      Total raw rows: 3367
13:44:01  INFO      Cleaning 3367 rows...
13:44:01  INFO      Clean complete. Shape: (3367, 84)
13:44:02  INFO        2026_08.csv — adding 3367 new rows (was 63302, now 66669)
13:44:03  INFO        Wrote /home/runner/work/OGUN_CSV/OGUN_CSV/data/2026_08.csv
13:44:03  INFO      Done.
13:45:49  INFO      ============================================================
13:45:49  INFO      fetch_yesterday.py  |  target date: 2026-08-18
13:45:49  INFO      ============================================================
13:45:49  INFO      Fetching schedule for 2026-08-18 ...
13:45:50  INFO      Found 15 Final game(s). Fetching pitch data...
13:45:50  INFO      [1/15] Fetching game_pk=824803
13:45:50  INFO        game_pk=824803    NYY@BAL  291 rows
13:45:52  INFO      [2/15] Fetching game_pk=823341
13:45:52  INFO        game_pk=823341    DET@PIT  213 rows
13:45:53  INFO      [3/15] Fetching game_pk=824398
13:45:54  INFO        game_pk=824398    SF@CLE  288 rows
13:45:55  INFO      [4/15] Fetching game_pk=824475
13:45:55  INFO        game_pk=824475    STL@CIN  276 rows
13:45:57  INFO      [5/15] Fetching game_pk=822938
13:45:57  INFO        game_pk=822938    TOR@TB  286 rows
13:45:59  INFO      [6/15] Fetching game_pk=823423
13:45:59  INFO        game_pk=823423    MIA@PHI  315 rows
13:46:00  INFO      [7/15] Fetching game_pk=824723
13:46:01  INFO        game_pk=824723    AZ@BOS  307 rows
13:46:02  INFO      [8/15] Fetching game_pk=823586
13:46:02  INFO        game_pk=823586    SD@NYM  318 rows
13:46:04  INFO      [9/15] Fetching game_pk=824075
13:46:04  INFO        game_pk=824075    ATH@KC  268 rows
13:46:06  INFO      [10/15] Fetching game_pk=823667
13:46:06  INFO        game_pk=823667    ATL@MIN  229 rows
13:46:07  INFO      [11/15] Fetching game_pk=823749
13:46:07  INFO        game_pk=823749    SEA@MIL  338 rows
13:46:09  INFO      [12/15] Fetching game_pk=822859
13:46:09  INFO        game_pk=822859    WSH@TEX  283 rows
13:46:11  INFO      [13/15] Fetching game_pk=824639
13:46:11  INFO        game_pk=824639    CWS@CHC  303 rows
13:46:12  INFO      [14/15] Fetching game_pk=824154
13:46:13  INFO        game_pk=824154    LAA@HOU  272 rows
13:46:14  INFO      [15/15] Fetching game_pk=824319
13:46:14  INFO        game_pk=824319    LAD@COL  295 rows
13:46:16  INFO      Total raw rows: 4282
13:46:16  INFO      Cleaning 4282 rows...
13:46:16  INFO      Clean complete. Shape: (4282, 84)
13:46:17  INFO        2026_08.csv — adding 4282 new rows (was 66669, now 70951)
13:46:18  INFO        Wrote /home/runner/work/OGUN_CSV/OGUN_CSV/data/2026_08.csv
13:46:18  INFO      Done.
13:50:35  INFO      ============================================================
13:50:35  INFO      fetch_yesterday.py  |  target date: 2026-08-19
13:50:35  INFO      ============================================================
13:50:35  INFO      Fetching schedule for 2026-08-19 ...
13:50:36  INFO      Found 15 Final game(s). Fetching pitch data...
13:50:36  INFO      [1/15] Fetching game_pk=823342
13:50:37  INFO        game_pk=823342    DET@PIT  313 rows
13:50:38  INFO      [2/15] Fetching game_pk=823587
13:50:38  INFO        game_pk=823587    SD@NYM  284 rows
13:50:40  INFO      [3/15] Fetching game_pk=823664
13:50:40  INFO        game_pk=823664    ATL@MIN  305 rows
13:50:42  INFO      [4/15] Fetching game_pk=824640
13:50:42  INFO        game_pk=824640    CWS@CHC  275 rows
13:50:43  INFO      [5/15] Fetching game_pk=824722
13:50:44  INFO        game_pk=824722    AZ@BOS  362 rows
13:50:45  INFO      [6/15] Fetching game_pk=823424
13:50:46  INFO        game_pk=823424    MIA@PHI  274 rows
13:50:48  INFO      [7/15] Fetching game_pk=824801
13:50:48  INFO        game_pk=824801    NYY@BAL  322 rows
13:50:49  INFO      [8/15] Fetching game_pk=824394
13:50:50  INFO        game_pk=824394    SF@CLE  265 rows
13:50:51  INFO      [9/15] Fetching game_pk=824476
13:50:51  INFO        game_pk=824476    STL@CIN  326 rows
13:50:53  INFO      [10/15] Fetching game_pk=822937
13:50:53  INFO        game_pk=822937    TOR@TB  269 rows
13:50:55  INFO      [11/15] Fetching game_pk=824076
13:50:55  INFO        game_pk=824076    ATH@KC  280 rows
13:50:56  INFO      [12/15] Fetching game_pk=823748
13:50:57  INFO        game_pk=823748    SEA@MIL  341 rows
13:50:58  INFO      [13/15] Fetching game_pk=822860
13:50:59  INFO        game_pk=822860    WSH@TEX  287 rows
13:51:00  INFO      [14/15] Fetching game_pk=824155
13:51:00  INFO        game_pk=824155    LAA@HOU  319 rows
13:51:02  INFO      [15/15] Fetching game_pk=824318
13:51:02  INFO        game_pk=824318    LAD@COL  326 rows
13:51:04  INFO      Total raw rows: 4548
13:51:04  INFO      Cleaning 4548 rows...
13:51:04  INFO      Clean complete. Shape: (4548, 84)
13:51:05  INFO        2026_08.csv — adding 4548 new rows (was 70951, now 75499)
13:51:06  INFO        Wrote /home/runner/work/OGUN_CSV/OGUN_CSV/data/2026_08.csv
13:51:06  INFO      Done.
13:46:45  INFO      ============================================================
13:46:45  INFO      fetch_yesterday.py  |  target date: 2026-08-20
13:46:45  INFO      ============================================================
13:46:45  INFO      Fetching schedule for 2026-08-20 ...
13:46:46  INFO      Found 9 Final game(s). Fetching pitch data...
13:46:46  INFO      [1/9] Fetching game_pk=824474
13:46:46  INFO        game_pk=824474    STL@CIN  341 rows
13:46:47  INFO      [2/9] Fetching game_pk=824395
13:46:48  INFO        game_pk=824395    SF@CLE  288 rows
13:46:49  INFO      [3/9] Fetching game_pk=822934
13:46:50  INFO        game_pk=822934    TOR@TB  294 rows
13:46:51  INFO      [4/9] Fetching game_pk=824074
13:46:51  INFO        game_pk=824074    ATH@KC  325 rows
13:46:53  INFO      [5/9] Fetching game_pk=824589
13:46:53  INFO        game_pk=824589    ATL@CWS  268 rows
13:46:55  INFO      [6/9] Fetching game_pk=823747
13:46:55  INFO        game_pk=823747    SEA@MIL  337 rows
13:46:56  INFO      [7/9] Fetching game_pk=824802
13:46:57  INFO        game_pk=824802    NYY@BAL  292 rows
13:46:58  INFO      [8/9] Fetching game_pk=822861
13:46:58  INFO        game_pk=822861    WSH@TEX  259 rows
13:47:00  INFO      [9/9] Fetching game_pk=824153
13:47:00  INFO        game_pk=824153    LAA@HOU  318 rows
13:47:02  INFO      Total raw rows: 2722
13:47:02  INFO      Cleaning 2722 rows...
13:47:02  INFO      Clean complete. Shape: (2722, 84)
13:47:02  INFO        2026_08.csv — adding 2722 new rows (was 75499, now 78221)
13:47:03  INFO        Wrote /home/runner/work/OGUN_CSV/OGUN_CSV/data/2026_08.csv
13:47:03  INFO      Done.
13:33:10  INFO      ============================================================
13:33:10  INFO      fetch_yesterday.py  |  target date: 2026-08-21
13:33:10  INFO      ============================================================
13:33:10  INFO      Fetching schedule for 2026-08-21 ...
13:33:10  INFO      Found 15 Final game(s). Fetching pitch data...
13:33:10  INFO      [1/15] Fetching game_pk=823746
13:33:11  INFO        game_pk=823746    ATL@MIL  263 rows
13:33:12  INFO      [2/15] Fetching game_pk=823420
13:33:12  INFO        game_pk=823420    STL@PHI  333 rows
13:33:14  INFO      [3/15] Fetching game_pk=823510
13:33:14  INFO        game_pk=823510    TOR@NYY  290 rows
13:33:16  INFO      [4/15] Fetching game_pk=824721
13:33:16  INFO        game_pk=824721    SF@BOS  297 rows
13:33:18  INFO      [5/15] Fetching game_pk=823830
13:33:18  INFO        game_pk=823830    WSH@MIA  282 rows
13:33:19  INFO      [6/15] Fetching game_pk=824800
13:33:20  INFO        game_pk=824800    TB@BAL  236 rows
13:33:21  INFO      [7/15] Fetching game_pk=824559
13:33:21  INFO        game_pk=824559    NYM@CWS  265 rows
13:33:23  INFO      [8/15] Fetching game_pk=824072
13:33:23  INFO        game_pk=824072    DET@KC  288 rows
13:33:25  INFO      [9/15] Fetching game_pk=824152
13:33:25  INFO        game_pk=824152    ATH@HOU  310 rows
13:33:27  INFO      [10/15] Fetching game_pk=822857
13:33:27  INFO        game_pk=822857    LAA@TEX  324 rows
13:33:28  INFO      [11/15] Fetching game_pk=824317
13:33:29  INFO        game_pk=824317    CLE@COL  312 rows
13:33:30  INFO      [12/15] Fetching game_pk=825045
13:33:30  INFO        game_pk=825045    CIN@AZ  311 rows
13:33:32  INFO      [13/15] Fetching game_pk=823262
13:33:32  INFO        game_pk=823262    MIN@SD  234 rows
13:33:34  INFO      [14/15] Fetching game_pk=823911
13:33:34  INFO        game_pk=823911    PIT@LAD  363 rows
13:33:36  INFO      [15/15] Fetching game_pk=823101
13:33:36  INFO        game_pk=823101    CHC@SEA  300 rows
13:33:37  INFO      Total raw rows: 4408
13:33:37  INFO      Cleaning 4408 rows...
13:33:38  INFO      Clean complete. Shape: (4408, 84)
13:33:38  INFO        2026_08.csv — adding 4408 new rows (was 78221, now 82629)
13:33:40  INFO        Wrote /home/runner/work/OGUN_CSV/OGUN_CSV/data/2026_08.csv
13:33:40  INFO      Done.
13:34:03  INFO      ============================================================
13:34:03  INFO      fetch_yesterday.py  |  target date: 2026-08-22
13:34:03  INFO      ============================================================
13:34:03  INFO      Fetching schedule for 2026-08-22 ...
13:34:03  INFO      Found 15 Final game(s). Fetching pitch data...
13:34:03  INFO      [1/15] Fetching game_pk=823509
13:34:04  INFO        game_pk=823509    TOR@NYY  325 rows
13:34:05  INFO      [2/15] Fetching game_pk=823743
13:34:05  INFO        game_pk=823743    ATL@MIL  311 rows
13:34:07  INFO      [3/15] Fetching game_pk=823831
13:34:07  INFO        game_pk=823831    WSH@MIA  289 rows
13:34:09  INFO      [4/15] Fetching game_pk=823422
13:34:09  INFO        game_pk=823422    STL@PHI  274 rows
13:34:11  INFO      [5/15] Fetching game_pk=824798
13:34:11  INFO        game_pk=824798    TB@BAL  266 rows
13:34:12  INFO      [6/15] Fetching game_pk=822858
13:34:13  INFO        game_pk=822858    LAA@TEX  242 rows
13:34:14  INFO      [7/15] Fetching game_pk=824151
13:34:15  INFO        game_pk=824151    ATH@HOU  295 rows
13:34:16  INFO      [8/15] Fetching game_pk=824560
13:34:16  INFO        game_pk=824560    NYM@CWS  362 rows
13:34:18  INFO      [9/15] Fetching game_pk=824073
13:34:18  INFO        game_pk=824073    DET@KC  237 rows
13:34:20  INFO      [10/15] Fetching game_pk=823910
13:34:20  INFO        game_pk=823910    PIT@LAD  293 rows
13:34:22  INFO      [11/15] Fetching game_pk=823100
13:34:22  INFO        game_pk=823100    CHC@SEA  278 rows
13:34:23  INFO      [12/15] Fetching game_pk=824718
13:34:24  INFO        game_pk=824718    SF@BOS  314 rows
13:34:25  INFO      [13/15] Fetching game_pk=825044
13:34:26  INFO        game_pk=825044    CIN@AZ  325 rows
13:34:27  INFO      [14/15] Fetching game_pk=824316
13:34:27  INFO        game_pk=824316    CLE@COL  267 rows
13:34:29  INFO      [15/15] Fetching game_pk=823261
13:34:29  INFO        game_pk=823261    MIN@SD  294 rows
13:34:31  INFO      Total raw rows: 4372
13:34:31  INFO      Cleaning 4372 rows...
13:34:31  INFO      Clean complete. Shape: (4372, 84)
13:34:32  INFO        2026_08.csv — adding 4372 new rows (was 82629, now 87001)
13:34:34  INFO        Wrote /home/runner/work/OGUN_CSV/OGUN_CSV/data/2026_08.csv
13:34:34  INFO      Done.
13:53:26  INFO      ============================================================
13:53:26  INFO      fetch_yesterday.py  |  target date: 2026-08-23
13:53:26  INFO      ============================================================
13:53:26  INFO      Fetching schedule for 2026-08-23 ...
13:53:26  INFO      Found 15 Final game(s). Fetching pitch data...
13:53:26  INFO      [1/15] Fetching game_pk=824799
13:53:26  INFO        game_pk=824799    TB@BAL  280 rows
13:53:28  INFO      [2/15] Fetching game_pk=823421
13:53:28  INFO        game_pk=823421    STL@PHI  292 rows
13:53:30  INFO      [3/15] Fetching game_pk=823507
13:53:30  INFO        game_pk=823507    TOR@NYY  308 rows
13:53:31  INFO      [4/15] Fetching game_pk=823827
13:53:32  INFO        game_pk=823827    WSH@MIA  302 rows
13:53:33  INFO      [5/15] Fetching game_pk=824071
13:53:33  INFO        game_pk=824071    DET@KC  327 rows
13:53:35  INFO      [6/15] Fetching game_pk=824150
13:53:35  INFO        game_pk=824150    ATH@HOU  347 rows
13:53:36  INFO      [7/15] Fetching game_pk=824558
13:53:37  INFO        game_pk=824558    NYM@CWS  292 rows
13:53:38  INFO      [8/15] Fetching game_pk=822856
13:53:38  INFO        game_pk=822856    LAA@TEX  286 rows
13:53:40  INFO      [9/15] Fetching game_pk=824315
13:53:40  INFO        game_pk=824315    CLE@COL  360 rows
13:53:42  INFO      [10/15] Fetching game_pk=824720
13:53:42  INFO        game_pk=824720    SF@BOS  248 rows
13:53:43  INFO      [11/15] Fetching game_pk=823909
13:53:43  INFO        game_pk=823909    PIT@LAD  274 rows
13:53:45  INFO      [12/15] Fetching game_pk=823099
13:53:45  INFO        game_pk=823099    CHC@SEA  358 rows
13:53:47  INFO      [13/15] Fetching game_pk=823258
13:53:47  INFO        game_pk=823258    MIN@SD  304 rows
13:53:48  INFO      [14/15] Fetching game_pk=825043
13:53:49  INFO        game_pk=825043    CIN@AZ  284 rows
13:53:50  INFO      [15/15] Fetching game_pk=823745
13:53:50  INFO        game_pk=823745    ATL@MIL  318 rows
13:53:52  INFO      Total raw rows: 4580
13:53:52  INFO      Cleaning 4580 rows...
13:53:52  INFO      Clean complete. Shape: (4580, 84)
13:53:53  INFO        2026_08.csv — adding 4580 new rows (was 87001, now 91581)
13:53:55  INFO        Wrote /home/runner/work/OGUN_CSV/OGUN_CSV/data/2026_08.csv
13:53:55  INFO      Done.
13:52:22  INFO      ============================================================
13:52:22  INFO      fetch_yesterday.py  |  target date: 2026-08-24
13:52:22  INFO      ============================================================
13:52:22  INFO      Fetching schedule for 2026-08-24 ...
13:52:22  INFO      Found 10 Final game(s). Fetching pitch data...
13:52:22  INFO      [1/10] Fetching game_pk=824235
13:52:23  INFO        game_pk=824235    TB@DET  286 rows
13:52:24  INFO      [2/10] Fetching game_pk=823828
13:52:25  INFO        game_pk=823828    BOS@MIA  319 rows
13:52:26  INFO      [3/10] Fetching game_pk=822695
13:52:26  INFO        game_pk=822695    COL@WSH  320 rows
13:52:28  INFO      [4/10] Fetching game_pk=824557
13:52:28  INFO        game_pk=824557    TEX@CWS  346 rows
13:52:30  INFO      [5/10] Fetching game_pk=823992
13:52:30  INFO        game_pk=823992    CLE@LAA  287 rows
13:52:32  INFO      [6/10] Fetching game_pk=825041
13:52:32  INFO        game_pk=825041    CHC@AZ  285 rows
13:52:33  INFO      [7/10] Fetching game_pk=823260
13:52:34  INFO        game_pk=823260    PIT@SD  413 rows
13:52:35  INFO      [8/10] Fetching game_pk=824964
13:52:36  INFO        game_pk=824964    MIN@ATH  301 rows
13:52:37  INFO      [9/10] Fetching game_pk=823097
13:52:37  INFO        game_pk=823097    PHI@SEA  308 rows
13:52:39  INFO      [10/10] Fetching game_pk=823183
13:52:39  INFO        game_pk=823183    CIN@SF  249 rows
13:52:41  INFO      Total raw rows: 3114
13:52:41  INFO      Cleaning 3114 rows...
13:52:41  INFO      Clean complete. Shape: (3114, 84)
13:52:42  INFO        2026_08.csv — adding 3114 new rows (was 91581, now 94695)
13:52:44  INFO        Wrote /home/runner/work/OGUN_CSV/OGUN_CSV/data/2026_08.csv
13:52:44  INFO      Done.
