game_pk,game_date,home_team,away_team,type,play_id,inning,ab_number,cap_index,outs,batter,stand,batter_name,pitcher,p_throws,pitcher_name,team_batting,team_fielding,team_batting_id,team_fielding_id,result,des,events,contextMetrics,strikes,balls,pre_strikes,pre_balls,call,call_name,pitch_call,is_strike_swinging,result_code,pitch_type,pitch_name,description,start_speed,end_speed,sz_top,sz_bot,extension,plateTime,zone,spin_rate,breakX,inducedBreakZ,breakZ,px,pz,pfxX,pfxZ,pfxZWithGravity,pfxXWithGravity,pfxXNoAbs,plateTimeSZDepth,savantIsInZone,isInZone,isSword,is_bip_out,is_abs_challenge,plate_x,plate_z,pitch_number,player_total_pitches,player_total_pitches_pitch_types,pitcher_pa_number,pitcher_time_thru_order,game_total_pitches,batSpeed,hit_distance,xba,is_barrel,hc_x_ft,hc_y_ft,hit_speed,hit_angle,launch_speed,launch_angle,runnerOn1B,runnerOn2B,runnerOn3B,is_last_pitch,double_header,game_number
849844,2026-10-01,ATL,PHI,pitch,df8f5b4d-475a-3ba4-a935-f329cf1fb827,1,1,0,1,607208,R,Trea Turner,678061,L,Ray Kerr,PHI,ATL,143,144,Flyout,Trea Turner flies out to right fielder Ronald Acuña Jr.,Flyout,,0,0,0,0,B,Ball,ball,False,B,FF,4-Seam Fastball,Ball,94.3,85.4,3.24,1.64,6.22,0.4,11,2197,6.5,15.5,-15.6,-1.1017,2.6469,-0.54,1.29,-1.3,6.5,-0.54,0.38,False,False,False,True,False,-1.1017,2.6469,1,1,1,1,1,1,,,,,,,,,,,,,,False,N,1
849844,2026-10-01,ATL,PHI,pitch,38be0880-1773-34eb-8f09-5cde7af94fb5,1,1,0,1,607208,R,Trea Turner,678061,L,Ray Kerr,PHI,ATL,143,144,Flyout,Trea Turner flies out to right fielder Ronald Acuña Jr.,Flyout,,0,1,0,1,S,Strike,foul,False,F,CU,Curveball,Foul,81.1,74.7,3.24,1.64,5.92,0.46,12,2147,0.1,-1.4,-42.8,0.9398,2.5788,-0.01,-0.12,-3.57,0.1,-0.01,0.43,False,False,False,True,False,0.9398,2.5788,2,2,1,1,1,2,76.7,,,,,,,,,,,,,False,N,1
849844,2026-10-01,ATL,PHI,pitch,13b3397f-a164-3f94-9bbf-4ea3a5726ce4,1,1,0,1,607208,R,Trea Turner,678061,L,Ray Kerr,PHI,ATL,143,144,Flyout,Trea Turner flies out to right fielder Ronald Acuña Jr.,Flyout,"{""homeRunBallparks"": 0}",1,1,1,1,X,In Play,hit_into_play,False,X,CU,Curveball,"In play, out(s)",81.3,75.4,3.24,1.64,6.12,0.46,9,2124,0.4,-2.8,-43.8,0.5055,2.1114,-0.03,-0.23,-3.65,0.4,-0.03,0.43,True,True,False,True,False,0.5055,2.1114,3,3,2,1,1,3,75.8,203.0,0.03,0,106.95,173.26,83.2,57.0,83.2,57.0,,,,True,N,1
849844,2026-10-01,ATL,PHI,pitch,5a4a63f8-51d1-3379-a982-d48de6b9a7e3,1,2,33,1,656941,L,Kyle Schwarber,678061,L,Ray Kerr,PHI,ATL,143,144,Single,Kyle Schwarber singles on a sharp line drive to left fielder Mike Yastrzemski.,Single,,0,0,0,0,B,Ball,ball,False,B,CU,Curveball,Ball,81.2,76.0,3.18,1.6,6.4,0.46,13,2085,0.4,-0.8,-42.0,-1.7218,-0.2725,0.03,-0.07,-3.5,0.03,0.03,0.43,False,False,False,False,False,-1.7218,-0.2725,1,4,3,2,1,4,,,,,,,,,,,,,,False,N,1
849844,2026-10-01,ATL,PHI,pitch,d19b05db-3c6e-398f-a24a-d9379eb94c4f,1,2,33,1,656941,L,Kyle Schwarber,678061,L,Ray Kerr,PHI,ATL,143,144,Single,Kyle Schwarber singles on a sharp line drive to left fielder Mike Yastrzemski.,Single,,0,1,0,1,S,Strike,called_strike,False,C,SI,Sinker,Called Strike,92.2,84.6,3.18,1.6,6.08,0.41,6,1890,13.6,10.3,-21.7,0.6114,2.2701,-1.13,0.86,-1.81,13.6,-1.13,0.38,True,True,False,False,False,0.6114,2.2701,2,5,1,2,1,5,18.7,,,,,,,,,,,,,False,N,1
849844,2026-10-01,ATL,PHI,pitch,56cf8a22-ecc5-3554-8a70-7ebb83d8ada1,1,2,33,1,656941,L,Kyle Schwarber,678061,L,Ray Kerr,PHI,ATL,143,144,Single,Kyle Schwarber singles on a sharp line drive to left fielder Mike Yastrzemski.,Single,"{""homeRunBallparks"": 0}",1,1,1,1,X,In Play,hit_into_play,False,D,SI,Sinker,"In play, no out",94.8,86.9,3.18,1.6,6.31,0.4,8,1923,13.4,12.1,-18.4,-0.1952,1.9423,-1.12,1.01,-1.53,13.4,-1.12,0.37,True,True,False,False,False,-0.1952,1.9423,3,6,2,2,1,6,79.5,202.0,0.69,0,-142.74,207.27,108.2,8.0,108.2,8.0,,,,True,N,1
849844,2026-10-01,ATL,PHI,pitch,f02432d9-c45f-3ba1-8d35-3c184624e441,1,3,14,1,547180,L,Bryce Harper,678061,L,Ray Kerr,PHI,ATL,143,144,Strikeout,Bryce Harper strikes out swinging.,Strikeout,,0,0,0,0,S,Strike,swinging_strike,True,S,FF,4-Seam Fastball,Swinging Strike,94.4,87.0,3.26,1.65,6.12,0.4,5,2210,7.7,15.7,-14.8,0.1262,2.3009,-0.64,1.31,-1.23,7.7,-0.64,0.37,True,True,False,False,False,0.1262,2.3009,1,7,2,3,1,7,78.1,,,,,,,,,,,,,False,N,1
849844,2026-10-01,ATL,PHI,pitch,394c33a9-b1e6-339e-b52b-d02a0654ca0e,1,3,14,1,547180,L,Bryce Harper,678061,L,Ray Kerr,PHI,ATL,143,144,Strikeout,Bryce Harper strikes out swinging.,Strikeout,,1,0,1,0,S,Strike,foul,False,F,FF,4-Seam Fastball,Foul,93.3,85.9,3.26,1.65,6.06,0.4,8,2235,7.9,15.4,-16.0,-0.1509,2.1386,-0.66,1.28,-1.33,7.9,-0.66,0.38,True,True,False,False,False,-0.1509,2.1386,2,8,3,3,1,8,74.3,,,,,,,,,,,,,False,N,1
849844,2026-10-01,ATL,PHI,pitch,b6da1ef1-936b-37bb-b925-e7a94b91713a,1,3,14,1,547180,L,Bryce Harper,678061,L,Ray Kerr,PHI,ATL,143,144,Strikeout,Bryce Harper strikes out swinging.,Strikeout,,2,0,2,0,B,Ball,blocked_ball,False,*B,CU,Curveball,Ball In Dirt,82.2,76.1,3.26,1.65,6.28,0.46,13,1996,1.1,-1.1,-41.6,-2.4773,0.2922,0.09,-0.09,-3.47,0.09,0.09,0.43,False,False,False,False,False,-2.4773,0.2922,3,9,4,3,1,9,,,,,,,,,,,,,,False,N,1
849844,2026-10-01,ATL,PHI,pitch,9f3050a7-8425-3f90-acc1-78dcc73bf908,1,3,14,1,547180,L,Bryce Harper,678061,L,Ray Kerr,PHI,ATL,143,144,Strikeout,Bryce Harper strikes out swinging.,Strikeout,,2,1,2,1,S,Strike,swinging_strike,True,S,FC,Cutter,Swinging Strike,91.9,84.8,3.26,1.65,6.15,0.41,13,2121,0.5,10.2,-22.1,-1.7845,1.8317,-0.04,0.85,-1.84,0.5,-0.04,0.38,False,False,False,False,False,-1.7845,1.8317,4,10,1,3,1,10,69.1,,,,,,,,,,,,,True,N,1
849844,2026-10-01,ATL,PHI,pitch,a1856af3-f46a-33d2-b6aa-c339df47a8d2,1,4,0,2,664761,R,Alec Bohm,678061,L,Ray Kerr,PHI,ATL,143,144,Groundout,"Alec Bohm grounds out, second baseman Ozzie Albies to first baseman Matt Olson.",Groundout,,0,0,0,0,B,Ball,ball,False,B,SI,Sinker,Ball,94.9,87.2,3.41,1.72,6.17,0.4,13,2062,14.5,10.0,-20.4,-0.7255,1.4035,-1.21,0.83,-1.7,14.5,-1.21,0.37,False,False,False,True,False,-0.7255,1.4035,1,11,3,4,1,11,,,,,,,,,,,,,,False,N,1
849844,2026-10-01,ATL,PHI,pitch,dad53ad2-f14a-392a-b01b-5edc9ec6aa5b,1,4,0,2,664761,R,Alec Bohm,678061,L,Ray Kerr,PHI,ATL,143,144,Groundout,"Alec Bohm grounds out, second baseman Ozzie Albies to first baseman Matt Olson.",Groundout,,0,1,0,1,S,Strike,called_strike,False,C,SI,Sinker,Called Strike,94.7,87.1,3.41,1.72,6.3,0.4,8,2217,12.7,11.9,-18.5,-0.2192,1.7217,-1.06,0.99,-1.54,12.7,-1.06,0.37,True,True,False,True,False,-0.2192,1.7217,2,12,4,4,1,12,,,,,,,,,,,,,,False,N,1
849844,2026-10-01,ATL,PHI,pitch,38f498df-fdf3-3935-ad6b-5a371bcf2f65,1,4,0,2,664761,R,Alec Bohm,678061,L,Ray Kerr,PHI,ATL,143,144,Groundout,"Alec Bohm grounds out, second baseman Ozzie Albies to first baseman Matt Olson.",Groundout,"{""homeRunBallparks"": 0}",1,1,1,1,X,In Play,hit_into_play,False,X,SI,Sinker,"In play, out(s)",93.7,86.2,3.41,1.72,6.17,0.4,6,2078,12.4,11.2,-19.8,0.7142,2.6763,-1.03,0.93,-1.65,12.4,-1.03,0.38,True,True,False,True,False,0.7142,2.6763,3,13,5,4,1,13,72.0,7.0,0.06,0,-19.28,153.59,91.4,-22.0,91.4,-22.0,,,,True,N,1
849844,2026-10-01,ATL,PHI,pitch,65d67ac1-575b-3d12-b80d-33556471a742,1,5,0,1,686948,L,Drake Baldwin,605400,R,Aaron Nola,ATL,PHI,144,143,Flyout,Drake Baldwin flies out sharply to center fielder Justin Crawford.,Flyout,"{""homeRunBallparks"": 0}",0,0,0,0,X,In Play,hit_into_play,False,X,FF,4-Seam Fastball,"In play, out(s)",94.2,86.1,3.21,1.62,7.04,0.4,5,2356,13.9,14.3,-16.6,-0.0655,2.1166,1.16,1.19,-1.38,1.16,1.16,0.38,True,True,False,True,False,-0.0655,2.1166,1,1,1,1,1,14,81.7,324.0,0.02,0,89.98,311.27,101.0,46.0,101.0,46.0,,,,True,N,1
849844,2026-10-01,ATL,PHI,pitch,becbccfc-18b6-3b9f-a20a-59303979b760,1,6,0,1,660670,R,Ronald Acuña Jr.,605400,R,Aaron Nola,ATL,PHI,144,143,Walk,Ronald Acuña Jr. walks.,Walk,,0,0,0,0,B,Ball,ball,False,B,SI,Sinker,Ball,92.2,84.8,3.2,1.62,7.06,0.41,14,2357,16.2,8.3,-23.9,1.7301,1.4033,1.35,0.69,-1.99,1.35,1.35,0.38,False,False,False,False,False,1.7301,1.4033,1,2,1,2,1,15,,,,,,,,,,,,,,False,N,1
849844,2026-10-01,ATL,PHI,pitch,73389231-75bd-3cae-a026-aeec2b2b6f68,1,6,0,1,660670,R,Ronald Acuña Jr.,605400,R,Aaron Nola,ATL,PHI,144,143,Walk,Ronald Acuña Jr. walks.,Walk,,0,1,0,1,B,Ball,ball,False,B,SI,Sinker,Ball,92.9,85.4,3.2,1.62,6.87,0.4,14,2359,17.5,7.9,-23.8,0.8868,1.8282,1.46,0.66,-1.98,1.46,1.46,0.38,False,False,False,False,True,0.8868,1.8282,2,3,2,2,1,16,,,,,,,,,,,,,,False,N,1
849844,2026-10-01,ATL,PHI,pitch,1eefe183-d189-3720-8074-cb02e950e163,1,6,0,1,660670,R,Ronald Acuña Jr.,605400,R,Aaron Nola,ATL,PHI,144,143,Walk,Ronald Acuña Jr. walks.,Walk,,0,2,0,2,B,Ball,ball,False,B,SI,Sinker,Ball,93.8,86.2,3.2,1.62,7.25,0.4,14,2367,17.8,7.8,-23.3,0.2892,0.9373,1.48,0.65,-1.94,1.48,1.48,0.38,False,False,False,False,False,0.2892,0.9373,3,4,3,2,1,17,,,,,,,,,,,,,,False,N,1
849844,2026-10-01,ATL,PHI,pitch,b99625af-a478-36b6-b4ba-1fc28cd6d2bd,1,6,0,1,660670,R,Ronald Acuña Jr.,605400,R,Aaron Nola,ATL,PHI,144,143,Walk,Ronald Acuña Jr. walks.,Walk,,0,3,0,3,S,Strike,called_strike,False,C,SI,Sinker,Called Strike,92.4,84.6,3.2,1.62,6.96,0.41,9,2352,15.0,8.9,-23.3,0.6072,2.0999,1.25,0.74,-1.94,1.25,1.25,0.38,True,True,False,False,False,0.6072,2.0999,4,5,4,2,1,18,,,,,,,,,,,,,,False,N,1
849844,2026-10-01,ATL,PHI,pitch,e99a6eb9-9b7d-37de-b91d-4dd2c109214c,1,6,0,1,660670,R,Ronald Acuña Jr.,605400,R,Aaron Nola,ATL,PHI,144,143,Walk,Ronald Acuña Jr. walks.,Walk,,1,3,1,3,B,Ball,blocked_ball,False,*B,KC,Knuckle Curve,Ball In Dirt,80.4,73.4,3.2,1.62,6.81,0.47,14,2790,15.5,-10.9,-54.0,1.6425,0.7772,-1.29,-0.91,-4.5,15.5,-1.29,0.44,False,False,False,False,False,1.6425,0.7772,5,6,1,2,1,19,,,,,,,,,,,,,,True,N,1
849844,2026-10-01,ATL,PHI,pitch,7cab0be6-3534-3bfa-af82-67092069dea2,1,7,0,1,621566,L,Matt Olson,605400,R,Aaron Nola,ATL,PHI,144,143,Walk,Matt Olson walks. Ronald Acuña Jr. to 2nd.,Walk,,0,0,0,0,B,Ball,ball,False,B,KC,Knuckle Curve,Ball,78.4,71.6,3.37,1.7,6.46,0.48,14,2710,15.8,-11.2,-56.3,0.3408,1.0529,-1.32,-0.93,-4.69,15.8,-1.32,0.45,False,False,False,False,False,0.3408,1.0529,1,7,2,3,1,20,,,,,,,,,,,True,,,False,N,1
849844,2026-10-01,ATL,PHI,pitch,fb698960-1786-3d7a-8b12-9c685b3c5901,1,7,0,1,621566,L,Matt Olson,605400,R,Aaron Nola,ATL,PHI,144,143,Walk,Matt Olson walks. Ronald Acuña Jr. to 2nd.,Walk,,0,1,0,1,B,Ball,ball,False,B,SI,Sinker,Ball,91.9,83.9,3.37,1.7,6.78,0.41,12,2369,16.1,9.2,-23.3,0.6494,3.5008,1.34,0.77,-1.94,1.34,1.34,0.39,False,False,False,False,False,0.6494,3.5008,2,8,5,3,1,21,,,,,,,,,,,True,,,False,N,1
849844,2026-10-01,ATL,PHI,pitch,cf53d12e-ebfc-3b32-8076-cc84fce8a020,1,7,0,1,621566,L,Matt Olson,605400,R,Aaron Nola,ATL,PHI,144,143,Walk,Matt Olson walks. Ronald Acuña Jr. to 2nd.,Walk,,0,2,0,2,B,Ball,ball,False,B,CH,Changeup,Ball,87.5,80.0,3.37,1.7,6.9,0.43,13,1606,14.5,0.8,-35.2,-0.1219,1.1768,1.21,0.07,-2.93,1.21,1.21,0.41,False,False,False,False,False,-0.1219,1.1768,3,9,1,3,1,22,,,,,,,,,,,True,,,False,N,1
849844,2026-10-01,ATL,PHI,pitch,ac16af9b-9271-3165-8385-266f62542c08,1,7,0,1,621566,L,Matt Olson,605400,R,Aaron Nola,ATL,PHI,144,143,Walk,Matt Olson walks. Ronald Acuña Jr. to 2nd.,Walk,,0,3,0,3,S,Strike,foul,False,F,FF,4-Seam Fastball,Foul,94.4,85.8,3.37,1.7,6.93,0.4,5,2484,10.4,15.7,-15.2,0.222,2.4481,0.87,1.31,-1.27,0.87,0.87,0.38,True,True,False,False,False,0.222,2.4481,4,10,2,3,1,23,84.2,,,,,,,,,,True,,,False,N,1
849844,2026-10-01,ATL,PHI,pitch,083c406c-aca0-3c07-982b-f1d8b1e7e20f,1,7,0,1,621566,L,Matt Olson,605400,R,Aaron Nola,ATL,PHI,144,143,Walk,Matt Olson walks. Ronald Acuña Jr. to 2nd.,Walk,,1,3,1,3,B,Ball,ball,False,B,SI,Sinker,Ball,93.4,85.6,3.37,1.7,7.0,0.4,12,2415,16.8,8.5,-22.8,0.0911,3.5178,1.4,0.71,-1.9,1.4,1.4,0.38,False,False,False,False,False,0.0911,3.5178,5,11,6,3,1,24,,,,,,,,,,,True,,,True,N,1
849844,2026-10-01,ATL,PHI,pitch,f8e8327e-2f9f-356a-901d-8d5727f82db3,1,8,75,1,671739,L,Michael Harris II,605400,R,Aaron Nola,ATL,PHI,144,143,Home Run,Michael Harris II homers (1) on a fly ball to right center field. Ronald Acuña Jr. scores. Matt Olson scores.,Home Run,,0,0,0,0,B,Ball,ball,False,B,CH,Changeup,Ball,89.1,81.8,3.18,1.61,7.24,0.42,14,1632,14.6,7.0,-27.5,1.0607,1.553,1.22,0.58,-2.29,1.22,1.22,0.4,False,False,False,False,False,1.0607,1.553,1,12,2,4,1,25,,,,,,,,,,,True,True,,False,N,1
849844,2026-10-01,ATL,PHI,pitch,6643b2b6-f36a-309b-b743-fb88a3ed6daf,1,8,75,1,671739,L,Michael Harris II,605400,R,Aaron Nola,ATL,PHI,144,143,Home Run,Michael Harris II homers (1) on a fly ball to right center field. Ronald Acuña Jr. scores. Matt Olson scores.,Home Run,,0,1,0,1,B,Ball,ball,False,B,FF,4-Seam Fastball,Ball,93.7,85.6,3.18,1.61,7.07,0.4,12,2508,14.2,15.6,-15.6,1.1412,2.6617,1.18,1.3,-1.3,1.18,1.18,0.38,False,False,False,False,False,1.1412,2.6617,2,13,3,4,1,26,,,,,,,,,,,True,True,,False,N,1
849844,2026-10-01,ATL,PHI,pitch,1f67e8df-3ee8-36dc-a25b-5054ff8bfe45,1,8,75,1,671739,L,Michael Harris II,605400,R,Aaron Nola,ATL,PHI,144,143,Home Run,Michael Harris II homers (1) on a fly ball to right center field. Ronald Acuña Jr. scores. Matt Olson scores.,Home Run,"{""homeRunBallparks"": 26}",0,2,0,2,X,In Play,hit_into_play,False,E,SI,Sinker,"In play, run(s)",93.5,85.8,3.18,1.61,7.23,0.4,14,2399,16.4,10.4,-20.9,0.589,1.1119,1.37,0.87,-1.74,1.37,1.37,0.38,False,False,False,False,False,0.589,1.1119,3,14,7,4,1,27,78.0,387.0,0.58,1,161.81,352.35,100.5,25.0,100.5,25.0,True,True,,True,N,1
849844,2026-10-01,ATL,PHI,pitch,fd2e09d3-63ec-329f-9bb9-a89d1c8d3c37,1,9,14,1,643289,R,Mauricio Dubón,605400,R,Aaron Nola,ATL,PHI,144,143,Strikeout,Mauricio Dubón strikes out swinging.,Strikeout,,0,0,0,0,S,Strike,called_strike,False,C,KC,Knuckle Curve,Called Strike,80.2,73.0,3.17,1.6,6.03,0.47,14,2774,16.1,-11.2,-54.4,0.8913,1.6813,-1.34,-0.93,-4.53,16.1,-1.34,0.44,False,False,False,False,False,0.8913,1.6813,1,15,3,5,1,28,,,,,,,,,,,,,,False,N,1
849844,2026-10-01,ATL,PHI,pitch,a39ec41c-f293-3d89-b327-c0aac8d3695b,1,9,14,1,643289,R,Mauricio Dubón,605400,R,Aaron Nola,ATL,PHI,144,143,Strikeout,Mauricio Dubón strikes out swinging.,Strikeout,,1,0,1,0,B,Ball,ball,False,B,KC,Knuckle Curve,Ball,79.5,72.6,3.17,1.6,6.41,0.48,14,2694,15.6,-11.3,-55.3,1.9693,0.4478,-1.3,-0.94,-4.61,15.6,-1.3,0.45,False,False,False,False,False,1.9693,0.4478,2,16,4,5,1,29,,,,,,,,,,,,,,False,N,1
849844,2026-10-01,ATL,PHI,pitch,179eff3f-7725-328a-afcb-c2de4f009a60,1,9,14,1,643289,R,Mauricio Dubón,605400,R,Aaron Nola,ATL,PHI,144,143,Strikeout,Mauricio Dubón strikes out swinging.,Strikeout,,1,1,1,1,S,Strike,foul,False,F,SI,Sinker,Foul,92.5,84.5,3.17,1.6,6.56,0.41,4,2354,18.2,7.9,-24.1,-0.728,2.0933,1.52,0.66,-2.01,1.52,1.52,0.38,True,True,False,False,False,-0.728,2.0933,3,17,8,5,1,30,78.4,,,,,,,,,,,,,False,N,1
849844,2026-10-01,ATL,PHI,pitch,02c63da9-79b0-3884-aec0-ff2e5140fd5a,1,9,14,1,643289,R,Mauricio Dubón,605400,R,Aaron Nola,ATL,PHI,144,143,Strikeout,Mauricio Dubón strikes out swinging.,Strikeout,,2,1,2,1,S,Strike,swinging_strike_blocked,True,W,KC,Knuckle Curve,Swinging Strike,79.2,72.7,3.17,1.6,6.24,0.48,14,2670,12.6,-13.1,-57.2,0.8096,0.338,-1.05,-1.09,-4.77,12.6,-1.05,0.45,False,False,True,False,False,0.8096,0.338,4,18,5,5,1,31,53.0,,,,,,,,,,,,,True,N,1
849844,2026-10-01,ATL,PHI,pitch,20fa57db-bb85-3057-abfb-e95cfce96e3c,1,10,0,2,573262,L,Mike Yastrzemski,605400,R,Aaron Nola,ATL,PHI,144,143,Flyout,Mike Yastrzemski flies out to center fielder Justin Crawford.,Flyout,,0,0,0,0,S,Strike,called_strike,False,C,KC,Knuckle Curve,Called Strike,78.7,72.0,3.12,1.58,6.35,0.48,14,2713,12.0,-12.0,-56.5,0.5902,1.3876,-1.0,-1.0,-4.71,12.0,-1.0,0.45,False,False,False,True,False,0.5902,1.3876,1,19,6,6,1,32,,,,,,,,,,,,,,False,N,1
849844,2026-10-01,ATL,PHI,pitch,12474115-f218-3cd1-b1e4-5aa43d8975a8,1,10,0,2,573262,L,Mike Yastrzemski,605400,R,Aaron Nola,ATL,PHI,144,143,Flyout,Mike Yastrzemski flies out to center fielder Justin Crawford.,Flyout,,1,0,1,0,S,Strike,swinging_strike,True,S,CH,Changeup,Swinging Strike,87.6,80.8,3.12,1.58,7.1,0.43,7,1592,15.0,4.8,-30.6,-0.4709,1.6443,1.25,0.4,-2.55,1.25,1.25,0.4,True,True,False,True,False,-0.4709,1.6443,2,20,3,6,1,33,74.8,,,,,,,,,,,,,False,N,1
849844,2026-10-01,ATL,PHI,pitch,56d7d1f9-8819-371c-a2a8-8a3109e78bfd,1,10,0,2,573262,L,Mike Yastrzemski,605400,R,Aaron Nola,ATL,PHI,144,143,Flyout,Mike Yastrzemski flies out to center fielder Justin Crawford.,Flyout,,2,0,2,0,B,Ball,ball,False,B,SI,Sinker,Ball,93.4,85.8,3.12,1.58,7.11,0.4,12,2400,17.2,10.2,-21.1,1.9244,2.5992,1.43,0.85,-1.76,1.43,1.43,0.38,False,False,False,True,False,1.9244,2.5992,3,21,9,6,1,34,,,,,,,,,,,,,,False,N,1
849844,2026-10-01,ATL,PHI,pitch,8000b32b-16a2-3aca-8d5d-c09decd75fdb,1,10,0,2,573262,L,Mike Yastrzemski,605400,R,Aaron Nola,ATL,PHI,144,143,Flyout,Mike Yastrzemski flies out to center fielder Justin Crawford.,Flyout,,2,1,2,1,S,Strike,foul,False,F,FF,4-Seam Fastball,Foul,94.1,85.8,3.12,1.58,6.96,0.4,12,2448,11.3,15.4,-15.6,0.8494,3.2639,0.94,1.28,-1.3,0.94,0.94,0.38,False,False,False,True,False,0.8494,3.2639,4,22,4,6,1,35,47.6,,,,,,,,,,,,,False,N,1
849844,2026-10-01,ATL,PHI,pitch,ba711171-bffe-377d-aeba-33cbb382d3df,1,10,0,2,573262,L,Mike Yastrzemski,605400,R,Aaron Nola,ATL,PHI,144,143,Flyout,Mike Yastrzemski flies out to center fielder Justin Crawford.,Flyout,,2,1,2,1,S,Strike,foul,False,F,KC,Knuckle Curve,Foul,79.2,73.3,3.12,1.58,6.83,0.47,8,2714,14.4,-9.1,-52.6,0.1109,1.716,-1.2,-0.76,-4.38,14.4,-1.2,0.45,True,True,False,True,False,0.1109,1.716,5,23,7,6,1,36,73.4,,,,,,,,,,,,,False,N,1
849844,2026-10-01,ATL,PHI,pitch,1151b30c-86f0-3895-a4b2-f9ba8d5b496b,1,10,0,2,573262,L,Mike Yastrzemski,605400,R,Aaron Nola,ATL,PHI,144,143,Flyout,Mike Yastrzemski flies out to center fielder Justin Crawford.,Flyout,,2,1,2,1,B,Ball,ball,False,B,CH,Changeup,Ball,87.4,80.0,3.12,1.58,6.94,0.43,13,1598,14.0,4.1,-31.8,-1.4383,1.3712,1.17,0.34,-2.65,1.17,1.17,0.4,False,False,False,True,False,-1.4383,1.3712,6,24,4,6,1,37,,,,,,,,,,,,,,False,N,1
849844,2026-10-01,ATL,PHI,pitch,938a6342-eddc-3d26-b0d6-59c7178ee65d,1,10,0,2,573262,L,Mike Yastrzemski,605400,R,Aaron Nola,ATL,PHI,144,143,Flyout,Mike Yastrzemski flies out to center fielder Justin Crawford.,Flyout,"{""homeRunBallparks"": 0}",2,2,2,2,X,In Play,hit_into_play,False,X,FF,4-Seam Fastball,"In play, out(s)",94.5,85.1,3.12,1.58,7.02,0.4,11,2565,10.4,16.1,-14.9,-0.5138,3.4934,0.87,1.34,-1.24,0.87,0.87,0.38,False,False,False,True,False,-0.5138,3.4934,7,25,5,6,1,38,70.1,312.0,0.01,0,24.44,311.1,90.8,41.0,90.8,41.0,,,,True,N,1
849844,2026-10-01,ATL,PHI,pitch,22a811a9-d38f-393e-8269-8b83cfd98887,2,11,14,1,681082,L,Bryson Stott,678061,L,Ray Kerr,PHI,ATL,143,144,Strikeout,Bryson Stott strikes out swinging.,Strikeout,,0,0,0,0,S,Strike,called_strike,False,C,SI,Sinker,Called Strike,92.8,85.2,3.22,1.63,6.09,0.41,9,1989,14.3,10.0,-21.7,0.4449,1.933,-1.19,0.83,-1.81,14.3,-1.19,0.38,True,True,False,False,False,0.4449,1.933,1,14,6,5,1,39,,,,,,,,,,,,,,False,N,1
849844,2026-10-01,ATL,PHI,pitch,d502443e-7b79-33a9-9b77-6616bb362309,2,11,14,1,681082,L,Bryson Stott,678061,L,Ray Kerr,PHI,ATL,143,144,Strikeout,Bryson Stott strikes out swinging.,Strikeout,,1,0,1,0,S,Strike,foul,False,F,SI,Sinker,Foul,94.0,86.4,3.22,1.63,6.18,0.4,13,2003,11.9,11.9,-19.0,-0.8746,2.0289,-0.99,0.99,-1.58,11.9,-0.99,0.38,False,False,False,False,False,-0.8746,2.0289,2,15,7,5,1,40,51.0,,,,,,,,,,,,,False,N,1
849844,2026-10-01,ATL,PHI,pitch,c7563a1a-b98f-3efe-bb69-84680afc5b4a,2,11,14,1,681082,L,Bryson Stott,678061,L,Ray Kerr,PHI,ATL,143,144,Strikeout,Bryson Stott strikes out swinging.,Strikeout,,2,0,2,0,B,Ball,ball,False,B,FC,Cutter,Ball,91.5,85.0,3.22,1.63,6.15,0.41,13,2086,0.5,10.0,-22.4,-2.0533,1.7928,-0.04,0.83,-1.87,0.5,-0.04,0.38,False,False,False,False,False,-2.0533,1.7928,3,16,2,5,1,41,,,,,,,,,,,,,,False,N,1
849844,2026-10-01,ATL,PHI,pitch,00027433-c02a-3ac7-aa6d-a69ece0ef6ed,2,11,14,1,681082,L,Bryson Stott,678061,L,Ray Kerr,PHI,ATL,143,144,Strikeout,Bryson Stott strikes out swinging.,Strikeout,,2,1,2,1,S,Strike,foul,False,F,FF,4-Seam Fastball,Foul,94.4,87.2,3.22,1.63,6.03,0.4,4,2185,8.4,13.9,-16.6,-0.305,2.1261,-0.7,1.16,-1.38,8.4,-0.7,0.37,True,True,False,False,False,-0.305,2.1261,4,17,4,5,1,42,69.7,,,,,,,,,,,,,False,N,1
849844,2026-10-01,ATL,PHI,pitch,9435bd7c-fce7-3328-8e9b-9c7d7a439527,2,11,14,1,681082,L,Bryson Stott,678061,L,Ray Kerr,PHI,ATL,143,144,Strikeout,Bryson Stott strikes out swinging.,Strikeout,,2,1,2,1,B,Ball,ball,False,B,CU,Curveball,Ball,83.0,77.3,3.22,1.63,6.29,0.45,13,2198,1.3,-3.5,-42.8,-1.0818,1.0298,-0.11,-0.29,-3.57,1.3,-0.11,0.42,False,False,False,False,False,-1.0818,1.0298,5,18,5,5,1,43,,,,,,,,,,,,,,False,N,1
849844,2026-10-01,ATL,PHI,pitch,dea76464-fcc8-31a8-a929-cbc2cad05e47,2,11,14,1,681082,L,Bryson Stott,678061,L,Ray Kerr,PHI,ATL,143,144,Strikeout,Bryson Stott strikes out swinging.,Strikeout,,2,2,2,2,S,Strike,swinging_strike,True,S,FC,Cutter,Swinging Strike,91.3,84.3,3.22,1.63,6.19,0.41,13,2095,2.8,8.2,-24.5,-1.674,1.3613,-0.23,0.68,-2.04,2.8,-0.23,0.39,False,False,False,False,False,-1.674,1.3613,6,19,3,5,1,44,63.5,,,,,,,,,,,,,True,N,1
849844,2026-10-01,ATL,PHI,pitch,044069c6-ffae-3280-8f1c-f6d34fedb5e6,2,12,0,1,650559,R,Bryan De La Cruz,678061,L,Ray Kerr,PHI,ATL,143,144,Groundout,"Bryan De La Cruz grounds out, second baseman Ozzie Albies to first baseman Matt Olson.",Groundout,,0,0,0,0,B,Ball,ball,False,B,CU,Curveball,Ball,79.9,74.3,3.23,1.63,6.11,0.47,13,2137,1.6,-5.3,-47.9,-0.9594,1.4039,0.13,-0.44,-3.99,0.13,0.13,0.44,False,False,False,True,False,-0.9594,1.4039,1,20,6,6,1,45,,,,,,,,,,,,,,False,N,1
849844,2026-10-01,ATL,PHI,pitch,2c3b334f-79cc-31a4-a94b-57f6828670c1,2,12,0,1,650559,R,Bryan De La Cruz,678061,L,Ray Kerr,PHI,ATL,143,144,Groundout,"Bryan De La Cruz grounds out, second baseman Ozzie Albies to first baseman Matt Olson.",Groundout,,0,1,0,1,B,Ball,ball,False,B,FC,Cutter,Ball,91.5,84.6,3.23,1.63,6.28,0.41,13,2163,1.7,8.8,-23.8,-1.6539,2.0065,-0.14,0.73,-1.98,1.7,-0.14,0.38,False,False,False,True,False,-1.6539,2.0065,2,21,4,6,1,46,,,,,,,,,,,,,,False,N,1
849844,2026-10-01,ATL,PHI,pitch,829b00c5-02c1-32d3-86dc-6ea1980c6fb8,2,12,0,1,650559,R,Bryan De La Cruz,678061,L,Ray Kerr,PHI,ATL,143,144,Groundout,"Bryan De La Cruz grounds out, second baseman Ozzie Albies to first baseman Matt Olson.",Groundout,,0,2,0,2,S,Strike,called_strike,False,C,FF,4-Seam Fastball,Called Strike,93.7,85.9,3.23,1.63,6.01,0.4,5,2404,7.9,16.1,-15.0,0.2264,2.4685,-0.66,1.34,-1.25,7.9,-0.66,0.38,True,True,False,True,False,0.2264,2.4685,3,22,5,6,1,47,,,,,,,,,,,,,,False,N,1
849844,2026-10-01,ATL,PHI,pitch,e66dc0af-14be-3f0d-a37a-6afb685a2d9f,2,12,0,1,650559,R,Bryan De La Cruz,678061,L,Ray Kerr,PHI,ATL,143,144,Groundout,"Bryan De La Cruz grounds out, second baseman Ozzie Albies to first baseman Matt Olson.",Groundout,,1,2,1,2,B,Ball,ball,False,B,FF,4-Seam Fastball,Ball,93.5,86.0,3.23,1.63,6.08,0.4,13,2324,10.6,14.3,-16.9,-0.6489,1.315,-0.88,1.19,-1.41,10.6,-0.88,0.38,False,False,False,True,False,-0.6489,1.315,4,23,6,6,1,48,,,,,,,,,,,,,,False,N,1
849844,2026-10-01,ATL,PHI,pitch,5cf79cce-19d2-36b8-861d-d458ef9d9162,2,12,0,1,650559,R,Bryan De La Cruz,678061,L,Ray Kerr,PHI,ATL,143,144,Groundout,"Bryan De La Cruz grounds out, second baseman Ozzie Albies to first baseman Matt Olson.",Groundout,"{""homeRunBallparks"": 0}",1,3,1,3,X,In Play,hit_into_play,False,X,FF,4-Seam Fastball,"In play, out(s)",93.8,85.8,3.23,1.63,6.24,0.4,6,2177,8.9,14.2,-16.9,0.4127,2.6337,-0.74,1.18,-1.41,8.9,-0.74,0.38,True,True,False,True,False,0.4127,2.6337,5,24,7,6,1,49,68.5,135.0,0.62,0,39.53,198.54,105.6,5.0,105.6,5.0,,,,True,N,1
849844,2026-10-01,ATL,PHI,pitch,7f7fefd3-2a6f-3fa0-aa26-7b7559231d9b,2,13,0,2,624641,R,Edmundo Sosa,678061,L,Ray Kerr,PHI,ATL,143,144,Groundout,"Edmundo Sosa grounds out, shortstop Mauricio Dubón to first baseman Matt Olson.",Groundout,,0,0,0,0,S,Strike,foul,False,F,CU,Curveball,Foul,80.3,74.2,3.19,1.61,6.26,0.47,7,1904,1.1,-1.4,-43.7,-0.4678,1.9556,-0.09,-0.12,-3.64,1.1,-0.09,0.44,True,True,False,True,False,-0.4678,1.9556,1,25,7,7,1,50,75.2,,,,,,,,,,,,,False,N,1
849844,2026-10-01,ATL,PHI,pitch,515a17bb-30c5-3709-8ffc-8bf492b9ef89,2,13,0,2,624641,R,Edmundo Sosa,678061,L,Ray Kerr,PHI,ATL,143,144,Groundout,"Edmundo Sosa grounds out, shortstop Mauricio Dubón to first baseman Matt Olson.",Groundout,,1,0,1,0,B,Ball,ball,False,B,FC,Cutter,Ball,90.3,83.5,3.19,1.61,6.19,0.42,13,2169,0.7,8.0,-25.2,-1.6226,2.1294,0.06,0.67,-2.1,0.06,0.06,0.39,False,False,False,True,False,-1.6226,2.1294,2,26,5,7,1,51,,,,,,,,,,,,,,False,N,1
849844,2026-10-01,ATL,PHI,pitch,04f44d1c-81ff-3834-9f08-6e9cfd796870,2,13,0,2,624641,R,Edmundo Sosa,678061,L,Ray Kerr,PHI,ATL,143,144,Groundout,"Edmundo Sosa grounds out, shortstop Mauricio Dubón to first baseman Matt Olson.",Groundout,,1,1,1,1,S,Strike,swinging_strike,True,S,CU,Curveball,Swinging Strike,81.4,75.5,3.19,1.61,6.07,0.46,13,2065,0.5,-4.8,-45.8,-0.5972,0.8831,0.04,-0.4,-3.82,0.04,0.04,0.43,False,False,False,True,False,-0.5972,0.8831,3,27,8,7,1,52,75.9,,,,,,,,,,,,,False,N,1
849844,2026-10-01,ATL,PHI,pitch,5b187745-215d-3baf-87f6-743321b83b54,2,13,0,2,624641,R,Edmundo Sosa,678061,L,Ray Kerr,PHI,ATL,143,144,Groundout,"Edmundo Sosa grounds out, shortstop Mauricio Dubón to first baseman Matt Olson.",Groundout,"{""homeRunBallparks"": 0}",2,1,2,1,X,In Play,hit_into_play,False,X,CU,Curveball,"In play, out(s)",82.5,76.3,3.19,1.61,5.99,0.45,14,1970,0.4,-1.9,-41.8,1.2343,2.0252,0.03,-0.16,-3.48,0.03,0.03,0.43,False,False,False,True,False,1.2343,2.0252,4,28,9,7,1,53,69.8,3.0,0.07,0,-41.24,106.01,81.5,-41.0,81.5,-41.0,,,,True,N,1
849844,2026-10-01,ATL,PHI,pitch,b250f462-b2f2-381b-9985-98af3eca4565,2,14,0,1,663586,R,Austin Riley,605400,R,Aaron Nola,ATL,PHI,144,143,Lineout,Austin Riley lines out to left fielder Bryan De La Cruz.,Lineout,,0,0,0,0,B,Ball,ball,False,B,SI,Sinker,Ball,91.6,83.9,3.27,1.65,6.86,0.41,14,2350,17.3,8.4,-24.4,1.1586,1.5828,1.44,0.7,-2.03,1.44,1.44,0.39,False,False,False,True,False,1.1586,1.5828,1,26,10,7,1,54,,,,,,,,,,,,,,False,N,1
849844,2026-10-01,ATL,PHI,pitch,7a96b5c4-0def-3ae5-bca9-b5c3888c555b,2,14,0,1,663586,R,Austin Riley,605400,R,Aaron Nola,ATL,PHI,144,143,Lineout,Austin Riley lines out to left fielder Bryan De La Cruz.,Lineout,"{""homeRunBallparks"": 0}",0,1,0,1,X,In Play,hit_into_play,False,X,KC,Knuckle Curve,"In play, out(s)",79.3,72.7,3.27,1.65,6.65,0.48,5,2705,15.2,-9.5,-53.2,-0.127,2.3223,-1.27,-0.79,-4.43,15.2,-1.27,0.45,True,True,False,True,False,-0.127,2.3223,2,27,8,7,1,55,69.9,332.0,0.2,0,-170.44,283.6,95.3,22.0,95.3,22.0,,,,True,N,1
849844,2026-10-01,ATL,PHI,pitch,87f064ed-fe5b-333c-88e4-c7ab5f542943,2,15,0,1,645277,L,Ozzie Albies,605400,R,Aaron Nola,ATL,PHI,144,143,Lineout,Ozzie Albies lines out to right fielder Bryce Harper.,Lineout,,0,0,0,0,S,Strike,called_strike,False,C,CH,Changeup,Called Strike,86.6,80.0,2.98,1.51,6.79,0.43,7,1535,13.2,2.4,-33.8,-0.7956,1.711,1.1,0.2,-2.82,1.1,1.1,0.41,True,True,False,True,False,-0.7956,1.711,1,28,5,8,1,56,,,,,,,,,,,,,,False,N,1
849844,2026-10-01,ATL,PHI,pitch,cfd7f532-2a87-3eeb-b8cc-35a8bc7986e0,2,15,0,1,645277,L,Ozzie Albies,605400,R,Aaron Nola,ATL,PHI,144,143,Lineout,Ozzie Albies lines out to right fielder Bryce Harper.,Lineout,,1,0,1,0,B,Ball,ball,False,B,FC,Cutter,Ball,86.8,80.5,2.98,1.51,6.67,0.43,11,2311,0.8,8.0,-27.7,-0.0314,3.1154,-0.07,0.67,-2.31,0.8,-0.07,0.4,False,False,False,True,False,-0.0314,3.1154,2,29,1,8,1,57,,,,,,,,,,,,,,False,N,1
849844,2026-10-01,ATL,PHI,pitch,e85dc3cf-1fe2-3671-8dda-ab232cf7c335,2,15,0,1,645277,L,Ozzie Albies,605400,R,Aaron Nola,ATL,PHI,144,143,Lineout,Ozzie Albies lines out to right fielder Bryce Harper.,Lineout,,1,1,1,1,B,Ball,ball,False,B,CH,Changeup,Ball,88.1,81.3,2.98,1.51,7.14,0.43,13,1650,13.4,1.3,-33.7,-1.2594,1.1398,1.12,0.11,-2.81,1.12,1.12,0.4,False,False,False,True,False,-1.2594,1.1398,3,30,6,8,1,58,,,,,,,,,,,,,,False,N,1
849844,2026-10-01,ATL,PHI,pitch,9ffbca12-a946-3e8b-aa48-2217ca5bd105,2,15,0,1,645277,L,Ozzie Albies,605400,R,Aaron Nola,ATL,PHI,144,143,Lineout,Ozzie Albies lines out to right fielder Bryce Harper.,Lineout,,1,2,1,2,S,Strike,foul,False,F,SI,Sinker,Foul,92.5,85.2,2.98,1.51,6.98,0.41,6,2360,13.9,8.2,-23.6,0.403,2.4901,1.16,0.68,-1.97,1.16,1.16,0.38,True,True,False,True,False,0.403,2.4901,4,31,11,8,1,59,79.2,,,,,,,,,,,,,False,N,1
849844,2026-10-01,ATL,PHI,pitch,c4344bd9-1404-3aa2-9abf-2338a895871d,2,15,0,1,645277,L,Ozzie Albies,605400,R,Aaron Nola,ATL,PHI,144,143,Lineout,Ozzie Albies lines out to right fielder Bryce Harper.,Lineout,,2,2,2,2,B,Ball,ball,False,B,KC,Knuckle Curve,Ball,78.5,72.5,2.98,1.51,6.61,0.48,13,2668,14.6,-8.4,-52.8,-0.6447,0.5368,-1.22,-0.7,-4.4,14.6,-1.22,0.45,False,False,False,True,False,-0.6447,0.5368,5,32,9,8,1,60,,,,,,,,,,,,,,False,N,1
849844,2026-10-01,ATL,PHI,pitch,78304adf-6e7f-381f-a82a-e7501f1a8d30,2,15,0,1,645277,L,Ozzie Albies,605400,R,Aaron Nola,ATL,PHI,144,143,Lineout,Ozzie Albies lines out to right fielder Bryce Harper.,Lineout,"{""homeRunBallparks"": 0}",2,3,2,3,X,In Play,hit_into_play,False,X,CH,Changeup,"In play, out(s)",88.2,81.7,2.98,1.51,7.18,0.42,13,1661,14.9,5.2,-29.8,-0.2665,1.0768,1.24,0.43,-2.48,1.24,1.24,0.4,False,False,False,True,False,-0.2665,1.0768,6,33,7,8,1,61,75.5,323.0,0.35,0,192.8,260.32,99.6,19.0,99.6,19.0,,,,True,N,1
849844,2026-10-01,ATL,PHI,pitch,5a1be10f-1b24-334d-a9db-726fa0c47fee,2,16,33,2,642086,L,Dominic Smith,605400,R,Aaron Nola,ATL,PHI,144,143,Single,Dominic Smith singles on a ground ball to shortstop Trea Turner.,Single,,0,0,0,0,B,Ball,ball,False,B,FF,4-Seam Fastball,Ball,93.6,85.1,3.18,1.6,7.08,0.4,14,2384,12.5,14.2,-17.3,0.273,1.1783,1.04,1.18,-1.44,1.04,1.04,0.38,False,False,False,False,False,0.273,1.1783,1,34,6,9,1,62,,,,,,,,,,,,,,False,N,1
849844,2026-10-01,ATL,PHI,pitch,d39583d7-4205-3ad7-8967-a50c08d429d2,2,16,33,2,642086,L,Dominic Smith,605400,R,Aaron Nola,ATL,PHI,144,143,Single,Dominic Smith singles on a ground ball to shortstop Trea Turner.,Single,,0,1,0,1,S,Strike,called_strike,False,C,KC,Knuckle Curve,Called Strike,78.9,72.2,3.18,1.6,6.82,0.48,4,2697,16.2,-9.2,-53.5,-0.3364,2.53,-1.35,-0.77,-4.46,16.2,-1.35,0.45,True,True,False,False,False,-0.3364,2.53,2,35,10,9,1,63,,,,,,,,,,,,,,False,N,1
849844,2026-10-01,ATL,PHI,pitch,575905f0-7268-3bfe-b341-5cae10a1fd0d,2,16,33,2,642086,L,Dominic Smith,605400,R,Aaron Nola,ATL,PHI,144,143,Single,Dominic Smith singles on a ground ball to shortstop Trea Turner.,Single,,1,1,1,1,B,Ball,ball,False,B,SI,Sinker,Ball,93.1,85.1,3.18,1.6,7.04,0.4,12,2439,14.8,12.4,-19.2,0.8394,2.8129,1.23,1.03,-1.6,1.23,1.23,0.38,False,False,False,False,False,0.8394,2.8129,3,36,12,9,1,64,,,,,,,,,,,,,,False,N,1
849844,2026-10-01,ATL,PHI,pitch,5daa758f-1018-3b55-906f-b0051082cb96,2,16,33,2,642086,L,Dominic Smith,605400,R,Aaron Nola,ATL,PHI,144,143,Single,Dominic Smith singles on a ground ball to shortstop Trea Turner.,Single,,1,2,1,2,S,Strike,foul_tip,True,T,CH,Changeup,Foul Tip,88.4,81.5,3.18,1.6,7.14,0.42,4,1642,13.8,7.1,-27.7,-0.7899,2.6676,1.15,0.59,-2.31,1.15,1.15,0.4,True,True,False,False,False,-0.7899,2.6676,4,37,8,9,1,65,70.2,,,,,,,,,,,,,False,N,1
849844,2026-10-01,ATL,PHI,pitch,97c37625-23f6-3ed2-92d7-20a8e1b0c19d,2,16,33,2,642086,L,Dominic Smith,605400,R,Aaron Nola,ATL,PHI,144,143,Single,Dominic Smith singles on a ground ball to shortstop Trea Turner.,Single,"{""homeRunBallparks"": 0}",2,2,2,2,X,In Play,hit_into_play,False,D,SI,Sinker,"In play, no out",93.4,85.5,3.18,1.6,7.14,0.4,6,2465,16.4,10.1,-21.2,0.3645,2.5853,1.37,0.84,-1.77,1.37,1.37,0.38,True,True,False,False,False,0.3645,2.5853,5,38,13,9,1,66,62.6,109.0,0.23,0,23.72,164.65,67.1,11.0,67.1,11.0,,,,True,N,1
849844,2026-10-01,ATL,PHI,pitch,6989ebfe-8262-355e-9b4e-d7263a3baf15,2,17,0,2,686948,L,Drake Baldwin,641835,L,Tim Mayza,ATL,PHI,144,143,Groundout,"Drake Baldwin grounds out, shortstop Trea Turner to first baseman Alec Bohm.",Groundout,,0,0,0,0,B,Ball,ball,False,B,SI,Sinker,Ball,94.6,86.8,3.21,1.62,6.99,0.4,14,2154,15.0,12.5,-18.1,1.1732,1.9976,-1.25,1.04,-1.51,15.0,-1.25,0.37,False,False,False,True,False,1.1732,1.9976,1,1,1,1,1,67,,,,,,,,,,,,,,False,N,1
849844,2026-10-01,ATL,PHI,pitch,b23c1500-454e-3351-a05a-b45300a5a1e7,2,17,0,2,686948,L,Drake Baldwin,641835,L,Tim Mayza,ATL,PHI,144,143,Groundout,"Drake Baldwin grounds out, shortstop Trea Turner to first baseman Alec Bohm.",Groundout,,0,1,0,1,S,Strike,called_strike,False,C,SI,Sinker,Called Strike,93.6,86.0,3.21,1.62,7.04,0.4,4,2084,14.4,11.3,-19.9,-0.7784,2.4004,-1.2,0.94,-1.66,14.4,-1.2,0.38,True,True,False,True,False,-0.7784,2.4004,2,2,2,1,1,68,,,,,,,,,,,,,,False,N,1
849844,2026-10-01,ATL,PHI,pitch,856a97ee-725d-3921-bbf7-363803880538,2,17,0,2,686948,L,Drake Baldwin,641835,L,Tim Mayza,ATL,PHI,144,143,Groundout,"Drake Baldwin grounds out, shortstop Trea Turner to first baseman Alec Bohm.",Groundout,,1,1,1,1,B,Ball,ball,False,B,SL,Slider,Ball,89.2,82.8,3.21,1.62,7.16,0.42,13,2374,1.9,-0.4,-34.7,-2.2615,0.8934,0.16,-0.03,-2.89,0.16,0.16,0.4,False,False,False,True,False,-2.2615,0.8934,3,3,1,1,1,69,,,,,,,,,,,,,,False,N,1
849844,2026-10-01,ATL,PHI,pitch,ff7a8720-8b45-3ee3-a159-927fb4ddf584,2,17,0,2,686948,L,Drake Baldwin,641835,L,Tim Mayza,ATL,PHI,144,143,Groundout,"Drake Baldwin grounds out, shortstop Trea Turner to first baseman Alec Bohm.",Groundout,,1,2,1,2,S,Strike,called_strike,False,C,SI,Sinker,Called Strike,94.1,86.7,3.21,1.62,7.14,0.4,8,2098,15.4,10.4,-20.4,-0.2463,1.7129,-1.28,0.87,-1.7,15.4,-1.28,0.37,True,True,False,True,False,-0.2463,1.7129,4,4,3,1,1,70,,,,,,,,,,,,,,False,N,1
849844,2026-10-01,ATL,PHI,pitch,bc7ca349-fee4-3c40-8683-acad9509252c,2,17,0,2,686948,L,Drake Baldwin,641835,L,Tim Mayza,ATL,PHI,144,143,Groundout,"Drake Baldwin grounds out, shortstop Trea Turner to first baseman Alec Bohm.",Groundout,,2,2,2,2,B,Ball,ball,False,B,SI,Sinker,Ball,96.6,88.6,3.21,1.62,7.08,0.39,13,2173,15.4,11.4,-18.1,-1.3339,0.8382,-1.28,0.95,-1.51,15.4,-1.28,0.37,False,False,False,True,False,-1.3339,0.8382,5,5,4,1,1,71,,,,,,,,,,,,,,False,N,1
849844,2026-10-01,ATL,PHI,pitch,4c51b95a-cd7d-3505-8e97-e1000a65e90e,2,17,0,2,686948,L,Drake Baldwin,641835,L,Tim Mayza,ATL,PHI,144,143,Groundout,"Drake Baldwin grounds out, shortstop Trea Turner to first baseman Alec Bohm.",Groundout,"{""homeRunBallparks"": 0}",2,3,2,3,X,In Play,hit_into_play,False,X,SI,Sinker,"In play, out(s)",94.9,86.9,3.21,1.62,6.91,0.4,4,2194,15.7,10.7,-19.8,-0.3529,2.2118,-1.31,0.89,-1.65,15.7,-1.31,0.37,True,True,False,True,False,-0.3529,2.2118,6,6,5,1,1,72,77.1,8.0,0.13,0,-43.68,135.29,99.7,-18.0,99.7,-18.0,,,,True,N,1
849844,2026-10-01,ATL,PHI,pitch,9a684621-b0e4-351b-b1b6-16ee30804346,3,18,0,1,592663,R,J.T. Realmuto,678061,L,Ray Kerr,PHI,ATL,143,144,Flyout,J.T. Realmuto flies out sharply to center fielder Michael Harris II.,Flyout,,0,0,0,0,S,Strike,swinging_strike,True,S,FF,4-Seam Fastball,Swinging Strike,92.9,84.6,3.2,1.62,6.06,0.41,3,2242,10.1,18.4,-13.4,0.4761,2.7412,-0.84,1.53,-1.12,10.1,-0.84,0.38,True,True,False,True,False,0.4761,2.7412,1,29,8,8,1,73,77.5,,,,,,,,,,,,,False,N,1
849844,2026-10-01,ATL,PHI,pitch,a62c9c49-98ee-3eaf-92d6-e8c462002fb9,3,18,0,1,592663,R,J.T. Realmuto,678061,L,Ray Kerr,PHI,ATL,143,144,Flyout,J.T. Realmuto flies out sharply to center fielder Michael Harris II.,Flyout,,1,0,1,0,B,Ball,ball,False,B,CU,Curveball,Ball,81.5,76.2,3.2,1.62,6.14,0.46,13,2192,0.8,-3.2,-44.0,-1.5683,0.7459,0.07,-0.27,-3.67,0.07,0.07,0.43,False,False,False,True,False,-1.5683,0.7459,2,30,10,8,1,74,,,,,,,,,,,,,,False,N,1
849844,2026-10-01,ATL,PHI,pitch,34f6a8da-da63-37c7-8f16-fa7369c33255,3,18,0,1,592663,R,J.T. Realmuto,678061,L,Ray Kerr,PHI,ATL,143,144,Flyout,J.T. Realmuto flies out sharply to center fielder Michael Harris II.,Flyout,"{""homeRunBallparks"": 0}",1,1,1,1,X,In Play,hit_into_play,False,X,CU,Curveball,"In play, out(s)",80.6,75.1,3.2,1.62,5.89,0.46,5,2202,1.4,-4.4,-46.1,0.0523,2.1506,-0.12,-0.37,-3.84,1.4,-0.12,0.44,True,True,False,True,False,0.0523,2.1506,3,31,11,8,1,75,75.9,366.0,0.16,0,-65.13,359.94,101.1,39.0,101.1,39.0,,,,True,N,1
849844,2026-10-01,ATL,PHI,pitch,92917df5-293d-3d49-86b0-6470263c14e1,3,19,0,1,702222,L,Justin Crawford,678061,L,Ray Kerr,PHI,ATL,143,144,Groundout,"Justin Crawford grounds out, shortstop Mauricio Dubón to first baseman Matt Olson.",Groundout,,0,0,0,0,S,Strike,called_strike,False,C,SI,Sinker,Called Strike,92.7,85.1,3.28,1.66,6.15,0.41,7,2180,17.0,6.8,-25.0,-0.7236,2.0202,-1.42,0.57,-2.08,17.0,-1.42,0.38,True,True,False,True,False,-0.7236,2.0202,1,32,8,9,1,76,,,,,,,,,,,,,,False,N,1
849844,2026-10-01,ATL,PHI,pitch,6857787a-2b14-3c62-aa14-81bcbca393ed,3,19,0,1,702222,L,Justin Crawford,678061,L,Ray Kerr,PHI,ATL,143,144,Groundout,"Justin Crawford grounds out, shortstop Mauricio Dubón to first baseman Matt Olson.",Groundout,"{""homeRunBallparks"": 0}",1,0,1,0,X,In Play,hit_into_play,False,X,SI,Sinker,"In play, out(s)",93.0,85.2,3.28,1.66,6.11,0.4,9,2134,15.7,9.6,-22.0,0.6351,1.9633,-1.31,0.8,-1.83,15.7,-1.31,0.38,True,True,False,True,False,0.6351,1.9633,2,33,9,9,1,77,77.2,38.0,0.4,0,-8.32,142.6,94.1,-1.0,94.1,-1.0,,,,True,N,1
849844,2026-10-01,ATL,PHI,pitch,641368ad-245b-3f1c-be47-e0976fda225a,3,20,0,2,607208,R,Trea Turner,678061,L,Ray Kerr,PHI,ATL,143,144,Flyout,Trea Turner flies out to left fielder Mike Yastrzemski.,Flyout,,0,0,0,0,S,Strike,called_strike,False,C,CU,Curveball,Called Strike,80.6,74.7,3.24,1.64,5.99,0.47,7,2044,1.7,-0.8,-42.6,-0.3214,1.7995,-0.14,-0.07,-3.55,1.7,-0.14,0.44,True,True,False,True,False,-0.3214,1.7995,1,34,12,10,2,78,,,,,,,,,,,,,,False,N,1
849844,2026-10-01,ATL,PHI,pitch,8da6c9aa-683d-3621-a285-ae6bd27ce981,3,20,0,2,607208,R,Trea Turner,678061,L,Ray Kerr,PHI,ATL,143,144,Flyout,Trea Turner flies out to left fielder Mike Yastrzemski.,Flyout,,1,0,1,0,S,Strike,foul,False,F,CU,Curveball,Foul,80.9,74.7,3.24,1.64,5.96,0.46,6,2054,1.2,-1.2,-42.7,0.5441,2.6587,0.1,-0.1,-3.56,0.1,0.1,0.44,True,True,False,True,False,0.5441,2.6587,2,35,13,10,2,79,69.5,,,,,,,,,,,,,False,N,1
849844,2026-10-01,ATL,PHI,pitch,bce7df55-e8c5-339e-a7fb-4fc1a810c12f,3,20,0,2,607208,R,Trea Turner,678061,L,Ray Kerr,PHI,ATL,143,144,Flyout,Trea Turner flies out to left fielder Mike Yastrzemski.,Flyout,,2,0,2,0,B,Ball,ball,False,B,CU,Curveball,Ball,82.5,76.4,3.24,1.64,6.07,0.45,14,2053,0.0,-1.8,-41.6,0.6957,1.2799,0.0,-0.15,-3.47,0.0,0.0,0.43,False,False,False,True,False,0.6957,1.2799,3,36,14,10,2,80,,,,,,,,,,,,,,False,N,1
849844,2026-10-01,ATL,PHI,pitch,7a00f30e-8207-3dc8-8c13-7f6b4e82f3a2,3,20,0,2,607208,R,Trea Turner,678061,L,Ray Kerr,PHI,ATL,143,144,Flyout,Trea Turner flies out to left fielder Mike Yastrzemski.,Flyout,,2,1,2,1,S,Strike,foul,False,F,CS,Slow Curve,Foul,80.5,74.3,3.24,1.64,6.05,0.47,7,2489,10.4,-11.6,-53.9,-0.5011,1.7371,0.87,-0.97,-4.49,0.87,0.87,0.44,True,True,False,True,False,-0.5011,1.7371,4,37,1,10,2,81,76.5,,,,,,,,,,,,,False,N,1
849844,2026-10-01,ATL,PHI,pitch,a82f19bf-9117-33aa-80a2-fc030078a269,3,20,0,2,607208,R,Trea Turner,678061,L,Ray Kerr,PHI,ATL,143,144,Flyout,Trea Turner flies out to left fielder Mike Yastrzemski.,Flyout,"{""homeRunBallparks"": 0}",2,1,2,1,X,In Play,hit_into_play,False,X,FF,4-Seam Fastball,"In play, out(s)",95.0,86.8,3.24,1.64,6.1,0.4,1,2325,6.5,13.3,-16.9,-0.4009,3.1633,-0.54,1.11,-1.41,6.5,-0.54,0.37,True,True,False,True,False,-0.4009,3.1633,5,38,9,10,2,82,71.0,274.0,0.15,0,-67.32,263.91,76.2,34.0,76.2,34.0,,,,True,N,1
849844,2026-10-01,ATL,PHI,pitch,396e4a55-9c2b-3441-9715-eef298a80b52,3,21,33,0,660670,R,Ronald Acuña Jr.,554430,R,Zack Wheeler,ATL,PHI,144,143,Single,"Ronald Acuña Jr. singles on a ground ball to left fielder Bryan De La Cruz, deflected by shortstop Trea Turner.",Single,,0,0,0,0,S,Strike,foul,False,F,SI,Sinker,Foul,95.6,87.6,3.2,1.62,6.95,0.39,1,2331,19.1,7.0,-22.9,-0.8072,2.7729,1.59,0.58,-1.91,1.59,1.59,0.37,True,True,False,False,False,-0.8072,2.7729,1,1,1,1,1,83,78.1,,,,,,,,,,,,,False,N,1
849844,2026-10-01,ATL,PHI,pitch,62128529-c924-3beb-8d69-f1d8b3a8a003,3,21,33,0,660670,R,Ronald Acuña Jr.,554430,R,Zack Wheeler,ATL,PHI,144,143,Single,"Ronald Acuña Jr. singles on a ground ball to left fielder Bryan De La Cruz, deflected by shortstop Trea Turner.",Single,,1,0,1,0,B,Ball,ball,False,B,FF,4-Seam Fastball,Ball,96.5,88.2,3.2,1.62,7.2,0.39,14,2581,12.2,11.9,-17.6,1.3241,2.3886,1.02,0.99,-1.47,1.02,1.02,0.37,False,False,False,False,False,1.3241,2.3886,2,2,1,1,1,84,,,,,,,,,,,,,,False,N,1
849844,2026-10-01,ATL,PHI,pitch,e43331c3-5853-37e1-993b-ede5c54d71df,3,21,33,0,660670,R,Ronald Acuña Jr.,554430,R,Zack Wheeler,ATL,PHI,144,143,Single,"Ronald Acuña Jr. singles on a ground ball to left fielder Bryan De La Cruz, deflected by shortstop Trea Turner.",Single,"{""homeRunBallparks"": 0}",1,1,1,1,X,In Play,hit_into_play,False,D,SI,Sinker,"In play, no out",96.2,88.0,3.2,1.62,7.25,0.39,1,2261,16.2,9.7,-19.8,-0.5689,3.1623,1.35,0.81,-1.65,1.35,1.35,0.37,True,True,False,False,False,-0.5689,3.1623,3,3,2,1,1,85,71.9,136.0,0.58,0,-78.96,202.59,104.5,5.0,104.5,5.0,,,,True,N,1
849844,2026-10-01,ATL,PHI,pitch,7e304a9c-5647-3cbe-8784-7768f27ac672,3,22,0,1,621566,L,Matt Olson,554430,R,Zack Wheeler,ATL,PHI,144,143,Forceout,"Matt Olson grounds into a force out, second baseman Bryson Stott to shortstop Trea Turner. Ronald Acuña Jr. out at 2nd. Matt Olson to 1st.",Forceout,"{""homeRunBallparks"": 0}",0,0,0,0,X,In Play,hit_into_play,False,X,FF,4-Seam Fastball,"In play, out(s)",95.7,87.0,3.37,1.7,7.7,0.39,4,2489,12.0,15.1,-14.9,-0.4949,2.3199,1.0,1.26,-1.24,1.0,1.0,0.37,True,True,False,True,False,-0.4949,2.3199,1,4,2,2,1,86,85.4,5.0,0.05,0,74.65,110.9,81.3,-29.0,81.3,-29.0,True,,,True,N,1
849844,2026-10-01,ATL,PHI,pitch,481947f3-1305-3f50-a491-a226fa45e1f6,3,23,0,1,671739,L,Michael Harris II,554430,R,Zack Wheeler,ATL,PHI,144,143,Pop Out,Michael Harris II pops out to third baseman Edmundo Sosa.,Pop Out,,0,0,0,0,B,Ball,ball,False,B,FC,Cutter,Ball,92.3,85.0,3.18,1.61,6.76,0.41,12,2436,0.5,8.3,-23.6,1.0015,2.8542,0.04,0.69,-1.97,0.04,0.04,0.38,False,False,False,True,False,1.0015,2.8542,1,5,1,3,1,87,,,,,,,,,,,,,,False,N,1
849844,2026-10-01,ATL,PHI,pitch,42d5999f-7abc-3de9-ac57-de1c67f53f33,3,23,0,1,671739,L,Michael Harris II,554430,R,Zack Wheeler,ATL,PHI,144,143,Pop Out,Michael Harris II pops out to third baseman Edmundo Sosa.,Pop Out,,0,1,0,1,B,Ball,ball,False,B,FF,4-Seam Fastball,Ball,95.7,87.4,3.18,1.61,6.82,0.39,12,2447,9.1,11.4,-18.5,0.0196,3.601,0.76,0.95,-1.54,0.76,0.76,0.37,False,False,False,True,False,0.0196,3.601,2,6,3,3,1,88,,,,,,,,,,,,,,False,N,1
849844,2026-10-01,ATL,PHI,pitch,7c400a63-7b07-361b-b238-3793ecf91ccc,3,23,0,1,671739,L,Michael Harris II,554430,R,Zack Wheeler,ATL,PHI,144,143,Pop Out,Michael Harris II pops out to third baseman Edmundo Sosa.,Pop Out,,0,2,0,2,S,Strike,foul,False,F,FS,Splitter,Foul,87.8,80.9,3.18,1.61,7.22,0.43,14,1620,13.6,2.0,-33.5,0.6158,0.8422,1.13,0.17,-2.79,1.13,1.13,0.4,False,False,False,True,False,0.6158,0.8422,3,7,1,3,1,89,78.6,,,,,,,,,,,,,False,N,1
849844,2026-10-01,ATL,PHI,pitch,0c32b6c1-2279-34b3-9372-2ce26d41bc8b,3,23,0,1,671739,L,Michael Harris II,554430,R,Zack Wheeler,ATL,PHI,144,143,Pop Out,Michael Harris II pops out to third baseman Edmundo Sosa.,Pop Out,,1,2,1,2,S,Strike,swinging_strike,True,S,FC,Cutter,Swinging Strike,92.4,85.2,3.18,1.61,6.36,0.41,12,2558,0.5,11.4,-20.3,0.1622,3.4955,0.04,0.95,-1.69,0.04,0.04,0.38,False,False,False,True,False,0.1622,3.4955,4,8,2,3,1,90,76.6,,,,,,,,,,,,,False,N,1
849844,2026-10-01,ATL,PHI,pitch,78ed3936-136c-3e4f-9d2a-5472c9b526da,3,23,0,1,671739,L,Michael Harris II,554430,R,Zack Wheeler,ATL,PHI,144,143,Pop Out,Michael Harris II pops out to third baseman Edmundo Sosa.,Pop Out,"{""homeRunBallparks"": 0}",2,2,2,2,X,In Play,hit_into_play,False,X,FF,4-Seam Fastball,"In play, out(s)",95.6,87.1,3.18,1.61,6.75,0.39,3,2440,12.6,13.4,-16.7,0.5649,3.2318,1.05,1.12,-1.39,1.05,1.05,0.37,True,True,False,True,False,0.5649,3.2318,5,9,4,3,1,91,75.9,159.0,0.01,0,-96.13,106.01,79.3,66.0,79.3,66.0,,,,True,N,1
849844,2026-10-01,ATL,PHI,pitch,821ff22a-8437-3d3f-b13c-aabcff59e6f5,3,24,0,2,643289,R,Mauricio Dubón,554430,R,Zack Wheeler,ATL,PHI,144,143,Lineout,Mauricio Dubón lines out to shortstop Trea Turner.,Lineout,,0,0,0,0,S,Strike,foul,False,F,FF,4-Seam Fastball,Foul,95.3,86.9,3.17,1.6,7.38,0.4,6,2412,9.5,14.8,-15.4,0.4827,2.527,0.79,1.23,-1.28,0.79,0.79,0.37,True,True,False,True,False,0.4827,2.527,1,10,5,4,1,92,67.4,,,,,,,,,,,,,False,N,1
849844,2026-10-01,ATL,PHI,pitch,3d4ab160-194e-3773-88dd-9452dae78ded,3,24,0,2,643289,R,Mauricio Dubón,554430,R,Zack Wheeler,ATL,PHI,144,143,Lineout,Mauricio Dubón lines out to shortstop Trea Turner.,Lineout,,1,0,1,0,S,Strike,called_strike,False,C,SI,Sinker,Called Strike,95.2,86.8,3.17,1.6,7.51,0.4,5,2367,15.5,10.8,-19.4,0.1345,2.5847,1.29,0.9,-1.62,1.29,1.29,0.37,True,True,False,True,False,0.1345,2.5847,2,11,3,4,1,93,,,,,,,,,,,,,,False,N,1
849844,2026-10-01,ATL,PHI,pitch,17d0062e-22c3-38f6-ad41-6a5b2346e9d3,3,24,0,2,643289,R,Mauricio Dubón,554430,R,Zack Wheeler,ATL,PHI,144,143,Lineout,Mauricio Dubón lines out to shortstop Trea Turner.,Lineout,,2,0,2,0,B,Ball,ball,False,B,FS,Splitter,Ball,87.7,80.4,3.17,1.6,6.58,0.43,14,1608,16.1,6.1,-29.5,0.1951,0.8433,1.34,0.51,-2.46,1.34,1.34,0.4,False,False,False,True,False,0.1951,0.8433,3,12,2,4,1,94,27.8,,,,,,,,,,,,,False,N,1
849844,2026-10-01,ATL,PHI,pitch,ac9d29bf-fdd5-3c3e-8a2d-5e02c57b7353,3,24,0,2,643289,R,Mauricio Dubón,554430,R,Zack Wheeler,ATL,PHI,144,143,Lineout,Mauricio Dubón lines out to shortstop Trea Turner.,Lineout,"{""homeRunBallparks"": 0}",2,1,2,1,X,In Play,hit_into_play,False,X,FS,Splitter,"In play, out(s)",87.9,80.9,3.17,1.6,7.54,0.43,14,1695,14.6,2.5,-32.9,0.1392,0.6719,1.22,0.21,-2.74,1.22,1.22,0.4,False,False,False,True,False,0.1392,0.6719,4,13,3,4,1,95,57.4,140.0,0.39,0,-40.64,131.46,66.8,15.0,66.8,15.0,,,,True,N,1
849844,2026-10-01,ATL,PHI,pitch,b7f94b4b-d856-36dc-959b-51280a29ec87,4,25,0,0,656941,L,Kyle Schwarber,678061,L,Ray Kerr,PHI,ATL,143,144,Walk,Kyle Schwarber walks.,Walk,,0,0,0,0,B,Ball,ball,False,B,CU,Curveball,Ball,79.8,74.4,3.18,1.6,6.09,0.47,14,2059,1.0,-5.0,-47.5,0.004,0.6548,0.08,-0.42,-3.96,0.08,0.08,0.44,False,False,False,False,False,0.004,0.6548,1,39,15,11,2,96,,,,,,,,,,,,,,False,N,1
849844,2026-10-01,ATL,PHI,pitch,b70cdfb4-431c-3dab-92e7-f899a6049ac0,4,25,0,0,656941,L,Kyle Schwarber,678061,L,Ray Kerr,PHI,ATL,143,144,Walk,Kyle Schwarber walks.,Walk,,0,1,0,1,B,Ball,ball,False,B,FF,4-Seam Fastball,Ball,93.0,85.2,3.18,1.6,6.28,0.4,13,2226,7.3,14.3,-17.3,-0.9544,1.641,-0.61,1.19,-1.44,7.3,-0.61,0.38,False,False,False,False,False,-0.9544,1.641,2,40,10,11,2,97,,,,,,,,,,,,,,False,N,1
849844,2026-10-01,ATL,PHI,pitch,22fa567f-e79d-39aa-80c1-7ca511fff814,4,25,0,0,656941,L,Kyle Schwarber,678061,L,Ray Kerr,PHI,ATL,143,144,Walk,Kyle Schwarber walks.,Walk,,0,2,0,2,B,Ball,ball,False,B,FF,4-Seam Fastball,Ball,93.4,85.8,3.18,1.6,6.23,0.4,13,2155,8.2,14.4,-16.9,-0.961,1.2197,-0.68,1.2,-1.41,8.2,-0.68,0.38,False,False,False,False,False,-0.961,1.2197,3,41,11,11,2,98,,,,,,,,,,,,,,False,N,1
849844,2026-10-01,ATL,PHI,pitch,1eeb8b1e-9e04-3348-9221-a5d852635952,4,25,0,0,656941,L,Kyle Schwarber,678061,L,Ray Kerr,PHI,ATL,143,144,Walk,Kyle Schwarber walks.,Walk,,0,3,0,3,B,Ball,ball,False,B,SI,Sinker,Ball,93.5,85.8,3.18,1.6,6.2,0.4,13,2157,14.6,9.4,-22.1,-1.546,1.5015,-1.22,0.78,-1.84,14.6,-1.22,0.38,False,False,False,False,False,-1.546,1.5015,4,42,10,11,2,99,,,,,,,,,,,,,,True,N,1
849844,2026-10-01,ATL,PHI,pitch,33303a0b-5898-3c4b-8128-28ceb15876a9,4,26,0,1,547180,L,Bryce Harper,678061,L,Ray Kerr,PHI,ATL,143,144,Forceout,"Bryce Harper lines into a force out, shortstop Mauricio Dubón to second baseman Ozzie Albies. Kyle Schwarber out at 2nd. Bryce Harper to 1st.",Forceout,,0,0,0,0,S,Strike,foul,False,F,SI,Sinker,Foul,92.5,84.6,3.26,1.65,6.2,0.41,6,2015,14.9,9.8,-22.2,0.5092,2.2597,-1.24,0.82,-1.85,14.9,-1.24,0.38,True,True,False,True,False,0.5092,2.2597,1,43,11,12,2,100,74.9,,,,,,,,,,True,,,False,N,1
849844,2026-10-01,ATL,PHI,pitch,0cded752-3faf-351f-ad7f-aa0bdb58e8f7,4,26,0,1,547180,L,Bryce Harper,678061,L,Ray Kerr,PHI,ATL,143,144,Forceout,"Bryce Harper lines into a force out, shortstop Mauricio Dubón to second baseman Ozzie Albies. Kyle Schwarber out at 2nd. Bryce Harper to 1st.",Forceout,,1,0,1,0,S,Strike,foul,False,F,FF,4-Seam Fastball,Foul,93.3,85.0,3.26,1.65,6.08,0.4,4,2098,9.1,13.8,-17.8,-0.4774,2.3799,-0.76,1.15,-1.48,9.1,-0.76,0.38,True,True,False,True,False,-0.4774,2.3799,2,44,12,12,2,101,77.0,,,,,,,,,,True,,,False,N,1
849844,2026-10-01,ATL,PHI,pitch,ad4bee9e-44dc-3f67-8c21-fac4e10f5951,4,26,0,1,547180,L,Bryce Harper,678061,L,Ray Kerr,PHI,ATL,143,144,Forceout,"Bryce Harper lines into a force out, shortstop Mauricio Dubón to second baseman Ozzie Albies. Kyle Schwarber out at 2nd. Bryce Harper to 1st.",Forceout,,2,0,2,0,B,Ball,ball,False,B,FF,4-Seam Fastball,Ball,93.5,85.3,3.26,1.65,6.14,0.4,13,2227,9.2,14.6,-16.9,-1.536,1.1873,-0.77,1.22,-1.41,9.2,-0.77,0.38,False,False,False,True,False,-1.536,1.1873,3,45,13,12,2,102,,,,,,,,,,,True,,,False,N,1
849844,2026-10-01,ATL,PHI,pitch,10a2599c-b305-389b-83d9-1d9b5f6ca093,4,26,0,1,547180,L,Bryce Harper,678061,L,Ray Kerr,PHI,ATL,143,144,Forceout,"Bryce Harper lines into a force out, shortstop Mauricio Dubón to second baseman Ozzie Albies. Kyle Schwarber out at 2nd. Bryce Harper to 1st.",Forceout,,2,1,2,1,B,Ball,ball,False,B,FC,Cutter,Ball,90.9,82.9,3.26,1.65,6.07,0.42,13,1971,0.2,9.0,-24.4,-1.4552,1.3299,-0.02,0.75,-2.03,0.2,-0.02,0.39,False,False,False,True,False,-1.4552,1.3299,4,46,6,12,2,103,24.8,,,,,,,,,,True,,,False,N,1
849844,2026-10-01,ATL,PHI,pitch,e83b5679-6bbd-31fb-b186-58bd24fb14b3,4,26,0,1,547180,L,Bryce Harper,678061,L,Ray Kerr,PHI,ATL,143,144,Forceout,"Bryce Harper lines into a force out, shortstop Mauricio Dubón to second baseman Ozzie Albies. Kyle Schwarber out at 2nd. Bryce Harper to 1st.",Forceout,"{""homeRunBallparks"": 0}",2,2,2,2,X,In Play,hit_into_play,False,X,FF,4-Seam Fastball,"In play, out(s)",94.4,86.9,3.26,1.65,6.17,0.4,13,2231,7.7,13.6,-17.0,-0.902,2.0747,-0.64,1.13,-1.42,7.7,-0.64,0.37,False,False,False,True,False,-0.902,2.0747,5,47,14,12,2,104,76.6,151.0,0.68,0,-16.85,129.2,101.8,7.0,101.8,7.0,True,,,True,N,1
849844,2026-10-01,ATL,PHI,pitch,4bb8c852-edcd-346e-a33b-2029dc4c8c1a,4,27,0,1,664761,R,Alec Bohm,656550,R,Grant Holmes,PHI,ATL,143,144,Groundout,"Alec Bohm grounds out, pitcher Grant Holmes to first baseman Matt Olson. Bryce Harper to 2nd.",Groundout,,0,0,0,0,S,Strike,called_strike,False,C,SI,Sinker,Called Strike,95.0,86.9,3.41,1.72,5.99,0.4,7,2350,15.7,8.3,-22.2,-0.5463,1.7644,1.31,0.69,-1.85,1.31,1.31,0.37,True,True,False,True,False,-0.5463,1.7644,1,1,1,1,1,105,,,,,,,,,,,True,,,False,N,1
849844,2026-10-01,ATL,PHI,pitch,5758bae9-3332-3e6a-99ff-035966885068,4,27,0,1,664761,R,Alec Bohm,656550,R,Grant Holmes,PHI,ATL,143,144,Groundout,"Alec Bohm grounds out, pitcher Grant Holmes to first baseman Matt Olson. Bryce Harper to 2nd.",Groundout,,1,0,1,0,B,Ball,ball,False,B,SI,Sinker,Ball,94.9,86.8,3.41,1.72,6.15,0.4,13,2363,15.6,6.5,-24.0,-0.152,0.9318,1.3,0.54,-2.0,1.3,1.3,0.37,False,False,False,True,False,-0.152,0.9318,2,2,2,1,1,106,,,,,,,,,,,True,,,False,N,1
849844,2026-10-01,ATL,PHI,pitch,131c8be5-2dba-38dd-8dd8-49f18c1885ee,4,27,0,1,664761,R,Alec Bohm,656550,R,Grant Holmes,PHI,ATL,143,144,Groundout,"Alec Bohm grounds out, pitcher Grant Holmes to first baseman Matt Olson. Bryce Harper to 2nd.",Groundout,,1,1,1,1,B,Ball,blocked_ball,False,*B,SL,Slider,Ball In Dirt,88.1,82.1,3.41,1.72,6.14,0.43,14,2927,2.6,-1.8,-36.8,1.1817,0.0573,-0.22,-0.15,-3.07,2.6,-0.22,0.4,False,False,False,True,False,1.1817,0.0573,3,3,1,1,1,107,,,,,,,,,,,True,,,False,N,1
849844,2026-10-01,ATL,PHI,pitch,ee7d58d6-f680-300a-8477-b9354f71234e,4,27,0,1,664761,R,Alec Bohm,656550,R,Grant Holmes,PHI,ATL,143,144,Groundout,"Alec Bohm grounds out, pitcher Grant Holmes to first baseman Matt Olson. Bryce Harper to 2nd.",Groundout,"{""homeRunBallparks"": 0}",1,2,1,2,X,In Play,hit_into_play,False,X,SI,Sinker,"In play, out(s)",96.0,88.2,3.41,1.72,6.1,0.39,13,2484,15.1,7.1,-22.6,-1.0817,1.9834,1.26,0.59,-1.88,1.26,1.26,0.37,False,False,False,True,False,-1.0817,1.9834,4,4,3,1,1,108,75.6,4.0,0.29,0,-11.96,48.69,70.9,-61.0,70.9,-61.0,True,,,True,N,1
849844,2026-10-01,ATL,PHI,pitch,c12c0fc3-3986-30f2-8387-c48e86ff47ca,4,28,14,2,681082,L,Bryson Stott,656550,R,Grant Holmes,PHI,ATL,143,144,Strikeout,Bryson Stott called out on strikes.,Strikeout,,0,0,0,0,S,Strike,called_strike,False,C,FC,Cutter,Called Strike,93.0,86.5,3.22,1.63,5.9,0.4,13,2619,0.8,10.3,-20.9,-0.8595,2.3859,-0.07,0.86,-1.74,0.8,-0.07,0.38,False,False,False,False,False,-0.8595,2.3859,1,5,1,2,1,109,,,,,,,,,,,,,,False,N,1
849844,2026-10-01,ATL,PHI,pitch,e0c229ae-b180-3335-9ba2-ecad73d0914c,4,28,14,2,681082,L,Bryson Stott,656550,R,Grant Holmes,PHI,ATL,143,144,Strikeout,Bryson Stott called out on strikes.,Strikeout,,1,0,1,0,S,Strike,swinging_strike,True,S,FF,4-Seam Fastball,Swinging Strike,94.9,87.3,3.22,1.63,5.95,0.4,1,2323,6.0,15.4,-14.9,-0.4139,2.8134,0.5,1.28,-1.24,0.5,0.5,0.37,True,True,False,False,False,-0.4139,2.8134,2,6,1,2,1,110,67.7,,,,,,,,,,,,,False,N,1
849844,2026-10-01,ATL,PHI,pitch,d5212182-0f74-3884-a311-9fb9705d717e,4,28,14,2,681082,L,Bryson Stott,656550,R,Grant Holmes,PHI,ATL,143,144,Strikeout,Bryson Stott called out on strikes.,Strikeout,,2,0,2,0,S,Strike,called_strike,False,C,FF,4-Seam Fastball,Called Strike,95.5,87.4,3.22,1.63,6.11,0.39,7,2355,6.2,16.1,-13.9,-0.7406,1.9972,0.52,1.34,-1.16,0.52,0.52,0.37,True,True,False,False,False,-0.7406,1.9972,3,7,2,2,1,111,,,,,,,,,,,,,,True,N,1
849844,2026-10-01,ATL,PHI,pitch,47e10961-487f-3384-a111-70cbc94bcff1,4,29,0,1,573262,L,Mike Yastrzemski,554430,R,Zack Wheeler,ATL,PHI,144,143,Pop Out,Mike Yastrzemski pops out to shortstop Trea Turner.,Pop Out,,0,0,0,0,B,Ball,ball,False,B,FF,4-Seam Fastball,Ball,94.1,85.6,3.12,1.58,6.86,0.4,11,2435,9.7,14.5,-16.4,-1.6502,3.42,0.81,1.21,-1.37,0.81,0.81,0.38,False,False,False,True,False,-1.6502,3.42,1,14,6,5,1,112,,,,,,,,,,,,,,False,N,1
849844,2026-10-01,ATL,PHI,pitch,31070871-c961-369b-a60a-ed2bb44873fe,4,29,0,1,573262,L,Mike Yastrzemski,554430,R,Zack Wheeler,ATL,PHI,144,143,Pop Out,Mike Yastrzemski pops out to shortstop Trea Turner.,Pop Out,"{""homeRunBallparks"": 0}",0,1,0,1,X,In Play,hit_into_play,False,X,FF,4-Seam Fastball,"In play, out(s)",95.1,86.7,3.12,1.58,6.83,0.4,5,2302,10.7,12.6,-17.8,0.0806,2.2075,0.89,1.05,-1.48,0.89,0.89,0.37,True,True,False,True,False,0.0806,2.2075,2,15,7,5,1,113,74.3,187.0,0.01,0,-102.22,152.36,92.0,65.0,92.0,65.0,,,,True,N,1
849844,2026-10-01,ATL,PHI,pitch,2ba45362-32be-3519-a830-072366a74e3e,4,30,0,1,663586,R,Austin Riley,554430,R,Zack Wheeler,ATL,PHI,144,143,Walk,Austin Riley walks.,Walk,,0,0,0,0,B,Ball,ball,False,B,FF,4-Seam Fastball,Ball,95.2,87.0,3.27,1.65,7.21,0.4,12,2428,10.1,14.4,-15.7,0.2339,3.8776,0.84,1.2,-1.31,0.84,0.84,0.37,False,False,False,False,False,0.2339,3.8776,1,16,8,6,1,114,,,,,,,,,,,,,,False,N,1
849844,2026-10-01,ATL,PHI,pitch,53caf9f3-db54-3254-a215-02ea3117e869,4,30,0,1,663586,R,Austin Riley,554430,R,Zack Wheeler,ATL,PHI,144,143,Walk,Austin Riley walks.,Walk,,0,1,0,1,S,Strike,swinging_strike,True,S,FF,4-Seam Fastball,Swinging Strike,94.8,86.9,3.27,1.65,6.71,0.4,5,2417,8.4,15.6,-14.8,0.0577,2.7426,0.7,1.3,-1.23,0.7,0.7,0.37,True,True,False,False,False,0.0577,2.7426,2,17,9,6,1,115,77.9,,,,,,,,,,,,,False,N,1
849844,2026-10-01,ATL,PHI,pitch,6d1b8cf7-0a83-32dd-8294-2fa2cca2d27b,4,30,0,1,663586,R,Austin Riley,554430,R,Zack Wheeler,ATL,PHI,144,143,Walk,Austin Riley walks.,Walk,,1,1,1,1,B,Ball,ball,False,B,FS,Splitter,Ball,87.7,81.0,3.27,1.65,6.97,0.43,13,1593,15.4,1.8,-33.7,-0.1371,0.4973,1.28,0.15,-2.81,1.28,1.28,0.4,False,False,False,False,False,-0.1371,0.4973,3,18,4,6,1,116,29.6,,,,,,,,,,,,,False,N,1
849844,2026-10-01,ATL,PHI,pitch,afd72a3b-4e89-358d-aa9f-c64772236066,4,30,0,1,663586,R,Austin Riley,554430,R,Zack Wheeler,ATL,PHI,144,143,Walk,Austin Riley walks.,Walk,,1,2,1,2,S,Strike,foul,False,F,FF,4-Seam Fastball,Foul,96.1,87.8,3.27,1.65,7.31,0.39,5,2471,10.3,14.3,-15.4,-0.0776,2.3909,0.86,1.19,-1.28,0.86,0.86,0.37,True,True,False,False,False,-0.0776,2.3909,4,19,10,6,1,117,75.6,,,,,,,,,,,,,False,N,1
849844,2026-10-01,ATL,PHI,pitch,efe71bfc-9f97-3473-8bc7-e5990e370798,4,30,0,1,663586,R,Austin Riley,554430,R,Zack Wheeler,ATL,PHI,144,143,Walk,Austin Riley walks.,Walk,,2,2,2,2,B,Ball,ball,False,B,SI,Sinker,Ball,95.8,87.1,3.27,1.65,7.25,0.39,14,2357,16.8,5.6,-24.5,1.2552,2.3264,1.4,0.47,-2.04,1.4,1.4,0.37,False,False,False,False,False,1.2552,2.3264,5,20,4,6,1,118,,,,,,,,,,,,,,False,N,1
849844,2026-10-01,ATL,PHI,pitch,d12b28d4-6685-37fc-815c-852d6c6e49dc,4,30,0,1,663586,R,Austin Riley,554430,R,Zack Wheeler,ATL,PHI,144,143,Walk,Austin Riley walks.,Walk,,2,3,2,3,S,Strike,foul,False,F,FF,4-Seam Fastball,Foul,95.9,87.0,3.27,1.65,7.28,0.39,9,2508,10.2,14.6,-15.4,0.5332,1.9552,0.85,1.22,-1.28,0.85,0.85,0.37,True,True,False,False,False,0.5332,1.9552,6,21,11,6,1,119,74.2,,,,,,,,,,,,,False,N,1
849844,2026-10-01,ATL,PHI,pitch,b90a2f9a-ba5b-30b8-8754-1505835ca8ff,4,30,0,1,663586,R,Austin Riley,554430,R,Zack Wheeler,ATL,PHI,144,143,Walk,Austin Riley walks.,Walk,,2,3,2,3,S,Strike,foul,False,F,CU,Curveball,Foul,82.0,75.5,3.27,1.65,6.52,0.46,7,2770,8.8,-10.0,-50.5,-0.3554,1.9816,-0.73,-0.83,-4.21,8.8,-0.73,0.43,True,True,False,False,False,-0.3554,1.9816,7,22,1,6,1,120,78.4,,,,,,,,,,,,,False,N,1
849844,2026-10-01,ATL,PHI,pitch,b4bc011c-f795-3f9a-9e92-5d9fc16d4824,4,30,0,1,663586,R,Austin Riley,554430,R,Zack Wheeler,ATL,PHI,144,143,Walk,Austin Riley walks.,Walk,,2,3,2,3,S,Strike,foul,False,F,FF,4-Seam Fastball,Foul,96.4,88.1,3.27,1.65,7.09,0.39,3,2457,8.8,13.8,-15.6,0.5187,2.7817,0.73,1.15,-1.3,0.73,0.73,0.37,True,True,False,False,False,0.5187,2.7817,8,23,12,6,1,121,85.7,,,,,,,,,,,,,False,N,1
849844,2026-10-01,ATL,PHI,pitch,afb95ee6-da86-37f5-9dcc-ba3d50c3b90d,4,30,0,1,663586,R,Austin Riley,554430,R,Zack Wheeler,ATL,PHI,144,143,Walk,Austin Riley walks.,Walk,,2,3,2,3,B,Ball,blocked_ball,False,*B,FS,Splitter,Ball In Dirt,88.5,81.4,3.27,1.65,7.29,0.43,14,1611,13.6,-0.7,-35.8,0.926,0.065,1.13,-0.06,-2.98,1.13,1.13,0.4,False,False,False,False,False,0.926,0.065,9,24,5,6,1,122,,,,,,,,,,,,,,True,N,1
849844,2026-10-01,ATL,PHI,pitch,dfb03be1-2006-30d2-8447-a27da64e040c,4,31,38,1,645277,L,Ozzie Albies,554430,R,Zack Wheeler,ATL,PHI,144,143,Home Run,Ozzie Albies homers (1) on a fly ball to right center field. Austin Riley scores.,Home Run,,0,0,0,0,S,Strike,called_strike,False,C,FS,Splitter,Called Strike,88.0,80.8,2.98,1.51,7.17,0.43,4,1609,14.8,1.9,-33.4,-0.6561,2.3901,1.23,0.16,-2.78,1.23,1.23,0.4,True,True,False,False,False,-0.6561,2.3901,1,25,6,7,1,123,,,,,,,,,,,True,,,False,N,1
849844,2026-10-01,ATL,PHI,pitch,f0c780a7-9bc3-33cc-a259-1b93ee2d0f19,4,31,38,1,645277,L,Ozzie Albies,554430,R,Zack Wheeler,ATL,PHI,144,143,Home Run,Ozzie Albies homers (1) on a fly ball to right center field. Austin Riley scores.,Home Run,"{""homeRunBallparks"": 30}",1,0,1,0,X,In Play,hit_into_play,False,E,FF,4-Seam Fastball,"In play, run(s)",96.5,87.9,2.98,1.51,7.29,0.39,8,2467,12.6,14.5,-15.0,-0.0815,1.9135,1.05,1.21,-1.25,1.05,1.05,0.37,True,True,False,False,False,-0.0815,1.9135,2,26,13,7,1,124,76.2,419.0,0.85,1,172.32,383.42,106.0,32.0,106.0,32.0,True,,,True,N,1
849844,2026-10-01,ATL,PHI,pitch,b97b3cbd-9cdf-328a-85fd-1142a613c138,4,32,33,1,642086,L,Dominic Smith,554430,R,Zack Wheeler,ATL,PHI,144,143,Single,Dominic Smith singles on a sharp line drive to center fielder Justin Crawford.,Single,,0,0,0,0,S,Strike,called_strike,False,C,FC,Cutter,Called Strike,92.7,86.1,3.18,1.6,6.64,0.4,1,2542,4.1,12.0,-19.3,-0.7172,2.7746,0.34,1.0,-1.61,0.34,0.34,0.38,True,True,False,False,False,-0.7172,2.7746,1,27,3,8,1,125,,,,,,,,,,,,,,False,N,1
849844,2026-10-01,ATL,PHI,pitch,466a37ec-27e8-3dd5-b635-92d9a1e5999c,4,32,33,1,642086,L,Dominic Smith,554430,R,Zack Wheeler,ATL,PHI,144,143,Single,Dominic Smith singles on a sharp line drive to center fielder Justin Crawford.,Single,,1,0,1,0,B,Ball,ball,False,B,FS,Splitter,Ball,88.2,81.7,3.18,1.6,7.2,0.43,13,1557,14.4,1.6,-33.4,-0.3508,0.5377,1.2,0.13,-2.78,1.2,1.2,0.4,False,False,False,False,False,-0.3508,0.5377,2,28,7,8,1,126,,,,,,,,,,,,,,False,N,1
849844,2026-10-01,ATL,PHI,pitch,93cfc3c3-eb2b-37ed-9654-405f21946897,4,32,33,1,642086,L,Dominic Smith,554430,R,Zack Wheeler,ATL,PHI,144,143,Single,Dominic Smith singles on a sharp line drive to center fielder Justin Crawford.,Single,"{""homeRunBallparks"": 0}",1,1,1,1,X,In Play,hit_into_play,False,D,FS,Splitter,"In play, no out",87.6,81.1,3.18,1.6,7.2,0.43,7,1593,12.8,1.4,-33.8,-0.5472,1.9558,1.07,0.12,-2.82,1.07,1.07,0.4,True,True,False,False,False,-0.5472,1.9558,3,29,8,8,1,127,68.9,298.0,0.93,0,8.22,297.17,100.8,13.0,100.8,13.0,,,,True,N,1
849844,2026-10-01,ATL,PHI,pitch,14fa2a5a-706d-3076-97cb-e4a5b203e1c8,4,33,24,1,686948,L,Drake Baldwin,554430,R,Zack Wheeler,ATL,PHI,144,143,GIDP,"Drake Baldwin grounds into a double play, first baseman Alec Bohm to shortstop Trea Turner. Dominic Smith out at 2nd. Drake Baldwin out at 1st.",GIDP,,0,0,0,0,B,Ball,ball,False,B,FC,Cutter,Ball,90.9,84.1,3.21,1.62,6.85,0.41,12,2398,2.0,6.7,-26.0,0.9088,3.9434,-0.17,0.56,-2.17,2.0,-0.17,0.39,False,False,False,False,False,0.9088,3.9434,1,30,4,9,1,128,,,,,,,,,,,True,,,False,N,1
849844,2026-10-01,ATL,PHI,pitch,97ceb7bd-e528-3176-b894-3c3cfa564ed6,4,33,24,1,686948,L,Drake Baldwin,554430,R,Zack Wheeler,ATL,PHI,144,143,GIDP,"Drake Baldwin grounds into a double play, first baseman Alec Bohm to shortstop Trea Turner. Dominic Smith out at 2nd. Drake Baldwin out at 1st.",GIDP,,0,1,0,1,S,Strike,foul,False,F,FF,4-Seam Fastball,Foul,94.6,87.0,3.21,1.62,7.29,0.4,12,2388,7.7,12.1,-18.4,0.9925,2.7489,0.64,1.01,-1.53,0.64,0.64,0.37,False,False,False,False,False,0.9925,2.7489,2,31,14,9,1,129,67.8,,,,,,,,,,True,,,False,N,1
849844,2026-10-01,ATL,PHI,pitch,a1fcb459-8d43-31a9-a272-d7faf2dad819,4,33,24,1,686948,L,Drake Baldwin,554430,R,Zack Wheeler,ATL,PHI,144,143,GIDP,"Drake Baldwin grounds into a double play, first baseman Alec Bohm to shortstop Trea Turner. Dominic Smith out at 2nd. Drake Baldwin out at 1st.",GIDP,,1,1,1,1,B,Ball,blocked_ball,False,*B,CU,Curveball,Ball In Dirt,80.4,74.6,3.21,1.62,6.81,0.47,14,2773,9.7,-9.8,-52.2,1.5034,0.4932,-0.81,-0.82,-4.35,9.7,-0.81,0.44,False,False,False,False,False,1.5034,0.4932,3,32,2,9,1,130,,,,,,,,,,,True,,,False,N,1
849844,2026-10-01,ATL,PHI,pitch,84acca05-d6e3-3736-b5c0-8f3d3c692e52,4,33,24,1,686948,L,Drake Baldwin,554430,R,Zack Wheeler,ATL,PHI,144,143,GIDP,"Drake Baldwin grounds into a double play, first baseman Alec Bohm to shortstop Trea Turner. Dominic Smith out at 2nd. Drake Baldwin out at 1st.",GIDP,,1,2,1,2,S,Strike,foul,False,F,FS,Splitter,Foul,87.6,80.3,3.21,1.62,7.39,0.43,14,1583,15.1,1.8,-34.0,0.3966,1.1187,1.26,0.15,-2.83,1.26,1.26,0.4,False,False,False,False,False,0.3966,1.1187,4,33,9,9,1,131,79.7,,,,,,,,,,True,,,False,N,1
849844,2026-10-01,ATL,PHI,pitch,982e456d-f4c9-3678-8b5d-cb15e17da988,4,33,24,1,686948,L,Drake Baldwin,554430,R,Zack Wheeler,ATL,PHI,144,143,GIDP,"Drake Baldwin grounds into a double play, first baseman Alec Bohm to shortstop Trea Turner. Dominic Smith out at 2nd. Drake Baldwin out at 1st.",GIDP,"{""homeRunBallparks"": 0}",2,2,2,2,X,In Play,hit_into_play,False,X,CU,Curveball,"In play, out(s)",80.3,74.0,3.21,1.62,6.59,0.47,14,2836,14.6,-6.6,-49.1,0.2867,0.6808,-1.22,-0.55,-4.09,14.6,-1.22,0.44,False,False,False,False,False,0.2867,0.6808,5,34,3,9,1,132,77.5,5.0,0.04,0,66.09,66.98,82.5,-23.0,82.5,-23.0,True,,,True,N,1
849844,2026-10-01,ATL,PHI,pitch,0d704f65-405b-336c-b5f5-3f358d9704d4,5,34,33,0,650559,R,Bryan De La Cruz,656550,R,Grant Holmes,PHI,ATL,143,144,Single,Bryan De La Cruz singles on a ground ball to center fielder Michael Harris II.,Single,"{""homeRunBallparks"": 0}",0,0,0,0,X,In Play,hit_into_play,False,D,SI,Sinker,"In play, no out",94.0,86.5,3.23,1.63,5.93,0.4,4,2236,15.7,7.9,-22.9,-0.2968,2.3726,1.31,0.66,-1.91,1.31,1.31,0.38,True,True,False,False,False,-0.2968,2.3726,1,8,4,3,1,133,77.2,30.0,0.44,0,-4.65,270.68,102.0,-2.0,102.0,-2.0,,,,True,N,1
849844,2026-10-01,ATL,PHI,pitch,0e5030a0-54bb-3f76-b56e-98b160800cde,5,35,0,0,669016,L,Brandon Marsh,656550,R,Grant Holmes,PHI,ATL,143,144,Walk,Brandon Marsh walks.,Walk,,0,0,0,0,S,Strike,called_strike,False,C,FF,4-Seam Fastball,Called Strike,94.7,87.1,3.31,1.67,6.05,0.4,8,2344,7.3,16.1,-14.4,-0.1859,2.0354,0.61,1.34,-1.2,0.61,0.61,0.37,True,True,False,False,False,-0.1859,2.0354,1,9,3,4,1,134,,,,,,,,,,,True,,,False,N,1
849844,2026-10-01,ATL,PHI,pitch,e1a5aabc-06e7-39d2-a019-52d40518fee4,5,35,0,0,669016,L,Brandon Marsh,656550,R,Grant Holmes,PHI,ATL,143,144,Walk,Brandon Marsh walks.,Walk,,1,0,1,0,B,Ball,ball,False,B,SL,Slider,Ball,86.3,80.2,3.31,1.67,5.91,0.44,13,2779,3.5,-2.3,-38.9,-0.2369,-0.0913,-0.29,-0.19,-3.24,3.5,-0.29,0.41,False,False,False,False,False,-0.2369,-0.0913,2,10,2,4,1,135,,,,,,,,,,,True,,,False,N,1
849844,2026-10-01,ATL,PHI,pitch,5a63dcf7-7499-3f49-9fed-66327c3d5df6,5,35,0,0,669016,L,Brandon Marsh,656550,R,Grant Holmes,PHI,ATL,143,144,Walk,Brandon Marsh walks.,Walk,,1,1,1,1,B,Ball,ball,False,B,SL,Slider,Ball,86.4,79.7,3.31,1.67,5.87,0.44,13,2738,1.3,-1.8,-38.4,-0.5698,1.1151,-0.11,-0.15,-3.2,1.3,-0.11,0.41,False,False,False,False,False,-0.5698,1.1151,3,11,3,4,1,136,,,,,,,,,,,True,,,False,N,1
849844,2026-10-01,ATL,PHI,pitch,00dcffd6-e0b2-3a56-b5ac-102bccf41bba,5,35,0,0,669016,L,Brandon Marsh,656550,R,Grant Holmes,PHI,ATL,143,144,Walk,Brandon Marsh walks.,Walk,,1,2,1,2,S,Strike,foul,False,F,FC,Cutter,Foul,93.4,86.3,3.31,1.67,5.92,0.4,5,2474,1.2,9.7,-21.4,0.1335,2.5552,-0.1,0.81,-1.78,1.2,-0.1,0.38,True,True,False,False,False,0.1335,2.5552,4,12,2,4,1,137,77.2,,,,,,,,,,True,,,False,N,1
849844,2026-10-01,ATL,PHI,pitch,b1ba24eb-56ee-3a02-bb87-2163047ac531,5,35,0,0,669016,L,Brandon Marsh,656550,R,Grant Holmes,PHI,ATL,143,144,Walk,Brandon Marsh walks.,Walk,,2,2,2,2,B,Ball,blocked_ball,False,*B,SL,Slider,Ball In Dirt,86.6,80.4,3.31,1.67,6.06,0.43,14,2827,2.4,-4.9,-41.3,1.1792,0.6607,-0.2,-0.41,-3.44,2.4,-0.2,0.41,False,False,False,False,False,1.1792,0.6607,5,13,4,4,1,138,,,,,,,,,,,True,,,False,N,1
849844,2026-10-01,ATL,PHI,pitch,6660bef2-024c-3886-b950-2fee4461ae41,5,35,0,0,669016,L,Brandon Marsh,656550,R,Grant Holmes,PHI,ATL,143,144,Walk,Brandon Marsh walks.,Walk,,2,3,2,3,B,Ball,ball,False,B,FF,4-Seam Fastball,Ball,95.5,88.4,3.31,1.67,6.15,0.39,14,2346,10.1,13.9,-16.0,1.1215,1.4756,0.84,1.16,-1.33,0.84,0.84,0.37,False,False,False,False,False,1.1215,1.4756,6,14,4,4,1,139,,,,,,,,,,,True,,,True,N,1
849844,2026-10-01,ATL,PHI,pitch,615a2a52-0709-3cff-b866-94d505c810f8,5,36,0,1,592663,R,J.T. Realmuto,656550,R,Grant Holmes,PHI,ATL,143,144,Flyout,J.T. Realmuto flies out to right fielder Ronald Acuña Jr.,Flyout,,0,0,0,0,B,Ball,ball,False,B,SL,Slider,Ball,87.1,81.2,3.2,1.62,6.11,0.43,13,2746,2.3,-0.1,-35.8,-0.3377,1.4135,-0.19,-0.01,-2.98,2.3,-0.19,0.4,False,False,False,True,False,-0.3377,1.4135,1,15,5,5,1,140,,,,,,,,,,,,,,False,N,1
849844,2026-10-01,ATL,PHI,pitch,7e9ffbdb-7ea1-3e71-bee0-928cd55a634c,5,36,0,1,592663,R,J.T. Realmuto,656550,R,Grant Holmes,PHI,ATL,143,144,Flyout,J.T. Realmuto flies out to right fielder Ronald Acuña Jr.,Flyout,"{""homeRunBallparks"": 0}",0,1,0,1,X,In Play,hit_into_play,False,X,FC,Cutter,"In play, out(s)",93.6,86.7,3.2,1.62,5.99,0.4,12,2568,1.2,10.8,-20.0,0.8676,2.8669,-0.1,0.9,-1.67,1.2,-0.1,0.38,False,False,False,True,False,0.8676,2.8669,2,16,3,5,1,141,77.4,255.0,0.0,0,141.46,212.42,84.3,47.0,84.3,47.0,,,,True,N,1
849844,2026-10-01,ATL,PHI,pitch,96ec6fc1-5d45-3b75-ae0a-56a7e6e403ed,5,37,24,1,702222,L,Justin Crawford,656550,R,Grant Holmes,PHI,ATL,143,144,GIDP,"Justin Crawford grounds into a double play, second baseman Ozzie Albies to shortstop Mauricio Dubón to first baseman Matt Olson. Brandon Marsh out at 2nd. Justin Crawford out at 1st.",GIDP,,0,0,0,0,S,Strike,called_strike,False,C,FC,Cutter,Called Strike,94.1,87.2,3.28,1.66,5.89,0.4,5,2549,1.9,10.4,-20.2,0.1064,2.1649,-0.16,0.87,-1.68,1.9,-0.16,0.37,True,True,False,False,False,0.1064,2.1649,1,17,4,6,1,142,,,,,,,,,,,True,,,False,N,1
849844,2026-10-01,ATL,PHI,pitch,b8fb69fc-d420-3dbd-8976-57f0e4d1c9ae,5,37,24,1,702222,L,Justin Crawford,656550,R,Grant Holmes,PHI,ATL,143,144,GIDP,"Justin Crawford grounds into a double play, second baseman Ozzie Albies to shortstop Mauricio Dubón to first baseman Matt Olson. Brandon Marsh out at 2nd. Justin Crawford out at 1st.",GIDP,,1,0,1,0,B,Ball,ball,False,B,FC,Cutter,Ball,94.2,87.1,3.28,1.66,5.9,0.4,11,2467,2.0,10.9,-19.6,-0.5664,3.4436,-0.17,0.91,-1.63,2.0,-0.17,0.37,False,False,False,False,False,-0.5664,3.4436,2,18,5,6,1,143,,,,,,,,,,,True,,,False,N,1
849844,2026-10-01,ATL,PHI,pitch,e5279670-a634-36c0-8cbc-2e07f5466a6c,5,37,24,1,702222,L,Justin Crawford,656550,R,Grant Holmes,PHI,ATL,143,144,GIDP,"Justin Crawford grounds into a double play, second baseman Ozzie Albies to shortstop Mauricio Dubón to first baseman Matt Olson. Brandon Marsh out at 2nd. Justin Crawford out at 1st.",GIDP,,1,1,1,1,S,Strike,foul,False,F,CH,Changeup,Foul,90.6,83.4,3.28,1.66,6.07,0.42,14,1696,14.9,-0.1,-33.5,0.1872,1.3378,1.24,-0.01,-2.79,1.24,1.24,0.39,False,False,False,False,False,0.1872,1.3378,3,19,1,6,1,144,67.3,,,,,,,,,,True,,,False,N,1
849844,2026-10-01,ATL,PHI,pitch,05b90e78-6725-3218-ae64-0788ffeb38d7,5,37,24,1,702222,L,Justin Crawford,656550,R,Grant Holmes,PHI,ATL,143,144,GIDP,"Justin Crawford grounds into a double play, second baseman Ozzie Albies to shortstop Mauricio Dubón to first baseman Matt Olson. Brandon Marsh out at 2nd. Justin Crawford out at 1st.",GIDP,,2,1,2,1,B,Ball,ball,False,B,CU,Curveball,Ball,83.4,77.4,3.28,1.66,5.87,0.45,13,2786,3.0,-11.5,-50.6,-1.0348,1.7813,-0.25,-0.96,-4.22,3.0,-0.25,0.42,False,False,False,False,False,-1.0348,1.7813,4,20,1,6,1,145,,,,,,,,,,,True,,,False,N,1
849844,2026-10-01,ATL,PHI,pitch,05deb9cf-599b-33b9-9b6e-6e29b8298fbc,5,37,24,1,702222,L,Justin Crawford,656550,R,Grant Holmes,PHI,ATL,143,144,GIDP,"Justin Crawford grounds into a double play, second baseman Ozzie Albies to shortstop Mauricio Dubón to first baseman Matt Olson. Brandon Marsh out at 2nd. Justin Crawford out at 1st.",GIDP,,2,2,2,2,S,Strike,foul,False,F,FC,Cutter,Foul,93.8,86.9,3.28,1.66,5.92,0.4,12,2529,0.2,13.2,-17.5,0.0346,3.4617,-0.02,1.1,-1.46,0.2,-0.02,0.37,False,False,False,False,False,0.0346,3.4617,5,21,6,6,1,146,68.0,,,,,,,,,,True,,,False,N,1
849844,2026-10-01,ATL,PHI,pitch,f8548c46-f420-3e15-95b6-0ecbf9d559cb,5,37,24,1,702222,L,Justin Crawford,656550,R,Grant Holmes,PHI,ATL,143,144,GIDP,"Justin Crawford grounds into a double play, second baseman Ozzie Albies to shortstop Mauricio Dubón to first baseman Matt Olson. Brandon Marsh out at 2nd. Justin Crawford out at 1st.",GIDP,"{""homeRunBallparks"": 0}",2,2,2,2,X,In Play,hit_into_play,False,X,CH,Changeup,"In play, out(s)",90.4,82.9,3.28,1.66,6.0,0.42,13,1832,14.2,-3.8,-37.4,-0.1847,1.4997,1.18,-0.32,-3.12,1.18,1.18,0.39,False,False,False,False,False,-0.1847,1.4997,6,22,2,6,1,147,,6.0,0.23,0,59.99,123.1,99.5,-17.0,99.5,-17.0,True,,,True,N,1
849844,2026-10-01,ATL,PHI,pitch,b1dfd221-b672-3a51-bae6-b39e5a029f23,5,38,0,1,660670,R,Ronald Acuña Jr.,554430,R,Zack Wheeler,ATL,PHI,144,143,Pop Out,Ronald Acuña Jr. pops out to first baseman Bryce Harper.,Pop Out,,0,0,0,0,S,Strike,swinging_strike,True,S,FF,4-Seam Fastball,Swinging Strike,95.2,87.2,3.2,1.62,7.26,0.39,3,2376,9.0,14.9,-15.1,0.3566,3.2529,0.75,1.24,-1.26,0.75,0.75,0.37,True,True,False,True,False,0.3566,3.2529,1,35,15,10,2,148,76.3,,,,,,,,,,,,,False,N,1
849844,2026-10-01,ATL,PHI,pitch,4fb9099b-5e58-38f9-9dcc-157f32a0f98f,5,38,0,1,660670,R,Ronald Acuña Jr.,554430,R,Zack Wheeler,ATL,PHI,144,143,Pop Out,Ronald Acuña Jr. pops out to first baseman Bryce Harper.,Pop Out,,1,0,1,0,S,Strike,foul,False,F,FS,Splitter,Foul,86.8,80.2,3.2,1.62,6.67,0.43,13,1495,15.0,-0.6,-36.8,-0.7087,1.1841,1.25,-0.05,-3.07,1.25,1.25,0.41,False,False,False,True,False,-0.7087,1.1841,2,36,10,10,2,149,67.2,,,,,,,,,,,,,False,N,1
849844,2026-10-01,ATL,PHI,pitch,8aa16799-28f0-3b78-9f21-ca2d12d2a7db,5,38,0,1,660670,R,Ronald Acuña Jr.,554430,R,Zack Wheeler,ATL,PHI,144,143,Pop Out,Ronald Acuña Jr. pops out to first baseman Bryce Harper.,Pop Out,"{""homeRunBallparks"": 0}",2,0,2,0,X,In Play,hit_into_play,False,X,ST,Sweeper,"In play, out(s)",82.0,75.1,3.2,1.62,6.62,0.46,14,2684,17.9,-1.2,-42.2,1.2407,1.5125,-1.49,-0.1,-3.52,17.9,-1.49,0.43,False,False,False,True,False,1.2407,1.5125,3,37,1,10,2,150,73.8,161.0,0.01,0,102.34,124.13,67.6,58.0,67.6,58.0,,,,True,N,1
849844,2026-10-01,ATL,PHI,pitch,903acac4-8dfc-3b99-9652-a75342047318,5,39,0,1,621566,L,Matt Olson,554430,R,Zack Wheeler,ATL,PHI,144,143,Pop Out,Matt Olson pops out to shortstop Trea Turner.,Pop Out,,0,0,0,0,B,Ball,ball,False,B,FS,Splitter,Ball,86.4,79.8,3.37,1.7,7.09,0.43,13,1480,12.7,2.8,-33.7,-0.8859,1.211,1.06,0.23,-2.81,1.06,1.06,0.41,False,False,False,True,False,-0.8859,1.211,1,38,11,11,2,151,27.9,,,,,,,,,,,,,False,N,1
849844,2026-10-01,ATL,PHI,pitch,bd738aba-b8c9-3027-811b-ccb1a43a473c,5,39,0,1,621566,L,Matt Olson,554430,R,Zack Wheeler,ATL,PHI,144,143,Pop Out,Matt Olson pops out to shortstop Trea Turner.,Pop Out,,0,1,0,1,B,Ball,ball,False,B,CU,Curveball,Ball,80.4,74.2,3.37,1.7,6.79,0.47,13,2838,8.2,-11.5,-54.0,-0.0494,0.4063,-0.68,-0.96,-4.5,8.2,-0.68,0.44,False,False,False,True,False,-0.0494,0.4063,2,39,4,11,2,152,,,,,,,,,,,,,,False,N,1
849844,2026-10-01,ATL,PHI,pitch,120f4ff4-09ee-34c5-9a4a-6969f72a3a53,5,39,0,1,621566,L,Matt Olson,554430,R,Zack Wheeler,ATL,PHI,144,143,Pop Out,Matt Olson pops out to shortstop Trea Turner.,Pop Out,,0,2,0,2,S,Strike,foul,False,F,FF,4-Seam Fastball,Foul,94.9,86.8,3.37,1.7,7.49,0.4,2,2408,10.6,15.4,-15.0,-0.2264,3.0662,0.88,1.28,-1.25,0.88,0.88,0.37,True,True,False,True,False,-0.2264,3.0662,3,40,16,11,2,153,74.5,,,,,,,,,,,,,False,N,1
849844,2026-10-01,ATL,PHI,pitch,08b9ce2a-199c-3a60-9442-a73363ace342,5,39,0,1,621566,L,Matt Olson,554430,R,Zack Wheeler,ATL,PHI,144,143,Pop Out,Matt Olson pops out to shortstop Trea Turner.,Pop Out,,1,2,1,2,S,Strike,called_strike,False,C,FC,Cutter,Called Strike,91.7,85.0,3.37,1.7,6.56,0.41,5,2451,1.6,8.4,-23.8,-0.0593,2.5892,0.13,0.7,-1.98,0.13,0.13,0.38,True,True,False,True,False,-0.0593,2.5892,4,41,5,11,2,154,,,,,,,,,,,,,,False,N,1
849844,2026-10-01,ATL,PHI,pitch,4f8c221e-9787-3e2f-8f69-49f9ab4b04ff,5,39,0,1,621566,L,Matt Olson,554430,R,Zack Wheeler,ATL,PHI,144,143,Pop Out,Matt Olson pops out to shortstop Trea Turner.,Pop Out,"{""homeRunBallparks"": 0}",2,2,2,2,X,In Play,hit_into_play,False,X,FF,4-Seam Fastball,"In play, out(s)",94.1,86.1,3.37,1.7,7.26,0.4,12,2392,12.4,11.6,-19.3,0.8642,2.8321,1.03,0.97,-1.61,1.03,1.03,0.38,False,False,False,True,False,0.8642,2.8321,5,42,17,11,2,155,79.1,85.0,0.0,0,4.87,83.28,63.1,71.0,63.1,71.0,,,,True,N,1
849844,2026-10-01,ATL,PHI,pitch,f8cfa712-c679-3d17-b1dc-f630472bed0c,5,40,14,2,671739,L,Michael Harris II,554430,R,Zack Wheeler,ATL,PHI,144,143,Strikeout,Michael Harris II strikes out swinging.,Strikeout,,0,0,0,0,S,Strike,called_strike,False,C,FC,Cutter,Called Strike,91.2,84.3,3.18,1.61,6.69,0.41,8,2525,2.4,8.4,-24.2,0.1934,2.0333,0.2,0.7,-2.02,0.2,0.2,0.39,True,True,False,False,False,0.1934,2.0333,1,43,6,12,2,156,,,,,,,,,,,,,,False,N,1
849844,2026-10-01,ATL,PHI,pitch,22ba9518-3547-3a31-a02f-3e785b370d2f,5,40,14,2,671739,L,Michael Harris II,554430,R,Zack Wheeler,ATL,PHI,144,143,Strikeout,Michael Harris II strikes out swinging.,Strikeout,,1,0,1,0,S,Strike,swinging_strike,True,S,FF,4-Seam Fastball,Swinging Strike,95.2,86.7,3.18,1.61,7.18,0.4,11,2397,6.8,14.4,-15.8,-0.0257,3.5097,0.57,1.2,-1.32,0.57,0.57,0.37,False,False,False,False,False,-0.0257,3.5097,2,44,18,12,2,157,72.3,,,,,,,,,,,,,False,N,1
849844,2026-10-01,ATL,PHI,pitch,a3f16955-c656-38c0-a48e-66dbeb1100ec,5,40,14,2,671739,L,Michael Harris II,554430,R,Zack Wheeler,ATL,PHI,144,143,Strikeout,Michael Harris II strikes out swinging.,Strikeout,,2,0,2,0,B,Ball,ball,False,B,CU,Curveball,Ball,81.0,75.0,3.18,1.61,6.7,0.47,13,2832,12.4,-9.0,-50.8,-0.2718,-0.8295,-1.03,-0.75,-4.23,12.4,-1.03,0.44,False,False,False,False,False,-0.2718,-0.8295,3,45,5,12,2,158,,,,,,,,,,,,,,False,N,1
849844,2026-10-01,ATL,PHI,pitch,ca1c032b-bf4a-3266-a793-31a825a2df47,5,40,14,2,671739,L,Michael Harris II,554430,R,Zack Wheeler,ATL,PHI,144,143,Strikeout,Michael Harris II strikes out swinging.,Strikeout,,2,1,2,1,B,Ball,ball,False,B,FS,Splitter,Ball,88.0,80.7,3.18,1.61,6.47,0.43,14,1505,16.1,4.9,-30.5,0.1677,0.386,1.34,0.41,-2.54,1.34,1.34,0.4,False,False,False,False,False,0.1677,0.386,4,46,12,12,2,159,,,,,,,,,,,,,,False,N,1
849844,2026-10-01,ATL,PHI,pitch,38dcff66-f22e-37a0-bae9-d894718d698f,5,40,14,2,671739,L,Michael Harris II,554430,R,Zack Wheeler,ATL,PHI,144,143,Strikeout,Michael Harris II strikes out swinging.,Strikeout,,2,2,2,2,B,Ball,ball,False,B,CU,Curveball,Ball,81.5,74.8,3.18,1.61,6.87,0.46,14,2873,13.0,-7.1,-48.6,1.3823,0.5043,-1.08,-0.59,-4.05,13.0,-1.08,0.44,False,False,False,False,False,1.3823,0.5043,5,47,6,12,2,160,,,,,,,,,,,,,,False,N,1
849844,2026-10-01,ATL,PHI,pitch,1270a77e-56f5-3a54-8772-1eea315daab3,5,40,14,2,671739,L,Michael Harris II,554430,R,Zack Wheeler,ATL,PHI,144,143,Strikeout,Michael Harris II strikes out swinging.,Strikeout,,2,3,2,3,S,Strike,foul,False,F,FF,4-Seam Fastball,Foul,94.5,86.6,3.18,1.61,7.29,0.4,12,2386,8.3,14.2,-16.4,0.8684,2.8648,0.69,1.18,-1.37,0.69,0.69,0.37,False,False,False,False,False,0.8684,2.8648,6,48,19,12,2,161,74.2,,,,,,,,,,,,,False,N,1
849844,2026-10-01,ATL,PHI,pitch,96ed1b1d-2ffc-3223-b678-a7a0db599f42,5,40,14,2,671739,L,Michael Harris II,554430,R,Zack Wheeler,ATL,PHI,144,143,Strikeout,Michael Harris II strikes out swinging.,Strikeout,,2,3,2,3,S,Strike,swinging_strike,True,S,FC,Cutter,Swinging Strike,92.3,85.7,3.18,1.61,6.8,0.4,7,2617,2.4,9.8,-21.8,-0.4217,2.0247,0.2,0.82,-1.82,0.2,0.2,0.38,True,True,False,False,False,-0.4217,2.0247,7,49,7,12,2,162,76.7,,,,,,,,,,,,,True,N,1
849844,2026-10-01,ATL,PHI,pitch,d5321ef7-c4b8-365e-a0d1-b6593f634c51,6,41,0,1,607208,R,Trea Turner,656550,R,Grant Holmes,PHI,ATL,143,144,Groundout,"Trea Turner grounds out, shortstop Mauricio Dubón to first baseman Matt Olson.",Groundout,,0,0,0,0,S,Strike,called_strike,False,C,SL,Slider,Called Strike,86.9,80.6,3.24,1.64,6.03,0.43,14,2746,4.0,-3.5,-39.6,0.7641,1.393,-0.33,-0.29,-3.3,4.0,-0.33,0.41,False,False,False,True,False,0.7641,1.393,1,23,6,7,1,163,,,,,,,,,,,,,,False,N,1
849844,2026-10-01,ATL,PHI,pitch,c5b14523-073a-3c62-9653-47da7e450b7a,6,41,0,1,607208,R,Trea Turner,656550,R,Grant Holmes,PHI,ATL,143,144,Groundout,"Trea Turner grounds out, shortstop Mauricio Dubón to first baseman Matt Olson.",Groundout,,1,0,1,0,B,Ball,ball,False,B,SL,Slider,Ball,85.9,79.8,3.24,1.64,5.9,0.44,14,2812,0.8,-6.1,-43.3,1.9258,-0.364,-0.07,-0.51,-3.61,0.8,-0.07,0.41,False,False,False,True,False,1.9258,-0.364,2,24,7,7,1,164,,,,,,,,,,,,,,False,N,1
849844,2026-10-01,ATL,PHI,pitch,bf18e849-72f3-30a0-8600-a6ba9f6cd528,6,41,0,1,607208,R,Trea Turner,656550,R,Grant Holmes,PHI,ATL,143,144,Groundout,"Trea Turner grounds out, shortstop Mauricio Dubón to first baseman Matt Olson.",Groundout,,1,1,1,1,S,Strike,foul,False,F,SI,Sinker,Foul,94.0,85.9,3.24,1.64,5.75,0.4,7,2348,13.8,7.7,-23.4,-0.6517,2.0995,1.15,0.64,-1.95,1.15,1.15,0.38,True,True,False,True,False,-0.6517,2.0995,3,25,5,7,1,165,76.4,,,,,,,,,,,,,False,N,1
849844,2026-10-01,ATL,PHI,pitch,d942c78b-1b3c-3174-a021-fb672ff568ad,6,41,0,1,607208,R,Trea Turner,656550,R,Grant Holmes,PHI,ATL,143,144,Groundout,"Trea Turner grounds out, shortstop Mauricio Dubón to first baseman Matt Olson.",Groundout,"{""homeRunBallparks"": 0}",2,1,2,1,X,In Play,hit_into_play,False,X,SL,Slider,"In play, out(s)",85.4,79.3,3.24,1.64,5.86,0.44,4,2833,1.7,-0.4,-37.6,-0.7831,2.2351,-0.14,-0.03,-3.13,1.7,-0.14,0.41,True,True,False,True,False,-0.7831,2.2351,4,26,8,7,1,166,70.4,48.0,0.21,0,-44.9,123.1,77.6,1.0,77.6,1.0,,,,True,N,1
849844,2026-10-01,ATL,PHI,pitch,8c0324dc-4a00-3762-9656-a5a6e578eea6,6,42,33,1,656941,L,Kyle Schwarber,656550,R,Grant Holmes,PHI,ATL,143,144,Single,Kyle Schwarber singles on a sharp line drive to right fielder Ronald Acuña Jr.,Single,,0,0,0,0,B,Ball,ball,False,B,SL,Slider,Ball,86.6,80.2,3.18,1.6,5.84,0.43,11,2819,1.4,-4.7,-40.8,-2.9415,2.866,-0.12,-0.39,-3.4,1.4,-0.12,0.41,False,False,False,False,False,-2.9415,2.866,1,27,9,8,1,167,,,,,,,,,,,,,,False,N,1
849844,2026-10-01,ATL,PHI,pitch,0a3f4b3b-8074-3856-9e18-463d34cea009,6,42,33,1,656941,L,Kyle Schwarber,656550,R,Grant Holmes,PHI,ATL,143,144,Single,Kyle Schwarber singles on a sharp line drive to right fielder Ronald Acuña Jr.,Single,"{""homeRunBallparks"": 0}",0,1,0,1,X,In Play,hit_into_play,False,D,FC,Cutter,"In play, no out",93.5,86.6,3.18,1.6,5.82,0.4,5,2452,1.9,10.8,-20.2,0.1181,2.3686,-0.16,0.9,-1.68,1.9,-0.16,0.38,True,True,False,False,False,0.1181,2.3686,2,28,7,8,1,168,81.5,214.0,0.81,0,180.87,221.39,101.2,14.0,101.2,14.0,,,,True,N,1
849844,2026-10-01,ATL,PHI,pitch,89cb698d-25eb-3b62-aad6-002519f3ad19,6,43,34,1,547180,L,Bryce Harper,663158,R,Robert Suarez,PHI,ATL,143,144,Double,Bryce Harper doubles (1) on a line drive to right fielder Ronald Acuña Jr. Kyle Schwarber to 3rd.,Double,,0,0,0,0,B,Ball,ball,False,B,CH,Changeup,Ball,90.4,83.1,3.26,1.65,6.71,0.42,2,2114,16.2,9.1,-24.2,0.1683,3.3299,1.35,0.76,-2.02,1.35,1.35,0.39,True,True,False,False,False,0.1683,3.3299,1,1,1,1,1,169,,,,,,,,,,,True,,,False,N,1
849844,2026-10-01,ATL,PHI,pitch,6e7cfc22-0376-3d3d-98c6-84c10f04e6cd,6,43,34,1,547180,L,Bryce Harper,663158,R,Robert Suarez,PHI,ATL,143,144,Double,Bryce Harper doubles (1) on a line drive to right fielder Ronald Acuña Jr. Kyle Schwarber to 3rd.,Double,,0,1,0,1,S,Strike,called_strike,False,C,CH,Changeup,Called Strike,90.0,82.3,3.26,1.65,6.72,0.42,5,1994,15.8,9.4,-24.6,0.1949,2.5469,1.32,0.78,-2.05,1.32,1.32,0.39,True,True,False,False,False,0.1949,2.5469,2,2,2,1,1,170,,,,,,,,,,,True,,,False,N,1
849844,2026-10-01,ATL,PHI,pitch,c6c6c90c-cada-3968-ae51-1983faf2af51,6,43,34,1,547180,L,Bryce Harper,663158,R,Robert Suarez,PHI,ATL,143,144,Double,Bryce Harper doubles (1) on a line drive to right fielder Ronald Acuña Jr. Kyle Schwarber to 3rd.,Double,,1,1,1,1,B,Ball,ball,False,B,SI,Sinker,Ball,97.2,89.0,3.26,1.65,6.73,0.39,14,2390,9.7,13.3,-15.7,1.217,2.1991,0.81,1.11,-1.31,0.81,0.81,0.36,False,False,False,False,False,1.217,2.1991,3,3,1,1,1,171,,,,,,,,,,,True,,,False,N,1
849844,2026-10-01,ATL,PHI,pitch,520554c3-38af-36b4-b38c-53b58675bd11,6,43,34,1,547180,L,Bryce Harper,663158,R,Robert Suarez,PHI,ATL,143,144,Double,Bryce Harper doubles (1) on a line drive to right fielder Ronald Acuña Jr. Kyle Schwarber to 3rd.,Double,"{""homeRunBallparks"": 0}",1,2,1,2,X,In Play,hit_into_play,False,D,CH,Changeup,"In play, no out",91.5,83.9,3.26,1.65,6.95,0.41,8,2217,18.0,8.0,-24.7,0.0042,2.1433,1.5,0.67,-2.06,1.5,1.5,0.39,True,True,False,False,False,0.0042,2.1433,4,4,3,1,1,172,80.2,212.0,0.87,0,181.98,206.04,86.9,18.0,86.9,18.0,True,,,True,N,1
849844,2026-10-01,ATL,PHI,pitch,ad8a814f-a16d-3024-ba46-91973b5545a8,6,44,0,1,664761,R,Alec Bohm,663158,R,Robert Suarez,PHI,ATL,143,144,Groundout,"Alec Bohm grounds out, shortstop Mauricio Dubón to first baseman Matt Olson. Kyle Schwarber scores. Bryce Harper to 3rd.",Groundout,"{""homeRunBallparks"": 0}",0,0,0,0,X,In Play,hit_into_play,False,E,FF,4-Seam Fastball,"In play, run(s)",98.3,90.0,3.41,1.72,6.87,0.38,5,2481,9.6,17.4,-10.9,-0.2253,2.5963,0.8,1.45,-0.91,0.8,0.8,0.36,True,True,False,True,False,-0.2253,2.5963,1,5,1,2,1,173,76.2,13.0,0.27,0,-14.41,135.29,102.0,-12.0,102.0,-12.0,,True,True,True,N,1
849844,2026-10-01,ATL,PHI,pitch,201f3a61-b669-38fe-b303-35cf60bb1fc9,6,45,0,2,681082,L,Bryson Stott,663158,R,Robert Suarez,PHI,ATL,143,144,Flyout,Bryson Stott flies out to right fielder Ronald Acuña Jr.,Flyout,,0,0,0,0,S,Strike,called_strike,False,C,FF,4-Seam Fastball,Called Strike,97.8,89.2,3.22,1.63,6.74,0.39,1,2345,9.1,16.0,-12.7,-0.317,2.7556,0.76,1.33,-1.06,0.76,0.76,0.36,True,True,False,True,False,-0.317,2.7556,1,6,2,3,1,174,,,,,,,,,,,,,,False,N,1
849844,2026-10-01,ATL,PHI,pitch,76ddde69-a21a-3adf-9a38-4e4cb16166df,6,45,0,2,681082,L,Bryson Stott,663158,R,Robert Suarez,PHI,ATL,143,144,Flyout,Bryson Stott flies out to right fielder Ronald Acuña Jr.,Flyout,,1,0,1,0,S,Strike,swinging_strike,True,S,FF,4-Seam Fastball,Swinging Strike,98.5,89.6,3.22,1.63,6.61,0.38,11,2454,7.8,17.0,-11.3,-0.6377,3.5958,0.65,1.42,-0.94,0.65,0.65,0.36,False,False,False,True,False,-0.6377,3.5958,2,7,3,3,1,175,64.9,,,,,,,,,,,,,False,N,1
849844,2026-10-01,ATL,PHI,pitch,3c2fbb87-6994-3299-968e-6945093a7cdc,6,45,0,2,681082,L,Bryson Stott,663158,R,Robert Suarez,PHI,ATL,143,144,Flyout,Bryson Stott flies out to right fielder Ronald Acuña Jr.,Flyout,,2,0,2,0,S,Strike,foul,False,F,FF,4-Seam Fastball,Foul,99.4,90.8,3.22,1.63,6.72,0.38,6,2416,11.6,14.6,-13.1,0.3094,2.2054,0.97,1.22,-1.09,0.97,0.97,0.36,True,True,False,True,False,0.3094,2.2054,3,8,4,3,1,176,68.1,,,,,,,,,,,,,False,N,1
849844,2026-10-01,ATL,PHI,pitch,026845c4-3996-3b25-9e24-3d32c7514533,6,45,0,2,681082,L,Bryson Stott,663158,R,Robert Suarez,PHI,ATL,143,144,Flyout,Bryson Stott flies out to right fielder Ronald Acuña Jr.,Flyout,,2,0,2,0,S,Strike,foul,False,F,FF,4-Seam Fastball,Foul,99.0,90.2,3.22,1.63,6.72,0.38,11,2331,11.4,14.3,-13.7,-0.9475,2.5928,0.95,1.19,-1.14,0.95,0.95,0.36,False,False,False,True,False,-0.9475,2.5928,4,9,5,3,1,177,65.2,,,,,,,,,,,,,False,N,1
849844,2026-10-01,ATL,PHI,pitch,35f6a9ff-6e60-3014-adcb-46b437a8da5f,6,45,0,2,681082,L,Bryson Stott,663158,R,Robert Suarez,PHI,ATL,143,144,Flyout,Bryson Stott flies out to right fielder Ronald Acuña Jr.,Flyout,,2,0,2,0,S,Strike,foul,False,F,FF,4-Seam Fastball,Foul,99.6,90.2,3.22,1.63,6.55,0.38,2,2442,9.5,17.9,-10.0,-0.1199,3.044,0.79,1.49,-0.83,0.79,0.79,0.36,True,True,False,True,False,-0.1199,3.044,5,10,6,3,1,178,68.9,,,,,,,,,,,,,False,N,1
849844,2026-10-01,ATL,PHI,pitch,382b8a58-76ef-378c-b2b9-faacf065f1d4,6,45,0,2,681082,L,Bryson Stott,663158,R,Robert Suarez,PHI,ATL,143,144,Flyout,Bryson Stott flies out to right fielder Ronald Acuña Jr.,Flyout,"{""homeRunBallparks"": 0}",2,0,2,0,X,In Play,hit_into_play,False,X,CH,Changeup,"In play, out(s)",91.2,84.1,3.22,1.63,6.64,0.41,5,2012,14.3,9.1,-23.6,-0.1041,2.2132,1.19,0.76,-1.97,1.19,1.19,0.39,True,True,False,True,False,-0.1041,2.2132,6,11,4,3,1,179,68.4,341.0,0.03,0,130.76,315.88,91.3,35.0,91.3,35.0,,,,True,N,1
849844,2026-10-01,ATL,PHI,pitch,7ff0044f-500c-3169-98fb-e58756c18d1c,6,46,0,1,643289,R,Mauricio Dubón,554430,R,Zack Wheeler,ATL,PHI,144,143,Lineout,Mauricio Dubón lines out to center fielder Justin Crawford.,Lineout,"{""homeRunBallparks"": 0}",0,0,0,0,X,In Play,hit_into_play,False,X,SI,Sinker,"In play, out(s)",93.8,85.9,3.17,1.6,7.09,0.4,1,2260,16.1,8.8,-22.3,-0.7122,3.1141,1.34,0.73,-1.86,1.34,1.34,0.38,True,True,False,True,False,-0.7122,3.1141,1,50,5,13,2,180,70.1,299.0,0.15,0,68.94,290.45,82.2,26.0,82.2,26.0,,,,True,N,1
849844,2026-10-01,ATL,PHI,pitch,4880eb06-3123-3c87-a11a-5ca68e530db5,6,47,14,1,573262,L,Mike Yastrzemski,554430,R,Zack Wheeler,ATL,PHI,144,143,Strikeout,Mike Yastrzemski called out on strikes.,Strikeout,,0,0,0,0,S,Strike,called_strike,False,C,FF,4-Seam Fastball,Called Strike,94.6,86.5,3.12,1.58,7.39,0.4,7,2374,10.8,13.3,-17.3,-0.7018,1.6883,0.9,1.11,-1.44,0.9,0.9,0.37,True,True,False,False,False,-0.7018,1.6883,1,51,20,14,2,181,,,,,,,,,,,,,,False,N,1
849844,2026-10-01,ATL,PHI,pitch,982e291a-684c-3fff-ac46-b6c84a9eb45c,6,47,14,1,573262,L,Mike Yastrzemski,554430,R,Zack Wheeler,ATL,PHI,144,143,Strikeout,Mike Yastrzemski called out on strikes.,Strikeout,,1,0,1,0,B,Ball,ball,False,B,FC,Cutter,Ball,89.9,83.0,3.12,1.58,7.08,0.42,12,2443,3.6,5.4,-28.2,1.3784,2.9107,-0.3,0.45,-2.35,3.6,-0.3,0.39,False,False,False,False,False,1.3784,2.9107,2,52,8,14,2,182,,,,,,,,,,,,,,False,N,1
849844,2026-10-01,ATL,PHI,pitch,6657a0e0-7169-3526-b54c-e2037ab230fd,6,47,14,1,573262,L,Mike Yastrzemski,554430,R,Zack Wheeler,ATL,PHI,144,143,Strikeout,Mike Yastrzemski called out on strikes.,Strikeout,,1,1,1,1,S,Strike,swinging_strike,True,S,FS,Splitter,Swinging Strike,87.2,80.3,3.12,1.58,6.29,0.43,11,1458,13.3,0.1,-35.8,-1.2607,2.4131,1.11,0.01,-2.98,1.11,1.11,0.4,False,False,True,False,False,-1.2607,2.4131,3,53,13,14,2,183,40.7,,,,,,,,,,,,,False,N,1
849844,2026-10-01,ATL,PHI,pitch,3942cedb-64a2-3c40-8075-e367699105ce,6,47,14,1,573262,L,Mike Yastrzemski,554430,R,Zack Wheeler,ATL,PHI,144,143,Strikeout,Mike Yastrzemski called out on strikes.,Strikeout,,2,1,2,1,S,Strike,foul,False,F,FF,4-Seam Fastball,Foul,94.8,86.8,3.12,1.58,7.19,0.4,3,2288,9.7,11.3,-19.1,0.7254,2.8097,0.81,0.94,-1.59,0.81,0.81,0.37,True,True,False,False,False,0.7254,2.8097,4,54,21,14,2,184,71.9,,,,,,,,,,,,,False,N,1
849844,2026-10-01,ATL,PHI,pitch,3ae8636f-077d-3fcb-ae5a-054a768dc6ff,6,47,14,1,573262,L,Mike Yastrzemski,554430,R,Zack Wheeler,ATL,PHI,144,143,Strikeout,Mike Yastrzemski called out on strikes.,Strikeout,,2,1,2,1,S,Strike,called_strike,False,C,FC,Cutter,Called Strike,90.5,84.1,3.12,1.58,6.8,0.41,4,2500,1.2,6.0,-26.9,-0.7558,2.4671,-0.1,0.5,-2.24,1.2,-0.1,0.39,True,True,False,False,False,-0.7558,2.4671,5,55,9,14,2,185,,,,,,,,,,,,,,True,N,1
849844,2026-10-01,ATL,PHI,pitch,f877b528-d517-3ff4-84eb-c11cc75fa14a,6,48,0,2,663586,R,Austin Riley,554430,R,Zack Wheeler,ATL,PHI,144,143,Walk,Austin Riley walks.,Walk,,0,0,0,0,S,Strike,called_strike,False,C,SI,Sinker,Called Strike,93.8,86.6,3.27,1.65,6.83,0.4,6,2351,15.0,8.2,-22.7,0.3524,2.2091,1.25,0.68,-1.89,1.25,1.25,0.38,True,True,False,False,False,0.3524,2.2091,1,56,6,15,2,186,26.5,,,,,,,,,,,,,False,N,1
849844,2026-10-01,ATL,PHI,pitch,29e0d679-2969-3a53-ac88-50ace8ed6d4a,6,48,0,2,663586,R,Austin Riley,554430,R,Zack Wheeler,ATL,PHI,144,143,Walk,Austin Riley walks.,Walk,,1,0,1,0,B,Ball,ball,False,B,FF,4-Seam Fastball,Ball,94.2,86.6,3.27,1.65,6.96,0.4,12,2360,9.4,9.6,-21.0,0.3133,3.643,0.78,0.8,-1.75,0.78,0.78,0.37,False,False,False,False,False,0.3133,3.643,2,57,22,15,2,187,,,,,,,,,,,,,,False,N,1
849844,2026-10-01,ATL,PHI,pitch,cbcf637c-4572-32a3-8587-8102b44158ae,6,48,0,2,663586,R,Austin Riley,554430,R,Zack Wheeler,ATL,PHI,144,143,Walk,Austin Riley walks.,Walk,,1,1,1,1,B,Ball,ball,False,B,SI,Sinker,Ball,94.3,87.1,3.27,1.65,7.09,0.4,13,2335,15.4,6.5,-24.0,-1.3577,1.8825,1.28,0.54,-2.0,1.28,1.28,0.37,False,False,False,False,False,-1.3577,1.8825,3,58,7,15,2,188,,,,,,,,,,,,,,False,N,1
849844,2026-10-01,ATL,PHI,pitch,71625e12-6a11-3f85-9612-4d827cc0e4eb,6,48,0,2,663586,R,Austin Riley,554430,R,Zack Wheeler,ATL,PHI,144,143,Walk,Austin Riley walks.,Walk,,1,2,1,2,B,Ball,ball,False,B,FS,Splitter,Ball,87.7,81.6,3.27,1.65,7.26,0.43,14,1611,13.0,1.0,-34.3,0.3828,0.2021,1.08,0.08,-2.86,1.08,1.08,0.4,False,False,False,False,False,0.3828,0.2021,4,59,14,15,2,189,,,,,,,,,,,,,,False,N,1
849844,2026-10-01,ATL,PHI,pitch,c5fa7c1b-26ea-3d6e-a38b-bb844852b889,6,48,0,2,663586,R,Austin Riley,554430,R,Zack Wheeler,ATL,PHI,144,143,Walk,Austin Riley walks.,Walk,,1,3,1,3,B,Ball,ball,False,B,ST,Sweeper,Ball,82.6,76.3,3.27,1.65,7.0,0.46,14,2683,12.1,2.9,-37.3,2.5201,0.909,-1.01,0.24,-3.11,12.1,-1.01,0.43,False,False,False,False,False,2.5201,0.909,5,60,2,15,2,190,,,,,,,,,,,,,,True,N,1
849844,2026-10-01,ATL,PHI,pitch,ebcbd945-5e13-3b25-9483-6b0ebb459781,6,49,0,2,645277,L,Ozzie Albies,554430,R,Zack Wheeler,ATL,PHI,144,143,Walk,Ozzie Albies walks. Austin Riley to 2nd.,Walk,,0,0,0,0,B,Ball,ball,False,B,FF,4-Seam Fastball,Ball,94.8,86.4,2.98,1.51,7.74,0.4,12,2442,9.5,16.6,-14.0,1.0187,2.49,0.79,1.38,-1.17,0.79,0.79,0.37,False,False,False,False,False,1.0187,2.49,1,61,23,16,2,191,,,,,,,,,,,True,,,False,N,1
849844,2026-10-01,ATL,PHI,pitch,a563769b-b764-305d-ba93-fc3eb48bac1d,6,49,0,2,645277,L,Ozzie Albies,554430,R,Zack Wheeler,ATL,PHI,144,143,Walk,Ozzie Albies walks. Austin Riley to 2nd.,Walk,,0,1,0,1,B,Ball,ball,False,B,FC,Cutter,Ball,91.9,84.9,2.98,1.51,7.05,0.41,12,2561,1.6,11.9,-20.3,1.0203,2.947,0.13,0.99,-1.69,0.13,0.13,0.38,False,False,False,False,False,1.0203,2.947,2,62,10,16,2,192,,,,,,,,,,,True,,,False,N,1
849844,2026-10-01,ATL,PHI,pitch,6ccc0b37-3797-3a6d-bb39-3ce00b50ae9f,6,49,0,2,645277,L,Ozzie Albies,554430,R,Zack Wheeler,ATL,PHI,144,143,Walk,Ozzie Albies walks. Austin Riley to 2nd.,Walk,,0,2,0,2,B,Ball,ball,False,B,FS,Splitter,Ball,87.5,80.6,2.98,1.51,6.54,0.43,11,1589,13.4,2.9,-32.6,-1.2853,2.8112,1.12,0.24,-2.72,1.12,1.12,0.4,False,False,False,False,False,-1.2853,2.8112,3,63,15,16,2,193,,,,,,,,,,,True,,,False,N,1
849844,2026-10-01,ATL,PHI,pitch,f7a79842-b1b7-302b-af62-f9e6150a40ac,6,49,0,2,645277,L,Ozzie Albies,554430,R,Zack Wheeler,ATL,PHI,144,143,Walk,Ozzie Albies walks. Austin Riley to 2nd.,Walk,,0,3,0,3,S,Strike,called_strike,False,C,FF,4-Seam Fastball,Called Strike,95.3,87.3,2.98,1.51,7.03,0.39,1,2461,9.1,15.6,-14.4,-0.7397,2.9299,0.76,1.3,-1.2,0.76,0.76,0.37,True,True,False,False,False,-0.7397,2.9299,4,64,24,16,2,194,,,,,,,,,,,True,,,False,N,1
849844,2026-10-01,ATL,PHI,pitch,91a1a260-9689-3c05-a397-1146dd002f8a,6,49,0,2,645277,L,Ozzie Albies,554430,R,Zack Wheeler,ATL,PHI,144,143,Walk,Ozzie Albies walks. Austin Riley to 2nd.,Walk,,1,3,1,3,B,Ball,ball,False,B,FS,Splitter,Ball,87.2,80.6,2.98,1.51,6.95,0.43,11,1577,13.2,1.3,-34.3,-1.0207,2.2787,1.1,0.11,-2.86,1.1,1.1,0.4,False,False,False,False,False,-1.0207,2.2787,5,65,16,16,2,195,,,,,,,,,,,True,,,True,N,1
849844,2026-10-01,ATL,PHI,pitch,0789b5fc-323d-355b-a7f2-9d31ca4f6e92,6,50,14,2,642086,L,Dominic Smith,554430,R,Zack Wheeler,ATL,PHI,144,143,Strikeout,"J.T. Realmuto challenged (pitch result), call on the field was overturned: Dominic Smith called out on strikes.",Strikeout,,0,0,0,0,S,Strike,foul,False,F,FC,Cutter,Foul,91.2,84.1,3.18,1.6,6.95,0.41,12,2497,0.5,6.4,-26.3,0.9149,2.7858,-0.04,0.53,-2.19,0.5,-0.04,0.39,False,False,False,False,False,0.9149,2.7858,1,66,11,17,2,196,65.7,,,,,,,,,,,,,False,N,1
849844,2026-10-01,ATL,PHI,pitch,d2e5101d-0cb1-36c8-a335-4d8293becb43,6,50,14,2,642086,L,Dominic Smith,554430,R,Zack Wheeler,ATL,PHI,144,143,Strikeout,"J.T. Realmuto challenged (pitch result), call on the field was overturned: Dominic Smith called out on strikes.",Strikeout,,1,0,1,0,S,Strike,foul,False,F,FF,4-Seam Fastball,Foul,94.3,86.1,3.18,1.6,7.24,0.4,2,2361,11.4,14.2,-16.6,0.0665,3.1009,0.95,1.18,-1.38,0.95,0.95,0.37,True,True,False,False,False,0.0665,3.1009,2,67,25,17,2,197,68.1,,,,,,,,,,,,,False,N,1
849844,2026-10-01,ATL,PHI,pitch,075b4d57-2ad3-3b3f-abc9-f52257d9a97e,6,50,14,2,642086,L,Dominic Smith,554430,R,Zack Wheeler,ATL,PHI,144,143,Strikeout,"J.T. Realmuto challenged (pitch result), call on the field was overturned: Dominic Smith called out on strikes.",Strikeout,,2,0,2,0,S,Strike,called_strike,False,C,FS,Splitter,Called Strike,86.9,80.6,3.18,1.6,7.28,0.43,7,1408,10.1,1.4,-34.4,-0.4482,1.609,0.84,0.12,-2.87,0.84,0.84,0.4,True,True,False,False,True,-0.4482,1.609,3,68,17,17,2,198,,,,,,,,,,,,,,True,N,1
849844,2026-10-01,ATL,PHI,pitch,52a430e6-4e90-3b8b-b8c3-e9ffca36c69b,7,51,0,1,650559,R,Bryan De La Cruz,800311,R,Didier Fuentes,PHI,ATL,143,144,Lineout,Bryan De La Cruz lines out sharply to center fielder Michael Harris II.,Lineout,,0,0,0,0,B,Ball,ball,False,B,FF,4-Seam Fastball,Ball,96.7,87.6,3.23,1.63,6.78,0.39,11,2166,9.1,15.2,-14.3,-0.6265,4.9272,0.76,1.27,-1.19,0.76,0.76,0.37,False,False,False,True,False,-0.6265,4.9272,1,1,1,1,1,199,,,,,,,,,,,,,,False,N,1
849844,2026-10-01,ATL,PHI,pitch,c50b86bf-0d10-38f6-9c81-03eaab052d69,7,51,0,1,650559,R,Bryan De La Cruz,800311,R,Didier Fuentes,PHI,ATL,143,144,Lineout,Bryan De La Cruz lines out sharply to center fielder Michael Harris II.,Lineout,,0,1,0,1,S,Strike,swinging_strike,True,S,FF,4-Seam Fastball,Swinging Strike,96.6,87.8,3.23,1.63,6.82,0.39,3,2151,9.8,14.3,-15.2,0.6197,2.7572,0.82,1.19,-1.27,0.82,0.82,0.37,True,True,False,True,False,0.6197,2.7572,2,2,2,1,1,200,73.8,,,,,,,,,,,,,False,N,1
849844,2026-10-01,ATL,PHI,pitch,1dc9a68f-f956-381d-809c-8f36190bac03,7,51,0,1,650559,R,Bryan De La Cruz,800311,R,Didier Fuentes,PHI,ATL,143,144,Lineout,Bryan De La Cruz lines out sharply to center fielder Michael Harris II.,Lineout,"{""homeRunBallparks"": 0}",1,1,1,1,X,In Play,hit_into_play,False,X,FF,4-Seam Fastball,"In play, out(s)",96.6,87.4,3.23,1.63,6.92,0.39,3,2201,9.6,14.9,-14.6,0.2995,2.9991,0.8,1.24,-1.22,0.8,0.8,0.37,True,True,False,True,False,0.2995,2.9991,3,3,3,1,1,201,79.6,390.0,0.84,1,35.38,388.14,105.8,21.0,105.8,21.0,,,,True,N,1
849844,2026-10-01,ATL,PHI,pitch,f79658c0-f714-3ad1-8311-f39c17ca2d5c,7,52,0,1,669016,L,Brandon Marsh,800311,R,Didier Fuentes,PHI,ATL,143,144,Groundout,"Brandon Marsh grounds out, second baseman Ozzie Albies to first baseman Matt Olson.",Groundout,,0,0,0,0,S,Strike,called_strike,False,C,SL,Slider,Called Strike,84.8,78.5,3.31,1.67,6.78,0.44,7,2684,9.4,-3.0,-40.7,-0.801,1.9355,-0.78,-0.25,-3.39,9.4,-0.78,0.41,True,True,False,True,False,-0.801,1.9355,1,4,1,2,1,202,,,,,,,,,,,,,,False,N,1
849844,2026-10-01,ATL,PHI,pitch,84daef24-bdd6-3e50-98ab-02ccc8166a5a,7,52,0,1,669016,L,Brandon Marsh,800311,R,Didier Fuentes,PHI,ATL,143,144,Groundout,"Brandon Marsh grounds out, second baseman Ozzie Albies to first baseman Matt Olson.",Groundout,,1,0,1,0,B,Ball,ball,False,B,FF,4-Seam Fastball,Ball,99.0,90.4,3.31,1.67,6.89,0.38,11,2156,12.5,15.1,-12.7,-1.1173,3.4472,1.04,1.26,-1.06,1.04,1.04,0.36,False,False,False,True,False,-1.1173,3.4472,2,5,4,2,1,203,,,,,,,,,,,,,,False,N,1
849844,2026-10-01,ATL,PHI,pitch,f2ba9172-5928-3d75-9a71-73081ee0b501,7,52,0,1,669016,L,Brandon Marsh,800311,R,Didier Fuentes,PHI,ATL,143,144,Groundout,"Brandon Marsh grounds out, second baseman Ozzie Albies to first baseman Matt Olson.",Groundout,,1,1,1,1,S,Strike,foul,False,F,FF,4-Seam Fastball,Foul,98.8,90.2,3.31,1.67,6.84,0.38,2,2249,10.9,15.8,-12.1,0.0753,3.3102,0.91,1.32,-1.01,0.91,0.91,0.36,True,True,False,True,False,0.0753,3.3102,3,6,5,2,1,204,60.3,,,,,,,,,,,,,False,N,1
849844,2026-10-01,ATL,PHI,pitch,d8b15000-8d78-3ed5-81c5-11c30ccee1ac,7,52,0,1,669016,L,Brandon Marsh,800311,R,Didier Fuentes,PHI,ATL,143,144,Groundout,"Brandon Marsh grounds out, second baseman Ozzie Albies to first baseman Matt Olson.",Groundout,,2,1,2,1,B,Ball,ball,False,B,FF,4-Seam Fastball,Ball,98.8,90.3,3.31,1.67,6.88,0.38,11,2153,9.2,14.4,-13.6,-0.8614,3.1682,0.77,1.2,-1.13,0.77,0.77,0.36,False,False,False,True,True,-0.8614,3.1682,4,7,6,2,1,205,,,,,,,,,,,,,,False,N,1
849844,2026-10-01,ATL,PHI,pitch,137119f7-b4f9-32dd-bd36-fc53e621d805,7,52,0,1,669016,L,Brandon Marsh,800311,R,Didier Fuentes,PHI,ATL,143,144,Groundout,"Brandon Marsh grounds out, second baseman Ozzie Albies to first baseman Matt Olson.",Groundout,,2,2,2,2,B,Ball,ball,False,B,FF,4-Seam Fastball,Ball,98.9,90.4,3.31,1.67,6.71,0.38,11,2235,9.8,13.1,-14.9,-1.6421,4.2091,0.82,1.09,-1.24,0.82,0.82,0.36,False,False,False,True,False,-1.6421,4.2091,5,8,7,2,1,206,,,,,,,,,,,,,,False,N,1
849844,2026-10-01,ATL,PHI,pitch,a510809d-353b-3ad0-95fe-ef07cc6f2b4d,7,52,0,1,669016,L,Brandon Marsh,800311,R,Didier Fuentes,PHI,ATL,143,144,Groundout,"Brandon Marsh grounds out, second baseman Ozzie Albies to first baseman Matt Olson.",Groundout,"{""homeRunBallparks"": 0}",2,3,2,3,X,In Play,hit_into_play,False,X,FF,4-Seam Fastball,"In play, out(s)",98.2,89.6,3.31,1.67,6.95,0.38,5,2181,9.1,13.9,-14.5,-0.1208,2.2821,0.76,1.16,-1.21,0.76,0.76,0.36,True,True,False,True,False,-0.1208,2.2821,6,9,8,2,1,207,78.0,9.0,0.19,0,44.13,134.06,100.0,-15.0,100.0,-15.0,,,,True,N,1
849844,2026-10-01,ATL,PHI,pitch,8ba08f77-4d33-351a-aa11-1624268db607,7,53,0,2,592663,R,J.T. Realmuto,800311,R,Didier Fuentes,PHI,ATL,143,144,Groundout,"J.T. Realmuto grounds out, third baseman Austin Riley to first baseman Matt Olson.",Groundout,,0,0,0,0,S,Strike,called_strike,False,C,SL,Slider,Called Strike,86.1,80.0,3.2,1.62,6.79,0.43,5,2464,6.6,-0.2,-36.6,-0.0294,2.6805,-0.55,-0.02,-3.05,6.6,-0.55,0.41,True,True,False,True,False,-0.0294,2.6805,1,10,2,3,1,208,,,,,,,,,,,,,,False,N,1
849844,2026-10-01,ATL,PHI,pitch,50d38f0e-2e43-3bce-8c24-5c0f473f9442,7,53,0,2,592663,R,J.T. Realmuto,800311,R,Didier Fuentes,PHI,ATL,143,144,Groundout,"J.T. Realmuto grounds out, third baseman Austin Riley to first baseman Matt Olson.",Groundout,,1,0,1,0,S,Strike,foul,False,F,SL,Slider,Foul,84.3,78.4,3.2,1.62,6.86,0.44,7,2618,9.8,-5.5,-43.7,-0.301,1.555,-0.82,-0.46,-3.64,9.8,-0.82,0.42,True,True,False,True,False,-0.301,1.555,2,11,3,3,1,209,81.9,,,,,,,,,,,,,False,N,1
849844,2026-10-01,ATL,PHI,pitch,5691c520-2ee5-3c88-ae31-b391ba7ce6aa,7,53,0,2,592663,R,J.T. Realmuto,800311,R,Didier Fuentes,PHI,ATL,143,144,Groundout,"J.T. Realmuto grounds out, third baseman Austin Riley to first baseman Matt Olson.",Groundout,,2,0,2,0,S,Strike,foul,False,F,SL,Slider,Foul,85.4,79.1,3.2,1.62,6.91,0.44,12,2470,7.7,1.1,-36.1,1.1452,2.8787,-0.64,0.09,-3.01,7.7,-0.64,0.41,False,False,False,True,False,1.1452,2.8787,3,12,4,3,1,210,69.8,,,,,,,,,,,,,False,N,1
849844,2026-10-01,ATL,PHI,pitch,f6ded8c9-78cd-355d-a1ea-f99ff8dbe050,7,53,0,2,592663,R,J.T. Realmuto,800311,R,Didier Fuentes,PHI,ATL,143,144,Groundout,"J.T. Realmuto grounds out, third baseman Austin Riley to first baseman Matt Olson.",Groundout,"{""homeRunBallparks"": 0}",2,0,2,0,X,In Play,hit_into_play,False,X,SL,Slider,"In play, out(s)",85.5,79.2,3.2,1.62,7.0,0.44,9,2618,8.3,-2.8,-40.0,0.3061,1.8583,-0.69,-0.23,-3.33,8.3,-0.69,0.41,True,True,False,True,False,0.3061,1.8583,4,13,5,3,1,211,73.9,71.0,0.54,0,-63.2,106.01,101.6,3.0,101.6,3.0,,,,True,N,1
849844,2026-10-01,ATL,PHI,pitch,8598a019-f342-3c0a-a256-0aba67744c96,7,54,0,1,686948,L,Drake Baldwin,680742,R,Jonathan Bowlan,ATL,PHI,144,143,Groundout,"Drake Baldwin grounds out, pitcher Jonathan Bowlan to first baseman Bryce Harper.",Groundout,,0,0,0,0,B,Ball,ball,False,B,FF,4-Seam Fastball,Ball,96.7,87.8,3.21,1.62,6.52,0.39,13,2542,10.1,17.4,-12.1,-1.1654,2.1682,0.84,1.45,-1.01,0.84,0.84,0.37,False,False,False,True,False,-1.1654,2.1682,1,1,1,1,1,212,,,,,,,,,,,,,,False,N,1
849844,2026-10-01,ATL,PHI,pitch,3e7051d4-aa9b-3ab1-b6cc-29db9943429e,7,54,0,1,686948,L,Drake Baldwin,680742,R,Jonathan Bowlan,ATL,PHI,144,143,Groundout,"Drake Baldwin grounds out, pitcher Jonathan Bowlan to first baseman Bryce Harper.",Groundout,,0,1,0,1,B,Ball,ball,False,B,FF,4-Seam Fastball,Ball,96.7,87.8,3.21,1.62,6.63,0.39,12,2603,9.7,17.6,-12.0,1.4736,2.6156,0.81,1.47,-1.0,0.81,0.81,0.37,False,False,False,True,False,1.4736,2.6156,2,2,2,1,1,213,,,,,,,,,,,,,,False,N,1
849844,2026-10-01,ATL,PHI,pitch,0abf0f61-b960-33f1-b5ac-218e539ff4ec,7,54,0,1,686948,L,Drake Baldwin,680742,R,Jonathan Bowlan,ATL,PHI,144,143,Groundout,"Drake Baldwin grounds out, pitcher Jonathan Bowlan to first baseman Bryce Harper.",Groundout,"{""homeRunBallparks"": 0}",0,2,0,2,X,In Play,hit_into_play,False,X,CH,Changeup,"In play, out(s)",90.2,82.5,3.21,1.62,6.72,0.42,13,1605,14.5,6.7,-27.1,-0.8667,1.4753,1.21,0.56,-2.26,1.21,1.21,0.39,False,False,False,True,False,-0.8667,1.4753,3,3,1,1,1,214,81.9,3.0,0.3,0,-19.57,43.96,75.6,-64.0,75.6,-64.0,,,,True,N,1
849844,2026-10-01,ATL,PHI,pitch,f9517aed-9182-3799-82ff-c1d61f6a89db,7,55,0,1,660670,R,Ronald Acuña Jr.,680742,R,Jonathan Bowlan,ATL,PHI,144,143,Pop Out,Ronald Acuña Jr. pops out to third baseman Alec Bohm.,Pop Out,,0,0,0,0,B,Ball,ball,False,B,CH,Changeup,Ball,91.5,84.7,3.2,1.62,6.6,0.41,11,1633,11.6,4.1,-28.2,-1.7324,2.778,0.97,0.34,-2.35,0.97,0.97,0.38,False,False,False,True,False,-1.7324,2.778,1,4,2,2,1,215,,,,,,,,,,,,,,False,N,1
849844,2026-10-01,ATL,PHI,pitch,cf2ab608-3cde-3c92-9b30-b2f21212a7af,7,55,0,1,660670,R,Ronald Acuña Jr.,680742,R,Jonathan Bowlan,ATL,PHI,144,143,Pop Out,Ronald Acuña Jr. pops out to third baseman Alec Bohm.,Pop Out,"{""homeRunBallparks"": 0}",0,1,0,1,X,In Play,hit_into_play,False,X,FF,4-Seam Fastball,"In play, out(s)",96.7,88.8,3.2,1.62,6.63,0.39,1,2559,10.6,18.1,-11.0,-0.3582,3.1628,0.88,1.51,-0.92,0.88,0.88,0.36,True,True,False,True,False,-0.3582,3.1628,2,5,3,2,1,216,76.3,58.0,0.01,0,8.77,42.59,88.9,75.0,88.9,75.0,,,,True,N,1
849844,2026-10-01,ATL,PHI,pitch,3a5ffed1-bb42-3cd2-b51c-452b81210a8c,7,56,38,2,621566,L,Matt Olson,680742,R,Jonathan Bowlan,ATL,PHI,144,143,Home Run,Matt Olson homers (1) on a fly ball to center field.,Home Run,,0,0,0,0,B,Ball,ball,False,B,FF,4-Seam Fastball,Ball,97.8,89.1,3.37,1.7,6.68,0.39,11,2460,11.2,17.3,-11.5,-1.3729,2.6206,0.93,1.44,-0.96,0.93,0.93,0.36,False,False,False,False,False,-1.3729,2.6206,1,6,4,3,1,217,,,,,,,,,,,,,,False,N,1
849844,2026-10-01,ATL,PHI,pitch,4617093b-8054-3d3e-a382-c1ed34f5a4c2,7,56,38,2,621566,L,Matt Olson,680742,R,Jonathan Bowlan,ATL,PHI,144,143,Home Run,Matt Olson homers (1) on a fly ball to center field.,Home Run,"{""homeRunBallparks"": 23}",0,1,0,1,X,In Play,hit_into_play,False,E,CH,Changeup,"In play, run(s)",92.1,83.7,3.37,1.7,6.65,0.41,8,1801,14.4,3.8,-28.8,-0.2736,1.9354,1.2,0.32,-2.4,1.2,1.2,0.39,True,True,False,False,False,-0.2736,1.9354,2,7,3,3,1,218,76.5,416.0,0.96,1,62.33,411.4,107.2,26.0,107.2,26.0,,,,True,N,1
849844,2026-10-01,ATL,PHI,pitch,16794736-4acd-3833-930b-be9db5f8a447,7,57,11,2,671739,L,Michael Harris II,680742,R,Jonathan Bowlan,ATL,PHI,144,143,Hit By Pitch,Michael Harris II hit by pitch.,Hit By Pitch,,0,0,0,0,S,Strike,swinging_strike,True,S,FF,4-Seam Fastball,Swinging Strike,97.5,89.5,3.18,1.61,6.73,0.39,5,2479,10.9,17.6,-11.2,0.1325,2.2484,0.91,1.47,-0.93,0.91,0.91,0.36,True,True,False,False,False,0.1325,2.2484,1,8,5,4,1,219,78.1,,,,,,,,,,,,,False,N,1
849844,2026-10-01,ATL,PHI,pitch,9f9671ba-ad37-39a2-88bc-dccbd9309b6e,7,57,11,2,671739,L,Michael Harris II,680742,R,Jonathan Bowlan,ATL,PHI,144,143,Hit By Pitch,Michael Harris II hit by pitch.,Hit By Pitch,,1,0,1,0,S,Strike,swinging_strike,True,S,FF,4-Seam Fastball,Swinging Strike,97.6,89.5,3.18,1.61,6.64,0.39,11,2490,9.7,16.1,-12.6,-0.2457,3.9234,0.81,1.34,-1.05,0.81,0.81,0.36,False,False,False,False,False,-0.2457,3.9234,2,9,6,4,1,220,66.7,,,,,,,,,,,,,False,N,1
849844,2026-10-01,ATL,PHI,pitch,f3386768-d917-3d30-a294-3fa1cca42489,7,57,11,2,671739,L,Michael Harris II,680742,R,Jonathan Bowlan,ATL,PHI,144,143,Hit By Pitch,Michael Harris II hit by pitch.,Hit By Pitch,,2,0,2,0,S,Strike,foul,False,F,FF,4-Seam Fastball,Foul,98.0,89.6,3.18,1.61,6.66,0.38,11,2426,8.4,17.3,-11.2,-0.0145,3.6969,0.7,1.44,-0.93,0.7,0.7,0.36,False,False,False,False,False,-0.0145,3.6969,3,10,7,4,1,221,71.9,,,,,,,,,,,,,False,N,1
849844,2026-10-01,ATL,PHI,pitch,0463aaf1-fcfd-3d8a-93c3-5d4563bfbabb,7,57,11,2,671739,L,Michael Harris II,680742,R,Jonathan Bowlan,ATL,PHI,144,143,Hit By Pitch,Michael Harris II hit by pitch.,Hit By Pitch,,2,0,2,0,S,Strike,foul,False,F,FF,4-Seam Fastball,Foul,98.4,89.8,3.18,1.61,6.6,0.38,12,2515,8.4,17.5,-10.8,0.1885,3.6372,0.7,1.46,-0.9,0.7,0.7,0.36,False,False,False,False,False,0.1885,3.6372,4,11,8,4,1,222,69.7,,,,,,,,,,,,,False,N,1
849844,2026-10-01,ATL,PHI,pitch,f093b582-b9a9-36d3-b842-803b9d7e9126,7,57,11,2,671739,L,Michael Harris II,680742,R,Jonathan Bowlan,ATL,PHI,144,143,Hit By Pitch,Michael Harris II hit by pitch.,Hit By Pitch,,2,0,2,0,X,In Play,hit_by_pitch,False,H,SL,Slider,Hit By Pitch,88.9,83.3,3.18,1.61,6.97,0.42,14,2592,1.1,1.6,-32.9,2.5516,-0.1427,-0.09,0.13,-2.74,1.1,-0.09,0.4,False,False,False,False,False,2.5516,-0.1427,5,12,1,4,1,223,,,,,,,,,,,,,,True,N,1
849844,2026-10-01,ATL,PHI,pitch,befaec54-f0f6-33d6-8862-8c7521960463,7,58,0,2,643289,R,Mauricio Dubón,680742,R,Jonathan Bowlan,ATL,PHI,144,143,Groundout,Mauricio Dubón grounds out softly to catcher J.T. Realmuto. Mauricio Dubón out on batter interference.,Groundout,,0,0,0,0,B,Ball,ball,False,B,FF,4-Seam Fastball,Ball,98.1,89.0,3.17,1.6,6.76,0.39,12,2472,6.4,17.9,-10.8,0.4149,3.8858,0.53,1.49,-0.9,0.53,0.53,0.36,False,False,False,True,False,0.4149,3.8858,1,13,9,5,1,224,,,,,,,,,,,,,,False,N,1
849844,2026-10-01,ATL,PHI,pitch,de6a95df-992c-3ee6-8da0-96a8c513a949,7,58,0,2,643289,R,Mauricio Dubón,680742,R,Jonathan Bowlan,ATL,PHI,144,143,Groundout,Mauricio Dubón grounds out softly to catcher J.T. Realmuto. Mauricio Dubón out on batter interference.,Groundout,,0,1,0,1,S,Strike,swinging_strike,True,S,FF,4-Seam Fastball,Swinging Strike,98.1,89.2,3.17,1.6,6.78,0.38,2,2540,6.7,19.7,-8.9,-0.185,3.0758,0.56,1.64,-0.74,0.56,0.56,0.36,True,True,False,True,False,-0.185,3.0758,2,14,10,5,1,225,71.0,,,,,,,,,,,,,False,N,1
849844,2026-10-01,ATL,PHI,pitch,c9929c5a-1c74-375f-9d77-41dec09005c7,7,58,0,2,643289,R,Mauricio Dubón,680742,R,Jonathan Bowlan,ATL,PHI,144,143,Groundout,Mauricio Dubón grounds out softly to catcher J.T. Realmuto. Mauricio Dubón out on batter interference.,Groundout,,1,1,1,1,S,Strike,swinging_strike,True,S,FF,4-Seam Fastball,Swinging Strike,98.8,90.0,3.17,1.6,6.91,0.38,5,2447,8.0,18.8,-9.4,-0.18,2.6215,0.67,1.57,-0.78,0.67,0.67,0.36,True,True,False,True,False,-0.18,2.6215,3,15,11,5,1,226,70.3,,,,,,,,,,,,,False,N,1
849844,2026-10-01,ATL,PHI,pitch,e9e4a642-b2ad-3370-97d5-85861262e680,7,58,0,2,643289,R,Mauricio Dubón,680742,R,Jonathan Bowlan,ATL,PHI,144,143,Groundout,Mauricio Dubón grounds out softly to catcher J.T. Realmuto. Mauricio Dubón out on batter interference.,Groundout,"{""homeRunBallparks"": 0}",2,1,2,1,X,In Play,hit_into_play,False,X,FF,4-Seam Fastball,"In play, out(s)",97.5,88.7,3.17,1.6,6.8,0.39,12,2467,6.2,19.2,-9.7,0.5975,4.5579,0.52,1.6,-0.81,0.52,0.52,0.36,False,False,False,True,False,0.5975,4.5579,4,16,12,5,1,227,57.6,,0.3,0,7.54,12.08,75.4,-75.0,75.4,-75.0,,,,True,N,1
849844,2026-10-01,ATL,PHI,pitch,4711c539-e512-3b28-a883-67efe60b1912,8,59,35,0,656537,R,Derek Hill,689266,L,Dylan Dodd,PHI,ATL,143,144,Triple,Derek Hill triples (1) on a fly ball to center fielder Michael Harris II.,Triple,,0,0,0,0,B,Ball,ball,False,B,SI,Sinker,Ball,95.9,87.7,3.22,1.62,6.19,0.39,11,2191,7.1,17.6,-12.0,-0.2509,4.2698,-0.59,1.47,-1.0,7.1,-0.59,0.37,False,False,False,False,False,-0.2509,4.2698,1,1,1,1,1,228,,,,,,,,,,,,,,False,N,1
849844,2026-10-01,ATL,PHI,pitch,08bbf92d-ff26-3836-bfe1-87cb6f7409e8,8,59,35,0,656537,R,Derek Hill,689266,L,Dylan Dodd,PHI,ATL,143,144,Triple,Derek Hill triples (1) on a fly ball to center fielder Michael Harris II.,Triple,,0,1,0,1,B,Ball,ball,False,B,SI,Sinker,Ball,94.8,86.8,3.22,1.62,6.3,0.4,11,2242,9.7,17.3,-13.1,-0.1439,3.6436,-0.81,1.44,-1.09,9.7,-0.81,0.37,False,False,False,False,False,-0.1439,3.6436,2,2,2,1,1,229,29.0,,,,,,,,,,,,,False,N,1
849844,2026-10-01,ATL,PHI,pitch,9346c531-90ea-3b24-a7d7-2c6427be3e9d,8,59,35,0,656537,R,Derek Hill,689266,L,Dylan Dodd,PHI,ATL,143,144,Triple,Derek Hill triples (1) on a fly ball to center fielder Michael Harris II.,Triple,,0,2,0,2,S,Strike,swinging_strike,True,S,SI,Sinker,Swinging Strike,94.4,86.9,3.22,1.62,6.26,0.4,6,2321,9.2,17.3,-13.2,0.4793,2.5986,-0.77,1.44,-1.1,9.2,-0.77,0.37,True,True,False,False,False,0.4793,2.5986,3,3,3,1,1,230,75.0,,,,,,,,,,,,,False,N,1
849844,2026-10-01,ATL,PHI,pitch,f6c58b99-c76a-3671-9e83-471310cee041,8,59,35,0,656537,R,Derek Hill,689266,L,Dylan Dodd,PHI,ATL,143,144,Triple,Derek Hill triples (1) on a fly ball to center fielder Michael Harris II.,Triple,"{""homeRunBallparks"": 5}",1,2,1,2,X,In Play,hit_into_play,False,D,SI,Sinker,"In play, no out",95.2,87.6,3.22,1.62,6.26,0.39,5,2276,8.5,15.6,-14.4,0.0303,2.5988,-0.71,1.3,-1.2,8.5,-0.71,0.37,True,True,False,False,False,0.0303,2.5988,4,4,4,1,1,231,74.5,354.0,0.13,0,177.45,307.63,98.9,39.0,98.9,39.0,,,,True,N,1
849844,2026-10-01,ATL,PHI,pitch,d0c37a46-6e9a-33c8-a1e9-1d5731c41287,8,60,0,1,607208,R,Trea Turner,689266,L,Dylan Dodd,PHI,ATL,143,144,Sac Fly,Trea Turner out on a sacrifice fly to center fielder Michael Harris II. Derek Hill scores.,Sac Fly,,0,0,0,0,B,Ball,ball,False,B,FC,Cutter,Ball,87.7,81.6,3.24,1.64,6.34,0.43,13,2281,0.5,4.6,-30.7,-1.2957,1.5101,0.04,0.38,-2.56,0.04,0.04,0.4,False,False,False,True,False,-1.2957,1.5101,1,5,1,2,1,232,,,,,,,,,,,,,True,False,N,1
849844,2026-10-01,ATL,PHI,pitch,508a63f6-076d-34c7-bbf6-7b64e2947c10,8,60,0,1,607208,R,Trea Turner,689266,L,Dylan Dodd,PHI,ATL,143,144,Sac Fly,Trea Turner out on a sacrifice fly to center fielder Michael Harris II. Derek Hill scores.,Sac Fly,,0,1,0,1,S,Strike,swinging_strike,True,S,SI,Sinker,Swinging Strike,94.9,86.9,3.24,1.64,6.13,0.4,11,2266,6.6,18.4,-12.0,-0.3227,3.8197,-0.55,1.53,-1.0,6.6,-0.55,0.37,False,False,False,True,False,-0.3227,3.8197,2,6,5,2,1,233,70.1,,,,,,,,,,,,True,False,N,1
849844,2026-10-01,ATL,PHI,pitch,4a215af8-5760-341d-ba21-64097e0b9a94,8,60,0,1,607208,R,Trea Turner,689266,L,Dylan Dodd,PHI,ATL,143,144,Sac Fly,Trea Turner out on a sacrifice fly to center fielder Michael Harris II. Derek Hill scores.,Sac Fly,,1,1,1,1,B,Ball,ball,False,B,SI,Sinker,Ball,95.3,87.4,3.24,1.64,6.26,0.39,11,2199,8.9,18.2,-11.9,-0.9051,2.6771,-0.74,1.52,-0.99,8.9,-0.74,0.37,False,False,False,True,False,-0.9051,2.6771,3,7,6,2,1,234,,,,,,,,,,,,,True,False,N,1
849844,2026-10-01,ATL,PHI,pitch,8878f22d-08f9-3f18-a0bc-506f64ceafa8,8,60,0,1,607208,R,Trea Turner,689266,L,Dylan Dodd,PHI,ATL,143,144,Sac Fly,Trea Turner out on a sacrifice fly to center fielder Michael Harris II. Derek Hill scores.,Sac Fly,,1,2,1,2,S,Strike,foul,False,F,SI,Sinker,Foul,95.0,87.1,3.24,1.64,6.18,0.4,2,2188,8.5,17.8,-12.5,0.0741,3.0556,-0.71,1.48,-1.04,8.5,-0.71,0.37,True,True,False,True,False,0.0741,3.0556,4,8,7,2,1,235,69.1,,,,,,,,,,,,True,False,N,1
849844,2026-10-01,ATL,PHI,pitch,58a48a98-3e68-38c4-b612-da5236324b9e,8,60,0,1,607208,R,Trea Turner,689266,L,Dylan Dodd,PHI,ATL,143,144,Sac Fly,Trea Turner out on a sacrifice fly to center fielder Michael Harris II. Derek Hill scores.,Sac Fly,"{""homeRunBallparks"": 0}",2,2,2,2,X,In Play,hit_into_play,False,E,SI,Sinker,"In play, run(s)",96.2,88.4,3.24,1.64,6.19,0.39,11,2127,9.0,15.2,-14.2,-0.235,3.9791,-0.75,1.27,-1.18,9.0,-0.75,0.37,False,False,False,True,False,-0.235,3.9791,5,9,8,2,1,236,66.8,368.0,0.17,0,22.92,367.7,97.2,35.0,97.2,35.0,,,True,True,N,1
849844,2026-10-01,ATL,PHI,pitch,0e6e1c47-1af2-39bb-ae5c-e0969e2ad738,8,61,0,1,656941,L,Kyle Schwarber,689266,L,Dylan Dodd,PHI,ATL,143,144,Flyout,Kyle Schwarber flies out to right fielder Ronald Acuña Jr.,Flyout,,0,0,0,0,B,Ball,ball,False,B,FC,Cutter,Ball,87.4,81.6,3.18,1.6,6.29,0.43,13,1973,0.4,4.7,-31.0,-0.4175,-0.6987,0.03,0.39,-2.58,0.03,0.03,0.4,False,False,False,True,False,-0.4175,-0.6987,1,10,2,3,1,237,,,,,,,,,,,,,,False,N,1
849844,2026-10-01,ATL,PHI,pitch,04aff875-cda7-30ac-acf4-0723e16d4e27,8,61,0,1,656941,L,Kyle Schwarber,689266,L,Dylan Dodd,PHI,ATL,143,144,Flyout,Kyle Schwarber flies out to right fielder Ronald Acuña Jr.,Flyout,,0,1,0,1,B,Ball,ball,False,B,SI,Sinker,Ball,95.9,88.1,3.18,1.6,6.19,0.39,11,2132,8.3,14.5,-15.1,-0.2351,3.8519,-0.69,1.21,-1.26,8.3,-0.69,0.37,False,False,False,True,False,-0.2351,3.8519,2,11,9,3,1,238,,,,,,,,,,,,,,False,N,1
849844,2026-10-01,ATL,PHI,pitch,14997812-d335-3593-b417-1dccbe9da95d,8,61,0,1,656941,L,Kyle Schwarber,689266,L,Dylan Dodd,PHI,ATL,143,144,Flyout,Kyle Schwarber flies out to right fielder Ronald Acuña Jr.,Flyout,,0,2,0,2,S,Strike,called_strike,False,C,SI,Sinker,Called Strike,95.3,87.5,3.18,1.6,6.29,0.39,4,2190,3.7,17.6,-12.5,-0.2937,2.2495,-0.31,1.47,-1.04,3.7,-0.31,0.37,True,True,False,True,False,-0.2937,2.2495,3,12,10,3,1,239,,,,,,,,,,,,,,False,N,1
849844,2026-10-01,ATL,PHI,pitch,1e13a609-046f-31f1-a376-aeb390a835ae,8,61,0,1,656941,L,Kyle Schwarber,689266,L,Dylan Dodd,PHI,ATL,143,144,Flyout,Kyle Schwarber flies out to right fielder Ronald Acuña Jr.,Flyout,,1,2,1,2,S,Strike,called_strike,False,C,FC,Cutter,Called Strike,87.0,80.4,3.18,1.6,6.23,0.43,8,2201,1.0,4.9,-31.1,-0.1558,1.8502,0.08,0.41,-2.59,0.08,0.08,0.41,True,True,False,True,False,-0.1558,1.8502,4,13,3,3,1,240,,,,,,,,,,,,,,False,N,1
849844,2026-10-01,ATL,PHI,pitch,718ae589-39ad-3615-9f96-447b8de19081,8,61,0,1,656941,L,Kyle Schwarber,689266,L,Dylan Dodd,PHI,ATL,143,144,Flyout,Kyle Schwarber flies out to right fielder Ronald Acuña Jr.,Flyout,"{""homeRunBallparks"": 0}",2,2,2,2,X,In Play,hit_into_play,False,X,FC,Cutter,"In play, out(s)",87.2,80.7,3.18,1.6,6.3,0.43,8,2168,0.7,4.0,-31.8,0.0282,1.8423,0.06,0.33,-2.65,0.06,0.06,0.4,True,True,False,True,False,0.0282,1.8423,5,14,4,3,1,241,71.0,326.0,0.02,0,197.55,261.23,86.8,31.0,86.8,31.0,,,,True,N,1
849844,2026-10-01,ATL,PHI,pitch,42663ec8-429b-3652-8d04-688db72bbc1d,8,62,14,2,547180,L,Bryce Harper,519242,L,Chris Sale,PHI,ATL,143,144,Strikeout,"Bryce Harper strikes out swinging, catcher Drake Baldwin to first baseman Matt Olson.",Strikeout,,0,0,0,0,S,Strike,swinging_strike,True,S,SL,Slider,Swinging Strike,80.6,74.5,3.26,1.65,6.5,0.47,13,2595,13.2,-6.1,-48.4,-0.7653,1.0961,1.1,-0.51,-4.03,1.1,1.1,0.44,False,False,False,False,False,-0.7653,1.0961,1,1,1,1,1,242,69.0,,,,,,,,,,,,,False,N,1
849844,2026-10-01,ATL,PHI,pitch,aac17aa1-3144-320f-abbb-65cb21c90306,8,62,14,2,547180,L,Bryce Harper,519242,L,Chris Sale,PHI,ATL,143,144,Strikeout,"Bryce Harper strikes out swinging, catcher Drake Baldwin to first baseman Matt Olson.",Strikeout,,1,0,1,0,S,Strike,swinging_strike,True,S,SL,Slider,Swinging Strike,81.3,74.9,3.26,1.65,6.57,0.46,13,2547,13.7,-4.9,-46.4,-0.9057,2.1154,1.14,-0.41,-3.87,1.14,1.14,0.44,False,False,False,False,False,-0.9057,2.1154,2,2,2,1,1,243,66.7,,,,,,,,,,,,,False,N,1
849844,2026-10-01,ATL,PHI,pitch,e6c014d4-06f2-3b58-9397-720e9c27fc5d,8,62,14,2,547180,L,Bryce Harper,519242,L,Chris Sale,PHI,ATL,143,144,Strikeout,"Bryce Harper strikes out swinging, catcher Drake Baldwin to first baseman Matt Olson.",Strikeout,,2,0,2,0,B,Ball,ball,False,B,SL,Slider,Ball,83.1,77.0,3.26,1.65,6.75,0.45,13,2671,12.1,-1.2,-41.0,-2.8248,0.6592,1.01,-0.1,-3.42,1.01,1.01,0.43,False,False,False,False,False,-2.8248,0.6592,3,3,3,1,1,244,,,,,,,,,,,,,,False,N,1
849844,2026-10-01,ATL,PHI,pitch,632e82f0-a7e4-3ec4-bd14-251b1bef7c23,8,62,14,2,547180,L,Bryce Harper,519242,L,Chris Sale,PHI,ATL,143,144,Strikeout,"Bryce Harper strikes out swinging, catcher Drake Baldwin to first baseman Matt Olson.",Strikeout,,2,1,2,1,S,Strike,swinging_strike_blocked,True,W,SL,Slider,Swinging Strike,80.5,74.4,3.26,1.65,6.69,0.47,13,2615,15.8,-4.6,-47.2,-1.9315,0.045,1.32,-0.38,-3.93,1.32,1.32,0.44,False,False,False,False,False,-1.9315,0.045,4,4,4,1,1,245,52.3,,,,,,,,,,,,,True,N,1
849844,2026-10-01,ATL,PHI,pitch,13e48b91-c6c9-334f-b337-3e8ed4dce233,8,63,14,1,573262,L,Mike Yastrzemski,661395,R,Jhoan Duran,ATL,PHI,144,143,Strikeout,Mike Yastrzemski strikes out swinging.,Strikeout,,0,0,0,0,S,Strike,called_strike,False,C,FF,4-Seam Fastball,Called Strike,99.5,90.7,3.12,1.58,6.11,0.38,2,2123,8.6,13.8,-13.9,0.046,2.6787,0.72,1.15,-1.16,0.72,0.72,0.36,True,True,False,False,False,0.046,2.6787,1,1,1,1,1,246,,,,,,,,,,,,,,False,N,1
849844,2026-10-01,ATL,PHI,pitch,02f14536-cdc1-36b1-9e3f-9844f2edbbf6,8,63,14,1,573262,L,Mike Yastrzemski,661395,R,Jhoan Duran,ATL,PHI,144,143,Strikeout,Mike Yastrzemski strikes out swinging.,Strikeout,,1,0,1,0,Z,Missed Bunt,missed_bunt,True,M,FS,Splitter,Missed Bunt,97.0,89.3,3.12,1.58,6.3,0.39,14,1698,14.9,1.2,-28.0,0.2824,1.0741,1.24,0.1,-2.33,1.24,1.24,0.36,False,False,False,False,False,0.2824,1.0741,2,2,1,1,1,247,13.3,,,,,,,,,,,,,False,N,1
849844,2026-10-01,ATL,PHI,pitch,a5a1b2e3-bde6-3fdb-89a6-bbd7515f0099,8,63,14,1,573262,L,Mike Yastrzemski,661395,R,Jhoan Duran,ATL,PHI,144,143,Strikeout,Mike Yastrzemski strikes out swinging.,Strikeout,,2,0,2,0,S,Strike,swinging_strike,True,S,FF,4-Seam Fastball,Swinging Strike,100.1,91.9,3.12,1.58,6.1,0.38,1,2151,9.8,12.5,-14.6,-0.5335,3.1951,0.82,1.04,-1.22,0.82,0.82,0.35,True,True,False,False,False,-0.5335,3.1951,3,3,2,1,1,248,66.7,,,,,,,,,,,,,True,N,1
849844,2026-10-01,ATL,PHI,pitch,47851719-0fec-3ff3-a42a-5b229ac4f73a,8,64,0,1,663586,R,Austin Riley,661395,R,Jhoan Duran,ATL,PHI,144,143,Flyout,Austin Riley flies out sharply to left fielder Brandon Marsh.,Flyout,,0,0,0,0,B,Ball,ball,False,B,ST,Sweeper,Ball,90.3,83.4,3.27,1.65,5.94,0.42,12,2691,5.9,-4.1,-37.6,1.2815,2.6195,-0.49,-0.34,-3.13,5.9,-0.49,0.39,False,False,False,True,False,1.2815,2.6195,1,4,1,2,1,249,,,,,,,,,,,,,,False,N,1
849844,2026-10-01,ATL,PHI,pitch,8d97cc47-9538-3dfd-8003-65ee84bdaff0,8,64,0,1,663586,R,Austin Riley,661395,R,Jhoan Duran,ATL,PHI,144,143,Flyout,Austin Riley flies out sharply to left fielder Brandon Marsh.,Flyout,,0,1,0,1,S,Strike,foul,False,F,FF,4-Seam Fastball,Foul,99.1,90.8,3.27,1.65,6.23,0.38,7,1869,14.8,9.4,-18.6,-0.5046,1.8046,1.23,0.78,-1.55,1.23,1.23,0.36,True,True,False,True,False,-0.5046,1.8046,2,5,3,2,1,250,74.7,,,,,,,,,,,,,False,N,1
849844,2026-10-01,ATL,PHI,pitch,03171583-7814-3823-b561-3927815b3a1f,8,64,0,1,663586,R,Austin Riley,661395,R,Jhoan Duran,ATL,PHI,144,143,Flyout,Austin Riley flies out sharply to left fielder Brandon Marsh.,Flyout,,1,1,1,1,B,Ball,ball,False,B,ST,Sweeper,Ball,90.5,84.7,3.27,1.65,6.13,0.41,14,2502,2.0,1.4,-31.6,1.1471,0.7667,-0.17,0.12,-2.63,2.0,-0.17,0.39,False,False,False,True,False,1.1471,0.7667,3,6,2,2,1,251,27.2,,,,,,,,,,,,,False,N,1
849844,2026-10-01,ATL,PHI,pitch,c572cff6-f527-3fc5-a536-c7e27341737a,8,64,0,1,663586,R,Austin Riley,661395,R,Jhoan Duran,ATL,PHI,144,143,Flyout,Austin Riley flies out sharply to left fielder Brandon Marsh.,Flyout,,1,2,1,2,B,Ball,ball,False,B,FF,4-Seam Fastball,Ball,99.9,91.8,3.27,1.65,5.93,0.38,11,1963,9.5,13.8,-13.4,-1.0766,6.2268,0.79,1.15,-1.12,0.79,0.79,0.35,False,False,False,True,False,-1.0766,6.2268,4,7,4,2,1,252,,,,,,,,,,,,,,False,N,1
849844,2026-10-01,ATL,PHI,pitch,5445f993-e05e-3945-ab89-60147a8d2a08,8,64,0,1,663586,R,Austin Riley,661395,R,Jhoan Duran,ATL,PHI,144,143,Flyout,Austin Riley flies out sharply to left fielder Brandon Marsh.,Flyout,,1,3,1,3,S,Strike,swinging_strike,True,S,FS,Splitter,Swinging Strike,98.8,91.4,3.27,1.65,6.14,0.38,14,1911,14.2,4.1,-23.9,0.2571,1.0237,1.18,0.34,-1.99,1.18,1.18,0.36,False,False,False,True,False,0.2571,1.0237,5,8,2,2,1,253,75.3,,,,,,,,,,,,,False,N,1
849844,2026-10-01,ATL,PHI,pitch,bf3c9282-ca09-3e6e-9114-f9e685a5dc3b,8,64,0,1,663586,R,Austin Riley,661395,R,Jhoan Duran,ATL,PHI,144,143,Flyout,Austin Riley flies out sharply to left fielder Brandon Marsh.,Flyout,"{""homeRunBallparks"": 0}",2,3,2,3,X,In Play,hit_into_play,False,X,FS,Splitter,"In play, out(s)",100.0,92.1,3.27,1.65,6.18,0.38,4,1885,14.4,1.9,-25.3,-0.7254,2.6946,1.2,0.16,-2.11,1.2,1.2,0.35,True,True,False,True,False,-0.7254,2.6946,6,9,3,2,1,254,85.1,318.0,0.03,0,-154.12,276.93,102.9,48.0,102.9,48.0,,,,True,N,1
849844,2026-10-01,ATL,PHI,pitch,fc31f517-b239-300f-99e6-56d855b9ac83,8,65,14,2,645277,L,Ozzie Albies,661395,R,Jhoan Duran,ATL,PHI,144,143,Strikeout,Ozzie Albies strikes out swinging.,Strikeout,,0,0,0,0,B,Ball,ball,False,B,FS,Splitter,Ball,98.5,90.6,2.98,1.51,6.19,0.38,14,1914,14.9,2.3,-25.9,0.7503,1.2157,1.24,0.19,-2.16,1.24,1.24,0.36,False,False,False,False,False,0.7503,1.2157,1,10,4,3,1,255,,,,,,,,,,,,,,False,N,1
849844,2026-10-01,ATL,PHI,pitch,be47714d-4bdf-339a-82ef-cfc15510061a,8,65,14,2,645277,L,Ozzie Albies,661395,R,Jhoan Duran,ATL,PHI,144,143,Strikeout,Ozzie Albies strikes out swinging.,Strikeout,,0,1,0,1,B,Ball,ball,False,B,FS,Splitter,Ball,96.8,89.0,2.98,1.51,6.03,0.39,13,1742,13.9,-0.8,-30.0,-1.4914,1.9519,1.16,-0.07,-2.5,1.16,1.16,0.36,False,False,False,False,False,-1.4914,1.9519,2,11,5,3,1,256,,,,,,,,,,,,,,False,N,1
849844,2026-10-01,ATL,PHI,pitch,927c9c54-a007-3e66-993a-a8c323e12c94,8,65,14,2,645277,L,Ozzie Albies,661395,R,Jhoan Duran,ATL,PHI,144,143,Strikeout,Ozzie Albies strikes out swinging.,Strikeout,,0,2,0,2,S,Strike,called_strike,False,C,FS,Splitter,Called Strike,98.5,90.8,2.98,1.51,6.16,0.38,2,1885,13.4,2.4,-25.7,0.0999,2.6869,1.12,0.2,-2.14,1.12,1.12,0.36,True,True,False,False,False,0.0999,2.6869,3,12,6,3,1,257,,,,,,,,,,,,,,False,N,1
849844,2026-10-01,ATL,PHI,pitch,5dea7bc0-fdf1-3694-91f3-5444e0268d7b,8,65,14,2,645277,L,Ozzie Albies,661395,R,Jhoan Duran,ATL,PHI,144,143,Strikeout,Ozzie Albies strikes out swinging.,Strikeout,,1,2,1,2,S,Strike,foul,False,F,FF,4-Seam Fastball,Foul,101.1,92.4,2.98,1.51,6.2,0.37,11,2116,10.6,11.4,-15.4,-0.1183,3.246,0.88,0.95,-1.28,0.88,0.88,0.35,False,False,False,False,False,-0.1183,3.246,4,13,5,3,1,258,71.9,,,,,,,,,,,,,False,N,1
849844,2026-10-01,ATL,PHI,pitch,9e64de51-4259-3033-9a57-299b315a3b99,8,65,14,2,645277,L,Ozzie Albies,661395,R,Jhoan Duran,ATL,PHI,144,143,Strikeout,Ozzie Albies strikes out swinging.,Strikeout,,2,2,2,2,S,Strike,foul,False,F,FS,Splitter,Foul,99.4,92.1,2.98,1.51,6.26,0.38,13,1814,14.9,0.2,-27.2,-0.5875,1.0076,1.24,0.02,-2.27,1.24,1.24,0.35,False,False,False,False,False,-0.5875,1.0076,5,14,7,3,1,259,68.3,,,,,,,,,,,,,False,N,1
849844,2026-10-01,ATL,PHI,pitch,b9abbb48-cb4e-3c23-b6af-f2b39356d836,8,65,14,2,645277,L,Ozzie Albies,661395,R,Jhoan Duran,ATL,PHI,144,143,Strikeout,Ozzie Albies strikes out swinging.,Strikeout,,2,2,2,2,S,Strike,swinging_strike_blocked,True,W,ST,Sweeper,Swinging Strike,89.4,83.4,2.98,1.51,6.2,0.42,14,2487,2.5,-2.0,-35.9,0.9703,0.876,-0.21,-0.17,-2.99,2.5,-0.21,0.39,False,False,False,False,False,0.9703,0.876,6,15,3,3,1,260,53.5,,,,,,,,,,,,,True,N,1
849844,2026-10-01,ATL,PHI,pitch,2b16109a-305d-3136-8979-59d66a476b12,9,66,33,0,664761,R,Alec Bohm,519242,L,Chris Sale,PHI,ATL,143,144,Single,Alec Bohm singles on a line drive to center fielder Michael Harris II.,Single,,0,0,0,0,S,Strike,called_strike,False,C,SL,Slider,Called Strike,77.9,71.6,3.41,1.72,6.38,0.48,6,2584,16.2,-3.0,-48.1,0.4548,2.4389,1.35,-0.25,-4.01,1.35,1.35,0.45,True,True,False,False,False,0.4548,2.4389,1,5,5,2,1,261,,,,,,,,,,,,,,False,N,1
849844,2026-10-01,ATL,PHI,pitch,8487e7af-2f9a-3f75-be93-b08074b50738,9,66,33,0,664761,R,Alec Bohm,519242,L,Chris Sale,PHI,ATL,143,144,Single,Alec Bohm singles on a line drive to center fielder Michael Harris II.,Single,,1,0,1,0,B,Ball,ball,False,B,CH,Changeup,Ball,90.8,83.6,3.41,1.72,6.76,0.41,14,1969,16.6,0.7,-32.4,0.0045,0.9216,-1.38,0.06,-2.7,16.6,-1.38,0.39,False,False,False,False,False,0.0045,0.9216,2,6,1,2,1,262,,,,,,,,,,,,,,False,N,1
849844,2026-10-01,ATL,PHI,pitch,bf349f96-5fff-3ed0-bb91-1392bd53dd00,9,66,33,0,664761,R,Alec Bohm,519242,L,Chris Sale,PHI,ATL,143,144,Single,Alec Bohm singles on a line drive to center fielder Michael Harris II.,Single,,1,1,1,1,S,Strike,called_strike,False,C,FF,4-Seam Fastball,Called Strike,96.3,87.9,3.41,1.72,7.03,0.39,4,2409,14.9,10.7,-19.1,-0.7797,2.8476,-1.24,0.89,-1.59,14.9,-1.24,0.37,True,True,False,False,False,-0.7797,2.8476,3,7,1,2,1,263,,,,,,,,,,,,,,False,N,1
849844,2026-10-01,ATL,PHI,pitch,526b9589-313d-3da2-87f9-f15d36a222e0,9,66,33,0,664761,R,Alec Bohm,519242,L,Chris Sale,PHI,ATL,143,144,Single,Alec Bohm singles on a line drive to center fielder Michael Harris II.,Single,"{""homeRunBallparks"": 0}",2,1,2,1,X,In Play,hit_into_play,False,D,SL,Slider,"In play, no out",81.2,74.7,3.41,1.72,6.46,0.46,14,2718,17.2,-3.2,-44.9,0.6132,0.9587,1.43,-0.27,-3.74,1.43,1.43,0.44,False,False,False,False,False,0.6132,0.9587,4,8,6,2,1,264,60.4,162.0,0.57,0,-32.76,251.35,88.1,11.0,88.1,11.0,,,,True,N,1
849844,2026-10-01,ATL,PHI,pitch,57d4ac44-35a0-33a2-b34a-eecb41e544ea,9,67,0,1,681082,L,Bryson Stott,519242,L,Chris Sale,PHI,ATL,143,144,Pop Out,Bryson Stott pops out softly to third baseman Austin Riley in foul territory.,Pop Out,,0,0,0,0,S,Strike,called_strike,False,C,FF,4-Seam Fastball,Called Strike,97.8,89.3,3.22,1.63,6.83,0.39,6,2378,11.4,12.8,-15.8,0.6344,2.3506,-0.95,1.07,-1.32,11.4,-0.95,0.36,True,True,False,True,False,0.6344,2.3506,1,9,2,3,1,265,,,,,,,,,,,,,,False,N,1
849844,2026-10-01,ATL,PHI,pitch,8d14c479-c561-341b-a602-4716b28e5a7a,9,67,0,1,681082,L,Bryson Stott,519242,L,Chris Sale,PHI,ATL,143,144,Pop Out,Bryson Stott pops out softly to third baseman Austin Riley in foul territory.,Pop Out,,1,0,1,0,B,Ball,ball,False,B,FF,4-Seam Fastball,Ball,97.0,88.9,3.22,1.63,7.13,0.39,13,2365,13.6,10.6,-18.7,-2.1611,1.9241,-1.13,0.88,-1.56,13.6,-1.13,0.37,False,False,False,True,False,-2.1611,1.9241,2,10,3,3,1,266,,,,,,,,,,,,,,False,N,1
849844,2026-10-01,ATL,PHI,pitch,60783ef3-7d03-34df-8c13-1c4d28263566,9,67,0,1,681082,L,Bryson Stott,519242,L,Chris Sale,PHI,ATL,143,144,Pop Out,Bryson Stott pops out softly to third baseman Austin Riley in foul territory.,Pop Out,"{""homeRunBallparks"": 0}",1,1,1,1,X,In Play,hit_into_play,False,X,SI,Sinker,"In play, out(s)",96.3,88.0,3.22,1.63,6.7,0.39,12,2221,18.1,2.9,-26.6,0.9706,3.0192,-1.51,0.24,-2.22,18.1,-1.51,0.37,False,False,False,True,False,0.9706,3.0192,3,11,1,3,1,267,70.1,76.0,0.02,0,-62.77,38.73,46.9,66.0,46.9,66.0,,,,True,N,1
849844,2026-10-01,ATL,PHI,pitch,d32a912e-09da-308a-98ba-25785000ac08,9,68,14,1,650559,R,Bryan De La Cruz,519242,L,Chris Sale,PHI,ATL,143,144,Strikeout,Bryan De La Cruz strikes out swinging.,Strikeout,,0,0,0,0,S,Strike,called_strike,False,C,SL,Slider,Called Strike,78.4,72.4,3.23,1.63,6.5,0.48,6,2437,15.0,-3.5,-47.9,0.7084,2.2087,1.25,-0.29,-3.99,1.25,1.25,0.45,True,True,False,False,False,0.7084,2.2087,1,12,7,4,1,268,34.2,,,,,,,,,,,,,False,N,1
849844,2026-10-01,ATL,PHI,pitch,61bad902-18ea-3167-9432-d2e3289251dd,9,68,14,1,650559,R,Bryan De La Cruz,519242,L,Chris Sale,PHI,ATL,143,144,Strikeout,Bryan De La Cruz strikes out swinging.,Strikeout,,1,0,1,0,S,Strike,foul,False,F,FF,4-Seam Fastball,Foul,97.8,89.9,3.23,1.63,6.82,0.38,6,2323,12.6,10.9,-17.5,0.3749,2.387,-1.05,0.91,-1.46,12.6,-1.05,0.36,True,True,False,False,False,0.3749,2.387,2,13,4,4,1,269,73.4,,,,,,,,,,,,,False,N,1
849844,2026-10-01,ATL,PHI,pitch,d559e404-863d-39f0-85e5-be719d1b7e60,9,68,14,1,650559,R,Bryan De La Cruz,519242,L,Chris Sale,PHI,ATL,143,144,Strikeout,Bryan De La Cruz strikes out swinging.,Strikeout,,2,0,2,0,B,Ball,ball,False,B,FF,4-Seam Fastball,Ball,97.5,89.2,3.23,1.63,7.03,0.39,11,2441,15.6,8.2,-20.8,-1.5241,3.0659,-1.3,0.68,-1.73,15.6,-1.3,0.36,False,False,False,False,False,-1.5241,3.0659,3,14,5,4,1,270,,,,,,,,,,,,,,False,N,1
849844,2026-10-01,ATL,PHI,pitch,682388a0-aeb2-3554-8196-13b2761c390e,9,68,14,1,650559,R,Bryan De La Cruz,519242,L,Chris Sale,PHI,ATL,143,144,Strikeout,Bryan De La Cruz strikes out swinging.,Strikeout,,2,1,2,1,B,Ball,blocked_ball,False,*B,SL,Slider,Ball In Dirt,82.1,75.9,3.23,1.63,6.53,0.46,13,2588,12.4,-3.6,-44.4,-1.0794,-0.0562,1.03,-0.3,-3.7,1.03,1.03,0.43,False,False,False,False,False,-1.0794,-0.0562,4,15,8,4,1,271,,,,,,,,,,,,,,False,N,1
849844,2026-10-01,ATL,PHI,pitch,8d00c716-74bc-3005-8445-753ae017cb30,9,68,14,1,650559,R,Bryan De La Cruz,519242,L,Chris Sale,PHI,ATL,143,144,Strikeout,Bryan De La Cruz strikes out swinging.,Strikeout,,2,2,2,2,S,Strike,swinging_strike,True,S,FF,4-Seam Fastball,Swinging Strike,97.0,88.8,3.23,1.63,7.05,0.39,11,2430,14.2,10.7,-18.4,-0.132,3.7162,-1.18,0.89,-1.53,14.2,-1.18,0.36,False,False,False,False,False,-0.132,3.7162,5,16,6,4,1,272,63.1,,,,,,,,,,,,,True,N,1
849844,2026-10-01,ATL,PHI,pitch,401c580b-8d4c-31b5-a56f-0b6423eb4da2,9,69,14,2,805249,R,Otto Kemp,519242,L,Chris Sale,PHI,ATL,143,144,Strikeout,Otto Kemp strikes out swinging.,Strikeout,,0,0,0,0,S,Strike,called_strike,False,C,SL,Slider,Called Strike,78.8,72.5,3.16,1.59,6.43,0.48,6,2571,11.3,-6.0,-50.0,0.6738,2.2208,0.94,-0.5,-4.17,0.94,0.94,0.45,True,True,False,False,False,0.6738,2.2208,1,17,9,5,1,273,,,,,,,,,,,True,,,False,N,1
849844,2026-10-01,ATL,PHI,pitch,0f6040dd-6abd-3b37-a192-484c27abd101,9,69,14,2,805249,R,Otto Kemp,519242,L,Chris Sale,PHI,ATL,143,144,Strikeout,Otto Kemp strikes out swinging.,Strikeout,,1,0,1,0,B,Ball,ball,False,B,SL,Slider,Ball,78.6,72.5,3.16,1.59,6.57,0.48,14,2621,14.4,-3.5,-47.5,2.7598,2.0821,1.2,-0.29,-3.96,1.2,1.2,0.45,False,False,False,False,False,2.7598,2.0821,2,18,10,5,1,274,,,,,,,,,,,True,,,False,N,1
849844,2026-10-01,ATL,PHI,pitch,65e8803b-f4be-30d9-8649-fe8b05a0e2ba,9,69,14,2,805249,R,Otto Kemp,519242,L,Chris Sale,PHI,ATL,143,144,Strikeout,Otto Kemp strikes out swinging.,Strikeout,,1,1,1,1,S,Strike,foul,False,F,SL,Slider,Foul,78.3,72.0,3.16,1.59,6.5,0.48,7,2645,12.2,-6.4,-51.1,-0.3511,1.8613,1.02,-0.53,-4.26,1.02,1.02,0.45,True,True,False,False,False,-0.3511,1.8613,3,19,11,5,1,275,71.7,,,,,,,,,,True,,,False,N,1
849844,2026-10-01,ATL,PHI,pitch,b242643a-0b1d-33be-9217-bfd6c70de6a4,9,69,14,2,805249,R,Otto Kemp,519242,L,Chris Sale,PHI,ATL,143,144,Strikeout,Otto Kemp strikes out swinging.,Strikeout,,2,1,2,1,B,Ball,ball,False,B,FF,4-Seam Fastball,Ball,98.1,89.3,3.16,1.59,6.8,0.38,12,2340,12.8,10.8,-17.8,0.8222,3.9787,-1.07,0.9,-1.48,12.8,-1.07,0.36,False,False,False,False,False,0.8222,3.9787,4,20,7,5,1,276,,,,,,,,,,,True,,,False,N,1
849844,2026-10-01,ATL,PHI,pitch,faab6aa9-cba6-3dc2-901c-97867b2e7a8c,9,69,14,2,805249,R,Otto Kemp,519242,L,Chris Sale,PHI,ATL,143,144,Strikeout,Otto Kemp strikes out swinging.,Strikeout,,2,2,2,2,S,Strike,swinging_strike,True,S,SL,Slider,Swinging Strike,80.5,74.2,3.16,1.59,6.59,0.47,13,2641,15.6,-2.3,-44.6,-1.6537,1.8074,1.3,-0.19,-3.72,1.3,1.3,0.44,False,False,False,False,False,-1.6537,1.8074,5,21,12,5,1,277,71.7,,,,,,,,,,True,,,True,N,1
