game_pk,game_date,home_team,away_team,type,play_id,inning,ab_number,cap_index,outs,batter,stand,batter_name,pitcher,p_throws,pitcher_name,team_batting,team_fielding,team_batting_id,team_fielding_id,result,des,events,contextMetrics,strikes,balls,pre_strikes,pre_balls,call,call_name,pitch_call,is_strike_swinging,result_code,pitch_type,pitch_name,description,start_speed,end_speed,sz_top,sz_bot,extension,plateTime,zone,spin_rate,breakX,inducedBreakZ,breakZ,px,pz,pfxX,pfxZ,pfxZWithGravity,pfxXWithGravity,pfxXNoAbs,plateTimeSZDepth,savantIsInZone,isInZone,isSword,is_bip_out,is_abs_challenge,plate_x,plate_z,pitch_number,player_total_pitches,player_total_pitches_pitch_types,pitcher_pa_number,pitcher_time_thru_order,game_total_pitches,batSpeed,hit_distance,xba,is_barrel,hc_x_ft,hc_y_ft,hit_speed,hit_angle,launch_speed,launch_angle,runnerOn1B,runnerOn2B,runnerOn3B,is_last_pitch,double_header,game_number
822730,2026-06-01,WSH,MIA,pitch,29bec577-39dd-3b29-9022-9b121c33df7b,1,1,0,0,689414,L,Liam Hicks,676917,R,Cade Cavalli,MIA,WSH,146,120,Walk,Liam Hicks walks.,Walk,,0,0,0,0,S,Strike,called_strike,False,C,FF,4-Seam Fastball,Called Strike,96.4,87.7,3.09,1.56,6.25,0.39,1,2363,8.8,15.0,-14.5,-0.6523,2.6324,0.73,1.25,-1.21,0.73,0.73,0.37,True,True,False,False,False,-0.6523,2.6324,1,1,1,1,1,1,,,,,,,,,,,,,,False,N,1
822730,2026-06-01,WSH,MIA,pitch,2c9b2294-d5b7-3b30-b98d-35a7044ee21f,1,1,0,0,689414,L,Liam Hicks,676917,R,Cade Cavalli,MIA,WSH,146,120,Walk,Liam Hicks walks.,Walk,,1,0,1,0,S,Strike,foul,False,F,FF,4-Seam Fastball,Foul,97.1,88.5,3.09,1.56,6.18,0.39,1,2434,5.8,14.8,-14.4,-0.6101,2.8608,0.48,1.23,-1.2,0.48,0.48,0.36,True,True,False,False,False,-0.6101,2.8608,2,2,2,1,1,2,66.7,,,,,,,,,,,,,False,N,1
822730,2026-06-01,WSH,MIA,pitch,1323eb6f-a290-308e-a9c9-67440ede0ff6,1,1,0,0,689414,L,Liam Hicks,676917,R,Cade Cavalli,MIA,WSH,146,120,Walk,Liam Hicks walks.,Walk,,2,0,2,0,B,Ball,ball,False,B,FF,4-Seam Fastball,Ball,97.3,89.6,3.09,1.56,6.09,0.39,11,2347,10.6,13.0,-15.6,-1.2457,4.0775,0.88,1.08,-1.3,0.88,0.88,0.36,False,False,False,False,False,-1.2457,4.0775,3,3,3,1,1,3,,,,,,,,,,,,,,False,N,1
822730,2026-06-01,WSH,MIA,pitch,029e3abe-e98c-346e-acf1-6bcec84541f1,1,1,0,0,689414,L,Liam Hicks,676917,R,Cade Cavalli,MIA,WSH,146,120,Walk,Liam Hicks walks.,Walk,,2,1,2,1,B,Ball,ball,False,B,KC,Knuckle Curve,Ball,88.7,83.0,3.09,1.56,6.11,0.42,14,2287,7.2,-6.2,-40.7,1.2936,0.9314,-0.6,-0.52,-3.39,7.2,-0.6,0.4,False,False,False,False,False,1.2936,0.9314,4,4,1,1,1,4,,,,,,,,,,,,,,False,N,1
822730,2026-06-01,WSH,MIA,pitch,d18ffa7f-3714-364a-9c62-68dc8a602482,1,1,0,0,689414,L,Liam Hicks,676917,R,Cade Cavalli,MIA,WSH,146,120,Walk,Liam Hicks walks.,Walk,,2,2,2,2,B,Ball,ball,False,B,FF,4-Seam Fastball,Ball,97.7,90.8,3.09,1.56,6.22,0.38,11,2381,10.2,13.2,-15.0,-1.2697,3.6008,0.85,1.1,-1.25,0.85,0.85,0.36,False,False,False,False,False,-1.2697,3.6008,5,5,4,1,1,5,33.0,,,,,,,,,,,,,False,N,1
822730,2026-06-01,WSH,MIA,pitch,e2972603-7665-3c9f-b322-1427e8d03f33,1,1,0,0,689414,L,Liam Hicks,676917,R,Cade Cavalli,MIA,WSH,146,120,Walk,Liam Hicks walks.,Walk,,2,3,2,3,B,Ball,ball,False,B,FF,4-Seam Fastball,Ball,96.4,89.1,3.09,1.56,6.23,0.39,11,2376,5.9,12.4,-16.8,-1.548,3.2459,0.49,1.03,-1.4,0.49,0.49,0.36,False,False,False,False,False,-1.548,3.2459,6,6,5,1,1,6,,,,,,,,,,,,,,True,N,1
822730,2026-06-01,WSH,MIA,pitch,4b3d02c8-4f9e-391a-8c3f-cacaf8661471,1,2,33,0,672640,R,Otto Lopez,676917,R,Cade Cavalli,MIA,WSH,146,120,Single,Otto Lopez singles on a ground ball to right fielder James Wood. Liam Hicks to 2nd.,Single,,0,0,0,0,S,Strike,called_strike,False,C,SI,Sinker,Called Strike,96.1,88.9,3.14,1.58,6.45,0.39,8,2120,14.9,8.6,-20.8,0.2121,2.0143,1.24,0.72,-1.73,1.24,1.24,0.37,True,True,False,False,False,0.2121,2.0143,1,7,1,2,1,7,,,,,,,,,,,True,,,False,N,1
822730,2026-06-01,WSH,MIA,pitch,4bf9a201-9bac-33f6-861e-efe169448d4e,1,2,33,0,672640,R,Otto Lopez,676917,R,Cade Cavalli,MIA,WSH,146,120,Single,Otto Lopez singles on a ground ball to right fielder James Wood. Liam Hicks to 2nd.,Single,"{""homeRunBallparks"": 0}",1,0,1,0,X,In Play,hit_into_play,False,D,SI,Sinker,"In play, no out",97.8,90.3,3.14,1.58,6.39,0.38,5,2132,15.0,11.3,-17.2,-0.2646,2.3337,1.25,0.94,-1.43,1.25,1.25,0.36,True,True,False,False,False,-0.2646,2.3337,2,8,2,2,1,8,68.4,7.0,0.19,0,109.84,223.87,94.0,-17.0,94.0,-17.0,True,,,True,N,1
822730,2026-06-01,WSH,MIA,pitch,7d79007f-b2a5-34ac-b46b-c104d2a374ee,1,3,4,1,669065,L,Kyle Stowers,676917,R,Cade Cavalli,MIA,WSH,146,120,Sac Bunt,"Kyle Stowers out on a sacrifice bunt, third baseman Curtis Mead to first baseman Luis García Jr. Liam Hicks to 3rd. Otto Lopez to 2nd.",Sac Bunt,"{""homeRunBallparks"": 0}",0,0,0,0,X,In Play,hit_into_play,False,X,KC,Knuckle Curve,"In play, out(s)",85.8,78.9,3.3,1.66,5.99,0.44,3,2261,7.6,-5.8,-43.0,0.4848,3.1901,-0.63,-0.48,-3.58,7.6,-0.63,0.41,True,True,False,True,False,0.4848,3.1901,1,9,2,3,1,9,,4.0,0.25,0,-22.97,45.68,38.5,-41.0,38.5,-41.0,True,True,,True,N,1
822730,2026-06-01,WSH,MIA,pitch,a37f37e4-5ce0-33ba-ac39-4cb86e4f9fd4,1,4,0,1,669364,L,Xavier Edwards,676917,R,Cade Cavalli,MIA,WSH,146,120,Walk,Xavier Edwards walks.,Walk,,0,0,0,0,B,Ball,ball,False,B,KC,Knuckle Curve,Ball,88.0,81.7,3.06,1.54,6.22,0.43,14,2186,6.2,-7.9,-43.2,1.6857,0.8971,-0.52,-0.66,-3.6,6.2,-0.52,0.4,False,False,False,False,False,1.6857,0.8971,1,10,3,4,1,10,,,,,,,,,,,,,,False,N,1
822730,2026-06-01,WSH,MIA,pitch,bf841b9e-d5ff-3ef1-b6f5-6989453c23f9,1,4,0,1,669364,L,Xavier Edwards,676917,R,Cade Cavalli,MIA,WSH,146,120,Walk,Xavier Edwards walks.,Walk,,0,1,0,1,S,Strike,called_strike,False,C,CH,Changeup,Called Strike,89.1,81.8,3.06,1.54,6.19,0.42,9,1958,17.3,2.2,-32.5,0.6224,1.6975,1.44,0.18,-2.71,1.44,1.44,0.4,True,True,False,False,False,0.6224,1.6975,2,11,1,4,1,11,,,,,,,,,,,,,,False,N,1
822730,2026-06-01,WSH,MIA,pitch,1b6d9c42-c45c-3600-950d-a42197c7f6a2,1,4,0,1,669364,L,Xavier Edwards,676917,R,Cade Cavalli,MIA,WSH,146,120,Walk,Xavier Edwards walks.,Walk,,1,1,1,1,B,Ball,ball,False,B,FF,4-Seam Fastball,Ball,96.9,89.2,3.06,1.54,6.08,0.39,11,2299,5.3,12.1,-16.8,-0.3558,3.7958,0.44,1.01,-1.4,0.44,0.44,0.36,False,False,False,False,False,-0.3558,3.7958,3,12,6,4,1,12,,,,,,,,,,,,,,False,N,1
822730,2026-06-01,WSH,MIA,pitch,3eaf179e-ad67-33c7-8b22-b19933a4e013,1,4,0,1,669364,L,Xavier Edwards,676917,R,Cade Cavalli,MIA,WSH,146,120,Walk,Xavier Edwards walks.,Walk,,1,2,1,2,B,Ball,ball,False,B,KC,Knuckle Curve,Ball,85.9,79.2,3.06,1.54,6.14,0.44,11,2207,11.0,-12.4,-49.3,-0.9874,3.5326,-0.92,-1.03,-4.11,11.0,-0.92,0.41,False,False,False,False,False,-0.9874,3.5326,4,13,4,4,1,13,,,,,,,,,,,,,,False,N,1
822730,2026-06-01,WSH,MIA,pitch,75b89aa8-c68d-3afc-a0d3-033fe8963e66,1,4,0,1,669364,L,Xavier Edwards,676917,R,Cade Cavalli,MIA,WSH,146,120,Walk,Xavier Edwards walks.,Walk,,1,3,1,3,B,Ball,ball,False,B,CH,Changeup,Ball,88.8,81.5,3.06,1.54,6.02,0.42,11,2009,17.5,2.0,-32.5,-1.4128,3.583,1.46,0.17,-2.71,1.46,1.46,0.4,False,False,False,False,False,-1.4128,3.583,5,14,2,4,1,14,,,,,,,,,,,,,,True,N,1
822730,2026-06-01,WSH,MIA,pitch,012e5801-ef59-3f80-bf15-d5fe5ce9d962,1,5,14,1,677870,R,Leo Jiménez,676917,R,Cade Cavalli,MIA,WSH,146,120,Strikeout,Leo Jiménez strikes out swinging.,Strikeout,,0,0,0,0,B,Ball,ball,False,B,SI,Sinker,Ball,97.1,88.5,3.12,1.57,6.28,0.39,12,2198,10.3,7.7,-21.5,0.3559,3.3186,0.86,0.64,-1.79,0.86,0.86,0.36,False,False,False,False,False,0.3559,3.3186,1,15,3,5,1,15,,,,,,,,,,,,,,False,N,1
822730,2026-06-01,WSH,MIA,pitch,6ca05ad3-83b2-3b24-8a25-21eebafcc162,1,5,14,1,677870,R,Leo Jiménez,676917,R,Cade Cavalli,MIA,WSH,146,120,Strikeout,Leo Jiménez strikes out swinging.,Strikeout,,0,1,0,1,S,Strike,called_strike,False,C,KC,Knuckle Curve,Called Strike,85.7,79.3,3.12,1.57,6.12,0.44,2,2241,8.0,-6.7,-43.8,0.0968,3.1303,-0.67,-0.56,-3.65,8.0,-0.67,0.41,True,True,False,False,True,0.0968,3.1303,2,16,5,5,1,16,,,,,,,,,,,,,,False,N,1
822730,2026-06-01,WSH,MIA,pitch,459fc801-5dc5-3234-9397-be220332c238,1,5,14,1,677870,R,Leo Jiménez,676917,R,Cade Cavalli,MIA,WSH,146,120,Strikeout,Leo Jiménez strikes out swinging.,Strikeout,,1,1,1,1,S,Strike,swinging_strike,True,S,FF,4-Seam Fastball,Swinging Strike,98.2,90.2,3.12,1.57,6.44,0.38,11,2397,7.0,14.2,-14.0,-0.0284,3.5924,0.58,1.18,-1.17,0.58,0.58,0.36,False,False,False,False,False,-0.0284,3.5924,3,17,7,5,1,17,68.4,,,,,,,,,,,,,False,N,1
822730,2026-06-01,WSH,MIA,pitch,0d3f03b9-dbed-3d11-b502-5d30a9e3ee81,1,5,14,1,677870,R,Leo Jiménez,676917,R,Cade Cavalli,MIA,WSH,146,120,Strikeout,Leo Jiménez strikes out swinging.,Strikeout,,2,1,2,1,S,Strike,swinging_strike,True,S,FF,4-Seam Fastball,Swinging Strike,99.6,91.4,3.12,1.57,6.5,0.38,12,2304,7.1,13.8,-13.7,0.8706,3.4604,0.59,1.15,-1.14,0.59,0.59,0.35,False,False,False,False,False,0.8706,3.4604,4,18,8,5,1,18,69.6,,,,,,,,,,,,,True,N,1
822730,2026-06-01,WSH,MIA,pitch,8f5a8402-f08c-3d25-bfd4-d84586c5bff5,1,6,0,2,683357,L,Owen Caissie,676917,R,Cade Cavalli,MIA,WSH,146,120,Walk,"Owen Caissie challenged (pitch result), call on the field was overturned: Owen Caissie walks. Liam Hicks scores. Otto Lopez to 3rd. Xavier Edwards to 2nd.",Walk,,0,0,0,0,S,Strike,foul,False,F,FF,4-Seam Fastball,Foul,98.8,90.3,3.37,1.7,6.18,0.38,2,2389,5.9,14.4,-13.6,0.1967,3.1469,0.49,1.2,-1.13,0.49,0.49,0.36,True,True,False,False,False,0.1967,3.1469,1,19,9,6,1,19,68.0,,,,,,,,,,True,True,True,False,N,1
822730,2026-06-01,WSH,MIA,pitch,fedcc53a-1e63-35aa-981d-b92a1f32268a,1,6,0,2,683357,L,Owen Caissie,676917,R,Cade Cavalli,MIA,WSH,146,120,Walk,"Owen Caissie challenged (pitch result), call on the field was overturned: Owen Caissie walks. Liam Hicks scores. Otto Lopez to 3rd. Xavier Edwards to 2nd.",Walk,,1,0,1,0,B,Ball,ball,False,B,FF,4-Seam Fastball,Ball,98.0,90.6,3.37,1.7,6.22,0.38,12,2337,4.0,12.2,-15.8,0.2959,4.3836,0.33,1.02,-1.32,0.33,0.33,0.36,False,False,False,False,False,0.2959,4.3836,2,20,10,6,1,20,,,,,,,,,,,True,True,True,False,N,1
822730,2026-06-01,WSH,MIA,pitch,33c13a18-3bd9-3861-aedc-9473a4ad901c,1,6,0,2,683357,L,Owen Caissie,676917,R,Cade Cavalli,MIA,WSH,146,120,Walk,"Owen Caissie challenged (pitch result), call on the field was overturned: Owen Caissie walks. Liam Hicks scores. Otto Lopez to 3rd. Xavier Edwards to 2nd.",Walk,,1,1,1,1,B,Ball,ball,False,B,FF,4-Seam Fastball,Ball,98.1,90.5,3.37,1.7,6.25,0.38,11,2312,5.9,14.2,-14.0,-0.374,4.1408,0.49,1.18,-1.17,0.49,0.49,0.36,False,False,False,False,False,-0.374,4.1408,3,21,11,6,1,21,,,,,,,,,,,True,True,True,False,N,1
822730,2026-06-01,WSH,MIA,pitch,e3788623-a9e9-33f4-8033-dce408b24c40,1,6,0,2,683357,L,Owen Caissie,676917,R,Cade Cavalli,MIA,WSH,146,120,Walk,"Owen Caissie challenged (pitch result), call on the field was overturned: Owen Caissie walks. Liam Hicks scores. Otto Lopez to 3rd. Xavier Edwards to 2nd.",Walk,,1,2,1,2,B,Ball,ball,False,B,KC,Knuckle Curve,Ball,87.5,81.3,3.37,1.7,6.12,0.43,14,2253,5.5,-13.1,-48.7,1.3454,0.9996,-0.46,-1.09,-4.06,5.5,-0.46,0.4,False,False,False,False,False,1.3454,0.9996,4,22,6,6,1,22,,,,,,,,,,,True,True,True,False,N,1
822730,2026-06-01,WSH,MIA,pitch,9fc38dc2-df82-330b-9179-dbad42644d75,1,6,0,2,683357,L,Owen Caissie,676917,R,Cade Cavalli,MIA,WSH,146,120,Walk,"Owen Caissie challenged (pitch result), call on the field was overturned: Owen Caissie walks. Liam Hicks scores. Otto Lopez to 3rd. Xavier Edwards to 2nd.",Walk,,1,3,1,3,B,Ball,ball,False,B,SI,Sinker,Ball,96.2,88.9,3.37,1.7,6.3,0.39,14,2126,13.2,2.6,-26.8,0.8653,2.4557,1.1,0.22,-2.23,1.1,1.1,0.37,False,False,False,False,True,0.8653,2.4557,5,23,4,6,1,23,,,,,,,,,,,True,True,True,True,N,1
822730,2026-06-01,WSH,MIA,pitch,ba83e05d-2892-3b20-a392-df7b0849676c,1,7,0,2,805300,L,Jakob Marsee,676917,R,Cade Cavalli,MIA,WSH,146,120,Groundout,"Jakob Marsee grounds out, first baseman Luis García Jr. to pitcher Cade Cavalli.",Groundout,"{""homeRunBallparks"": 0}",0,0,0,0,X,In Play,hit_into_play,False,X,FF,4-Seam Fastball,"In play, out(s)",97.5,90.5,3.21,1.62,6.32,0.38,5,2180,5.6,13.9,-14.4,0.0962,2.5753,0.47,1.16,-1.2,0.47,0.47,0.36,True,True,False,True,False,0.0962,2.5753,1,24,12,7,1,24,70.9,24.0,0.17,0,74.38,95.57,88.0,-5.0,88.0,-5.0,,,,True,N,1
822730,2026-06-01,WSH,MIA,pitch,bfbdcf17-4190-3050-a484-89825b3469c8,1,8,0,1,695578,L,James Wood,645261,R,Sandy Alcantara,WSH,MIA,120,146,Lineout,James Wood lines out to center fielder Jakob Marsee.,Lineout,"{""homeRunBallparks"": 0}",0,0,0,0,X,In Play,hit_into_play,False,X,FF,4-Seam Fastball,"In play, out(s)",95.9,88.5,3.49,1.76,5.79,0.39,1,2296,10.9,14.3,-15.2,-0.6946,3.0435,0.91,1.19,-1.27,0.91,0.91,0.37,True,True,False,True,False,-0.6946,3.0435,1,1,1,1,1,25,71.5,308.0,0.22,0,-23.91,306.4,85.2,24.0,85.2,24.0,,,,True,N,1
822730,2026-06-01,WSH,MIA,pitch,5b5d7669-3a53-3479-8189-59e1f3ef14d2,1,9,0,1,671277,L,Luis García Jr.,645261,R,Sandy Alcantara,WSH,MIA,120,146,Lineout,Luis García Jr. lines out to shortstop Otto Lopez.,Lineout,,0,0,0,0,B,Ball,ball,False,B,FF,4-Seam Fastball,Ball,95.7,87.8,3.25,1.64,5.79,0.39,11,2301,13.7,15.2,-14.5,-1.562,2.6663,1.14,1.27,-1.21,1.14,1.14,0.37,False,False,False,True,False,-1.562,2.6663,1,2,2,2,1,26,,,,,,,,,,,,,,False,N,1
822730,2026-06-01,WSH,MIA,pitch,b4fd86e7-c031-348b-b89c-c0e2c62937ea,1,9,0,1,671277,L,Luis García Jr.,645261,R,Sandy Alcantara,WSH,MIA,120,146,Lineout,Luis García Jr. lines out to shortstop Otto Lopez.,Lineout,,0,1,0,1,B,Ball,ball,False,B,FC,Cutter,Ball,89.5,84.1,3.25,1.64,6.1,0.42,14,2309,2.9,4.7,-28.9,0.4755,0.7895,-0.24,0.39,-2.41,2.9,-0.24,0.39,False,False,False,True,False,0.4755,0.7895,2,3,1,2,1,27,,,,,,,,,,,,,,False,N,1
822730,2026-06-01,WSH,MIA,pitch,7534683a-a710-3767-8534-74b753a6632d,1,9,0,1,671277,L,Luis García Jr.,645261,R,Sandy Alcantara,WSH,MIA,120,146,Lineout,Luis García Jr. lines out to shortstop Otto Lopez.,Lineout,"{""homeRunBallparks"": 0}",0,2,0,2,X,In Play,hit_into_play,False,X,CH,Changeup,"In play, out(s)",90.9,83.2,3.25,1.64,6.0,0.41,13,2227,18.6,5.3,-27.8,-1.1187,2.0105,1.55,0.44,-2.32,1.55,1.55,0.39,False,False,False,True,False,-1.1187,2.0105,3,4,1,2,1,28,76.8,180.0,0.85,0,-25.81,154.24,74.4,17.0,74.4,17.0,,,,True,N,1
822730,2026-06-01,WSH,MIA,pitch,7c499576-803a-3553-83df-45822d528d05,1,10,14,2,678554,R,Curtis Mead,645261,R,Sandy Alcantara,WSH,MIA,120,146,Strikeout,"Curtis Mead challenged (pitch result), call on the field was confirmed: Curtis Mead called out on strikes.",Strikeout,,0,0,0,0,S,Strike,called_strike,False,C,SI,Sinker,Called Strike,96.4,88.4,3.25,1.64,5.98,0.39,1,2364,16.4,9.8,-19.6,-0.8191,3.1383,1.37,0.82,-1.63,1.37,1.37,0.37,True,True,False,False,False,-0.8191,3.1383,1,5,1,3,1,29,,,,,,,,,,,,,,False,N,1
822730,2026-06-01,WSH,MIA,pitch,9468c663-611c-3ea7-aa16-06884b9042b5,1,10,14,2,678554,R,Curtis Mead,645261,R,Sandy Alcantara,WSH,MIA,120,146,Strikeout,"Curtis Mead challenged (pitch result), call on the field was confirmed: Curtis Mead called out on strikes.",Strikeout,,1,0,1,0,B,Ball,ball,False,B,FF,4-Seam Fastball,Ball,97.6,89.2,3.25,1.64,5.92,0.39,11,2344,10.7,16.2,-12.5,-0.2723,4.1329,0.89,1.35,-1.04,0.89,0.89,0.36,False,False,False,False,False,-0.2723,4.1329,2,6,3,3,1,30,,,,,,,,,,,,,,False,N,1
822730,2026-06-01,WSH,MIA,pitch,6b254f56-0b37-3541-91f3-757446fca283,1,10,14,2,678554,R,Curtis Mead,645261,R,Sandy Alcantara,WSH,MIA,120,146,Strikeout,"Curtis Mead challenged (pitch result), call on the field was confirmed: Curtis Mead called out on strikes.",Strikeout,,1,1,1,1,B,Ball,ball,False,B,CU,Curveball,Ball,82.9,76.4,3.25,1.64,6.04,0.45,1,2471,7.4,-3.4,-43.0,-0.5786,3.3027,-0.62,-0.28,-3.58,7.4,-0.62,0.43,True,True,False,False,False,-0.5786,3.3027,3,7,1,3,1,31,,,,,,,,,,,,,,False,N,1
822730,2026-06-01,WSH,MIA,pitch,6ee280cc-fedc-3253-8008-d5a7393bc6ae,1,10,14,2,678554,R,Curtis Mead,645261,R,Sandy Alcantara,WSH,MIA,120,146,Strikeout,"Curtis Mead challenged (pitch result), call on the field was confirmed: Curtis Mead called out on strikes.",Strikeout,,1,2,1,2,S,Strike,foul,False,F,CH,Changeup,Foul,91.0,83.4,3.25,1.64,6.03,0.41,4,2291,14.6,1.4,-31.7,-0.7806,2.4094,1.22,0.12,-2.64,1.22,1.22,0.39,True,True,False,False,False,-0.7806,2.4094,4,8,2,3,1,32,74.8,,,,,,,,,,,,,False,N,1
822730,2026-06-01,WSH,MIA,pitch,a310c4b4-ae9c-3435-8e64-bd0aa32abf93,1,10,14,2,678554,R,Curtis Mead,645261,R,Sandy Alcantara,WSH,MIA,120,146,Strikeout,"Curtis Mead challenged (pitch result), call on the field was confirmed: Curtis Mead called out on strikes.",Strikeout,,2,2,2,2,S,Strike,called_strike,False,C,ST,Sweeper,Called Strike,85.0,78.4,3.25,1.64,6.07,0.44,6,2420,13.9,2.4,-35.4,0.8168,2.5362,-1.16,0.2,-2.95,13.9,-1.16,0.42,True,True,False,False,True,0.8168,2.5362,5,9,1,3,1,33,,,,,,,,,,,,,,True,N,1
822730,2026-06-01,WSH,MIA,pitch,3fa892ed-9c15-3187-9f88-e7cd94bdc9f0,2,11,33,0,691788,L,Joe Mack,676917,R,Cade Cavalli,MIA,WSH,146,120,Single,Joe Mack singles on a line drive to right fielder James Wood.,Single,,0,0,0,0,S,Strike,foul,False,F,FF,4-Seam Fastball,Foul,97.1,89.7,3.22,1.62,6.26,0.39,6,2387,7.4,14.8,-14.0,0.2801,2.2931,0.62,1.23,-1.17,0.62,0.62,0.36,True,True,False,False,False,0.2801,2.2931,1,25,13,8,1,34,77.5,,,,,,,,,,,,,False,N,1
822730,2026-06-01,WSH,MIA,pitch,2929623b-d7d8-3312-acad-b6e16c7b56bb,2,11,33,0,691788,L,Joe Mack,676917,R,Cade Cavalli,MIA,WSH,146,120,Single,Joe Mack singles on a line drive to right fielder James Wood.,Single,,1,0,1,0,S,Strike,called_strike,False,C,KC,Knuckle Curve,Called Strike,85.7,79.7,3.22,1.62,6.06,0.44,1,2264,9.1,-5.9,-42.7,-0.5312,2.7696,-0.76,-0.49,-3.56,9.1,-0.76,0.41,True,True,False,False,False,-0.5312,2.7696,2,26,7,8,1,35,,,,,,,,,,,,,,False,N,1
822730,2026-06-01,WSH,MIA,pitch,8037708c-b468-3731-ba0e-d142f61cf48b,2,11,33,0,691788,L,Joe Mack,676917,R,Cade Cavalli,MIA,WSH,146,120,Single,Joe Mack singles on a line drive to right fielder James Wood.,Single,,2,0,2,0,S,Strike,foul,False,F,KC,Knuckle Curve,Foul,86.2,80.1,3.22,1.62,6.11,0.43,3,2287,7.4,-8.4,-44.9,0.6086,2.7736,-0.62,-0.7,-3.74,7.4,-0.62,0.41,True,True,False,False,False,0.6086,2.7736,3,27,8,8,1,36,63.0,,,,,,,,,,,,,False,N,1
822730,2026-06-01,WSH,MIA,pitch,a3f55f76-e0df-3853-a6ac-fe0f8933292e,2,11,33,0,691788,L,Joe Mack,676917,R,Cade Cavalli,MIA,WSH,146,120,Single,Joe Mack singles on a line drive to right fielder James Wood.,Single,,2,0,2,0,B,Ball,ball,False,B,KC,Knuckle Curve,Ball,86.9,81.0,3.22,1.62,6.23,0.43,14,2278,3.4,-11.0,-47.2,0.6563,0.6617,-0.28,-0.92,-3.93,3.4,-0.28,0.41,False,False,False,False,False,0.6563,0.6617,4,28,9,8,1,37,24.6,,,,,,,,,,,,,False,N,1
822730,2026-06-01,WSH,MIA,pitch,b2ce46b5-8ea6-39e7-9549-73bd4bcbcccf,2,11,33,0,691788,L,Joe Mack,676917,R,Cade Cavalli,MIA,WSH,146,120,Single,Joe Mack singles on a line drive to right fielder James Wood.,Single,,2,1,2,1,S,Strike,foul,False,F,KC,Knuckle Curve,Foul,86.3,80.4,3.22,1.62,6.18,0.43,13,2297,6.2,-12.0,-48.5,-0.1343,1.3212,-0.52,-1.0,-4.04,6.2,-0.52,0.41,False,False,False,False,False,-0.1343,1.3212,5,29,10,8,1,38,81.3,,,,,,,,,,,,,False,N,1
822730,2026-06-01,WSH,MIA,pitch,ac6131bd-6601-38c5-89f8-1f4e66389d78,2,11,33,0,691788,L,Joe Mack,676917,R,Cade Cavalli,MIA,WSH,146,120,Single,Joe Mack singles on a line drive to right fielder James Wood.,Single,,2,1,2,1,B,Ball,ball,False,B,FF,4-Seam Fastball,Ball,98.6,90.8,3.22,1.62,6.34,0.38,12,2284,6.1,13.7,-14.2,0.1652,4.9603,0.51,1.14,-1.18,0.51,0.51,0.36,False,False,False,False,False,0.1652,4.9603,6,30,14,8,1,39,,,,,,,,,,,,,,False,N,1
822730,2026-06-01,WSH,MIA,pitch,a4f0fa49-9280-321b-8aaf-f8057363f1c9,2,11,33,0,691788,L,Joe Mack,676917,R,Cade Cavalli,MIA,WSH,146,120,Single,Joe Mack singles on a line drive to right fielder James Wood.,Single,,2,2,2,2,S,Strike,foul,False,F,CH,Changeup,Foul,88.7,82.5,3.22,1.62,6.41,0.42,13,1785,15.1,4.4,-30.0,-0.3873,1.3799,1.26,0.37,-2.5,1.26,1.26,0.4,False,False,False,False,False,-0.3873,1.3799,7,31,3,8,1,40,77.3,,,,,,,,,,,,,False,N,1
822730,2026-06-01,WSH,MIA,pitch,e1a21cb5-3937-37d2-9780-8099877efeaf,2,11,33,0,691788,L,Joe Mack,676917,R,Cade Cavalli,MIA,WSH,146,120,Single,Joe Mack singles on a line drive to right fielder James Wood.,Single,,2,2,2,2,S,Strike,foul,False,F,FF,4-Seam Fastball,Foul,97.8,90.7,3.22,1.62,6.19,0.38,11,2311,6.8,11.8,-16.4,-0.2975,3.4078,0.57,0.98,-1.37,0.57,0.57,0.36,False,False,False,False,False,-0.2975,3.4078,8,32,15,8,1,41,74.3,,,,,,,,,,,,,False,N,1
822730,2026-06-01,WSH,MIA,pitch,174919f1-a86e-3dc6-9241-a1ca32d44ff0,2,11,33,0,691788,L,Joe Mack,676917,R,Cade Cavalli,MIA,WSH,146,120,Single,Joe Mack singles on a line drive to right fielder James Wood.,Single,,2,2,2,2,B,Ball,ball,False,B,ST,Sweeper,Ball,85.9,80.0,3.22,1.62,6.05,0.44,12,2263,16.6,-4.8,-41.6,1.2421,2.5126,-1.38,-0.4,-3.47,16.6,-1.38,0.41,False,False,False,False,False,1.2421,2.5126,9,33,1,8,1,42,,,,,,,,,,,,,,False,N,1
822730,2026-06-01,WSH,MIA,pitch,4c9d965c-e09c-30a3-a8ba-8376e9646d18,2,11,33,0,691788,L,Joe Mack,676917,R,Cade Cavalli,MIA,WSH,146,120,Single,Joe Mack singles on a line drive to right fielder James Wood.,Single,"{""homeRunBallparks"": 0}",2,3,2,3,X,In Play,hit_into_play,False,D,FF,4-Seam Fastball,"In play, no out",97.5,90.6,3.22,1.62,6.35,0.38,6,2251,3.8,15.0,-13.3,0.4224,2.2551,0.32,1.25,-1.11,0.32,0.32,0.36,True,True,False,False,False,0.4224,2.2551,10,34,16,8,1,43,78.4,135.0,0.55,0,131.82,227.54,82.2,12.0,82.2,12.0,,,,True,N,1
822730,2026-06-01,WSH,MIA,pitch,a77f528f-56b3-3228-a5c4-b845ffe19852,2,12,0,1,681393,R,Connor Norby,676917,R,Cade Cavalli,MIA,WSH,146,120,Pop Out,Connor Norby pops out to first baseman Luis García Jr.,Pop Out,,0,0,0,0,S,Strike,foul,False,F,FF,4-Seam Fastball,Foul,95.8,89.0,3.11,1.57,6.17,0.39,2,2341,0.1,11.8,-17.6,0.0469,3.0737,0.01,0.98,-1.47,0.01,0.01,0.37,True,True,False,True,False,0.0469,3.0737,1,35,17,9,1,44,71.5,,,,,,,,,,,,,False,N,1
822730,2026-06-01,WSH,MIA,pitch,6d12368f-6243-3b8a-aff6-3e5dac2cc5f3,2,12,0,1,681393,R,Connor Norby,676917,R,Cade Cavalli,MIA,WSH,146,120,Pop Out,Connor Norby pops out to first baseman Luis García Jr.,Pop Out,,1,0,1,0,B,Ball,ball,False,B,SI,Sinker,Ball,95.0,87.4,3.11,1.57,6.28,0.39,11,2123,15.4,7.0,-23.2,-1.2841,3.3956,1.28,0.58,-1.93,1.28,1.28,0.37,False,False,False,True,False,-1.2841,3.3956,2,36,5,9,1,45,,,,,,,,,,,,,,False,N,1
822730,2026-06-01,WSH,MIA,pitch,8f0d900e-322f-361c-b83b-92b1051409bf,2,12,0,1,681393,R,Connor Norby,676917,R,Cade Cavalli,MIA,WSH,146,120,Pop Out,Connor Norby pops out to first baseman Luis García Jr.,Pop Out,"{""homeRunBallparks"": 0}",1,1,1,1,X,In Play,hit_into_play,False,X,ST,Sweeper,"In play, out(s)",87.5,81.0,3.11,1.57,6.0,0.43,6,2132,17.5,-2.9,-38.5,0.7559,2.1749,-1.46,-0.24,-3.21,17.5,-1.46,0.4,True,True,False,True,False,0.7559,2.1749,3,37,2,9,1,46,68.1,49.0,0.01,0,20.63,36.93,80.0,77.0,80.0,77.0,,,,True,N,1
822730,2026-06-01,WSH,MIA,pitch,f8c71ad1-84af-3793-9fd0-7909c54e7027,2,13,14,1,689414,L,Liam Hicks,676917,R,Cade Cavalli,MIA,WSH,146,120,Strikeout,Liam Hicks strikes out swinging.,Strikeout,,0,0,0,0,B,Ball,ball,False,B,KC,Knuckle Curve,Ball,85.7,78.7,3.09,1.56,6.17,0.44,13,2053,1.9,-11.6,-49.1,-0.9488,2.2483,-0.16,-0.97,-4.09,1.9,-0.16,0.41,False,False,False,False,False,-0.9488,2.2483,1,38,11,10,2,47,,,,,,,,,,,,,,False,N,1
822730,2026-06-01,WSH,MIA,pitch,64b4263f-ed76-37c1-b722-89d2048d9ee4,2,13,14,1,689414,L,Liam Hicks,676917,R,Cade Cavalli,MIA,WSH,146,120,Strikeout,Liam Hicks strikes out swinging.,Strikeout,,0,1,0,1,S,Strike,foul,False,F,FF,4-Seam Fastball,Foul,94.7,87.7,3.09,1.56,6.33,0.4,6,2210,0.6,10.9,-19.3,0.3865,2.114,-0.05,0.91,-1.61,0.6,-0.05,0.37,True,True,False,False,False,0.3865,2.114,2,39,18,10,2,48,80.4,,,,,,,,,,,,,False,N,1
822730,2026-06-01,WSH,MIA,pitch,50db3a98-13f8-39f6-a26a-8fc8b57a72ee,2,13,14,1,689414,L,Liam Hicks,676917,R,Cade Cavalli,MIA,WSH,146,120,Strikeout,Liam Hicks strikes out swinging.,Strikeout,,1,1,1,1,S,Strike,called_strike,False,C,SI,Sinker,Called Strike,96.6,89.2,3.09,1.56,6.38,0.39,6,2094,14.9,7.7,-21.4,0.7505,2.47,1.24,0.64,-1.78,1.24,1.24,0.36,True,True,False,False,False,0.7505,2.47,3,40,6,10,2,49,,,,,,,,,,,,,,False,N,1
822730,2026-06-01,WSH,MIA,pitch,8421d921-f81b-3027-a249-2b8371c08fa5,2,13,14,1,689414,L,Liam Hicks,676917,R,Cade Cavalli,MIA,WSH,146,120,Strikeout,Liam Hicks strikes out swinging.,Strikeout,,2,1,2,1,S,Strike,swinging_strike,True,S,KC,Knuckle Curve,Swinging Strike,87.7,81.8,3.09,1.56,6.16,0.43,14,2203,9.2,-8.0,-43.3,0.5617,1.273,-0.77,-0.67,-3.61,9.2,-0.77,0.4,False,False,False,False,False,0.5617,1.273,4,41,12,10,2,50,73.1,,,,,,,,,,,,,True,N,1
822730,2026-06-01,WSH,MIA,pitch,09b75c99-e6bb-34c8-9465-822d8083d2f5,2,14,33,2,672640,R,Otto Lopez,676917,R,Cade Cavalli,MIA,WSH,146,120,Single,Otto Lopez singles on a ground ball to right fielder James Wood. Joe Mack to 2nd.,Single,,0,0,0,0,S,Strike,called_strike,False,C,ST,Sweeper,Called Strike,86.4,79.8,3.14,1.58,6.03,0.43,4,2199,11.0,-9.8,-46.3,-0.7035,2.4852,-0.92,-0.82,-3.86,11.0,-0.92,0.41,True,True,False,False,False,-0.7035,2.4852,1,42,3,11,2,51,,,,,,,,,,,True,,,False,N,1
822730,2026-06-01,WSH,MIA,pitch,9d8f34d2-694e-38e0-9cd9-1fb2934c956d,2,14,33,2,672640,R,Otto Lopez,676917,R,Cade Cavalli,MIA,WSH,146,120,Single,Otto Lopez singles on a ground ball to right fielder James Wood. Joe Mack to 2nd.,Single,,1,0,1,0,B,Ball,ball,False,B,ST,Sweeper,Ball,86.9,80.0,3.14,1.58,6.3,0.43,14,2252,12.6,-10.2,-46.6,0.9979,2.0882,-1.05,-0.85,-3.88,12.6,-1.05,0.41,False,False,False,False,False,0.9979,2.0882,2,43,4,11,2,52,19.1,,,,,,,,,,True,,,False,N,1
822730,2026-06-01,WSH,MIA,pitch,cf69b6b8-9ad2-3ca9-a196-2af76c561510,2,14,33,2,672640,R,Otto Lopez,676917,R,Cade Cavalli,MIA,WSH,146,120,Single,Otto Lopez singles on a ground ball to right fielder James Wood. Joe Mack to 2nd.,Single,,1,1,1,1,S,Strike,foul,False,F,CH,Changeup,Foul,87.1,80.0,3.14,1.58,6.34,0.43,11,1732,18.1,2.3,-33.7,-0.8841,2.7292,1.51,0.19,-2.81,1.51,1.51,0.41,False,False,False,False,False,-0.8841,2.7292,3,44,4,11,2,53,69.7,,,,,,,,,,True,,,False,N,1
822730,2026-06-01,WSH,MIA,pitch,d16b9b82-3a2c-3b0b-8afc-061485a0e4e0,2,14,33,2,672640,R,Otto Lopez,676917,R,Cade Cavalli,MIA,WSH,146,120,Single,Otto Lopez singles on a ground ball to right fielder James Wood. Joe Mack to 2nd.,Single,"{""homeRunBallparks"": 0}",2,1,2,1,X,In Play,hit_into_play,False,D,FF,4-Seam Fastball,"In play, no out",97.0,89.7,3.14,1.58,6.29,0.39,3,2273,4.6,13.6,-15.2,0.7321,2.8461,0.38,1.13,-1.27,0.38,0.38,0.36,True,True,False,False,False,0.7321,2.8461,4,45,19,11,2,54,71.8,124.0,0.49,0,100.05,238.55,94.0,5.0,94.0,5.0,True,,,True,N,1
822730,2026-06-01,WSH,MIA,pitch,41da13f2-c510-352c-8452-ddaf56cdce0f,2,15,0,2,669065,L,Kyle Stowers,676917,R,Cade Cavalli,MIA,WSH,146,120,Flyout,Kyle Stowers flies out sharply to center fielder Jacob Young.,Flyout,"{""homeRunBallparks"": 0}",0,0,0,0,X,In Play,hit_into_play,False,X,CH,Changeup,"In play, out(s)",88.7,81.9,3.3,1.66,6.23,0.42,7,1778,17.0,-1.1,-35.8,-0.5757,2.0184,1.42,-0.09,-2.98,1.42,1.42,0.4,True,True,False,True,False,-0.5757,2.0184,1,46,5,12,2,55,71.4,385.0,0.35,0,-50.95,381.49,100.4,34.0,100.4,34.0,,,,True,N,1
822730,2026-06-01,WSH,MIA,pitch,4a5e223c-f9d3-36b4-8491-42534ab3a710,2,16,33,0,682928,L,CJ Abrams,645261,R,Sandy Alcantara,WSH,MIA,120,146,Single,CJ Abrams singles on a sharp line drive to center fielder Jakob Marsee.,Single,"{""homeRunBallparks"": 0}",0,0,0,0,X,In Play,hit_into_play,False,D,FF,4-Seam Fastball,"In play, no out",96.2,88.0,3.22,1.63,5.91,0.39,7,2231,11.5,13.2,-16.4,-0.35,2.0595,0.96,1.1,-1.37,0.96,0.96,0.37,True,True,False,False,False,-0.35,2.0595,1,10,4,4,1,56,78.4,297.0,0.69,0,15.98,347.96,103.8,14.0,103.8,14.0,,,,True,N,1
822730,2026-06-01,WSH,MIA,pitch,a80d90c2-2fa8-324e-97b0-fc730b394dd9,2,17,0,1,695734,L,Daylen Lile,645261,R,Sandy Alcantara,WSH,MIA,120,146,Pop Out,Daylen Lile pops out to third baseman Leo Jiménez in foul territory.,Pop Out,,0,0,0,0,S,Strike,foul,False,F,FF,4-Seam Fastball,Foul,96.4,87.9,3.18,1.6,5.94,0.39,13,2304,10.4,15.1,-14.4,-1.0829,2.3566,0.87,1.26,-1.2,0.87,0.87,0.37,False,False,False,True,False,-1.0829,2.3566,1,11,5,5,1,57,74.2,,,,,,,,,,,,,False,N,1
822730,2026-06-01,WSH,MIA,pitch,3bbf8771-01de-3096-99fb-6d0f5d56065e,2,17,0,1,695734,L,Daylen Lile,645261,R,Sandy Alcantara,WSH,MIA,120,146,Pop Out,Daylen Lile pops out to third baseman Leo Jiménez in foul territory.,Pop Out,,1,0,1,0,B,Ball,ball,False,B,CH,Changeup,Ball,90.5,83.8,3.18,1.6,5.93,0.41,11,2194,16.8,5.6,-27.4,-1.571,2.4443,1.4,0.47,-2.28,1.4,1.4,0.39,False,False,False,True,False,-1.571,2.4443,2,12,3,5,1,58,,,,,,,,,,,,,,False,N,1
822730,2026-06-01,WSH,MIA,pitch,b4b22e11-33c5-3818-b902-32fa528b329f,2,17,0,1,695734,L,Daylen Lile,645261,R,Sandy Alcantara,WSH,MIA,120,146,Pop Out,Daylen Lile pops out to third baseman Leo Jiménez in foul territory.,Pop Out,"{""homeRunBallparks"": 0}",1,1,1,1,X,In Play,hit_into_play,False,X,CU,Curveball,"In play, out(s)",85.3,79.2,3.18,1.6,5.79,0.44,9,2553,3.2,-1.9,-39.4,0.3977,1.6736,-0.27,-0.16,-3.28,3.2,-0.27,0.41,True,True,False,True,False,0.3977,1.6736,3,13,2,5,1,59,69.9,63.0,0.01,0,-55.12,13.71,82.6,77.0,82.6,77.0,,,,True,N,1
822730,2026-06-01,WSH,MIA,pitch,b7cf2e06-37f6-3dfc-8908-fcc9fcb2ed0e,2,18,65,1,696285,R,Jacob Young,645261,R,Sandy Alcantara,WSH,MIA,120,146,Home Run,Jacob Young homers (8) on a fly ball to left field. CJ Abrams scores.,Home Run,,0,0,0,0,S,Strike,called_strike,False,C,SI,Sinker,Called Strike,98.4,90.4,3.19,1.61,5.93,0.38,14,2329,20.4,6.7,-21.6,0.0158,1.4647,1.7,0.56,-1.8,1.7,1.7,0.36,False,False,False,False,False,0.0158,1.4647,1,14,2,6,1,60,,,,,,,,,,,True,,,False,N,1
822730,2026-06-01,WSH,MIA,pitch,157a55c1-16cc-3f14-b639-a26966ffc7dd,2,18,65,1,696285,R,Jacob Young,645261,R,Sandy Alcantara,WSH,MIA,120,146,Home Run,Jacob Young homers (8) on a fly ball to left field. CJ Abrams scores.,Home Run,,1,0,1,0,B,Ball,ball,False,B,SL,Slider,Ball,83.2,76.1,3.19,1.61,5.84,0.45,11,2462,5.6,2.5,-37.1,-1.2771,3.3017,-0.47,0.21,-3.09,5.6,-0.47,0.43,False,False,False,False,False,-1.2771,3.3017,2,15,1,6,1,61,,,,,,,,,,,True,,,False,N,1
822730,2026-06-01,WSH,MIA,pitch,7481bd06-50ea-3de4-bd4d-0944f253f8bb,2,18,65,1,696285,R,Jacob Young,645261,R,Sandy Alcantara,WSH,MIA,120,146,Home Run,Jacob Young homers (8) on a fly ball to left field. CJ Abrams scores.,Home Run,,1,1,1,1,S,Strike,called_strike,False,C,CU,Curveball,Called Strike,83.5,76.3,3.19,1.61,5.83,0.45,4,2577,8.9,-4.6,-44.0,-0.6205,2.1408,-0.74,-0.38,-3.67,8.9,-0.74,0.43,True,True,False,False,False,-0.6205,2.1408,3,16,3,6,1,62,,,,,,,,,,,True,,,False,N,1
822730,2026-06-01,WSH,MIA,pitch,0c1536ce-c5d8-3dbd-804f-ca8451571c04,2,18,65,1,696285,R,Jacob Young,645261,R,Sandy Alcantara,WSH,MIA,120,146,Home Run,Jacob Young homers (8) on a fly ball to left field. CJ Abrams scores.,Home Run,,2,1,2,1,B,Ball,ball,False,B,SL,Slider,Ball,86.1,79.5,3.19,1.61,5.86,0.44,13,2486,6.1,-3.0,-39.7,-1.4557,1.9248,-0.51,-0.25,-3.31,6.1,-0.51,0.41,False,False,False,False,False,-1.4557,1.9248,4,17,2,6,1,63,,,,,,,,,,,True,,,False,N,1
822730,2026-06-01,WSH,MIA,pitch,d8faf85b-55de-3ba0-b661-75db073f2074,2,18,65,1,696285,R,Jacob Young,645261,R,Sandy Alcantara,WSH,MIA,120,146,Home Run,Jacob Young homers (8) on a fly ball to left field. CJ Abrams scores.,Home Run,,2,2,2,2,S,Strike,foul,False,F,CH,Changeup,Foul,92.2,85.0,3.19,1.61,6.0,0.41,13,2291,15.7,6.5,-25.6,-0.4091,1.4102,1.31,0.54,-2.13,1.31,1.31,0.38,False,False,False,False,False,-0.4091,1.4102,5,18,4,6,1,64,72.1,,,,,,,,,,True,,,False,N,1
822730,2026-06-01,WSH,MIA,pitch,8c926700-5dea-3937-b31d-6cd533b6fef5,2,18,65,1,696285,R,Jacob Young,645261,R,Sandy Alcantara,WSH,MIA,120,146,Home Run,Jacob Young homers (8) on a fly ball to left field. CJ Abrams scores.,Home Run,"{""homeRunBallparks"": 30}",2,2,2,2,X,In Play,hit_into_play,False,E,CU,Curveball,"In play, run(s)",85.4,79.4,3.19,1.61,5.94,0.44,6,2442,3.7,-2.0,-39.1,0.3777,2.2958,-0.31,-0.17,-3.26,3.7,-0.31,0.41,True,True,False,False,False,0.3777,2.2958,6,19,4,6,1,65,68.0,393.0,0.51,1,-228.65,314.31,99.5,30.0,99.5,30.0,True,,,True,N,1
822730,2026-06-01,WSH,MIA,pitch,d1767188-1b67-3ee2-8348-dab19241b93a,2,19,0,1,677588,L,José Tena,645261,R,Sandy Alcantara,WSH,MIA,120,146,Groundout,"José Tena grounds out, second baseman Xavier Edwards to first baseman Connor Norby.",Groundout,,0,0,0,0,B,Ball,ball,False,B,CH,Changeup,Ball,91.5,84.5,3.14,1.58,6.0,0.41,11,2249,18.2,3.1,-29.3,-1.129,3.379,1.52,0.26,-2.44,1.52,1.52,0.38,False,False,False,True,False,-1.129,3.379,1,20,5,7,1,66,,,,,,,,,,,,,,False,N,1
822730,2026-06-01,WSH,MIA,pitch,ffd2b081-827a-3a8c-a9cc-baa9fcdd923d,2,19,0,1,677588,L,José Tena,645261,R,Sandy Alcantara,WSH,MIA,120,146,Groundout,"José Tena grounds out, second baseman Xavier Edwards to first baseman Connor Norby.",Groundout,,0,1,0,1,S,Strike,foul,False,F,SI,Sinker,Foul,99.1,90.9,3.14,1.58,6.09,0.38,5,2341,17.8,9.4,-18.5,0.271,2.2698,1.48,0.78,-1.54,1.48,1.48,0.36,True,True,False,True,False,0.271,2.2698,2,21,3,7,1,67,66.2,,,,,,,,,,,,,False,N,1
822730,2026-06-01,WSH,MIA,pitch,8c569714-2b86-32f3-bee7-36066d9da7b1,2,19,0,1,677588,L,José Tena,645261,R,Sandy Alcantara,WSH,MIA,120,146,Groundout,"José Tena grounds out, second baseman Xavier Edwards to first baseman Connor Norby.",Groundout,"{""homeRunBallparks"": 0}",1,1,1,1,X,In Play,hit_into_play,False,X,CH,Changeup,"In play, out(s)",91.9,84.8,3.14,1.58,6.12,0.41,7,2213,19.6,3.1,-29.3,-0.6353,1.6041,1.63,0.26,-2.44,1.63,1.63,0.38,True,True,False,True,False,-0.6353,1.6041,3,22,6,7,1,68,70.3,4.0,0.1,0,57.29,113.91,61.9,-35.0,61.9,-35.0,,,,True,N,1
822730,2026-06-01,WSH,MIA,pitch,db99ab45-9d6d-36d3-82b8-596707334f9f,2,20,0,2,660688,L,Keibert Ruiz,645261,R,Sandy Alcantara,WSH,MIA,120,146,Groundout,Keibert Ruiz grounds out to first baseman Connor Norby.,Groundout,,0,0,0,0,B,Ball,ball,False,B,ST,Sweeper,Ball,85.0,79.9,3.18,1.6,5.79,0.44,11,2309,6.6,1.3,-35.6,-1.2223,2.8733,-0.55,0.11,-2.97,6.6,-0.55,0.41,False,False,False,True,False,-1.2223,2.8733,1,23,2,8,1,69,,,,,,,,,,,,,,False,N,1
822730,2026-06-01,WSH,MIA,pitch,f0258a3e-03e4-3037-a134-c02a16cd5e08,2,20,0,2,660688,L,Keibert Ruiz,645261,R,Sandy Alcantara,WSH,MIA,120,146,Groundout,Keibert Ruiz grounds out to first baseman Connor Norby.,Groundout,,0,1,0,1,B,Ball,ball,False,B,FC,Cutter,Ball,90.4,84.3,3.18,1.6,6.07,0.41,11,2285,1.3,5.4,-27.5,-0.9702,2.8206,-0.11,0.45,-2.29,1.3,-0.11,0.39,False,False,False,True,False,-0.9702,2.8206,2,24,2,8,1,70,,,,,,,,,,,,,,False,N,1
822730,2026-06-01,WSH,MIA,pitch,fe6651c9-2243-3270-a1f7-23c6b84ee11c,2,20,0,2,660688,L,Keibert Ruiz,645261,R,Sandy Alcantara,WSH,MIA,120,146,Groundout,Keibert Ruiz grounds out to first baseman Connor Norby.,Groundout,"{""homeRunBallparks"": 0}",0,2,0,2,X,In Play,hit_into_play,False,X,CH,Changeup,"In play, out(s)",91.5,84.1,3.18,1.6,6.12,0.41,4,2295,18.0,1.3,-31.3,-0.3223,2.4257,1.5,0.11,-2.61,1.5,1.5,0.39,True,True,False,True,False,-0.3223,2.4257,3,25,7,8,1,71,70.9,45.0,0.32,0,79.28,90.68,100.4,-1.0,100.4,-1.0,,,,True,N,1
822730,2026-06-01,WSH,MIA,pitch,319fb770-8fb0-3fbc-bfdd-31d0ba4b97f5,3,21,0,1,669364,L,Xavier Edwards,676917,R,Cade Cavalli,MIA,WSH,146,120,Groundout,"Xavier Edwards grounds out, first baseman Luis García Jr. to pitcher Cade Cavalli.",Groundout,,0,0,0,0,S,Strike,called_strike,False,C,FF,4-Seam Fastball,Called Strike,95.5,87.8,3.06,1.54,6.3,0.39,4,2195,6.6,15.4,-14.5,-0.2934,2.4847,0.55,1.28,-1.21,0.55,0.55,0.37,True,True,False,True,False,-0.2934,2.4847,1,47,20,13,2,72,,,,,,,,,,,,,,False,N,1
822730,2026-06-01,WSH,MIA,pitch,8ca4b06d-4814-39f6-b887-986935545682,3,21,0,1,669364,L,Xavier Edwards,676917,R,Cade Cavalli,MIA,WSH,146,120,Groundout,"Xavier Edwards grounds out, first baseman Luis García Jr. to pitcher Cade Cavalli.",Groundout,,1,0,1,0,B,Ball,ball,False,B,SI,Sinker,Ball,96.5,88.8,3.06,1.54,6.41,0.39,14,2173,15.2,5.4,-24.0,0.895,1.6049,1.27,0.45,-2.0,1.27,1.27,0.37,False,False,False,True,False,0.895,1.6049,2,48,7,13,2,73,,,,,,,,,,,,,,False,N,1
822730,2026-06-01,WSH,MIA,pitch,a745e6ff-8052-36c7-8422-39332499c7c4,3,21,0,1,669364,L,Xavier Edwards,676917,R,Cade Cavalli,MIA,WSH,146,120,Groundout,"Xavier Edwards grounds out, first baseman Luis García Jr. to pitcher Cade Cavalli.",Groundout,,1,1,1,1,S,Strike,foul,False,F,CH,Changeup,Foul,88.8,80.9,3.06,1.54,6.22,0.43,4,1712,18.7,2.6,-32.4,-0.3286,2.3157,1.56,0.22,-2.7,1.56,1.56,0.4,True,True,False,True,False,-0.3286,2.3157,3,49,6,13,2,74,69.5,,,,,,,,,,,,,False,N,1
822730,2026-06-01,WSH,MIA,pitch,85934207-c702-341a-a472-777bab9243b6,3,21,0,1,669364,L,Xavier Edwards,676917,R,Cade Cavalli,MIA,WSH,146,120,Groundout,"Xavier Edwards grounds out, first baseman Luis García Jr. to pitcher Cade Cavalli.",Groundout,,2,1,2,1,S,Strike,foul,False,F,FF,4-Seam Fastball,Foul,96.4,88.4,3.06,1.54,6.14,0.39,11,2311,10.2,13.0,-16.3,-0.0386,3.2526,0.85,1.08,-1.36,0.85,0.85,0.37,False,False,False,True,False,-0.0386,3.2526,4,50,21,13,2,75,56.5,,,,,,,,,,,,,False,N,1
822730,2026-06-01,WSH,MIA,pitch,0fc440e0-0141-3a46-9c8b-5b1358a80892,3,21,0,1,669364,L,Xavier Edwards,676917,R,Cade Cavalli,MIA,WSH,146,120,Groundout,"Xavier Edwards grounds out, first baseman Luis García Jr. to pitcher Cade Cavalli.",Groundout,,2,1,2,1,B,Ball,ball,False,B,ST,Sweeper,Ball,85.9,79.4,3.06,1.54,6.0,0.44,12,2167,21.1,-7.6,-44.5,1.3797,3.3251,-1.76,-0.63,-3.71,21.1,-1.76,0.41,False,False,False,True,False,1.3797,3.3251,5,51,5,13,2,76,,,,,,,,,,,,,,False,N,1
822730,2026-06-01,WSH,MIA,pitch,c1985f2c-ca83-346a-91d0-ddff1928f601,3,21,0,1,669364,L,Xavier Edwards,676917,R,Cade Cavalli,MIA,WSH,146,120,Groundout,"Xavier Edwards grounds out, first baseman Luis García Jr. to pitcher Cade Cavalli.",Groundout,"{""homeRunBallparks"": 0}",2,2,2,2,X,In Play,hit_into_play,False,X,KC,Knuckle Curve,"In play, out(s)",83.2,77.4,3.06,1.54,6.35,0.45,6,2138,9.5,-8.3,-47.5,0.7328,2.0206,-0.79,-0.69,-3.96,9.5,-0.79,0.42,True,True,False,True,False,0.7328,2.0206,6,52,13,13,2,77,70.4,23.0,0.1,0,71.95,91.91,69.3,-4.0,69.3,-4.0,,,,True,N,1
822730,2026-06-01,WSH,MIA,pitch,4d43fe6b-3553-3a8e-8ef2-888cba26d712,3,22,0,1,677870,R,Leo Jiménez,676917,R,Cade Cavalli,MIA,WSH,146,120,Groundout,"Leo Jiménez grounds out, shortstop CJ Abrams to first baseman Luis García Jr.",Groundout,,0,0,0,0,B,Ball,ball,False,B,FF,4-Seam Fastball,Ball,97.2,89.7,3.12,1.57,6.54,0.39,12,2292,4.9,16.3,-12.5,0.9333,3.2051,0.41,1.36,-1.04,0.41,0.41,0.36,False,False,False,True,False,0.9333,3.2051,1,53,22,14,2,78,,,,,,,,,,,,,,False,N,1
822730,2026-06-01,WSH,MIA,pitch,825df624-e520-3529-bf1b-88e42c37a21a,3,22,0,1,677870,R,Leo Jiménez,676917,R,Cade Cavalli,MIA,WSH,146,120,Groundout,"Leo Jiménez grounds out, shortstop CJ Abrams to first baseman Luis García Jr.",Groundout,,0,1,0,1,B,Ball,ball,False,B,ST,Sweeper,Ball,86.2,79.7,3.12,1.57,6.25,0.44,14,2271,8.6,-10.9,-47.8,0.8235,1.2607,-0.72,-0.91,-3.98,8.6,-0.72,0.41,False,False,False,True,False,0.8235,1.2607,2,54,6,14,2,79,,,,,,,,,,,,,,False,N,1
822730,2026-06-01,WSH,MIA,pitch,26107798-a8a3-3b99-861a-d7ae7f11ba03,3,22,0,1,677870,R,Leo Jiménez,676917,R,Cade Cavalli,MIA,WSH,146,120,Groundout,"Leo Jiménez grounds out, shortstop CJ Abrams to first baseman Luis García Jr.",Groundout,,0,2,0,2,S,Strike,foul,False,F,FF,4-Seam Fastball,Foul,95.1,87.9,3.12,1.57,6.41,0.39,3,2165,0.5,11.3,-18.7,0.3179,3.0901,0.04,0.94,-1.56,0.04,0.04,0.37,True,True,False,True,False,0.3179,3.0901,3,55,23,14,2,80,73.1,,,,,,,,,,,,,False,N,1
822730,2026-06-01,WSH,MIA,pitch,c1a7970e-1091-3dc1-9d08-e0912ec8d704,3,22,0,1,677870,R,Leo Jiménez,676917,R,Cade Cavalli,MIA,WSH,146,120,Groundout,"Leo Jiménez grounds out, shortstop CJ Abrams to first baseman Luis García Jr.",Groundout,,1,2,1,2,S,Strike,foul,False,F,FF,4-Seam Fastball,Foul,94.5,87.2,3.12,1.57,6.26,0.4,6,2227,0.8,10.4,-19.9,0.2821,2.1022,0.07,0.87,-1.66,0.07,0.07,0.37,True,True,False,True,False,0.2821,2.1022,4,56,24,14,2,81,73.8,,,,,,,,,,,,,False,N,1
822730,2026-06-01,WSH,MIA,pitch,a23b8b9e-0882-36a3-b61c-687195a85012,3,22,0,1,677870,R,Leo Jiménez,676917,R,Cade Cavalli,MIA,WSH,146,120,Groundout,"Leo Jiménez grounds out, shortstop CJ Abrams to first baseman Luis García Jr.",Groundout,"{""homeRunBallparks"": 0}",2,2,2,2,X,In Play,hit_into_play,False,X,KC,Knuckle Curve,"In play, out(s)",84.7,78.1,3.12,1.57,6.3,0.44,7,2208,7.0,-11.9,-50.0,-0.4213,1.8751,-0.58,-0.99,-4.17,7.0,-0.58,0.42,True,True,False,True,False,-0.4213,1.8751,5,57,14,14,2,82,69.3,89.0,0.32,0,-41.39,133.22,82.8,5.0,82.8,5.0,,,,True,N,1
822730,2026-06-01,WSH,MIA,pitch,bee15186-24fd-3c06-bc32-59592ba89800,3,23,14,2,683357,L,Owen Caissie,676917,R,Cade Cavalli,MIA,WSH,146,120,Strikeout,Owen Caissie called out on strikes.,Strikeout,,0,0,0,0,S,Strike,swinging_strike,True,S,KC,Knuckle Curve,Swinging Strike,86.0,79.1,3.37,1.7,6.14,0.44,5,2232,8.5,-6.6,-43.7,0.1058,2.2981,-0.71,-0.55,-3.64,8.5,-0.71,0.41,True,True,False,False,False,0.1058,2.2981,1,58,15,15,2,83,76.9,,,,,,,,,,,,,False,N,1
822730,2026-06-01,WSH,MIA,pitch,f0aff21f-3e35-3fc2-b6b6-00d451b30267,3,23,14,2,683357,L,Owen Caissie,676917,R,Cade Cavalli,MIA,WSH,146,120,Strikeout,Owen Caissie called out on strikes.,Strikeout,,1,0,1,0,S,Strike,foul,False,F,FF,4-Seam Fastball,Foul,98.3,89.6,3.37,1.7,6.31,0.38,5,2371,4.7,15.2,-13.2,0.0722,2.2586,0.39,1.27,-1.1,0.39,0.39,0.36,True,True,False,False,False,0.0722,2.2586,2,59,25,15,2,84,78.6,,,,,,,,,,,,,False,N,1
822730,2026-06-01,WSH,MIA,pitch,4479275f-4c45-348a-ad0d-a37f20b68815,3,23,14,2,683357,L,Owen Caissie,676917,R,Cade Cavalli,MIA,WSH,146,120,Strikeout,Owen Caissie called out on strikes.,Strikeout,,2,0,2,0,B,Ball,ball,False,B,FF,4-Seam Fastball,Ball,98.2,90.3,3.37,1.7,6.25,0.38,11,2300,6.2,15.0,-13.1,-0.37,3.5959,0.52,1.25,-1.09,0.52,0.52,0.36,False,False,False,False,False,-0.37,3.5959,3,60,26,15,2,85,,,,,,,,,,,,,,False,N,1
822730,2026-06-01,WSH,MIA,pitch,94d21513-27ff-38c3-ba95-eaeddc542bf0,3,23,14,2,683357,L,Owen Caissie,676917,R,Cade Cavalli,MIA,WSH,146,120,Strikeout,Owen Caissie called out on strikes.,Strikeout,,2,1,2,1,S,Strike,called_strike,False,C,FF,4-Seam Fastball,Called Strike,97.4,90.1,3.37,1.7,6.52,0.38,5,2273,9.6,12.8,-15.7,-0.232,2.2377,0.8,1.07,-1.31,0.8,0.8,0.36,True,True,False,False,False,-0.232,2.2377,4,61,27,15,2,86,,,,,,,,,,,,,,True,N,1
822730,2026-06-01,WSH,MIA,pitch,bd08f189-a0e7-3aa5-89e6-553d1307f053,3,24,14,1,683083,L,Nasim Nuñez,645261,R,Sandy Alcantara,WSH,MIA,120,146,Strikeout,Nasim Nuñez strikes out swinging.,Strikeout,,0,0,0,0,S,Strike,foul,False,F,SI,Sinker,Foul,96.7,88.8,3.04,1.54,5.94,0.39,6,2330,16.4,9.6,-19.7,0.3303,2.2658,1.37,0.8,-1.64,1.37,1.37,0.37,True,True,False,False,False,0.3303,2.2658,1,26,4,9,1,87,66.3,,,,,,,,,,,,,False,N,1
822730,2026-06-01,WSH,MIA,pitch,819e66f5-897b-34e9-8b9d-e4ebbe642abe,3,24,14,1,683083,L,Nasim Nuñez,645261,R,Sandy Alcantara,WSH,MIA,120,146,Strikeout,Nasim Nuñez strikes out swinging.,Strikeout,,1,0,1,0,S,Strike,called_strike,False,C,CH,Changeup,Called Strike,92.7,85.9,3.04,1.54,6.0,0.4,8,2118,14.5,1.7,-29.9,-0.1977,1.4184,1.21,0.14,-2.49,1.21,1.21,0.38,True,True,False,False,False,-0.1977,1.4184,2,27,8,9,1,88,,,,,,,,,,,,,,False,N,1
822730,2026-06-01,WSH,MIA,pitch,5fb55255-088f-3fd8-b072-eb4f8c89090a,3,24,14,1,683083,L,Nasim Nuñez,645261,R,Sandy Alcantara,WSH,MIA,120,146,Strikeout,Nasim Nuñez strikes out swinging.,Strikeout,,2,0,2,0,S,Strike,swinging_strike,True,S,FF,4-Seam Fastball,Swinging Strike,99.1,90.6,3.04,1.54,5.82,0.38,1,2388,15.1,14.2,-13.8,-0.4099,3.1154,1.26,1.18,-1.15,1.26,1.26,0.36,True,True,False,False,False,-0.4099,3.1154,3,28,6,9,1,89,67.5,,,,,,,,,,,,,True,N,1
822730,2026-06-01,WSH,MIA,pitch,74188053-5c7d-3109-bb13-6226f2e04823,3,25,33,1,695578,L,James Wood,645261,R,Sandy Alcantara,WSH,MIA,120,146,Single,"James Wood singles on a ground ball to shortstop Otto Lopez. James Wood to 2nd. James Wood advances to 2nd, on a throwing error by shortstop Otto Lopez.",Single,,0,0,0,0,B,Ball,ball,False,B,CH,Changeup,Ball,91.2,83.8,3.49,1.76,5.97,0.41,13,2268,16.3,3.6,-29.4,-0.5448,1.4378,1.36,0.3,-2.45,1.36,1.36,0.39,False,False,False,False,False,-0.5448,1.4378,1,29,9,10,2,90,,,,,,,,,,,True,,,False,N,1
822730,2026-06-01,WSH,MIA,pitch,718b9f5c-ab72-386f-a720-88b9377155dc,3,25,33,1,695578,L,James Wood,645261,R,Sandy Alcantara,WSH,MIA,120,146,Single,"James Wood singles on a ground ball to shortstop Otto Lopez. James Wood to 2nd. James Wood advances to 2nd, on a throwing error by shortstop Otto Lopez.",Single,,0,1,0,1,B,Ball,ball,False,B,SI,Sinker,Ball,98.3,90.6,3.49,1.76,6.1,0.38,14,2330,15.0,8.0,-20.3,0.9651,0.8423,1.25,0.67,-1.69,1.25,1.25,0.36,False,False,False,False,False,0.9651,0.8423,2,30,5,10,2,91,,,,,,,,,,,True,,,False,N,1
822730,2026-06-01,WSH,MIA,pitch,5edac166-936d-3352-8c8f-fd90844c7446,3,25,33,1,695578,L,James Wood,645261,R,Sandy Alcantara,WSH,MIA,120,146,Single,"James Wood singles on a ground ball to shortstop Otto Lopez. James Wood to 2nd. James Wood advances to 2nd, on a throwing error by shortstop Otto Lopez.",Single,"{""homeRunBallparks"": 0}",0,2,0,2,X,In Play,hit_into_play,False,D,CH,Changeup,"In play, no out",92.1,85.1,3.49,1.76,6.12,0.41,7,2173,14.8,-0.4,-32.4,-0.7633,2.0893,1.23,-0.03,-2.7,1.23,1.23,0.38,True,True,False,False,False,-0.7633,2.0893,3,31,10,10,2,92,63.4,126.0,0.27,0,-52.69,128.57,76.3,9.0,76.3,9.0,True,,,True,N,1
822730,2026-06-01,WSH,MIA,pitch,90204f93-af7b-3825-a0e9-9b5ccdb01951,3,26,0,1,671277,L,Luis García Jr.,645261,R,Sandy Alcantara,WSH,MIA,120,146,Groundout,Luis García Jr. grounds out to first baseman Connor Norby. James Wood to 3rd.,Groundout,,0,0,0,0,S,Strike,called_strike,False,C,FC,Cutter,Called Strike,90.2,84.1,3.25,1.64,5.92,0.41,5,2313,0.1,4.1,-29.0,0.2444,2.1607,0.01,0.34,-2.42,0.01,0.01,0.39,True,True,False,True,False,0.2444,2.1607,1,32,3,11,2,93,,,,,,,,,,,,True,,False,N,1
822730,2026-06-01,WSH,MIA,pitch,ce5ac00c-c027-3ad0-b58a-8ee6ef89f82f,3,26,0,1,671277,L,Luis García Jr.,645261,R,Sandy Alcantara,WSH,MIA,120,146,Groundout,Luis García Jr. grounds out to first baseman Connor Norby. James Wood to 3rd.,Groundout,,1,0,1,0,S,Strike,foul,False,F,FF,4-Seam Fastball,Foul,98.6,90.5,3.25,1.64,5.94,0.38,11,2282,13.0,12.6,-15.4,-0.4581,3.8875,1.08,1.05,-1.28,1.08,1.08,0.36,False,False,False,True,False,-0.4581,3.8875,2,33,7,11,2,94,67.0,,,,,,,,,,,True,,False,N,1
822730,2026-06-01,WSH,MIA,pitch,02461d58-cfc8-3b11-849d-2e5d4695a514,3,26,0,1,671277,L,Luis García Jr.,645261,R,Sandy Alcantara,WSH,MIA,120,146,Groundout,Luis García Jr. grounds out to first baseman Connor Norby. James Wood to 3rd.,Groundout,,2,0,2,0,S,Strike,foul,False,F,FC,Cutter,Foul,93.5,86.3,3.25,1.64,5.92,0.4,6,2198,2.2,7.4,-23.8,0.7784,2.4986,-0.18,0.62,-1.98,2.2,-0.18,0.38,True,True,False,True,False,0.7784,2.4986,3,34,4,11,2,95,77.4,,,,,,,,,,,True,,False,N,1
822730,2026-06-01,WSH,MIA,pitch,d5fff9c8-b880-399e-a691-5390b2dada58,3,26,0,1,671277,L,Luis García Jr.,645261,R,Sandy Alcantara,WSH,MIA,120,146,Groundout,Luis García Jr. grounds out to first baseman Connor Norby. James Wood to 3rd.,Groundout,,2,0,2,0,S,Strike,foul,False,F,FF,4-Seam Fastball,Foul,98.8,90.3,3.25,1.64,5.99,0.38,2,2339,12.8,14.4,-13.7,-0.0199,3.2164,1.07,1.2,-1.14,1.07,1.07,0.36,True,True,False,True,False,-0.0199,3.2164,4,35,8,11,2,96,71.3,,,,,,,,,,,True,,False,N,1
822730,2026-06-01,WSH,MIA,pitch,f8b3ba81-9edf-313e-b951-cd5f8f9359f8,3,26,0,1,671277,L,Luis García Jr.,645261,R,Sandy Alcantara,WSH,MIA,120,146,Groundout,Luis García Jr. grounds out to first baseman Connor Norby. James Wood to 3rd.,Groundout,"{""homeRunBallparks"": 0}",2,0,2,0,X,In Play,hit_into_play,False,X,CH,Changeup,"In play, out(s)",93.2,85.8,3.25,1.64,6.11,0.4,13,2092,14.3,0.7,-30.7,-1.1241,1.8082,1.19,0.06,-2.56,1.19,1.19,0.38,False,False,False,True,False,-1.1241,1.8082,5,36,11,11,2,97,70.9,2.0,0.24,0,60.96,67.47,61.9,-60.0,61.9,-60.0,,True,,True,N,1
822730,2026-06-01,WSH,MIA,pitch,eb4d10d8-5f9d-3949-b7f8-55e91a7120dd,3,27,70,2,678554,R,Curtis Mead,645261,R,Sandy Alcantara,WSH,MIA,120,146,Single,"Curtis Mead singles on a line drive to left fielder Kyle Stowers. James Wood scores. Curtis Mead out at 2nd on the throw, left fielder Kyle Stowers to second baseman Xavier Edwards.",Single,,0,0,0,0,S,Strike,called_strike,False,C,SI,Sinker,Called Strike,98.4,91.0,3.25,1.64,5.86,0.38,6,2190,15.5,8.6,-19.3,0.82,2.2164,1.29,0.72,-1.61,1.29,1.29,0.36,True,True,False,False,False,0.82,2.2164,1,37,6,12,2,98,,,,,,,,,,,True,,True,False,N,1
822730,2026-06-01,WSH,MIA,pitch,0b2353ff-7d30-3a1a-a8b9-0433c0578d31,3,27,70,2,678554,R,Curtis Mead,645261,R,Sandy Alcantara,WSH,MIA,120,146,Single,"Curtis Mead singles on a line drive to left fielder Kyle Stowers. James Wood scores. Curtis Mead out at 2nd on the throw, left fielder Kyle Stowers to second baseman Xavier Edwards.",Single,,1,0,1,0,B,Ball,blocked_ball,False,*B,ST,Sweeper,Ball In Dirt,86.3,80.2,3.25,1.64,6.03,0.44,14,2403,14.0,-3.7,-40.4,1.5821,0.2022,-1.17,-0.31,-3.37,14.0,-1.17,0.41,False,False,False,False,False,1.5821,0.2022,2,38,3,12,2,99,,,,,,,,,,,True,,True,False,N,1
822730,2026-06-01,WSH,MIA,pitch,fd26d73e-4bd3-3fee-b7e6-3b9469a771cc,3,27,70,2,678554,R,Curtis Mead,645261,R,Sandy Alcantara,WSH,MIA,120,146,Single,"Curtis Mead singles on a line drive to left fielder Kyle Stowers. James Wood scores. Curtis Mead out at 2nd on the throw, left fielder Kyle Stowers to second baseman Xavier Edwards.",Single,,1,1,1,1,S,Strike,foul,False,F,CH,Changeup,Foul,92.3,84.5,3.25,1.64,6.2,0.41,7,2162,18.0,2.6,-29.6,-0.3239,1.6817,1.5,0.22,-2.47,1.5,1.5,0.38,True,True,False,False,False,-0.3239,1.6817,3,39,12,12,2,100,,,,,,,,,,,True,,True,False,N,1
822730,2026-06-01,WSH,MIA,pitch,477adf5a-82e7-35f4-8f02-faab3ef4a330,3,27,70,2,678554,R,Curtis Mead,645261,R,Sandy Alcantara,WSH,MIA,120,146,Single,"Curtis Mead singles on a line drive to left fielder Kyle Stowers. James Wood scores. Curtis Mead out at 2nd on the throw, left fielder Kyle Stowers to second baseman Xavier Edwards.",Single,,2,1,2,1,S,Strike,foul,False,F,CU,Curveball,Foul,87.9,81.3,3.25,1.64,6.13,0.43,9,2560,3.6,-3.7,-39.0,0.5791,1.898,-0.3,-0.31,-3.25,3.6,-0.3,0.4,True,True,False,False,False,0.5791,1.898,4,40,5,12,2,101,71.9,,,,,,,,,,True,,True,False,N,1
822730,2026-06-01,WSH,MIA,pitch,bed845c4-2f9a-3cfe-a67a-bfdb67368e02,3,27,70,2,678554,R,Curtis Mead,645261,R,Sandy Alcantara,WSH,MIA,120,146,Single,"Curtis Mead singles on a line drive to left fielder Kyle Stowers. James Wood scores. Curtis Mead out at 2nd on the throw, left fielder Kyle Stowers to second baseman Xavier Edwards.",Single,,2,1,2,1,S,Strike,foul,False,F,SI,Sinker,Foul,99.0,90.2,3.25,1.64,6.0,0.38,2,2364,16.8,7.3,-20.8,-0.1915,3.0535,1.4,0.61,-1.73,1.4,1.4,0.36,True,True,False,False,False,-0.1915,3.0535,5,41,7,12,2,102,69.3,,,,,,,,,,True,,True,False,N,1
822730,2026-06-01,WSH,MIA,pitch,aa24d626-52bd-31e7-8311-401c26673c5b,3,27,70,2,678554,R,Curtis Mead,645261,R,Sandy Alcantara,WSH,MIA,120,146,Single,"Curtis Mead singles on a line drive to left fielder Kyle Stowers. James Wood scores. Curtis Mead out at 2nd on the throw, left fielder Kyle Stowers to second baseman Xavier Edwards.",Single,,2,1,2,1,B,Ball,ball,False,B,SI,Sinker,Ball,98.7,90.1,3.25,1.64,6.14,0.38,12,2256,14.3,11.0,-17.0,0.7798,3.8945,1.19,0.92,-1.42,1.19,1.19,0.36,False,False,False,False,False,0.7798,3.8945,6,42,8,12,2,103,,,,,,,,,,,True,,True,False,N,1
822730,2026-06-01,WSH,MIA,pitch,225a7efd-2df0-37f6-a0a0-5a97562cc512,3,27,70,2,678554,R,Curtis Mead,645261,R,Sandy Alcantara,WSH,MIA,120,146,Single,"Curtis Mead singles on a line drive to left fielder Kyle Stowers. James Wood scores. Curtis Mead out at 2nd on the throw, left fielder Kyle Stowers to second baseman Xavier Edwards.",Single,"{""homeRunBallparks"": 0}",2,2,2,2,X,In Play,hit_into_play,False,E,ST,Sweeper,"In play, run(s)",85.7,78.4,3.25,1.64,5.89,0.44,9,2478,13.0,-1.0,-38.5,0.3031,1.7423,-1.08,-0.08,-3.21,13.0,-1.08,0.41,True,True,False,False,False,0.3031,1.7423,7,43,4,12,2,104,66.9,252.0,0.85,0,-187.12,232.43,92.2,16.0,92.2,16.0,True,,True,True,N,1
822730,2026-06-01,WSH,MIA,pitch,db38d7f4-e3c5-3aac-a74a-e3df17a63a58,4,28,0,1,805300,L,Jakob Marsee,676917,R,Cade Cavalli,MIA,WSH,146,120,Pop Out,Jakob Marsee pops out to shortstop CJ Abrams.,Pop Out,,0,0,0,0,S,Strike,called_strike,False,C,FF,4-Seam Fastball,Called Strike,95.4,87.1,3.21,1.62,6.27,0.39,2,2235,6.8,14.8,-15.2,0.0256,3.2812,0.57,1.23,-1.27,0.57,0.57,0.37,True,True,False,True,False,0.0256,3.2812,1,62,28,16,2,105,,,,,,,,,,,,,,False,N,1
822730,2026-06-01,WSH,MIA,pitch,d91e95ec-5db3-353e-9613-f4844c719ece,4,28,0,1,805300,L,Jakob Marsee,676917,R,Cade Cavalli,MIA,WSH,146,120,Pop Out,Jakob Marsee pops out to shortstop CJ Abrams.,Pop Out,"{""homeRunBallparks"": 0}",1,0,1,0,X,In Play,hit_into_play,False,X,KC,Knuckle Curve,"In play, out(s)",85.8,79.0,3.21,1.62,6.15,0.44,9,2341,9.5,-7.8,-45.1,0.2804,1.9315,-0.79,-0.65,-3.76,9.5,-0.79,0.41,True,True,False,True,False,0.2804,1.9315,2,63,16,16,2,106,72.0,183.0,0.82,0,-50.45,174.24,63.8,27.0,63.8,27.0,,,,True,N,1
822730,2026-06-01,WSH,MIA,pitch,430ec336-a51d-3468-af90-f6992bf3c104,4,29,0,1,691788,L,Joe Mack,676917,R,Cade Cavalli,MIA,WSH,146,120,Groundout,Joe Mack grounds out to first baseman Luis García Jr.,Groundout,,0,0,0,0,S,Strike,foul,False,F,FF,4-Seam Fastball,Foul,97.2,88.9,3.22,1.62,6.22,0.39,2,2404,6.1,16.2,-12.7,0.2116,3.192,0.51,1.35,-1.06,0.51,0.51,0.36,True,True,False,True,False,0.2116,3.192,1,64,29,17,2,107,71.7,,,,,,,,,,,,,False,N,1
822730,2026-06-01,WSH,MIA,pitch,6bc4d1ab-fa4d-3e58-a893-90011d61bcb7,4,29,0,1,691788,L,Joe Mack,676917,R,Cade Cavalli,MIA,WSH,146,120,Groundout,Joe Mack grounds out to first baseman Luis García Jr.,Groundout,"{""homeRunBallparks"": 0}",1,0,1,0,X,In Play,hit_into_play,False,X,KC,Knuckle Curve,"In play, out(s)",85.7,79.8,3.22,1.62,6.06,0.44,8,2240,8.4,-12.0,-49.0,-0.0001,1.7837,-0.7,-1.0,-4.08,8.4,-0.7,0.41,True,True,False,True,False,-0.0001,1.7837,2,65,17,17,2,108,74.1,3.0,0.18,0,64.31,85.16,67.3,-44.0,67.3,-44.0,,,,True,N,1
822730,2026-06-01,WSH,MIA,pitch,2ca3dbcd-3b47-31f7-861f-7aa6aa13e1d3,4,30,14,2,681393,R,Connor Norby,676917,R,Cade Cavalli,MIA,WSH,146,120,Strikeout,Connor Norby strikes out swinging.,Strikeout,,0,0,0,0,S,Strike,swinging_strike,True,S,FF,4-Seam Fastball,Swinging Strike,96.7,89.9,3.11,1.57,6.5,0.39,3,2221,3.7,13.3,-15.5,0.5469,2.7859,0.31,1.11,-1.29,0.31,0.31,0.36,True,True,False,False,False,0.5469,2.7859,1,66,30,18,2,109,74.4,,,,,,,,,,,,,False,N,1
822730,2026-06-01,WSH,MIA,pitch,676a3501-2a94-33cd-a9a7-83219ec22d11,4,30,14,2,681393,R,Connor Norby,676917,R,Cade Cavalli,MIA,WSH,146,120,Strikeout,Connor Norby strikes out swinging.,Strikeout,,1,0,1,0,S,Strike,called_strike,False,C,ST,Sweeper,Called Strike,86.9,81.3,3.11,1.57,6.18,0.43,1,2232,13.0,-5.3,-40.8,-0.5378,2.942,-1.08,-0.44,-3.4,13.0,-1.08,0.4,True,True,False,False,True,-0.5378,2.942,2,67,7,18,2,110,,,,,,,,,,,,,,False,N,1
822730,2026-06-01,WSH,MIA,pitch,50a72494-6fa6-3b90-bdfa-77f66dbde24a,4,30,14,2,681393,R,Connor Norby,676917,R,Cade Cavalli,MIA,WSH,146,120,Strikeout,Connor Norby strikes out swinging.,Strikeout,,2,0,2,0,S,Strike,swinging_strike,True,S,FF,4-Seam Fastball,Swinging Strike,97.5,90.4,3.11,1.57,6.6,0.38,12,2177,8.4,12.7,-15.7,0.1172,3.4415,0.7,1.06,-1.31,0.7,0.7,0.36,False,False,False,False,False,0.1172,3.4415,3,68,31,18,2,111,73.9,,,,,,,,,,,,,True,N,1
822730,2026-06-01,WSH,MIA,pitch,a796fb36-2ae0-3004-aa9a-fde2863681d0,4,31,0,1,682928,L,CJ Abrams,645261,R,Sandy Alcantara,WSH,MIA,120,146,Lineout,CJ Abrams lines out sharply to center fielder Jakob Marsee.,Lineout,,0,0,0,0,S,Strike,foul,False,F,FC,Cutter,Foul,88.8,83.4,3.22,1.63,5.96,0.42,6,2302,2.0,3.6,-30.5,0.7011,2.2444,-0.17,0.3,-2.54,2.0,-0.17,0.39,True,True,False,True,False,0.7011,2.2444,1,44,5,13,2,112,30.9,,,,,,,,,,,,,False,N,1
822730,2026-06-01,WSH,MIA,pitch,f5fbc0b2-0979-3276-a424-5f1db014a68f,4,31,0,1,682928,L,CJ Abrams,645261,R,Sandy Alcantara,WSH,MIA,120,146,Lineout,CJ Abrams lines out sharply to center fielder Jakob Marsee.,Lineout,,1,0,1,0,B,Ball,ball,False,B,CU,Curveball,Ball,83.4,78.5,3.22,1.63,5.85,0.45,11,2663,7.8,-2.4,-40.7,-1.1856,2.9837,-0.65,-0.2,-3.39,7.8,-0.65,0.42,False,False,False,True,False,-1.1856,2.9837,2,45,6,13,2,113,,,,,,,,,,,,,,False,N,1
822730,2026-06-01,WSH,MIA,pitch,232fb49f-d9f9-39a1-8740-b922b1431490,4,31,0,1,682928,L,CJ Abrams,645261,R,Sandy Alcantara,WSH,MIA,120,146,Lineout,CJ Abrams lines out sharply to center fielder Jakob Marsee.,Lineout,,1,1,1,1,B,Ball,ball,False,B,FF,4-Seam Fastball,Ball,98.1,90.5,3.22,1.63,6.1,0.38,12,2381,11.6,13.2,-15.0,0.8995,2.5,0.97,1.1,-1.25,0.97,0.97,0.36,False,False,False,True,False,0.8995,2.5,3,46,9,13,2,114,,,,,,,,,,,,,,False,N,1
822730,2026-06-01,WSH,MIA,pitch,0cfe06ea-3df7-3e32-843e-f5ad83f1bfe6,4,31,0,1,682928,L,CJ Abrams,645261,R,Sandy Alcantara,WSH,MIA,120,146,Lineout,CJ Abrams lines out sharply to center fielder Jakob Marsee.,Lineout,"{""homeRunBallparks"": 0}",1,2,1,2,X,In Play,hit_into_play,False,X,SI,Sinker,"In play, out(s)",98.8,90.7,3.22,1.63,5.98,0.38,2,2307,13.4,8.4,-19.6,-0.0301,2.9633,1.12,0.7,-1.63,1.12,1.12,0.36,True,True,False,True,False,-0.0301,2.9633,4,47,9,13,2,115,70.7,377.0,0.52,0,0.65,376.93,102.7,21.0,102.7,21.0,,,,True,N,1
822730,2026-06-01,WSH,MIA,pitch,d467a724-e13f-37c1-ac12-b2f81e24dfa1,4,32,0,1,695734,L,Daylen Lile,645261,R,Sandy Alcantara,WSH,MIA,120,146,Flyout,Daylen Lile flies out to shortstop Otto Lopez.,Flyout,,0,0,0,0,S,Strike,foul,False,F,CH,Changeup,Foul,92.2,85.1,3.18,1.6,5.93,0.41,13,2181,16.1,2.2,-30.0,-0.1277,1.3194,1.34,0.18,-2.5,1.34,1.34,0.38,False,False,False,True,False,-0.1277,1.3194,1,48,13,14,2,116,72.0,,,,,,,,,,,,,False,N,1
822730,2026-06-01,WSH,MIA,pitch,6e5ee9d5-5bce-3a0b-bb84-9b8c7d0fa321,4,32,0,1,695734,L,Daylen Lile,645261,R,Sandy Alcantara,WSH,MIA,120,146,Flyout,Daylen Lile flies out to shortstop Otto Lopez.,Flyout,,1,0,1,0,S,Strike,called_strike,False,C,ST,Sweeper,Called Strike,84.5,78.9,3.18,1.6,5.83,0.44,2,2357,8.4,2.9,-34.8,-0.1565,2.819,-0.7,0.24,-2.9,8.4,-0.7,0.41,True,True,False,True,False,-0.1565,2.819,2,49,5,14,2,117,,,,,,,,,,,,,,False,N,1
822730,2026-06-01,WSH,MIA,pitch,093efc7a-2280-3219-a349-1a2585907762,4,32,0,1,695734,L,Daylen Lile,645261,R,Sandy Alcantara,WSH,MIA,120,146,Flyout,Daylen Lile flies out to shortstop Otto Lopez.,Flyout,,2,0,2,0,B,Ball,ball,False,B,CH,Changeup,Ball,92.9,86.1,3.18,1.6,6.13,0.4,11,2191,17.9,3.2,-28.1,-1.5129,2.6006,1.49,0.27,-2.34,1.49,1.49,0.38,False,False,False,True,False,-1.5129,2.6006,3,50,14,14,2,118,,,,,,,,,,,,,,False,N,1
822730,2026-06-01,WSH,MIA,pitch,17586495-f11b-3c92-88d2-837e81609d2a,4,32,0,1,695734,L,Daylen Lile,645261,R,Sandy Alcantara,WSH,MIA,120,146,Flyout,Daylen Lile flies out to shortstop Otto Lopez.,Flyout,"{""homeRunBallparks"": 0}",2,1,2,1,X,In Play,hit_into_play,False,X,SI,Sinker,"In play, out(s)",99.5,92.1,3.18,1.6,5.99,0.38,6,2335,16.1,11.4,-16.1,0.7797,2.5198,1.34,0.95,-1.34,1.34,1.34,0.35,True,True,False,True,False,0.7797,2.5198,4,51,10,14,2,119,67.5,209.0,0.8,0,-6.8,207.92,65.0,34.0,65.0,34.0,,,,True,N,1
822730,2026-06-01,WSH,MIA,pitch,31bfc846-cc52-3ec7-b58b-054bbcdb9111,4,33,14,2,696285,R,Jacob Young,645261,R,Sandy Alcantara,WSH,MIA,120,146,Strikeout,Jacob Young strikes out swinging.,Strikeout,,0,0,0,0,B,Ball,ball,False,B,SI,Sinker,Ball,99.2,91.3,3.19,1.61,6.03,0.38,11,2298,17.2,9.4,-18.2,-1.0575,3.0549,1.43,0.78,-1.52,1.43,1.43,0.36,False,False,False,False,False,-1.0575,3.0549,1,52,11,15,2,120,,,,,,,,,,,,,,False,N,1
822730,2026-06-01,WSH,MIA,pitch,2e7f7cc9-06f9-386a-9d4f-4671f2b042a8,4,33,14,2,696285,R,Jacob Young,645261,R,Sandy Alcantara,WSH,MIA,120,146,Strikeout,Jacob Young strikes out swinging.,Strikeout,,0,1,0,1,B,Ball,ball,False,B,FF,4-Seam Fastball,Ball,98.7,90.7,3.19,1.61,5.98,0.38,11,2235,13.8,12.1,-15.8,-1.3952,3.125,1.15,1.01,-1.32,1.15,1.15,0.36,False,False,False,False,False,-1.3952,3.125,2,53,10,15,2,121,,,,,,,,,,,,,,False,N,1
822730,2026-06-01,WSH,MIA,pitch,05782be6-e267-3887-8b7e-d577e661bc44,4,33,14,2,696285,R,Jacob Young,645261,R,Sandy Alcantara,WSH,MIA,120,146,Strikeout,Jacob Young strikes out swinging.,Strikeout,,0,2,0,2,S,Strike,called_strike,False,C,SI,Sinker,Called Strike,99.0,91.4,3.19,1.61,6.14,0.38,9,2272,16.9,8.6,-19.1,0.2832,1.8556,1.41,0.72,-1.59,1.41,1.41,0.36,True,True,False,False,False,0.2832,1.8556,3,54,12,15,2,122,,,,,,,,,,,,,,False,N,1
822730,2026-06-01,WSH,MIA,pitch,ce0a42a5-8161-3f96-834b-429eb519377f,4,33,14,2,696285,R,Jacob Young,645261,R,Sandy Alcantara,WSH,MIA,120,146,Strikeout,Jacob Young strikes out swinging.,Strikeout,,1,2,1,2,S,Strike,called_strike,False,C,SI,Sinker,Called Strike,98.8,90.8,3.19,1.61,6.04,0.38,9,2360,18.0,9.6,-18.5,0.7857,1.9003,1.5,0.8,-1.54,1.5,1.5,0.36,True,True,False,False,False,0.7857,1.9003,4,55,13,15,2,123,,,,,,,,,,,,,,False,N,1
822730,2026-06-01,WSH,MIA,pitch,d51ff8b6-80f0-3b48-a0b3-1f5f534bbb11,4,33,14,2,696285,R,Jacob Young,645261,R,Sandy Alcantara,WSH,MIA,120,146,Strikeout,Jacob Young strikes out swinging.,Strikeout,,2,2,2,2,S,Strike,foul,False,F,FF,4-Seam Fastball,Foul,100.2,91.7,3.19,1.61,6.05,0.38,6,2231,12.4,13.4,-13.9,0.3156,2.2578,1.03,1.12,-1.16,1.03,1.03,0.35,True,True,False,False,False,0.3156,2.2578,5,56,11,15,2,124,69.4,,,,,,,,,,,,,False,N,1
822730,2026-06-01,WSH,MIA,pitch,1e71e388-f98c-3f01-a10a-58d95aa38b9d,4,33,14,2,696285,R,Jacob Young,645261,R,Sandy Alcantara,WSH,MIA,120,146,Strikeout,Jacob Young strikes out swinging.,Strikeout,,2,2,2,2,S,Strike,foul,False,F,SI,Sinker,Foul,99.5,91.4,3.19,1.61,5.99,0.38,11,2244,15.6,7.7,-19.9,-0.6611,3.6776,1.3,0.64,-1.66,1.3,1.3,0.35,False,False,False,False,False,-0.6611,3.6776,6,57,14,15,2,125,55.1,,,,,,,,,,,,,False,N,1
822730,2026-06-01,WSH,MIA,pitch,e2b15407-e2c8-349d-9809-2c113044a861,4,33,14,2,696285,R,Jacob Young,645261,R,Sandy Alcantara,WSH,MIA,120,146,Strikeout,Jacob Young strikes out swinging.,Strikeout,,2,2,2,2,S,Strike,foul,False,F,SI,Sinker,Foul,99.9,91.7,3.19,1.61,6.3,0.38,9,2284,17.0,9.7,-17.6,0.4467,1.9979,1.42,0.81,-1.47,1.42,1.42,0.35,True,True,False,False,False,0.4467,1.9979,7,58,15,15,2,126,68.2,,,,,,,,,,,,,False,N,1
822730,2026-06-01,WSH,MIA,pitch,e8333160-8222-3ea9-be94-a67c0601e909,4,33,14,2,696285,R,Jacob Young,645261,R,Sandy Alcantara,WSH,MIA,120,146,Strikeout,Jacob Young strikes out swinging.,Strikeout,,2,2,2,2,S,Strike,swinging_strike,True,S,FF,4-Seam Fastball,Swinging Strike,100.6,92.8,3.19,1.61,5.96,0.37,11,2213,12.7,11.5,-15.2,-0.4333,3.5398,1.06,0.96,-1.27,1.06,1.06,0.35,False,False,True,False,False,-0.4333,3.5398,8,59,12,15,2,127,34.4,,,,,,,,,,,,,True,N,1
822730,2026-06-01,WSH,MIA,pitch,3d13217c-9b5b-34a4-972b-5b75324276ba,5,34,0,1,689414,L,Liam Hicks,676917,R,Cade Cavalli,MIA,WSH,146,120,Groundout,"Liam Hicks grounds out, first baseman Luis García Jr. to pitcher Cade Cavalli.",Groundout,"{""homeRunBallparks"": 0}",0,0,0,0,X,In Play,hit_into_play,False,X,FF,4-Seam Fastball,"In play, out(s)",94.8,87.7,3.09,1.56,6.41,0.4,5,2201,4.1,12.7,-17.4,0.1785,2.4107,0.34,1.06,-1.45,0.34,0.34,0.37,True,True,False,True,False,0.1785,2.4107,1,69,32,19,3,128,74.7,14.0,0.08,0,87.28,89.95,83.2,-10.0,83.2,-10.0,,,,True,N,1
822730,2026-06-01,WSH,MIA,pitch,abc0caa7-6c27-304f-b175-53715554dde3,5,35,34,1,672640,R,Otto Lopez,676917,R,Cade Cavalli,MIA,WSH,146,120,Double,Otto Lopez doubles (15) on a line drive to center fielder Jacob Young.,Double,,0,0,0,0,B,Ball,ball,False,B,FF,4-Seam Fastball,Ball,94.4,87.4,3.14,1.58,6.56,0.4,14,2308,5.3,12.6,-17.9,1.3452,2.0306,0.44,1.05,-1.49,0.44,0.44,0.37,False,False,False,False,False,1.3452,2.0306,1,70,33,20,3,129,,,,,,,,,,,,,,False,N,1
822730,2026-06-01,WSH,MIA,pitch,c0bde89c-4bb3-3e27-8e0b-be815d7fab6b,5,35,34,1,672640,R,Otto Lopez,676917,R,Cade Cavalli,MIA,WSH,146,120,Double,Otto Lopez doubles (15) on a line drive to center fielder Jacob Young.,Double,,0,1,0,1,B,Ball,ball,False,B,SI,Sinker,Ball,96.5,88.8,3.14,1.58,6.53,0.39,13,2189,15.2,6.4,-22.9,-0.0878,1.3557,1.27,0.53,-1.91,1.27,1.27,0.37,False,False,False,False,False,-0.0878,1.3557,2,71,8,20,3,130,,,,,,,,,,,,,,False,N,1
822730,2026-06-01,WSH,MIA,pitch,a9b5a95f-1b91-31f4-abcf-d9f727adba8a,5,35,34,1,672640,R,Otto Lopez,676917,R,Cade Cavalli,MIA,WSH,146,120,Double,Otto Lopez doubles (15) on a line drive to center fielder Jacob Young.,Double,,0,2,0,2,S,Strike,called_strike,False,C,FF,4-Seam Fastball,Called Strike,96.1,88.9,3.14,1.58,6.63,0.39,6,2210,6.2,13.9,-15.5,0.7252,2.2921,0.52,1.16,-1.29,0.52,0.52,0.37,True,True,False,False,False,0.7252,2.2921,3,72,34,20,3,131,38.6,,,,,,,,,,,,,False,N,1
822730,2026-06-01,WSH,MIA,pitch,74982b07-c18d-3386-b904-dfa9b6a01593,5,35,34,1,672640,R,Otto Lopez,676917,R,Cade Cavalli,MIA,WSH,146,120,Double,Otto Lopez doubles (15) on a line drive to center fielder Jacob Young.,Double,,1,2,1,2,B,Ball,ball,False,B,FF,4-Seam Fastball,Ball,96.8,89.5,3.14,1.58,6.75,0.39,14,2186,5.4,12.4,-16.8,1.2939,0.8736,0.45,1.03,-1.4,0.45,0.45,0.36,False,False,False,False,False,1.2939,0.8736,4,73,35,20,3,132,,,,,,,,,,,,,,False,N,1
822730,2026-06-01,WSH,MIA,pitch,8a3777b0-0f39-37e6-910e-eb8ec7eead94,5,35,34,1,672640,R,Otto Lopez,676917,R,Cade Cavalli,MIA,WSH,146,120,Double,Otto Lopez doubles (15) on a line drive to center fielder Jacob Young.,Double,,1,3,1,3,S,Strike,called_strike,False,C,SI,Sinker,Called Strike,94.9,86.6,3.14,1.58,6.47,0.4,6,2149,16.4,6.6,-24.0,0.5117,2.1133,1.37,0.55,-2.0,1.37,1.37,0.37,True,True,False,False,False,0.5117,2.1133,5,74,9,20,3,133,,,,,,,,,,,,,,False,N,1
822730,2026-06-01,WSH,MIA,pitch,68a55a56-6112-37a2-a395-109a5c4fc14c,5,35,34,1,672640,R,Otto Lopez,676917,R,Cade Cavalli,MIA,WSH,146,120,Double,Otto Lopez doubles (15) on a line drive to center fielder Jacob Young.,Double,,2,3,2,3,S,Strike,foul,False,F,SI,Sinker,Foul,96.4,88.8,3.14,1.58,6.42,0.39,9,2184,15.1,9.2,-20.3,0.6225,1.8858,1.26,0.77,-1.69,1.26,1.26,0.37,True,True,False,False,False,0.6225,1.8858,6,75,10,20,3,134,67.5,,,,,,,,,,,,,False,N,1
822730,2026-06-01,WSH,MIA,pitch,21eb5cab-9a00-362b-bff4-c2676fb92e49,5,35,34,1,672640,R,Otto Lopez,676917,R,Cade Cavalli,MIA,WSH,146,120,Double,Otto Lopez doubles (15) on a line drive to center fielder Jacob Young.,Double,"{""homeRunBallparks"": 0}",2,3,2,3,X,In Play,hit_into_play,False,D,FF,4-Seam Fastball,"In play, no out",94.7,88.1,3.14,1.58,6.5,0.39,2,2085,0.4,10.3,-19.8,-0.1961,2.7443,-0.03,0.86,-1.65,0.4,-0.03,0.37,True,True,False,False,False,-0.1961,2.7443,7,76,36,20,3,135,68.4,290.0,0.61,0,64.62,327.74,97.7,16.0,97.7,16.0,,,,True,N,1
822730,2026-06-01,WSH,MIA,pitch,bba84595-ddda-3baa-a2aa-f859fa38069e,5,36,14,1,669065,L,Kyle Stowers,676917,R,Cade Cavalli,MIA,WSH,146,120,Strikeout,Kyle Stowers strikes out swinging.,Strikeout,,0,0,0,0,B,Ball,ball,False,B,KC,Knuckle Curve,Ball,87.3,81.4,3.3,1.66,6.32,0.43,14,2159,4.0,-8.5,-44.2,1.412,1.2175,-0.33,-0.71,-3.68,4.0,-0.33,0.4,False,False,False,False,False,1.412,1.2175,1,77,18,21,3,136,18.0,,,,,,,,,,,,,False,N,1
822730,2026-06-01,WSH,MIA,pitch,05e50413-fac9-3e5f-8c19-dffa184b89a6,5,36,14,1,669065,L,Kyle Stowers,676917,R,Cade Cavalli,MIA,WSH,146,120,Strikeout,Kyle Stowers strikes out swinging.,Strikeout,,0,1,0,1,S,Strike,swinging_strike,True,S,KC,Knuckle Curve,Swinging Strike,86.7,80.4,3.3,1.66,6.34,0.43,14,2169,7.9,-7.2,-43.6,1.7263,1.5731,-0.66,-0.6,-3.63,7.9,-0.66,0.41,False,False,False,False,False,1.7263,1.5731,2,78,19,21,3,137,68.1,,,,,,,,,,,,,False,N,1
822730,2026-06-01,WSH,MIA,pitch,dd960e12-ed7c-3cea-a6dc-0c3ad28c5ae3,5,36,14,1,669065,L,Kyle Stowers,676917,R,Cade Cavalli,MIA,WSH,146,120,Strikeout,Kyle Stowers strikes out swinging.,Strikeout,,1,1,1,1,S,Strike,swinging_strike,True,S,ST,Sweeper,Swinging Strike,86.7,80.3,3.3,1.66,6.25,0.43,14,2196,17.2,-4.8,-41.0,1.2529,1.9067,-1.43,-0.4,-3.42,17.2,-1.43,0.41,False,False,False,False,False,1.2529,1.9067,3,79,8,21,3,138,79.6,,,,,,,,,,,,,False,N,1
822730,2026-06-01,WSH,MIA,pitch,88fbb4b3-1025-3bb0-87c2-4fd8c9266fde,5,36,14,1,669065,L,Kyle Stowers,676917,R,Cade Cavalli,MIA,WSH,146,120,Strikeout,Kyle Stowers strikes out swinging.,Strikeout,,2,1,2,1,S,Strike,foul,False,F,FF,4-Seam Fastball,Foul,98.5,90.5,3.3,1.66,6.54,0.38,3,2258,7.7,16.0,-12.1,0.6154,3.1682,0.64,1.33,-1.01,0.64,0.64,0.36,True,True,False,False,False,0.6154,3.1682,4,80,37,21,3,139,77.7,,,,,,,,,,,,,False,N,1
822730,2026-06-01,WSH,MIA,pitch,2bbb4074-f190-36f7-9d5f-3efe3ce18bb1,5,36,14,1,669065,L,Kyle Stowers,676917,R,Cade Cavalli,MIA,WSH,146,120,Strikeout,Kyle Stowers strikes out swinging.,Strikeout,,2,1,2,1,S,Strike,swinging_strike,True,S,KC,Knuckle Curve,Swinging Strike,87.8,81.8,3.3,1.66,6.36,0.43,14,2197,5.5,-9.6,-44.9,0.6669,1.2485,-0.46,-0.8,-3.74,5.5,-0.46,0.4,False,False,False,False,False,0.6669,1.2485,5,81,20,21,3,140,79.2,,,,,,,,,,,,,True,N,1
822730,2026-06-01,WSH,MIA,pitch,5bf3a231-34a3-3a67-a5be-12335b828078,5,37,14,2,669364,L,Xavier Edwards,676917,R,Cade Cavalli,MIA,WSH,146,120,Strikeout,Xavier Edwards called out on strikes.,Strikeout,,0,0,0,0,B,Ball,blocked_ball,False,*B,KC,Knuckle Curve,Ball In Dirt,87.1,80.9,3.06,1.54,6.29,0.43,14,2226,4.6,-7.8,-43.7,0.6154,0.8722,-0.38,-0.65,-3.64,4.6,-0.38,0.41,False,False,False,False,False,0.6154,0.8722,1,82,21,22,3,141,,,,,,,,,,,,,,False,N,1
822730,2026-06-01,WSH,MIA,pitch,8073bc7a-aad2-357e-944c-06a0392c968e,5,37,14,2,669364,L,Xavier Edwards,676917,R,Cade Cavalli,MIA,WSH,146,120,Strikeout,Xavier Edwards called out on strikes.,Strikeout,,0,1,0,1,S,Strike,called_strike,False,C,KC,Knuckle Curve,Called Strike,86.4,80.7,3.06,1.54,6.32,0.43,5,2214,11.3,-10.9,-47.2,0.2048,2.0207,-0.94,-0.91,-3.93,11.3,-0.94,0.41,True,True,False,False,False,0.2048,2.0207,2,83,22,22,3,142,,,,,,,,,,,,,,False,N,1
822730,2026-06-01,WSH,MIA,pitch,6873acc0-2def-3e59-8ab4-a7987479bacc,5,37,14,2,669364,L,Xavier Edwards,676917,R,Cade Cavalli,MIA,WSH,146,120,Strikeout,Xavier Edwards called out on strikes.,Strikeout,,1,1,1,1,B,Ball,ball,False,B,CH,Changeup,Ball,87.8,80.9,3.06,1.54,6.47,0.43,11,1813,18.1,2.4,-32.9,-1.5695,3.34,1.51,0.2,-2.74,1.51,1.51,0.4,False,False,False,False,False,-1.5695,3.34,3,84,7,22,3,143,,,,,,,,,,,,,,False,N,1
822730,2026-06-01,WSH,MIA,pitch,179a8e67-e023-3854-965a-f6f8560e4979,5,37,14,2,669364,L,Xavier Edwards,676917,R,Cade Cavalli,MIA,WSH,146,120,Strikeout,Xavier Edwards called out on strikes.,Strikeout,,1,2,1,2,S,Strike,called_strike,False,C,KC,Knuckle Curve,Called Strike,86.7,81.0,3.06,1.54,6.12,0.43,5,2218,9.4,-11.8,-47.6,-0.1701,2.4438,-0.78,-0.98,-3.97,9.4,-0.78,0.4,True,True,False,False,False,-0.1701,2.4438,4,85,23,22,3,144,,,,,,,,,,,,,,False,N,1
822730,2026-06-01,WSH,MIA,pitch,b7e86e68-6d56-36a7-b42d-89a3bb2a9c56,5,37,14,2,669364,L,Xavier Edwards,676917,R,Cade Cavalli,MIA,WSH,146,120,Strikeout,Xavier Edwards called out on strikes.,Strikeout,,2,2,2,2,S,Strike,called_strike,False,C,ST,Sweeper,Called Strike,87.3,81.2,3.06,1.54,6.16,0.43,4,2235,18.1,-5.3,-40.8,-0.4122,2.3381,-1.51,-0.44,-3.4,18.1,-1.51,0.4,True,True,False,False,False,-0.4122,2.3381,5,86,9,22,3,145,,,,,,,,,,,,,,True,N,1
822730,2026-06-01,WSH,MIA,pitch,85d352e2-1c75-3cb5-9de1-0cfaa007980c,5,38,0,1,677588,L,José Tena,645261,R,Sandy Alcantara,WSH,MIA,120,146,Groundout,"José Tena grounds out, second baseman Xavier Edwards to first baseman Connor Norby.",Groundout,,0,0,0,0,S,Strike,foul,False,F,CH,Changeup,Foul,90.2,82.6,3.14,1.58,6.08,0.42,5,2191,16.8,3.2,-30.6,0.0599,2.0975,1.4,0.27,-2.55,1.4,1.4,0.39,True,True,False,True,False,0.0599,2.0975,1,60,15,16,2,146,82.4,,,,,,,,,,,,,False,N,1
822730,2026-06-01,WSH,MIA,pitch,b9115f2b-4ce6-3bcf-81d0-587702681374,5,38,0,1,677588,L,José Tena,645261,R,Sandy Alcantara,WSH,MIA,120,146,Groundout,"José Tena grounds out, second baseman Xavier Edwards to first baseman Connor Norby.",Groundout,,1,0,1,0,S,Strike,swinging_strike,True,S,CH,Changeup,Swinging Strike,90.2,82.8,3.14,1.58,6.11,0.42,7,2235,17.5,2.4,-31.2,-0.6931,1.6389,1.46,0.2,-2.6,1.46,1.46,0.39,True,True,False,True,False,-0.6931,1.6389,2,61,16,16,2,147,75.1,,,,,,,,,,,,,False,N,1
822730,2026-06-01,WSH,MIA,pitch,9e37ba46-8502-3092-bfa5-8d7c596b6c42,5,38,0,1,677588,L,José Tena,645261,R,Sandy Alcantara,WSH,MIA,120,146,Groundout,"José Tena grounds out, second baseman Xavier Edwards to first baseman Connor Norby.",Groundout,"{""homeRunBallparks"": 0}",2,0,2,0,X,In Play,hit_into_play,False,X,CH,Changeup,"In play, out(s)",90.9,83.7,3.14,1.58,6.12,0.41,7,2242,16.2,1.3,-31.7,-0.5583,1.9866,1.35,0.11,-2.64,1.35,1.35,0.39,True,True,False,True,False,-0.5583,1.9866,3,62,17,16,2,148,,12.0,0.05,0,38.95,129.8,73.5,-12.0,73.5,-12.0,,,,True,N,1
822730,2026-06-01,WSH,MIA,pitch,9d321404-6350-34d4-a57c-dbed73899317,5,39,0,1,660688,L,Keibert Ruiz,645261,R,Sandy Alcantara,WSH,MIA,120,146,Pop Out,Keibert Ruiz pops out to shortstop Otto Lopez.,Pop Out,"{""homeRunBallparks"": 0}",0,0,0,0,X,In Play,hit_into_play,False,X,SI,Sinker,"In play, out(s)",97.1,89.1,3.18,1.6,5.86,0.39,5,2325,10.8,13.6,-15.5,0.2633,2.3277,0.9,1.13,-1.29,0.9,0.9,0.36,True,True,False,True,False,0.2633,2.3277,1,63,16,17,2,149,69.7,176.0,0.03,0,-99.43,142.07,74.0,60.0,74.0,60.0,,,,True,N,1
822730,2026-06-01,WSH,MIA,pitch,5b731455-e717-3dd3-9e40-dabc7275d0bd,5,40,33,2,683083,L,Nasim Nuñez,645261,R,Sandy Alcantara,WSH,MIA,120,146,Single,Nasim Nuñez singles on a line drive to center fielder Jakob Marsee.,Single,,0,0,0,0,S,Strike,foul,False,F,CH,Changeup,Foul,90.6,83.9,3.04,1.54,6.01,0.41,8,2122,14.8,1.0,-32.2,-0.183,1.6935,1.23,0.08,-2.68,1.23,1.23,0.39,True,True,False,False,False,-0.183,1.6935,1,64,18,18,2,150,65.9,,,,,,,,,,,,,False,N,1
822730,2026-06-01,WSH,MIA,pitch,87564c0f-7805-3738-bfc3-0d569b859ffa,5,40,33,2,683083,L,Nasim Nuñez,645261,R,Sandy Alcantara,WSH,MIA,120,146,Single,Nasim Nuñez singles on a line drive to center fielder Jakob Marsee.,Single,,1,0,1,0,B,Ball,ball,False,B,CH,Changeup,Ball,91.2,83.9,3.04,1.54,5.93,0.41,11,2177,17.6,1.7,-31.1,-2.1012,3.0834,1.47,0.14,-2.59,1.47,1.47,0.39,False,False,False,False,False,-2.1012,3.0834,2,65,19,18,2,151,,,,,,,,,,,,,,False,N,1
822730,2026-06-01,WSH,MIA,pitch,adf396b1-26ae-3f5b-b344-6db907bff652,5,40,33,2,683083,L,Nasim Nuñez,645261,R,Sandy Alcantara,WSH,MIA,120,146,Single,Nasim Nuñez singles on a line drive to center fielder Jakob Marsee.,Single,,1,1,1,1,S,Strike,foul,False,F,FF,4-Seam Fastball,Foul,98.7,90.9,3.04,1.54,6.02,0.38,13,2300,12.7,13.0,-15.0,-0.8313,2.1335,1.06,1.08,-1.25,1.06,1.06,0.36,False,False,False,False,False,-0.8313,2.1335,3,66,13,18,2,152,64.9,,,,,,,,,,,,,False,N,1
822730,2026-06-01,WSH,MIA,pitch,a0f1cce4-0f27-35e0-9afa-22fb153d919f,5,40,33,2,683083,L,Nasim Nuñez,645261,R,Sandy Alcantara,WSH,MIA,120,146,Single,Nasim Nuñez singles on a line drive to center fielder Jakob Marsee.,Single,"{""homeRunBallparks"": 0}",2,1,2,1,X,In Play,hit_into_play,False,D,SI,Sinker,"In play, no out",98.7,91.0,3.04,1.54,6.09,0.38,6,2319,16.1,8.9,-19.1,0.3362,2.3092,1.34,0.74,-1.59,1.34,1.34,0.36,True,True,False,False,False,0.3362,2.3092,4,67,17,18,2,153,67.6,240.0,0.94,0,-3.42,308.33,93.0,13.0,93.0,13.0,,,,True,N,1
822730,2026-06-01,WSH,MIA,pitch,7c6f54b4-721c-3342-9e29-f9e87a5ae728,5,41,17,2,695578,L,James Wood,645261,R,Sandy Alcantara,WSH,MIA,120,146,Caught Stealing 2B,"Nasim Nuñez caught stealing 2nd base, catcher Joe Mack to shortstop Otto Lopez.",Caught Stealing 2B,,0,0,0,0,B,Ball,ball,False,B,CH,Changeup,Ball,90.8,83.9,3.49,1.76,6.05,0.41,13,2246,16.7,2.9,-30.0,-1.2793,2.4164,1.39,0.24,-2.5,1.39,1.39,0.39,False,False,False,False,False,-1.2793,2.4164,1,68,20,19,3,154,,,,,,,,,,,True,,,True,N,1
822730,2026-06-01,WSH,MIA,pitch,f149711c-1934-3038-988c-f8b92c295abe,6,42,33,0,677870,R,Leo Jiménez,676917,R,Cade Cavalli,MIA,WSH,146,120,Single,Leo Jiménez singles on a ground ball to center fielder Jacob Young.,Single,,0,0,0,0,S,Strike,called_strike,False,C,KC,Knuckle Curve,Called Strike,83.6,78.1,3.12,1.57,6.32,0.45,2,1942,6.6,-3.0,-41.5,-0.2496,2.7692,-0.55,-0.25,-3.46,6.6,-0.55,0.42,True,True,False,False,False,-0.2496,2.7692,1,87,24,23,3,155,,,,,,,,,,,,,,False,N,1
822730,2026-06-01,WSH,MIA,pitch,d637c654-d5c2-3c75-83a1-a71c1f785a65,6,42,33,0,677870,R,Leo Jiménez,676917,R,Cade Cavalli,MIA,WSH,146,120,Single,Leo Jiménez singles on a ground ball to center fielder Jacob Young.,Single,,1,0,1,0,B,Ball,ball,False,B,ST,Sweeper,Ball,86.7,80.8,3.12,1.57,6.13,0.43,14,2318,15.1,-7.4,-43.7,1.8062,1.0665,-1.26,-0.62,-3.64,15.1,-1.26,0.41,False,False,False,False,False,1.8062,1.0665,2,88,10,23,3,156,24.9,,,,,,,,,,,,,False,N,1
822730,2026-06-01,WSH,MIA,pitch,6926837b-fe32-36e5-9e09-3074ab045c26,6,42,33,0,677870,R,Leo Jiménez,676917,R,Cade Cavalli,MIA,WSH,146,120,Single,Leo Jiménez singles on a ground ball to center fielder Jacob Young.,Single,"{""homeRunBallparks"": 0}",1,1,1,1,X,In Play,hit_into_play,False,D,FF,4-Seam Fastball,"In play, no out",96.0,88.3,3.12,1.57,6.35,0.39,2,2164,4.7,12.5,-17.0,0.033,2.6905,0.39,1.04,-1.42,0.39,0.39,0.37,True,True,False,False,False,0.033,2.6905,3,89,38,23,3,157,,138.0,0.63,0,-13.21,302.57,107.0,6.0,107.0,6.0,,,,True,N,1
822730,2026-06-01,WSH,MIA,pitch,a4d0b85c-639e-34fc-bb94-26870b75ae42,6,43,75,0,681715,R,Heriberto Hernández,663992,L,Richard Lovelady,MIA,WSH,146,120,Home Run,Heriberto Hernández homers (3) on a fly ball to left field. Leo Jiménez scores.,Home Run,,0,0,0,0,B,Ball,ball,False,B,FF,4-Seam Fastball,Ball,90.5,83.9,3.18,1.6,7.12,0.41,12,2284,4.7,11.2,-21.7,0.9191,3.6733,-0.39,0.93,-1.81,4.7,-0.39,0.39,False,False,False,False,False,0.9191,3.6733,1,1,1,1,1,158,,,,,,,,,,,True,,,False,N,1
822730,2026-06-01,WSH,MIA,pitch,f1be9ee8-b3a0-35ad-8056-5d8887989835,6,43,75,0,681715,R,Heriberto Hernández,663992,L,Richard Lovelady,MIA,WSH,146,120,Home Run,Heriberto Hernández homers (3) on a fly ball to left field. Leo Jiménez scores.,Home Run,,0,1,0,1,S,Strike,called_strike,False,C,ST,Sweeper,Called Strike,80.9,75.4,3.18,1.6,7.24,0.46,6,2434,11.9,1.0,-40.2,0.4028,2.6387,0.99,0.08,-3.35,0.99,0.99,0.43,True,True,False,False,False,0.4028,2.6387,2,2,1,1,1,159,,,,,,,,,,,True,,,False,N,1
822730,2026-06-01,WSH,MIA,pitch,6acd1b59-83ce-313c-9f2b-e9f7ec377eba,6,43,75,0,681715,R,Heriberto Hernández,663992,L,Richard Lovelady,MIA,WSH,146,120,Home Run,Heriberto Hernández homers (3) on a fly ball to left field. Leo Jiménez scores.,Home Run,,1,1,1,1,B,Ball,ball,False,B,FF,4-Seam Fastball,Ball,91.9,85.2,3.18,1.6,7.17,0.41,12,2255,2.8,11.5,-20.4,0.8525,3.7827,-0.23,0.96,-1.7,2.8,-0.23,0.38,False,False,False,False,False,0.8525,3.7827,3,3,2,1,1,160,,,,,,,,,,,True,,,False,N,1
822730,2026-06-01,WSH,MIA,pitch,8c36a9d0-3dee-31b4-8625-f4becbe32eb4,6,43,75,0,681715,R,Heriberto Hernández,663992,L,Richard Lovelady,MIA,WSH,146,120,Home Run,Heriberto Hernández homers (3) on a fly ball to left field. Leo Jiménez scores.,Home Run,,1,2,1,2,B,Ball,ball,False,B,FF,4-Seam Fastball,Ball,91.7,84.9,3.18,1.6,7.37,0.41,12,2290,5.8,14.8,-17.4,0.8848,3.197,-0.48,1.23,-1.45,5.8,-0.48,0.38,False,False,False,False,False,0.8848,3.197,4,4,3,1,1,161,,,,,,,,,,,True,,,False,N,1
822730,2026-06-01,WSH,MIA,pitch,f3ef1a64-3d61-3297-98ed-0edaf3db0a9e,6,43,75,0,681715,R,Heriberto Hernández,663992,L,Richard Lovelady,MIA,WSH,146,120,Home Run,Heriberto Hernández homers (3) on a fly ball to left field. Leo Jiménez scores.,Home Run,"{""homeRunBallparks"": 30}",1,3,1,3,X,In Play,hit_into_play,False,E,SL,Slider,"In play, run(s)",87.5,81.7,3.18,1.6,7.21,0.43,5,2375,0.5,7.0,-28.1,-0.2283,2.4128,0.04,0.58,-2.34,0.04,0.04,0.4,True,True,False,False,False,-0.2283,2.4128,5,5,1,1,1,162,81.9,406.0,0.99,1,-272.78,300.35,110.6,24.0,110.6,24.0,True,,,True,N,1
822730,2026-06-01,WSH,MIA,pitch,cb38624a-945f-3e5e-a2d6-ec684860f663,6,44,11,0,805300,L,Jakob Marsee,663992,L,Richard Lovelady,MIA,WSH,146,120,Hit By Pitch,Jakob Marsee hit by pitch.,Hit By Pitch,,0,0,0,0,S,Strike,called_strike,False,C,SI,Sinker,Called Strike,91.7,85.3,3.21,1.62,7.37,0.41,3,2235,14.2,2.4,-29.6,0.4642,2.7796,-1.18,0.2,-2.47,14.2,-1.18,0.38,True,True,False,False,False,0.4642,2.7796,1,6,1,2,1,163,,,,,,,,,,,,,,False,N,1
822730,2026-06-01,WSH,MIA,pitch,e15b3bb9-e815-3b9d-9c4f-c3dcc60893a6,6,44,11,0,805300,L,Jakob Marsee,663992,L,Richard Lovelady,MIA,WSH,146,120,Hit By Pitch,Jakob Marsee hit by pitch.,Hit By Pitch,,1,0,1,0,X,In Play,hit_by_pitch,False,H,FF,4-Seam Fastball,Hit By Pitch,92.3,86.0,3.21,1.62,7.3,0.4,12,2278,4.2,11.5,-19.9,1.7679,4.1223,-0.35,0.96,-1.66,4.2,-0.35,0.38,False,False,False,False,False,1.7679,4.1223,2,7,4,2,1,164,,,,,,,,,,,,,,True,N,1
822730,2026-06-01,WSH,MIA,pitch,cb059c17-373f-3f0e-9444-d55b89d504ad,6,45,4,1,691788,L,Joe Mack,663992,L,Richard Lovelady,MIA,WSH,146,120,Sac Bunt,"Joe Mack out on a sacrifice bunt, third baseman Curtis Mead to first baseman Luis García Jr. Jakob Marsee to 2nd.",Sac Bunt,"{""homeRunBallparks"": 0}",0,0,0,0,X,In Play,hit_into_play,False,X,ST,Sweeper,"In play, out(s)",81.5,75.1,3.22,1.62,7.17,0.46,12,2434,12.2,4.0,-37.1,1.2049,2.8206,1.02,0.33,-3.09,1.02,1.02,0.43,False,False,False,True,False,1.2049,2.8206,1,8,2,3,1,165,7.7,7.0,0.29,0,-12.24,32.35,30.2,-24.0,30.2,-24.0,True,,,True,N,1
822730,2026-06-01,WSH,MIA,pitch,c1993a7f-b872-3cf1-93df-c522d6af6709,6,46,61,1,681393,R,Connor Norby,663992,L,Richard Lovelady,MIA,WSH,146,120,Double,Connor Norby doubles (10) on a soft ground ball to right fielder James Wood. Jakob Marsee scores.,Double,,0,0,0,0,S,Strike,called_strike,False,C,ST,Sweeper,Called Strike,82.9,76.6,3.11,1.57,7.39,0.45,9,2467,13.1,0.1,-39.6,0.4041,1.6925,1.09,0.01,-3.3,1.09,1.09,0.43,True,True,False,False,False,0.4041,1.6925,1,9,3,4,1,166,,,,,,,,,,,,True,True,False,N,1
822730,2026-06-01,WSH,MIA,pitch,7f01402b-1f7b-394e-9801-4ef0f9d5831f,6,46,61,1,681393,R,Connor Norby,663992,L,Richard Lovelady,MIA,WSH,146,120,Double,Connor Norby doubles (10) on a soft ground ball to right fielder James Wood. Jakob Marsee scores.,Double,,1,0,1,0,B,Ball,ball,False,B,ST,Sweeper,Ball,80.8,74.7,3.11,1.57,7.3,0.46,12,2550,14.9,4.4,-37.1,0.8866,3.637,1.24,0.37,-3.09,1.24,1.24,0.44,False,False,False,False,False,0.8866,3.637,2,10,4,4,1,167,,,,,,,,,,,,True,True,False,N,1
822730,2026-06-01,WSH,MIA,pitch,bf65a98e-0294-31ab-bf17-f2467cb2c71a,6,46,61,1,681393,R,Connor Norby,663992,L,Richard Lovelady,MIA,WSH,146,120,Double,Connor Norby doubles (10) on a soft ground ball to right fielder James Wood. Jakob Marsee scores.,Double,"{""homeRunBallparks"": 0}",1,1,1,1,X,In Play,hit_into_play,False,E,SI,Sinker,"In play, run(s)",90.4,83.5,3.11,1.57,7.42,0.42,4,2167,10.3,6.1,-27.2,-0.7457,2.304,-0.86,0.51,-2.27,10.3,-0.86,0.39,True,True,False,False,False,-0.7457,2.304,3,11,2,4,1,168,78.9,127.0,0.29,0,180.7,143.22,58.6,21.0,58.6,21.0,,True,True,True,N,1
822730,2026-06-01,WSH,MIA,pitch,587f78e0-513b-3b65-8026-bb6cfe66dfc0,6,47,0,1,689414,L,Liam Hicks,663992,L,Richard Lovelady,MIA,WSH,146,120,Pop Out,Liam Hicks pops out to second baseman Nasim Nuñez.,Pop Out,,0,0,0,0,B,Ball,ball,False,B,SI,Sinker,Ball,91.0,84.1,3.09,1.56,7.6,0.41,9,2252,13.3,0.1,-32.8,0.8076,1.571,-1.11,0.01,-2.73,13.3,-1.11,0.39,True,True,False,True,False,0.8076,1.571,1,12,3,5,1,169,,,,,,,,,,,,,,False,N,1
822730,2026-06-01,WSH,MIA,pitch,612bb16b-4421-32c8-ac79-e154a566bb11,6,47,0,1,689414,L,Liam Hicks,663992,L,Richard Lovelady,MIA,WSH,146,120,Pop Out,Liam Hicks pops out to second baseman Nasim Nuñez.,Pop Out,,0,1,0,1,S,Strike,called_strike,False,C,SI,Sinker,Called Strike,91.6,85.0,3.09,1.56,7.57,0.41,4,2224,11.6,3.7,-28.6,-0.3434,2.2869,-0.97,0.31,-2.38,11.6,-0.97,0.38,True,True,False,True,False,-0.3434,2.2869,2,13,4,5,1,170,,,,,,,,,,,,,,False,N,1
822730,2026-06-01,WSH,MIA,pitch,2a3e3d5c-3e23-310c-975e-d587cd15ed7c,6,47,0,1,689414,L,Liam Hicks,663992,L,Richard Lovelady,MIA,WSH,146,120,Pop Out,Liam Hicks pops out to second baseman Nasim Nuñez.,Pop Out,"{""homeRunBallparks"": 0}",1,1,1,1,X,In Play,hit_into_play,False,X,ST,Sweeper,"In play, out(s)",81.9,75.4,3.09,1.56,7.25,0.46,14,2478,14.3,-2.2,-42.8,0.8356,2.0831,1.19,-0.18,-3.57,1.19,1.19,0.43,False,False,False,True,False,0.8356,2.0831,3,14,5,5,1,171,69.1,184.0,0.2,0,33.12,179.62,64.1,46.0,64.1,46.0,,,,True,N,1
822730,2026-06-01,WSH,MIA,pitch,9a51f007-1766-36f1-8fa4-03dd1f328e9a,6,48,0,2,672640,R,Otto Lopez,687606,R,Paxton Schultz,MIA,WSH,146,120,Flyout,Otto Lopez flies out to right fielder James Wood.,Flyout,,0,0,0,0,S,Strike,called_strike,False,C,FC,Cutter,Called Strike,88.0,82.4,3.14,1.58,5.9,0.42,7,2303,3.2,5.6,-29.0,-0.4893,2.0437,-0.27,0.47,-2.42,3.2,-0.27,0.4,True,True,False,True,False,-0.4893,2.0437,1,1,1,1,1,172,,,,,,,,,,,,,,False,N,1
822730,2026-06-01,WSH,MIA,pitch,74678e5f-d193-3cb3-a5a1-5900da859a52,6,48,0,2,672640,R,Otto Lopez,687606,R,Paxton Schultz,MIA,WSH,146,120,Flyout,Otto Lopez flies out to right fielder James Wood.,Flyout,,1,0,1,0,S,Strike,called_strike,False,C,SL,Slider,Called Strike,86.2,80.1,3.14,1.58,6.09,0.43,8,2301,5.6,2.9,-33.5,-0.0025,1.7246,-0.47,0.24,-2.79,5.6,-0.47,0.41,True,True,False,True,False,-0.0025,1.7246,2,2,1,1,1,173,,,,,,,,,,,,,,False,N,1
822730,2026-06-01,WSH,MIA,pitch,9c38bfb6-db10-3f10-9fec-7379c157a25a,6,48,0,2,672640,R,Otto Lopez,687606,R,Paxton Schultz,MIA,WSH,146,120,Flyout,Otto Lopez flies out to right fielder James Wood.,Flyout,"{""homeRunBallparks"": 0}",2,0,2,0,X,In Play,hit_into_play,False,X,FF,4-Seam Fastball,"In play, out(s)",94.5,87.1,3.14,1.58,6.0,0.4,12,2253,7.6,16.3,-14.2,0.5819,3.4404,0.63,1.36,-1.18,0.63,0.63,0.37,False,False,False,True,False,0.5819,3.4404,3,3,1,1,1,174,71.3,326.0,0.18,0,128.16,288.64,94.7,29.0,94.7,29.0,,,,True,N,1
822730,2026-06-01,WSH,MIA,pitch,9b616b0c-b92e-3467-a45b-2ed561d26283,6,49,14,1,695578,L,James Wood,645261,R,Sandy Alcantara,WSH,MIA,120,146,Strikeout,James Wood strikes out swinging.,Strikeout,,0,0,0,0,S,Strike,foul,False,F,FC,Cutter,Foul,87.9,82.0,3.49,1.76,5.85,0.42,5,2335,1.8,4.3,-30.6,-0.1333,2.6935,-0.15,0.36,-2.55,1.8,-0.15,0.4,True,True,False,False,False,-0.1333,2.6935,1,69,6,20,3,175,75.2,,,,,,,,,,,,,False,N,1
822730,2026-06-01,WSH,MIA,pitch,24cf3642-1ad8-36d5-931f-0ec62578aa3d,6,49,14,1,695578,L,James Wood,645261,R,Sandy Alcantara,WSH,MIA,120,146,Strikeout,James Wood strikes out swinging.,Strikeout,,1,0,1,0,S,Strike,called_strike,False,C,ST,Sweeper,Called Strike,83.1,77.2,3.49,1.76,5.84,0.45,7,2481,15.5,-0.5,-39.7,-0.6809,2.2481,-1.29,-0.04,-3.31,15.5,-1.29,0.42,True,True,False,False,False,-0.6809,2.2481,2,70,6,20,3,176,,,,,,,,,,,,,,False,N,1
822730,2026-06-01,WSH,MIA,pitch,e16bdfbc-45dd-3657-b9bf-da05e63924bc,6,49,14,1,695578,L,James Wood,645261,R,Sandy Alcantara,WSH,MIA,120,146,Strikeout,James Wood strikes out swinging.,Strikeout,,2,0,2,0,S,Strike,swinging_strike,True,S,FF,4-Seam Fastball,Swinging Strike,98.5,90.8,3.49,1.76,5.99,0.38,11,2228,12.7,11.8,-16.2,-1.4756,2.7942,1.06,0.98,-1.35,1.06,1.06,0.36,False,False,False,False,False,-1.4756,2.7942,3,71,14,20,3,177,74.2,,,,,,,,,,,,,True,N,1
822730,2026-06-01,WSH,MIA,pitch,f06d7ee0-7721-3d09-8495-64d96a639346,6,50,0,1,671277,L,Luis García Jr.,645261,R,Sandy Alcantara,WSH,MIA,120,146,Flyout,Luis García Jr. flies out to left fielder Heriberto Hernández.,Flyout,,0,0,0,0,B,Ball,ball,False,B,SI,Sinker,Ball,98.1,90.2,3.25,1.64,6.04,0.38,14,2421,17.8,8.6,-19.8,0.8871,1.9766,1.48,0.72,-1.65,1.48,1.48,0.36,False,False,False,True,False,0.8871,1.9766,1,72,18,21,3,178,,,,,,,,,,,,,,False,N,1
822730,2026-06-01,WSH,MIA,pitch,d3b5f252-d7a3-3727-af7b-dcddc5c14f65,6,50,0,1,671277,L,Luis García Jr.,645261,R,Sandy Alcantara,WSH,MIA,120,146,Flyout,Luis García Jr. flies out to left fielder Heriberto Hernández.,Flyout,,0,1,0,1,B,Ball,ball,False,B,FC,Cutter,Ball,89.2,84.1,3.25,1.64,5.98,0.42,14,2249,2.8,5.8,-27.8,0.6306,1.1912,-0.23,0.48,-2.32,2.8,-0.23,0.39,False,False,False,True,False,0.6306,1.1912,2,73,7,21,3,179,,,,,,,,,,,,,,False,N,1
822730,2026-06-01,WSH,MIA,pitch,99ffc980-8e9e-3468-84a8-4516cf34c328,6,50,0,1,671277,L,Luis García Jr.,645261,R,Sandy Alcantara,WSH,MIA,120,146,Flyout,Luis García Jr. flies out to left fielder Heriberto Hernández.,Flyout,,0,2,0,2,S,Strike,called_strike,False,C,CH,Changeup,Called Strike,91.5,84.7,3.25,1.64,6.06,0.41,4,2149,16.4,1.4,-31.1,-0.3104,2.2641,1.37,0.12,-2.59,1.37,1.37,0.38,True,True,False,True,False,-0.3104,2.2641,3,74,21,21,3,180,,,,,,,,,,,,,,False,N,1
822730,2026-06-01,WSH,MIA,pitch,8d050e22-4a58-360f-bd08-5eef740f45bb,6,50,0,1,671277,L,Luis García Jr.,645261,R,Sandy Alcantara,WSH,MIA,120,146,Flyout,Luis García Jr. flies out to left fielder Heriberto Hernández.,Flyout,,1,2,1,2,S,Strike,foul,False,F,ST,Sweeper,Foul,85.1,78.5,3.25,1.64,5.99,0.44,13,2538,10.6,7.1,-30.6,-0.4802,1.5073,-0.88,0.59,-2.55,10.6,-0.88,0.41,False,False,False,True,False,-0.4802,1.5073,4,75,7,21,3,181,73.1,,,,,,,,,,,,,False,N,1
822730,2026-06-01,WSH,MIA,pitch,eeb1076d-8440-3cb8-87a0-e42943298e1f,6,50,0,1,671277,L,Luis García Jr.,645261,R,Sandy Alcantara,WSH,MIA,120,146,Flyout,Luis García Jr. flies out to left fielder Heriberto Hernández.,Flyout,"{""homeRunBallparks"": 0}",2,2,2,2,X,In Play,hit_into_play,False,X,FF,4-Seam Fastball,"In play, out(s)",99.1,91.0,3.25,1.64,5.97,0.38,11,2288,13.8,10.9,-16.8,-1.236,2.6151,1.15,0.91,-1.4,1.15,1.15,0.36,False,False,False,True,False,-1.236,2.6151,5,76,15,21,3,182,70.8,249.0,0.39,0,-154.0,194.03,75.0,30.0,75.0,30.0,,,,True,N,1
822730,2026-06-01,WSH,MIA,pitch,d560b7d1-c43a-34b5-a761-b8ecfd124640,6,51,33,2,678554,R,Curtis Mead,645261,R,Sandy Alcantara,WSH,MIA,120,146,Single,Curtis Mead singles on a line drive to center fielder Jakob Marsee.,Single,,0,0,0,0,S,Strike,foul,False,F,CH,Changeup,Foul,90.2,83.3,3.25,1.64,6.08,0.42,11,2194,18.6,4.1,-29.3,-0.9857,2.655,1.55,0.34,-2.44,1.55,1.55,0.39,False,False,False,False,False,-0.9857,2.655,1,77,22,22,3,183,69.8,,,,,,,,,,,,,False,N,1
822730,2026-06-01,WSH,MIA,pitch,9f15e5a9-3cfe-35d0-b1d1-91cdf2fe7d49,6,51,33,2,678554,R,Curtis Mead,645261,R,Sandy Alcantara,WSH,MIA,120,146,Single,Curtis Mead singles on a line drive to center fielder Jakob Marsee.,Single,,1,0,1,0,S,Strike,called_strike,False,C,ST,Sweeper,Called Strike,84.3,78.6,3.25,1.64,5.93,0.44,1,2352,10.0,2.8,-35.0,-0.7545,2.9398,-0.83,0.23,-2.92,10.0,-0.83,0.42,True,True,False,False,True,-0.7545,2.9398,2,78,8,22,3,184,,,,,,,,,,,,,,False,N,1
822730,2026-06-01,WSH,MIA,pitch,0d2b907f-a711-3e44-907c-088fc4d61b8c,6,51,33,2,678554,R,Curtis Mead,645261,R,Sandy Alcantara,WSH,MIA,120,146,Single,Curtis Mead singles on a line drive to center fielder Jakob Marsee.,Single,,2,0,2,0,S,Strike,foul,False,F,SI,Sinker,Foul,98.6,90.4,3.25,1.64,6.01,0.38,5,2284,17.3,7.1,-21.1,0.1571,2.6436,1.44,0.59,-1.76,1.44,1.44,0.36,True,True,False,False,False,0.1571,2.6436,3,79,19,22,3,185,,,,,,,,,,,,,,False,N,1
822730,2026-06-01,WSH,MIA,pitch,d57bfe80-7033-384e-8b61-8025493d42d1,6,51,33,2,678554,R,Curtis Mead,645261,R,Sandy Alcantara,WSH,MIA,120,146,Single,Curtis Mead singles on a line drive to center fielder Jakob Marsee.,Single,"{""homeRunBallparks"": 0}",2,0,2,0,X,In Play,hit_into_play,False,D,SI,Sinker,"In play, no out",98.7,90.2,3.25,1.64,5.93,0.38,1,2378,17.4,10.6,-17.6,-0.3476,2.8398,1.45,0.88,-1.47,1.45,1.45,0.36,True,True,False,False,False,-0.3476,2.8398,4,80,20,22,3,186,,203.0,0.97,0,-47.8,286.21,88.6,14.0,88.6,14.0,,,,True,N,1
822730,2026-06-01,WSH,MIA,pitch,643d4f52-24d4-3a5e-a8f9-6b345be74dd3,6,52,0,2,682928,L,CJ Abrams,645261,R,Sandy Alcantara,WSH,MIA,120,146,Groundout,CJ Abrams grounds out to first baseman Connor Norby.,Groundout,"{""homeRunBallparks"": 0}",0,0,0,0,X,In Play,hit_into_play,False,X,CH,Changeup,"In play, out(s)",91.6,84.0,3.22,1.63,5.99,0.41,7,2302,16.1,-1.0,-33.7,-0.3302,1.6579,1.34,-0.08,-2.81,1.34,1.34,0.39,True,True,False,True,False,-0.3302,1.6579,1,81,23,23,3,187,73.0,4.0,0.09,0,54.84,72.36,94.2,-25.0,94.2,-25.0,,,,True,N,1
822730,2026-06-01,WSH,MIA,pitch,552dbae8-53f2-3638-acf6-e57fe148efa1,7,53,14,1,669065,L,Kyle Stowers,687606,R,Paxton Schultz,MIA,WSH,146,120,Strikeout,"Kyle Stowers challenged (pitch result), call on the field was confirmed: Kyle Stowers called out on strikes.",Strikeout,,0,0,0,0,S,Strike,called_strike,False,C,FF,4-Seam Fastball,Called Strike,93.1,85.5,3.3,1.66,5.99,0.4,2,2315,8.4,16.4,-15.0,-0.019,3.1908,0.7,1.37,-1.25,0.7,0.7,0.38,True,True,False,False,False,-0.019,3.1908,1,4,2,2,1,188,,,,,,,,,,,,,,False,N,1
822730,2026-06-01,WSH,MIA,pitch,d183f783-2b8f-3e5e-866e-85d24ed02b3e,7,53,14,1,669065,L,Kyle Stowers,687606,R,Paxton Schultz,MIA,WSH,146,120,Strikeout,"Kyle Stowers challenged (pitch result), call on the field was confirmed: Kyle Stowers called out on strikes.",Strikeout,,1,0,1,0,S,Strike,swinging_strike,True,S,FC,Cutter,Swinging Strike,89.1,82.5,3.3,1.66,5.75,0.42,11,2244,2.0,9.0,-25.1,-0.8895,2.7255,-0.17,0.75,-2.09,2.0,-0.17,0.39,False,False,False,False,False,-0.8895,2.7255,2,5,2,2,1,189,71.8,,,,,,,,,,,,,False,N,1
822730,2026-06-01,WSH,MIA,pitch,a12e7748-7da3-3baf-b19a-4e1b02d65c18,7,53,14,1,669065,L,Kyle Stowers,687606,R,Paxton Schultz,MIA,WSH,146,120,Strikeout,"Kyle Stowers challenged (pitch result), call on the field was confirmed: Kyle Stowers called out on strikes.",Strikeout,,2,0,2,0,B,Ball,ball,False,B,FF,4-Seam Fastball,Ball,94.1,86.9,3.3,1.66,5.94,0.4,11,2261,6.4,15.0,-15.5,-0.5934,3.7737,0.53,1.25,-1.29,0.53,0.53,0.37,False,False,False,False,False,-0.5934,3.7737,3,6,3,2,1,190,30.0,,,,,,,,,,,,,False,N,1
822730,2026-06-01,WSH,MIA,pitch,b47948ce-d61c-3cc2-8474-150492d4dce2,7,53,14,1,669065,L,Kyle Stowers,687606,R,Paxton Schultz,MIA,WSH,146,120,Strikeout,"Kyle Stowers challenged (pitch result), call on the field was confirmed: Kyle Stowers called out on strikes.",Strikeout,,2,1,2,1,S,Strike,called_strike,False,C,FF,4-Seam Fastball,Called Strike,93.1,85.8,3.3,1.66,5.91,0.4,8,2272,7.0,14.5,-16.9,0.0128,1.7927,0.58,1.21,-1.41,0.58,0.58,0.38,True,True,False,False,True,0.0128,1.7927,4,7,4,2,1,191,,,,,,,,,,,,,,True,N,1
822730,2026-06-01,WSH,MIA,pitch,a0be7e2a-f1af-33b4-bc42-0f68205f5e55,7,54,0,1,669364,L,Xavier Edwards,687606,R,Paxton Schultz,MIA,WSH,146,120,Groundout,"Xavier Edwards grounds out, third baseman Curtis Mead to first baseman Luis García Jr.",Groundout,,0,0,0,0,S,Strike,called_strike,False,C,FC,Cutter,Called Strike,87.9,81.0,3.06,1.54,5.78,0.43,1,2234,7.1,6.2,-28.9,-0.7047,2.8948,-0.59,0.52,-2.41,7.1,-0.59,0.4,True,True,False,True,False,-0.7047,2.8948,1,8,3,3,1,192,,,,,,,,,,,,,,False,N,1
822730,2026-06-01,WSH,MIA,pitch,10e95c12-14dc-3341-a6b3-975be2d00c8f,7,54,0,1,669364,L,Xavier Edwards,687606,R,Paxton Schultz,MIA,WSH,146,120,Groundout,"Xavier Edwards grounds out, third baseman Curtis Mead to first baseman Luis García Jr.",Groundout,"{""homeRunBallparks"": 0}",1,0,1,0,X,In Play,hit_into_play,False,X,FC,Cutter,"In play, out(s)",88.5,82.4,3.06,1.54,5.8,0.42,11,2225,2.5,5.8,-28.6,-0.8394,2.6772,-0.21,0.48,-2.38,2.5,-0.21,0.4,False,False,False,True,False,-0.8394,2.6772,2,9,4,3,1,193,66.2,47.0,0.19,0,-36.69,71.85,76.1,1.0,76.1,1.0,,,,True,N,1
822730,2026-06-01,WSH,MIA,pitch,d6511c37-ce5e-3ffc-90ca-843ae5e9e10e,7,55,0,2,677870,R,Leo Jiménez,687606,R,Paxton Schultz,MIA,WSH,146,120,Groundout,"Leo Jiménez grounds out, shortstop CJ Abrams to first baseman Luis García Jr.",Groundout,,0,0,0,0,B,Ball,ball,False,B,FC,Cutter,Ball,87.8,81.6,3.12,1.57,5.92,0.43,14,2239,6.8,7.2,-28.1,1.5683,1.2134,-0.57,0.6,-2.34,6.8,-0.57,0.4,False,False,False,True,False,1.5683,1.2134,1,10,5,4,1,194,,,,,,,,,,,,,,False,N,1
822730,2026-06-01,WSH,MIA,pitch,307dd4d9-c9ba-3aca-a477-e857d6ef8f12,7,55,0,2,677870,R,Leo Jiménez,687606,R,Paxton Schultz,MIA,WSH,146,120,Groundout,"Leo Jiménez grounds out, shortstop CJ Abrams to first baseman Luis García Jr.",Groundout,,0,1,0,1,B,Ball,ball,False,B,CH,Changeup,Ball,86.8,80.6,3.12,1.57,6.17,0.43,13,1312,7.3,5.3,-30.7,-0.023,0.9524,0.61,0.44,-2.56,0.61,0.61,0.41,False,False,False,True,False,-0.023,0.9524,2,11,1,4,1,195,,,,,,,,,,,,,,False,N,1
822730,2026-06-01,WSH,MIA,pitch,1dc0ea78-1238-34a1-84fa-ba03e176142e,7,55,0,2,677870,R,Leo Jiménez,687606,R,Paxton Schultz,MIA,WSH,146,120,Groundout,"Leo Jiménez grounds out, shortstop CJ Abrams to first baseman Luis García Jr.",Groundout,,0,2,0,2,S,Strike,called_strike,False,C,FC,Cutter,Called Strike,88.6,82.5,3.12,1.57,6.06,0.42,2,2320,1.3,10.7,-23.6,-0.0045,3.0384,-0.11,0.89,-1.97,1.3,-0.11,0.4,True,True,False,True,False,-0.0045,3.0384,3,12,6,4,1,196,,,,,,,,,,,,,,False,N,1
822730,2026-06-01,WSH,MIA,pitch,90d72918-36ea-3249-b317-541a8cb7d165,7,55,0,2,677870,R,Leo Jiménez,687606,R,Paxton Schultz,MIA,WSH,146,120,Groundout,"Leo Jiménez grounds out, shortstop CJ Abrams to first baseman Luis García Jr.",Groundout,,1,2,1,2,B,Ball,ball,False,B,FC,Cutter,Ball,89.8,83.8,3.12,1.57,6.21,0.42,14,2286,2.5,11.2,-22.4,1.9837,2.0751,-0.21,0.93,-1.87,2.5,-0.21,0.39,False,False,False,True,False,1.9837,2.0751,4,13,7,4,1,197,,,,,,,,,,,,,,False,N,1
822730,2026-06-01,WSH,MIA,pitch,bc83d26d-e7ff-392e-9551-45fbd043d324,7,55,0,2,677870,R,Leo Jiménez,687606,R,Paxton Schultz,MIA,WSH,146,120,Groundout,"Leo Jiménez grounds out, shortstop CJ Abrams to first baseman Luis García Jr.",Groundout,,1,3,1,3,S,Strike,foul,False,F,FC,Cutter,Foul,89.1,82.8,3.12,1.57,5.97,0.42,5,2289,4.0,9.8,-24.1,0.0572,2.068,-0.33,0.82,-2.01,4.0,-0.33,0.39,True,True,False,True,False,0.0572,2.068,5,14,8,4,1,198,70.7,,,,,,,,,,,,,False,N,1
822730,2026-06-01,WSH,MIA,pitch,12ba1cbc-da60-3f6a-9e6a-933084b1b9d5,7,55,0,2,677870,R,Leo Jiménez,687606,R,Paxton Schultz,MIA,WSH,146,120,Groundout,"Leo Jiménez grounds out, shortstop CJ Abrams to first baseman Luis García Jr.",Groundout,"{""homeRunBallparks"": 0}",2,3,2,3,X,In Play,hit_into_play,False,X,FF,4-Seam Fastball,"In play, out(s)",94.0,86.4,3.12,1.57,6.19,0.4,2,2364,12.1,16.6,-14.3,-0.09,3.1365,1.01,1.38,-1.19,1.01,1.01,0.38,True,True,False,True,False,-0.09,3.1365,6,15,5,4,1,199,,20.0,0.2,0,-34.37,132.23,90.8,-8.0,90.8,-8.0,,,,True,N,1
822730,2026-06-01,WSH,MIA,pitch,1627b0b2-48b7-3fe2-851c-9b17cc192dc7,7,56,33,0,695734,L,Daylen Lile,645261,R,Sandy Alcantara,WSH,MIA,120,146,Single,Daylen Lile singles on a line drive to right fielder Kyle Stowers.,Single,"{""homeRunBallparks"": 0}",0,0,0,0,X,In Play,hit_into_play,False,D,CH,Changeup,"In play, no out",90.4,83.1,3.18,1.6,6.06,0.42,13,2125,18.7,1.0,-32.8,-0.3163,0.9601,1.56,0.08,-2.73,1.56,1.56,0.39,False,False,False,False,False,-0.3163,0.9601,1,82,24,24,3,200,70.6,246.0,0.99,0,69.54,287.63,77.2,19.0,77.2,19.0,,,,True,N,1
822730,2026-06-01,WSH,MIA,pitch,7cda85e2-70d6-3f30-b374-b2ddad4e018b,7,57,0,1,696285,R,Jacob Young,645261,R,Sandy Alcantara,WSH,MIA,120,146,Flyout,Jacob Young flies out to right fielder Kyle Stowers.,Flyout,,0,0,0,0,B,Ball,ball,False,B,SI,Sinker,Ball,97.5,89.7,3.19,1.61,6.05,0.39,14,2334,15.5,5.3,-23.5,0.5044,1.2865,1.29,0.44,-1.96,1.29,1.29,0.36,False,False,False,True,False,0.5044,1.2865,1,83,21,25,3,201,,,,,,,,,,,,,,False,N,1
822730,2026-06-01,WSH,MIA,pitch,8fc2650e-7a96-3bbd-bdb5-1c4c7b2fc07c,7,57,0,1,696285,R,Jacob Young,645261,R,Sandy Alcantara,WSH,MIA,120,146,Flyout,Jacob Young flies out to right fielder Kyle Stowers.,Flyout,,0,1,0,1,S,Strike,foul,False,F,CH,Changeup,Foul,90.5,83.8,3.19,1.61,5.93,0.41,8,2195,15.6,1.6,-31.7,-0.1352,1.6671,1.3,0.13,-2.64,1.3,1.3,0.39,True,True,False,True,False,-0.1352,1.6671,2,84,25,25,3,202,67.2,,,,,,,,,,,,,False,N,1
822730,2026-06-01,WSH,MIA,pitch,93e4e47e-5770-3229-ae41-cf3141fd6f10,7,57,0,1,696285,R,Jacob Young,645261,R,Sandy Alcantara,WSH,MIA,120,146,Flyout,Jacob Young flies out to right fielder Kyle Stowers.,Flyout,"{""homeRunBallparks"": 0}",1,1,1,1,X,In Play,hit_into_play,False,X,FF,4-Seam Fastball,"In play, out(s)",98.3,90.7,3.19,1.61,6.08,0.38,1,2362,12.1,13.3,-14.8,-0.5599,2.7541,1.01,1.11,-1.23,1.01,1.01,0.36,True,True,False,True,False,-0.5599,2.7541,3,85,16,25,3,203,67.9,263.0,0.01,0,100.05,243.42,92.3,45.0,92.3,45.0,,,,True,N,1
822730,2026-06-01,WSH,MIA,pitch,eb9aaf02-73fd-35dc-80af-6453dcea80a0,7,58,14,1,677588,L,José Tena,645261,R,Sandy Alcantara,WSH,MIA,120,146,Strikeout,José Tena strikes out on a foul tip.,Strikeout,,0,0,0,0,B,Ball,ball,False,B,SI,Sinker,Ball,98.1,89.6,3.14,1.58,5.92,0.38,11,2368,13.9,11.6,-16.8,-1.1921,2.5261,1.16,0.97,-1.4,1.16,1.16,0.36,False,False,False,False,False,-1.1921,2.5261,1,86,22,26,3,204,,,,,,,,,,,,,,False,N,1
822730,2026-06-01,WSH,MIA,pitch,23bdf482-39c6-3f7a-8fec-eaab2c7617e3,7,58,14,1,677588,L,José Tena,645261,R,Sandy Alcantara,WSH,MIA,120,146,Strikeout,José Tena strikes out on a foul tip.,Strikeout,,0,1,0,1,B,Ball,ball,False,B,CH,Changeup,Ball,91.6,84.0,3.14,1.58,5.99,0.41,11,2307,16.2,5.6,-27.0,-1.5613,2.6741,1.35,0.47,-2.25,1.35,1.35,0.39,False,False,False,False,False,-1.5613,2.6741,2,87,26,26,3,205,,,,,,,,,,,,,,False,N,1
822730,2026-06-01,WSH,MIA,pitch,12ba83b8-b7cc-3bfa-aa02-44cd546fe385,7,58,14,1,677588,L,José Tena,645261,R,Sandy Alcantara,WSH,MIA,120,146,Strikeout,José Tena strikes out on a foul tip.,Strikeout,,0,2,0,2,S,Strike,foul,False,F,CH,Changeup,Foul,91.2,83.5,3.14,1.58,6.1,0.41,4,2323,16.2,3.2,-29.8,-0.5552,2.5394,1.35,0.27,-2.48,1.35,1.35,0.39,True,True,False,False,False,-0.5552,2.5394,3,88,27,26,3,206,67.8,,,,,,,,,,,,,False,N,1
822730,2026-06-01,WSH,MIA,pitch,1b8b0991-698d-3a5f-bbc8-5ecec591c008,7,58,14,1,677588,L,José Tena,645261,R,Sandy Alcantara,WSH,MIA,120,146,Strikeout,José Tena strikes out on a foul tip.,Strikeout,,1,2,1,2,B,Ball,ball,False,B,ST,Sweeper,Ball,85.4,78.5,3.14,1.58,5.87,0.44,11,2348,12.1,8.4,-28.9,-1.0054,4.2194,-1.01,0.7,-2.41,12.1,-1.01,0.41,False,False,False,False,False,-1.0054,4.2194,4,89,9,26,3,207,,,,,,,,,,,,,,False,N,1
822730,2026-06-01,WSH,MIA,pitch,0dc8a53e-0b7e-3d3d-8fd1-904d669e3adc,7,58,14,1,677588,L,José Tena,645261,R,Sandy Alcantara,WSH,MIA,120,146,Strikeout,José Tena strikes out on a foul tip.,Strikeout,,1,3,1,3,S,Strike,foul,False,F,CH,Changeup,Foul,92.1,84.0,3.14,1.58,6.13,0.41,1,2180,17.2,3.0,-29.4,-0.6172,2.7384,1.43,0.25,-2.45,1.43,1.43,0.38,True,True,False,False,False,-0.6172,2.7384,5,90,28,26,3,208,76.4,,,,,,,,,,,,,False,N,1
822730,2026-06-01,WSH,MIA,pitch,8c3bc7b6-6266-31fb-9df0-aa68bb50b2f4,7,58,14,1,677588,L,José Tena,645261,R,Sandy Alcantara,WSH,MIA,120,146,Strikeout,José Tena strikes out on a foul tip.,Strikeout,,2,3,2,3,S,Strike,foul_tip,True,T,SI,Sinker,Foul Tip,98.5,90.2,3.14,1.58,6.01,0.38,7,2342,17.6,9.0,-19.3,-0.4284,1.9803,1.47,0.75,-1.61,1.47,1.47,0.36,True,True,False,False,False,-0.4284,1.9803,6,91,23,26,3,209,,,,,,,,,,,,,,True,N,1
822730,2026-06-01,WSH,MIA,pitch,8707d631-a422-3f53-9196-9ae11083dba1,7,59,0,2,660688,L,Keibert Ruiz,645261,R,Sandy Alcantara,WSH,MIA,120,146,Flyout,Keibert Ruiz flies out to right fielder Kyle Stowers.,Flyout,,0,0,0,0,S,Strike,foul,False,F,SI,Sinker,Foul,98.6,90.3,3.18,1.6,5.96,0.38,11,2371,15.1,7.1,-21.0,-0.9211,2.5808,1.26,0.59,-1.75,1.26,1.26,0.36,False,False,False,True,False,-0.9211,2.5808,1,92,24,27,3,210,64.6,,,,,,,,,,,,,False,N,1
822730,2026-06-01,WSH,MIA,pitch,9bc3b24a-7b09-309a-9f3c-8d71bc6662cd,7,59,0,2,660688,L,Keibert Ruiz,645261,R,Sandy Alcantara,WSH,MIA,120,146,Flyout,Keibert Ruiz flies out to right fielder Kyle Stowers.,Flyout,,1,0,1,0,S,Strike,foul,False,F,FC,Cutter,Foul,91.3,84.2,3.18,1.6,6.02,0.41,12,2245,1.2,4.1,-28.6,0.0961,3.3094,-0.1,0.34,-2.38,1.2,-0.1,0.39,False,False,False,True,False,0.0961,3.3094,2,93,8,27,3,211,60.8,,,,,,,,,,,,,False,N,1
822730,2026-06-01,WSH,MIA,pitch,103e411c-c89e-3f95-bb0a-55f85fd9eb90,7,59,0,2,660688,L,Keibert Ruiz,645261,R,Sandy Alcantara,WSH,MIA,120,146,Flyout,Keibert Ruiz flies out to right fielder Kyle Stowers.,Flyout,,2,0,2,0,S,Strike,foul,False,F,CH,Changeup,Foul,92.0,84.7,3.18,1.6,6.09,0.41,13,2390,17.3,1.2,-31.1,-1.6654,1.3319,1.44,0.1,-2.59,1.44,1.44,0.38,False,False,False,True,False,-1.6654,1.3319,3,94,29,27,3,212,59.3,,,,,,,,,,,,,False,N,1
822730,2026-06-01,WSH,MIA,pitch,cb70b387-f191-39a6-96e9-0fdd15f4fe2f,7,59,0,2,660688,L,Keibert Ruiz,645261,R,Sandy Alcantara,WSH,MIA,120,146,Flyout,Keibert Ruiz flies out to right fielder Kyle Stowers.,Flyout,"{""homeRunBallparks"": 0}",2,0,2,0,X,In Play,hit_into_play,False,X,SI,Sinker,"In play, out(s)",98.9,90.7,3.18,1.6,6.02,0.38,2,2330,15.0,8.5,-19.3,-0.0455,2.9055,1.25,0.71,-1.61,1.25,1.25,0.36,True,True,False,True,False,-0.0455,2.9055,4,95,25,27,3,213,71.3,339.0,0.22,0,142.81,299.63,98.9,36.0,98.9,36.0,,,,True,N,1
822730,2026-06-01,WSH,MIA,pitch,0d264b7c-51ac-37b7-977b-c913653cefac,8,60,0,1,681715,R,Heriberto Hernández,687606,R,Paxton Schultz,MIA,WSH,146,120,Pop Out,Heriberto Hernández pops out to first baseman Luis García Jr. in foul territory.,Pop Out,,0,0,0,0,S,Strike,called_strike,False,C,FF,4-Seam Fastball,Called Strike,92.4,85.4,3.18,1.6,5.89,0.41,4,2355,7.6,16.2,-15.6,-0.4645,2.4767,0.63,1.35,-1.3,0.63,0.63,0.38,True,True,False,True,False,-0.4645,2.4767,1,16,6,5,1,214,,,,,,,,,,,,,,False,N,1
822730,2026-06-01,WSH,MIA,pitch,5a430f1d-aa7c-3683-9db0-cbfd6f60264e,8,60,0,1,681715,R,Heriberto Hernández,687606,R,Paxton Schultz,MIA,WSH,146,120,Pop Out,Heriberto Hernández pops out to first baseman Luis García Jr. in foul territory.,Pop Out,,1,0,1,0,S,Strike,called_strike,False,C,FF,4-Seam Fastball,Called Strike,92.5,85.6,3.18,1.6,6.05,0.41,8,2318,9.0,15.4,-16.3,0.1455,2.0113,0.75,1.28,-1.36,0.75,0.75,0.38,True,True,False,True,False,0.1455,2.0113,2,17,7,5,1,215,,,,,,,,,,,,,,False,N,1
822730,2026-06-01,WSH,MIA,pitch,053325e2-8acf-32af-991e-4de905cb2b14,8,60,0,1,681715,R,Heriberto Hernández,687606,R,Paxton Schultz,MIA,WSH,146,120,Pop Out,Heriberto Hernández pops out to first baseman Luis García Jr. in foul territory.,Pop Out,,2,0,2,0,B,Ball,ball,False,B,SL,Slider,Ball,84.2,78.4,3.18,1.6,5.99,0.45,14,2358,4.7,3.5,-35.0,1.2914,-0.0822,-0.39,0.29,-2.92,4.7,-0.39,0.42,False,False,False,True,False,1.2914,-0.0822,3,18,2,5,1,216,,,,,,,,,,,,,,False,N,1
822730,2026-06-01,WSH,MIA,pitch,7fa24a7e-3ff3-3512-9be0-3c2993c434a8,8,60,0,1,681715,R,Heriberto Hernández,687606,R,Paxton Schultz,MIA,WSH,146,120,Pop Out,Heriberto Hernández pops out to first baseman Luis García Jr. in foul territory.,Pop Out,"{""homeRunBallparks"": 0}",2,1,2,1,X,In Play,hit_into_play,False,X,FF,4-Seam Fastball,"In play, out(s)",93.2,86.2,3.18,1.6,5.99,0.4,5,2256,7.0,17.2,-14.0,0.2323,2.6802,0.58,1.43,-1.17,0.58,0.58,0.38,True,True,False,True,False,0.2323,2.6802,4,19,8,5,1,217,74.6,122.0,0.01,0,105.14,64.48,88.7,67.0,88.7,67.0,,,,True,N,1
822730,2026-06-01,WSH,MIA,pitch,847a8821-a94b-3ae6-a8ca-40d19801b227,8,61,14,1,805300,L,Jakob Marsee,687606,R,Paxton Schultz,MIA,WSH,146,120,Strikeout,Jakob Marsee strikes out swinging.,Strikeout,,0,0,0,0,S,Strike,called_strike,False,C,FC,Cutter,Called Strike,86.6,80.5,3.21,1.62,5.91,0.43,13,2316,7.9,7.8,-28.3,-0.9456,1.8245,-0.66,0.65,-2.36,7.9,-0.66,0.41,False,False,False,False,False,-0.9456,1.8245,1,20,9,6,1,218,,,,,,,,,,,,,,False,N,1
822730,2026-06-01,WSH,MIA,pitch,43773704-e421-3832-a0d0-6985eedee1bc,8,61,14,1,805300,L,Jakob Marsee,687606,R,Paxton Schultz,MIA,WSH,146,120,Strikeout,Jakob Marsee strikes out swinging.,Strikeout,,1,0,1,0,S,Strike,foul,False,F,FF,4-Seam Fastball,Foul,93.8,86.4,3.21,1.62,5.95,0.4,1,2308,8.8,17.2,-13.7,-0.5526,2.8532,0.73,1.43,-1.14,0.73,0.73,0.38,True,True,False,False,False,-0.5526,2.8532,2,21,9,6,1,219,65.9,,,,,,,,,,,,,False,N,1
822730,2026-06-01,WSH,MIA,pitch,2cf6b03f-a32a-3ca0-9ef8-e3dbe9cfff71,8,61,14,1,805300,L,Jakob Marsee,687606,R,Paxton Schultz,MIA,WSH,146,120,Strikeout,Jakob Marsee strikes out swinging.,Strikeout,,2,0,2,0,S,Strike,foul,False,F,FF,4-Seam Fastball,Foul,93.4,86.0,3.21,1.62,5.92,0.4,2,2309,8.5,17.0,-14.2,0.1875,3.2675,0.71,1.42,-1.18,0.71,0.71,0.38,True,True,False,False,False,0.1875,3.2675,3,22,10,6,1,220,62.6,,,,,,,,,,,,,False,N,1
822730,2026-06-01,WSH,MIA,pitch,63102782-2972-3703-b0b1-1eb1951a9d66,8,61,14,1,805300,L,Jakob Marsee,687606,R,Paxton Schultz,MIA,WSH,146,120,Strikeout,Jakob Marsee strikes out swinging.,Strikeout,,2,0,2,0,B,Ball,ball,False,B,FF,4-Seam Fastball,Ball,93.9,86.6,3.21,1.62,5.9,0.4,13,2225,7.7,15.4,-15.5,-0.5565,1.4674,0.64,1.28,-1.29,0.64,0.64,0.38,False,False,False,False,False,-0.5565,1.4674,4,23,11,6,1,221,,,,,,,,,,,,,,False,N,1
822730,2026-06-01,WSH,MIA,pitch,65e985ad-cbf0-32f9-a361-f8b071aceba8,8,61,14,1,805300,L,Jakob Marsee,687606,R,Paxton Schultz,MIA,WSH,146,120,Strikeout,Jakob Marsee strikes out swinging.,Strikeout,,2,1,2,1,S,Strike,swinging_strike,True,S,FF,4-Seam Fastball,Swinging Strike,93.9,86.3,3.21,1.62,5.87,0.4,12,2192,7.4,18.0,-12.8,0.6195,3.5896,0.62,1.5,-1.07,0.62,0.62,0.38,False,False,False,False,False,0.6195,3.5896,5,24,12,6,1,222,68.0,,,,,,,,,,,,,True,N,1
822730,2026-06-01,WSH,MIA,pitch,79697164-88a7-3796-86e7-9291c9c7b0e4,8,62,0,2,691788,L,Joe Mack,687606,R,Paxton Schultz,MIA,WSH,146,120,Flyout,Joe Mack flies out sharply to left fielder Daylen Lile.,Flyout,,0,0,0,0,S,Strike,called_strike,False,C,FC,Cutter,Called Strike,87.3,81.3,3.22,1.62,5.84,0.43,8,2144,4.3,6.8,-28.6,-0.0405,1.7044,-0.36,0.57,-2.38,4.3,-0.36,0.4,True,True,False,True,False,-0.0405,1.7044,1,25,10,7,1,223,,,,,,,,,,,,,,False,N,1
822730,2026-06-01,WSH,MIA,pitch,bbb250fb-ae49-399d-ad6c-9af9f74b5042,8,62,0,2,691788,L,Joe Mack,687606,R,Paxton Schultz,MIA,WSH,146,120,Flyout,Joe Mack flies out sharply to left fielder Daylen Lile.,Flyout,,1,0,1,0,B,Ball,ball,False,B,CH,Changeup,Ball,86.5,81.0,3.22,1.62,5.95,0.43,13,1146,7.1,5.6,-30.2,-0.6744,1.1191,0.59,0.47,-2.52,0.59,0.59,0.4,False,False,False,True,False,-0.6744,1.1191,2,26,2,7,1,224,,,,,,,,,,,,,,False,N,1
822730,2026-06-01,WSH,MIA,pitch,1dccbc33-4688-3903-ba51-ffd7930f028c,8,62,0,2,691788,L,Joe Mack,687606,R,Paxton Schultz,MIA,WSH,146,120,Flyout,Joe Mack flies out sharply to left fielder Daylen Lile.,Flyout,,1,1,1,1,S,Strike,foul,False,F,FF,4-Seam Fastball,Foul,93.9,86.6,3.22,1.62,6.1,0.4,7,2176,9.0,16.8,-14.0,-0.7101,2.0075,0.75,1.4,-1.17,0.75,0.75,0.38,True,True,False,True,False,-0.7101,2.0075,3,27,13,7,1,225,71.8,,,,,,,,,,,,,False,N,1
822730,2026-06-01,WSH,MIA,pitch,46d38236-8ba0-3266-bf2d-255bf1a6ee9a,8,62,0,2,691788,L,Joe Mack,687606,R,Paxton Schultz,MIA,WSH,146,120,Flyout,Joe Mack flies out sharply to left fielder Daylen Lile.,Flyout,,2,1,2,1,B,Ball,ball,False,B,CH,Changeup,Ball,86.9,81.3,3.22,1.62,5.99,0.43,14,1203,5.0,5.2,-30.7,0.3161,-0.0533,0.42,0.43,-2.56,0.42,0.42,0.4,False,False,False,True,False,0.3161,-0.0533,4,28,3,7,1,226,,,,,,,,,,,,,,False,N,1
822730,2026-06-01,WSH,MIA,pitch,c2db5b37-8fb6-32d3-b93c-3679b3030b60,8,62,0,2,691788,L,Joe Mack,687606,R,Paxton Schultz,MIA,WSH,146,120,Flyout,Joe Mack flies out sharply to left fielder Daylen Lile.,Flyout,,2,2,2,2,B,Ball,ball,False,B,FC,Cutter,Ball,87.4,80.8,3.22,1.62,5.94,0.43,11,2098,5.3,6.2,-29.3,-1.3585,3.4392,-0.44,0.52,-2.44,5.3,-0.44,0.4,False,False,False,True,False,-1.3585,3.4392,5,29,11,7,1,227,,,,,,,,,,,,,,False,N,1
822730,2026-06-01,WSH,MIA,pitch,2e8e866f-f3e6-3eef-abb9-97afa76723b0,8,62,0,2,691788,L,Joe Mack,687606,R,Paxton Schultz,MIA,WSH,146,120,Flyout,Joe Mack flies out sharply to left fielder Daylen Lile.,Flyout,"{""homeRunBallparks"": 0}",2,3,2,3,X,In Play,hit_into_play,False,X,FF,4-Seam Fastball,"In play, out(s)",93.9,85.9,3.22,1.62,6.0,0.4,2,2045,5.5,16.3,-14.6,-0.2599,2.9901,0.46,1.36,-1.22,0.46,0.46,0.38,True,True,False,True,False,-0.2599,2.9901,6,30,14,7,1,228,74.7,349.0,0.29,0,-98.2,334.63,101.8,39.0,101.8,39.0,,,,True,N,1
822730,2026-06-01,WSH,MIA,pitch,e5629e06-9a8c-3b5a-b3db-dddb53cd531d,8,63,0,1,678391,L,Jorbit Vivas,656848,R,Michael Petersen,WSH,MIA,120,146,Flyout,Jorbit Vivas flies out to right fielder Esteury Ruiz.,Flyout,"{""homeRunBallparks"": 0}",0,0,0,0,X,In Play,hit_into_play,False,X,SL,Slider,"In play, out(s)",87.4,81.6,3.06,1.54,6.63,0.43,5,2195,2.6,-0.2,-35.5,-0.2724,2.2139,-0.22,-0.02,-2.96,2.6,-0.22,0.4,True,True,False,True,False,-0.2724,2.2139,1,1,1,1,1,229,70.3,326.0,0.02,0,89.42,313.76,86.6,31.0,86.6,31.0,,,,True,N,1
822730,2026-06-01,WSH,MIA,pitch,2b175ecb-aae7-3da6-b1ba-d5eed875e09a,8,64,14,1,695578,L,James Wood,656848,R,Michael Petersen,WSH,MIA,120,146,Strikeout,James Wood strikes out swinging.,Strikeout,,0,0,0,0,S,Strike,foul,False,F,FF,4-Seam Fastball,Foul,99.1,90.9,3.49,1.76,6.2,0.38,4,2510,7.3,18.8,-9.0,-0.5547,2.7686,0.61,1.57,-0.75,0.61,0.61,0.36,True,True,False,False,False,-0.5547,2.7686,1,2,1,2,1,230,81.6,,,,,,,,,,,,,False,N,1
822730,2026-06-01,WSH,MIA,pitch,57f8fafc-239f-3ee8-9eb2-04d039be0854,8,64,14,1,695578,L,James Wood,656848,R,Michael Petersen,WSH,MIA,120,146,Strikeout,James Wood strikes out swinging.,Strikeout,,1,0,1,0,S,Strike,foul,False,F,CH,Changeup,Foul,89.2,81.2,3.49,1.76,6.38,0.42,8,1223,12.1,0.2,-34.4,-0.1359,2.0733,1.01,0.02,-2.87,1.01,1.01,0.4,True,True,False,False,False,-0.1359,2.0733,2,3,1,2,1,231,63.9,,,,,,,,,,,,,False,N,1
822730,2026-06-01,WSH,MIA,pitch,946cf0b3-a5bf-386c-a524-91c87341bc12,8,64,14,1,695578,L,James Wood,656848,R,Michael Petersen,WSH,MIA,120,146,Strikeout,James Wood strikes out swinging.,Strikeout,,2,0,2,0,B,Ball,ball,False,B,SL,Slider,Ball,87.6,82.6,3.49,1.76,6.49,0.43,14,2468,2.6,-4.9,-40.0,0.3839,0.6701,-0.22,-0.41,-3.33,2.6,-0.22,0.4,False,False,False,False,False,0.3839,0.6701,3,4,2,2,1,232,,,,,,,,,,,,,,False,N,1
822730,2026-06-01,WSH,MIA,pitch,43fac77a-8268-33d2-8486-5e20bea23f5a,8,64,14,1,695578,L,James Wood,656848,R,Michael Petersen,WSH,MIA,120,146,Strikeout,James Wood strikes out swinging.,Strikeout,,2,1,2,1,B,Ball,ball,False,B,FF,4-Seam Fastball,Ball,98.1,90.3,3.49,1.76,6.16,0.38,12,2346,8.6,16.7,-11.5,0.2266,4.5841,0.72,1.39,-0.96,0.72,0.72,0.36,False,False,False,False,False,0.2266,4.5841,4,5,2,2,1,233,,,,,,,,,,,,,,False,N,1
822730,2026-06-01,WSH,MIA,pitch,f3cf1383-790a-39ea-9c0f-492bdbe2f234,8,64,14,1,695578,L,James Wood,656848,R,Michael Petersen,WSH,MIA,120,146,Strikeout,James Wood strikes out swinging.,Strikeout,,2,2,2,2,S,Strike,swinging_strike,True,S,SL,Slider,Swinging Strike,89.6,84.3,3.49,1.76,6.34,0.42,14,2485,0.5,-0.8,-34.3,0.6319,1.4774,-0.04,-0.07,-2.86,0.5,-0.04,0.39,False,False,False,False,False,0.6319,1.4774,5,6,3,2,1,234,80.2,,,,,,,,,,,,,True,N,1
822730,2026-06-01,WSH,MIA,pitch,f8604e46-596f-327f-b293-7d6aa792dd13,8,65,0,2,671277,L,Luis García Jr.,656848,R,Michael Petersen,WSH,MIA,120,146,Walk,Luis García Jr. walks.,Walk,,0,0,0,0,B,Ball,ball,False,B,SL,Slider,Ball,88.3,82.5,3.25,1.64,6.28,0.42,14,2598,1.0,-3.1,-37.9,0.8502,0.7258,-0.08,-0.26,-3.16,1.0,-0.08,0.4,False,False,False,False,False,0.8502,0.7258,1,7,4,3,1,235,,,,,,,,,,,,,,False,N,1
822730,2026-06-01,WSH,MIA,pitch,6ba7f02a-30ab-3862-9dfb-2881b8229c1c,8,65,0,2,671277,L,Luis García Jr.,656848,R,Michael Petersen,WSH,MIA,120,146,Walk,Luis García Jr. walks.,Walk,,0,1,0,1,S,Strike,swinging_strike,True,S,FF,4-Seam Fastball,Swinging Strike,99.3,90.6,3.25,1.64,6.2,0.38,12,2349,5.8,19.9,-7.9,0.0391,4.4971,0.48,1.66,-0.66,0.48,0.48,0.36,False,False,False,False,False,0.0391,4.4971,2,8,3,3,1,236,74.8,,,,,,,,,,,,,False,N,1
822730,2026-06-01,WSH,MIA,pitch,27af30e3-5925-3b01-9f44-27d8e3618773,8,65,0,2,671277,L,Luis García Jr.,656848,R,Michael Petersen,WSH,MIA,120,146,Walk,Luis García Jr. walks.,Walk,,1,1,1,1,B,Ball,ball,False,B,SL,Slider,Ball,87.2,81.1,3.25,1.64,6.14,0.43,14,2312,1.1,-2.0,-37.7,0.8853,1.4633,-0.09,-0.17,-3.14,1.1,-0.09,0.4,False,False,False,False,False,0.8853,1.4633,3,9,5,3,1,237,,,,,,,,,,,,,,False,N,1
822730,2026-06-01,WSH,MIA,pitch,b39130a1-6018-3fb6-8e60-6ecd4a59889b,8,65,0,2,671277,L,Luis García Jr.,656848,R,Michael Petersen,WSH,MIA,120,146,Walk,Luis García Jr. walks.,Walk,,1,2,1,2,S,Strike,swinging_strike,True,S,SL,Slider,Swinging Strike,87.7,81.7,3.25,1.64,6.13,0.43,14,2360,1.2,-1.0,-36.4,0.5359,0.7218,-0.1,-0.08,-3.03,1.2,-0.1,0.4,False,False,False,False,False,0.5359,0.7218,4,10,6,3,1,238,73.0,,,,,,,,,,,,,False,N,1
822730,2026-06-01,WSH,MIA,pitch,c6c81b27-f4dd-3c38-a1fd-a07c068e1e93,8,65,0,2,671277,L,Luis García Jr.,656848,R,Michael Petersen,WSH,MIA,120,146,Walk,Luis García Jr. walks.,Walk,,2,2,2,2,B,Ball,ball,False,B,FF,4-Seam Fastball,Ball,99.2,91.0,3.25,1.64,6.28,0.38,13,2419,5.9,18.7,-9.1,-1.0055,1.4053,0.49,1.56,-0.76,0.49,0.49,0.36,False,False,False,False,False,-1.0055,1.4053,5,11,4,3,1,239,,,,,,,,,,,,,,False,N,1
822730,2026-06-01,WSH,MIA,pitch,bbf6e610-aeb7-39fb-b5df-c211e7b245c3,8,65,0,2,671277,L,Luis García Jr.,656848,R,Michael Petersen,WSH,MIA,120,146,Walk,Luis García Jr. walks.,Walk,,2,3,2,3,B,Ball,ball,False,B,FF,4-Seam Fastball,Ball,98.3,89.9,3.25,1.64,6.38,0.38,13,2416,8.0,19.2,-9.2,-2.0004,1.9826,0.67,1.6,-0.77,0.67,0.67,0.36,False,False,False,False,False,-2.0004,1.9826,6,12,5,3,1,240,,,,,,,,,,,,,,True,N,1
822730,2026-06-01,WSH,MIA,pitch,9311dd60-7912-3367-8979-7f10e96e4397,8,66,0,2,678554,R,Curtis Mead,656848,R,Michael Petersen,WSH,MIA,120,146,Flyout,Curtis Mead flies out to center fielder Jakob Marsee.,Flyout,,0,0,0,0,S,Strike,called_strike,False,C,SL,Slider,Called Strike,85.6,80.0,3.25,1.64,6.48,0.44,1,2398,1.8,-4.0,-40.7,-0.3057,2.9319,-0.15,-0.33,-3.39,1.8,-0.15,0.41,True,True,False,True,False,-0.3057,2.9319,1,13,7,4,1,241,,,,,,,,,,,,,,False,N,1
822730,2026-06-01,WSH,MIA,pitch,fb849a22-a129-30f5-a857-2bbd8a4ebd0f,8,66,0,2,678554,R,Curtis Mead,656848,R,Michael Petersen,WSH,MIA,120,146,Flyout,Curtis Mead flies out to center fielder Jakob Marsee.,Flyout,,1,0,1,0,B,Ball,blocked_ball,False,*B,SL,Slider,Ball In Dirt,85.9,80.5,3.25,1.64,6.45,0.44,14,2503,1.0,-5.2,-41.9,0.1398,0.0603,-0.08,-0.43,-3.49,1.0,-0.08,0.41,False,False,False,True,False,0.1398,0.0603,2,14,8,4,1,242,,,,,,,,,,,,,,False,N,1
822730,2026-06-01,WSH,MIA,pitch,29274431-34eb-3632-94ec-387cbfc85a80,8,66,0,2,678554,R,Curtis Mead,656848,R,Michael Petersen,WSH,MIA,120,146,Flyout,Curtis Mead flies out to center fielder Jakob Marsee.,Flyout,,1,1,1,1,S,Strike,swinging_strike,True,S,SL,Slider,Swinging Strike,87.1,80.4,3.25,1.64,6.5,0.43,14,2321,0.4,-2.3,-38.3,1.2312,1.5594,-0.03,-0.19,-3.19,0.4,-0.03,0.41,False,False,True,True,False,1.2312,1.5594,3,15,9,4,1,243,38.4,,,,,,,,,,,,,False,N,1
822730,2026-06-01,WSH,MIA,pitch,cdb201d2-9b61-3d55-a593-abd3edd8b9fb,8,66,0,2,678554,R,Curtis Mead,656848,R,Michael Petersen,WSH,MIA,120,146,Flyout,Curtis Mead flies out to center fielder Jakob Marsee.,Flyout,"{""homeRunBallparks"": 0}",2,1,2,1,X,In Play,hit_into_play,False,X,FF,4-Seam Fastball,"In play, out(s)",100.2,92.7,3.25,1.64,6.57,0.37,5,2451,7.4,18.8,-8.2,0.085,2.647,0.62,1.57,-0.68,0.62,0.62,0.35,True,True,False,True,False,0.085,2.647,4,16,6,4,1,244,74.1,358.0,0.28,0,87.69,347.24,95.8,27.0,95.8,27.0,,,,True,N,1
822730,2026-06-01,WSH,MIA,pitch,8a74a269-0f6e-3b95-b60e-80bc78ff2623,9,67,0,1,681393,R,Connor Norby,669371,R,Cole Henry,MIA,WSH,146,120,Flyout,Connor Norby flies out to left fielder Daylen Lile.,Flyout,"{""homeRunBallparks"": 0}",0,0,0,0,X,In Play,hit_into_play,False,X,ST,Sweeper,"In play, out(s)",82.8,77.4,3.11,1.57,6.08,0.45,1,2654,15.6,4.3,-34.8,-0.5066,2.9726,-1.3,0.36,-2.9,15.6,-1.3,0.42,True,True,False,True,False,-0.5066,2.9726,1,1,1,1,1,245,69.9,309.0,0.02,0,-209.7,225.85,97.9,48.0,97.9,48.0,,,,True,N,1
822730,2026-06-01,WSH,MIA,pitch,75df5026-e467-3787-b61d-e956979c76c3,9,68,75,1,689414,L,Liam Hicks,669371,R,Cole Henry,MIA,WSH,146,120,Home Run,Liam Hicks homers (12) on a fly ball to right field.,Home Run,"{""homeRunBallparks"": 29}",0,0,0,0,X,In Play,hit_into_play,False,E,FF,4-Seam Fastball,"In play, run(s)",94.2,86.2,3.09,1.56,6.41,0.4,5,2585,12.5,15.8,-15.0,0.0761,2.5621,1.04,1.32,-1.25,1.04,1.04,0.38,True,True,False,False,False,0.0761,2.5621,1,2,1,2,1,246,73.2,379.0,0.43,1,209.05,317.97,100.9,33.0,100.9,33.0,,,,True,N,1
822730,2026-06-01,WSH,MIA,pitch,b19c1815-a6b9-30a4-9390-732eceb2ca2a,9,69,0,1,672640,R,Otto Lopez,669371,R,Cole Henry,MIA,WSH,146,120,Walk,Otto Lopez walks.,Walk,,0,0,0,0,B,Ball,ball,False,B,FF,4-Seam Fastball,Ball,96.0,88.8,3.14,1.58,6.52,0.39,14,2576,15.2,12.6,-16.9,0.9123,1.2104,1.27,1.05,-1.41,1.27,1.27,0.37,False,False,False,False,False,0.9123,1.2104,1,3,2,3,1,247,,,,,,,,,,,,,,False,N,1
822730,2026-06-01,WSH,MIA,pitch,c52d28b7-d5d2-383a-9161-4b92ad637496,9,69,0,1,672640,R,Otto Lopez,669371,R,Cole Henry,MIA,WSH,146,120,Walk,Otto Lopez walks.,Walk,,0,1,0,1,B,Ball,ball,False,B,ST,Sweeper,Ball,83.5,78.0,3.14,1.58,6.1,0.45,13,2668,8.4,4.9,-33.5,-1.9876,2.1878,-0.7,0.41,-2.79,8.4,-0.7,0.42,False,False,False,False,False,-1.9876,2.1878,2,4,2,3,1,248,,,,,,,,,,,,,,False,N,1
822730,2026-06-01,WSH,MIA,pitch,a39bc945-948a-3175-bbc4-dda33809f6b8,9,69,0,1,672640,R,Otto Lopez,669371,R,Cole Henry,MIA,WSH,146,120,Walk,Otto Lopez walks.,Walk,,0,2,0,2,B,Ball,ball,False,B,FF,4-Seam Fastball,Ball,94.7,87.3,3.14,1.58,6.53,0.4,12,2545,12.2,16.3,-14.0,0.9007,2.6923,1.02,1.36,-1.17,1.02,1.02,0.37,False,False,False,False,False,0.9007,2.6923,3,5,3,3,1,249,,,,,,,,,,,,,,False,N,1
822730,2026-06-01,WSH,MIA,pitch,897736de-60e0-35fc-88f5-79dd1d4cee14,9,69,0,1,672640,R,Otto Lopez,669371,R,Cole Henry,MIA,WSH,146,120,Walk,Otto Lopez walks.,Walk,,0,3,0,3,S,Strike,called_strike,False,C,FF,4-Seam Fastball,Called Strike,94.9,88.1,3.14,1.58,6.57,0.39,14,2530,14.0,9.6,-20.5,0.1429,1.3959,1.17,0.8,-1.71,1.17,1.17,0.37,False,False,False,False,False,0.1429,1.3959,4,6,4,3,1,250,,,,,,,,,,,,,,False,N,1
822730,2026-06-01,WSH,MIA,pitch,4c1c225b-f436-3948-b233-97f84a725eff,9,69,0,1,672640,R,Otto Lopez,669371,R,Cole Henry,MIA,WSH,146,120,Walk,Otto Lopez walks.,Walk,,1,3,1,3,S,Strike,swinging_strike,True,S,SI,Sinker,Swinging Strike,94.4,87.0,3.14,1.58,6.56,0.4,13,2450,18.1,2.9,-27.7,-0.9134,1.4146,1.51,0.24,-2.31,1.51,1.51,0.37,False,False,False,False,False,-0.9134,1.4146,5,7,1,3,1,251,76.2,,,,,,,,,,,,,False,N,1
822730,2026-06-01,WSH,MIA,pitch,35e4c099-12f6-3342-a2d1-98fb5af3d814,9,69,0,1,672640,R,Otto Lopez,669371,R,Cole Henry,MIA,WSH,146,120,Walk,Otto Lopez walks.,Walk,,2,3,2,3,S,Strike,foul,False,F,SI,Sinker,Foul,94.6,88.6,3.14,1.58,6.47,0.39,5,2477,15.0,6.0,-23.9,-0.1965,2.4104,1.25,0.5,-1.99,1.25,1.25,0.37,True,True,False,False,False,-0.1965,2.4104,6,8,2,3,1,252,69.1,,,,,,,,,,,,,False,N,1
822730,2026-06-01,WSH,MIA,pitch,54706b15-5022-3ddd-b5ce-cd95db911d13,9,69,0,1,672640,R,Otto Lopez,669371,R,Cole Henry,MIA,WSH,146,120,Walk,Otto Lopez walks.,Walk,,2,3,2,3,B,Ball,blocked_ball,False,*B,FF,4-Seam Fastball,Ball In Dirt,95.3,88.5,3.14,1.58,6.65,0.39,14,2482,12.2,10.6,-19.3,0.6087,0.4314,1.02,0.88,-1.61,1.02,1.02,0.37,False,False,False,False,False,0.6087,0.4314,7,9,5,3,1,253,,,,,,,,,,,,,,True,N,1
822730,2026-06-01,WSH,MIA,pitch,f8fed8bb-875e-385c-81fa-2f282a436976,9,70,38,1,669065,L,Kyle Stowers,669371,R,Cole Henry,MIA,WSH,146,120,Home Run,Kyle Stowers homers (4) on a fly ball to right center field. Otto Lopez scores.,Home Run,,0,0,0,0,S,Strike,swinging_strike,True,S,ST,Sweeper,Swinging Strike,84.0,78.6,3.3,1.66,5.79,0.44,5,2632,15.2,2.4,-35.6,-0.1188,2.1752,-1.27,0.2,-2.97,15.2,-1.27,0.42,True,True,False,False,False,-0.1188,2.1752,1,10,3,4,1,254,80.5,,,,,,,,,,True,,,False,N,1
822730,2026-06-01,WSH,MIA,pitch,52381935-db9f-3490-b544-01656b031479,9,70,38,1,669065,L,Kyle Stowers,669371,R,Cole Henry,MIA,WSH,146,120,Home Run,Kyle Stowers homers (4) on a fly ball to right center field. Otto Lopez scores.,Home Run,,1,0,1,0,S,Strike,foul,False,F,ST,Sweeper,Foul,84.2,77.9,3.3,1.66,6.5,0.45,14,2714,16.9,0.4,-38.0,1.1139,1.6984,-1.41,0.03,-3.17,16.9,-1.41,0.42,False,False,False,False,False,1.1139,1.6984,2,11,4,4,1,255,70.2,,,,,,,,,,True,,,False,N,1
822730,2026-06-01,WSH,MIA,pitch,6001d702-4aee-3d27-9d94-2b43fe1ee918,9,70,38,1,669065,L,Kyle Stowers,669371,R,Cole Henry,MIA,WSH,146,120,Home Run,Kyle Stowers homers (4) on a fly ball to right center field. Otto Lopez scores.,Home Run,,2,0,2,0,B,Ball,blocked_ball,False,*B,ST,Sweeper,Ball In Dirt,82.4,76.9,3.3,1.66,6.31,0.46,14,2737,10.7,-5.4,-45.5,1.3527,0.2006,-0.89,-0.45,-3.79,10.7,-0.89,0.43,False,False,False,False,False,1.3527,0.2006,3,12,5,4,1,256,,,,,,,,,,,True,,,False,N,1
822730,2026-06-01,WSH,MIA,pitch,bc95d848-75f4-3db6-b0ac-e270490ce089,9,70,38,1,669065,L,Kyle Stowers,669371,R,Cole Henry,MIA,WSH,146,120,Home Run,Kyle Stowers homers (4) on a fly ball to right center field. Otto Lopez scores.,Home Run,"{""homeRunBallparks"": 30}",2,1,2,1,X,In Play,hit_into_play,False,E,FF,4-Seam Fastball,"In play, run(s)",95.5,87.7,3.3,1.66,6.49,0.39,5,2537,15.2,11.8,-18.1,-0.2322,2.4461,1.27,0.98,-1.51,1.27,1.27,0.37,True,True,False,False,False,-0.2322,2.4461,4,13,6,4,1,257,78.5,391.0,0.95,1,173.23,352.13,107.0,27.0,107.0,27.0,True,,,True,N,1
822730,2026-06-01,WSH,MIA,pitch,28f44622-cb7e-3a0c-982f-90d27d2e69c9,9,71,33,1,669364,L,Xavier Edwards,669371,R,Cole Henry,MIA,WSH,146,120,Single,Xavier Edwards singles on a ground ball to left fielder Daylen Lile.,Single,,0,0,0,0,B,Ball,ball,False,B,FF,4-Seam Fastball,Ball,95.7,88.4,3.06,1.54,6.88,0.39,13,2520,18.2,9.1,-20.5,-0.6022,1.1457,1.52,0.76,-1.71,1.52,1.52,0.37,False,False,False,False,False,-0.6022,1.1457,1,14,7,5,1,258,,,,,,,,,,,,,,False,N,1
822730,2026-06-01,WSH,MIA,pitch,d292b2df-2403-3e5a-be49-63ab4c28de51,9,71,33,1,669364,L,Xavier Edwards,669371,R,Cole Henry,MIA,WSH,146,120,Single,Xavier Edwards singles on a ground ball to left fielder Daylen Lile.,Single,,0,1,0,1,B,Ball,ball,False,B,FC,Cutter,Ball,91.1,84.6,3.06,1.54,6.4,0.41,14,2455,2.4,9.1,-23.5,0.1012,1.1698,0.2,0.76,-1.96,0.2,0.2,0.39,False,False,False,False,False,0.1012,1.1698,2,15,1,5,1,259,,,,,,,,,,,,,,False,N,1
822730,2026-06-01,WSH,MIA,pitch,df5cc6bc-1269-3f64-8846-4eaeb7387580,9,71,33,1,669364,L,Xavier Edwards,669371,R,Cole Henry,MIA,WSH,146,120,Single,Xavier Edwards singles on a ground ball to left fielder Daylen Lile.,Single,,0,2,0,2,S,Strike,foul,False,F,SI,Sinker,Foul,94.0,86.0,3.06,1.54,6.73,0.4,4,2433,16.3,4.9,-26.2,-0.3807,2.2361,1.36,0.41,-2.18,1.36,1.36,0.38,True,True,False,False,False,-0.3807,2.2361,3,16,3,5,1,260,76.4,,,,,,,,,,,,,False,N,1
822730,2026-06-01,WSH,MIA,pitch,e69be758-0452-3ac6-9589-502ecee53126,9,71,33,1,669364,L,Xavier Edwards,669371,R,Cole Henry,MIA,WSH,146,120,Single,Xavier Edwards singles on a ground ball to left fielder Daylen Lile.,Single,,1,2,1,2,S,Strike,foul,False,F,SI,Sinker,Foul,93.9,86.9,3.06,1.54,6.48,0.4,13,2334,19.6,2.9,-27.8,-1.0951,2.0887,1.63,0.24,-2.32,1.63,1.63,0.37,False,False,False,False,False,-1.0951,2.0887,4,17,4,5,1,261,75.6,,,,,,,,,,,,,False,N,1
822730,2026-06-01,WSH,MIA,pitch,e5e07c20-df82-3308-88e6-f3a2b810812e,9,71,33,1,669364,L,Xavier Edwards,669371,R,Cole Henry,MIA,WSH,146,120,Single,Xavier Edwards singles on a ground ball to left fielder Daylen Lile.,Single,,2,2,2,2,S,Strike,foul,False,F,ST,Sweeper,Foul,82.6,77.1,3.06,1.54,6.13,0.45,14,2708,20.8,-1.9,-41.6,0.7957,1.2258,-1.73,-0.16,-3.47,20.8,-1.73,0.43,False,False,False,False,False,0.7957,1.2258,5,18,6,5,1,262,73.7,,,,,,,,,,,,,False,N,1
822730,2026-06-01,WSH,MIA,pitch,a8bd8429-85d5-3408-bf23-2cd6c3b447fd,9,71,33,1,669364,L,Xavier Edwards,669371,R,Cole Henry,MIA,WSH,146,120,Single,Xavier Edwards singles on a ground ball to left fielder Daylen Lile.,Single,,2,2,2,2,S,Strike,foul,False,F,CU,Curveball,Foul,80.6,74.7,3.06,1.54,6.25,0.47,1,2583,12.5,-7.1,-48.8,-0.3098,3.0306,-1.04,-0.59,-4.07,12.5,-1.04,0.44,True,True,False,False,False,-0.3098,3.0306,6,19,1,5,1,263,71.5,,,,,,,,,,,,,False,N,1
822730,2026-06-01,WSH,MIA,pitch,5fbb7eaa-a18c-3c3c-a661-d3198a5ddd3c,9,71,33,1,669364,L,Xavier Edwards,669371,R,Cole Henry,MIA,WSH,146,120,Single,Xavier Edwards singles on a ground ball to left fielder Daylen Lile.,Single,"{""homeRunBallparks"": 0}",2,2,2,2,X,In Play,hit_into_play,False,D,SI,Sinker,"In play, no out",95.7,89.0,3.06,1.54,6.5,0.39,5,2380,16.8,5.0,-24.5,-0.2344,2.0453,1.4,0.42,-2.04,1.4,1.4,0.37,True,True,False,False,False,-0.2344,2.0453,7,20,5,5,1,264,72.8,109.0,0.55,0,-85.69,256.87,103.1,3.0,103.1,3.0,,,,True,N,1
822730,2026-06-01,WSH,MIA,pitch,bd50410e-785e-317f-8e23-13a466723bbf,9,72,14,1,677870,R,Leo Jiménez,669371,R,Cole Henry,MIA,WSH,146,120,Strikeout,Leo Jiménez strikes out swinging. Xavier Edwards steals (9) 2nd base.,Strikeout,,0,0,0,0,B,Ball,ball,False,B,ST,Sweeper,Ball,83.0,77.3,3.12,1.57,6.3,0.45,14,2451,17.6,0.7,-38.8,1.8241,1.605,-1.47,0.06,-3.23,17.6,-1.47,0.42,False,False,False,False,False,1.8241,1.605,1,21,7,6,1,265,,,,,,,,,,,True,,,False,N,1
822730,2026-06-01,WSH,MIA,pitch,1b330d3d-17e6-3c63-85ee-d2c1b2210481,9,72,14,1,677870,R,Leo Jiménez,669371,R,Cole Henry,MIA,WSH,146,120,Strikeout,Leo Jiménez strikes out swinging. Xavier Edwards steals (9) 2nd base.,Strikeout,,0,1,0,1,S,Strike,called_strike,False,C,SI,Sinker,Called Strike,95.3,87.5,3.12,1.57,6.55,0.4,8,2467,14.5,5.9,-24.2,0.2171,1.7054,1.21,0.49,-2.02,1.21,1.21,0.37,True,True,False,False,False,0.2171,1.7054,2,22,6,6,1,266,,,,,,,,,,,True,,,False,N,1
822730,2026-06-01,WSH,MIA,pitch,1e2fcf83-2d52-3c3d-951a-db698868738f,9,72,14,1,677870,R,Leo Jiménez,669371,R,Cole Henry,MIA,WSH,146,120,Strikeout,Leo Jiménez strikes out swinging. Xavier Edwards steals (9) 2nd base.,Strikeout,,1,1,1,1,S,Strike,foul,False,F,SI,Sinker,Foul,94.0,85.7,3.12,1.57,6.6,0.4,13,2528,21.1,3.6,-27.6,-1.1143,2.1133,1.76,0.3,-2.3,1.76,1.76,0.38,False,False,False,False,False,-1.1143,2.1133,3,23,7,6,1,267,70.3,,,,,,,,,,True,,,False,N,1
822730,2026-06-01,WSH,MIA,pitch,11e747e1-3a5e-3d52-b9b6-285fdd2f5d23,9,72,14,1,677870,R,Leo Jiménez,669371,R,Cole Henry,MIA,WSH,146,120,Strikeout,Leo Jiménez strikes out swinging. Xavier Edwards steals (9) 2nd base.,Strikeout,,2,1,2,1,S,Strike,swinging_strike,True,S,ST,Sweeper,Swinging Strike,83.5,77.1,3.12,1.57,6.13,0.45,14,2724,23.2,0.1,-39.1,1.3822,1.8605,-1.93,0.01,-3.26,23.2,-1.93,0.42,False,False,False,False,False,1.3822,1.8605,4,24,8,6,1,268,52.4,,,,,,,,,,True,,,True,N,1
822730,2026-06-01,WSH,MIA,pitch,affe9e80-30d8-3bbf-9a67-76c64fa43073,9,73,14,2,665923,R,Esteury Ruiz,669371,R,Cole Henry,MIA,WSH,146,120,Strikeout,"Esteury Ruiz challenged (pitch result), call on the field was confirmed: Esteury Ruiz called out on strikes.",Strikeout,,0,0,0,0,B,Ball,blocked_ball,False,*B,ST,Sweeper,Ball In Dirt,82.3,77.2,3.17,1.6,6.26,0.45,14,2639,10.6,0.0,-39.7,0.0083,0.5718,-0.88,0.0,-3.31,10.6,-0.88,0.43,False,False,False,False,False,0.0083,0.5718,1,25,9,7,1,269,,,,,,,,,,,,True,,False,N,1
822730,2026-06-01,WSH,MIA,pitch,240a5191-e42e-31f0-bf86-4d3b7dc01ffb,9,73,14,2,665923,R,Esteury Ruiz,669371,R,Cole Henry,MIA,WSH,146,120,Strikeout,"Esteury Ruiz challenged (pitch result), call on the field was confirmed: Esteury Ruiz called out on strikes.",Strikeout,,0,1,0,1,S,Strike,swinging_strike,True,S,SI,Sinker,Swinging Strike,94.2,85.4,3.17,1.6,6.48,0.4,13,2463,20.4,3.2,-28.0,-1.2195,1.7481,1.7,0.27,-2.33,1.7,1.7,0.38,False,False,False,False,False,-1.2195,1.7481,2,26,8,7,1,270,73.9,,,,,,,,,,,True,,False,N,1
822730,2026-06-01,WSH,MIA,pitch,694900e1-a14a-382d-918a-19ac891f2fc4,9,73,14,2,665923,R,Esteury Ruiz,669371,R,Cole Henry,MIA,WSH,146,120,Strikeout,"Esteury Ruiz challenged (pitch result), call on the field was confirmed: Esteury Ruiz called out on strikes.",Strikeout,,1,1,1,1,S,Strike,foul,False,F,ST,Sweeper,Foul,82.2,76.0,3.17,1.6,6.16,0.46,2,2709,18.4,2.5,-37.8,0.1104,2.9214,-1.53,0.21,-3.15,18.4,-1.53,0.43,True,True,False,False,False,0.1104,2.9214,3,27,10,7,1,271,67.4,,,,,,,,,,,True,,False,N,1
822730,2026-06-01,WSH,MIA,pitch,a79f15ab-c545-3f26-af0d-b1c91d3eb223,9,73,14,2,665923,R,Esteury Ruiz,669371,R,Cole Henry,MIA,WSH,146,120,Strikeout,"Esteury Ruiz challenged (pitch result), call on the field was confirmed: Esteury Ruiz called out on strikes.",Strikeout,,2,1,2,1,B,Ball,blocked_ball,False,*B,ST,Sweeper,Ball In Dirt,82.6,76.8,3.17,1.6,6.25,0.46,14,2767,13.7,-0.8,-41.0,2.1885,0.0741,-1.14,-0.07,-3.42,13.7,-1.14,0.43,False,False,False,False,False,2.1885,0.0741,4,28,11,7,1,272,,,,,,,,,,,,True,,False,N,1
822730,2026-06-01,WSH,MIA,pitch,827f2a18-c0ed-367e-8ffa-d1df3aa338a5,9,73,14,2,665923,R,Esteury Ruiz,669371,R,Cole Henry,MIA,WSH,146,120,Strikeout,"Esteury Ruiz challenged (pitch result), call on the field was confirmed: Esteury Ruiz called out on strikes.",Strikeout,,2,2,2,2,B,Ball,ball,False,B,FF,4-Seam Fastball,Ball,94.5,86.9,3.17,1.6,6.56,0.4,14,2443,10.1,10.1,-20.5,2.0884,2.2291,0.84,0.84,-1.71,0.84,0.84,0.37,False,False,False,False,False,2.0884,2.2291,5,29,8,7,1,273,,,,,,,,,,,,True,,False,N,1
822730,2026-06-01,WSH,MIA,pitch,4e736a71-0ce0-37e4-b6b5-6ef3ff0a554d,9,73,14,2,665923,R,Esteury Ruiz,669371,R,Cole Henry,MIA,WSH,146,120,Strikeout,"Esteury Ruiz challenged (pitch result), call on the field was confirmed: Esteury Ruiz called out on strikes.",Strikeout,,2,3,2,3,S,Strike,foul,False,F,SI,Sinker,Foul,94.3,86.1,3.17,1.6,6.53,0.4,13,2400,17.5,4.6,-26.4,-0.2089,1.4438,1.46,0.38,-2.2,1.46,1.46,0.38,False,False,False,False,False,-0.2089,1.4438,6,30,9,7,1,274,67.9,,,,,,,,,,,True,,False,N,1
822730,2026-06-01,WSH,MIA,pitch,682e2d6a-661a-3510-af7d-792f24c60957,9,73,14,2,665923,R,Esteury Ruiz,669371,R,Cole Henry,MIA,WSH,146,120,Strikeout,"Esteury Ruiz challenged (pitch result), call on the field was confirmed: Esteury Ruiz called out on strikes.",Strikeout,,2,3,2,3,S,Strike,foul,False,F,FF,4-Seam Fastball,Foul,94.1,85.5,3.17,1.6,6.51,0.4,3,2618,15.4,12.5,-18.7,0.5358,2.7853,1.28,1.04,-1.56,1.28,1.28,0.38,True,True,False,False,False,0.5358,2.7853,7,31,9,7,1,275,47.9,,,,,,,,,,,True,,False,N,1
822730,2026-06-01,WSH,MIA,pitch,fab28fd0-594d-3690-ad8e-6623d7ae73e6,9,73,14,2,665923,R,Esteury Ruiz,669371,R,Cole Henry,MIA,WSH,146,120,Strikeout,"Esteury Ruiz challenged (pitch result), call on the field was confirmed: Esteury Ruiz called out on strikes.",Strikeout,,2,3,2,3,S,Strike,called_strike,False,C,FF,4-Seam Fastball,Called Strike,93.8,87.2,3.17,1.6,6.59,0.4,6,2542,14.3,12.4,-18.4,0.3868,2.2923,1.19,1.03,-1.53,1.19,1.19,0.37,True,True,False,False,True,0.3868,2.2923,8,32,10,7,1,276,,,,,,,,,,,,True,,True,N,1
822730,2026-06-01,WSH,MIA,pitch,11ea1874-1089-3ac7-b25f-e2e9ab8fbe08,9,74,0,1,682928,L,CJ Abrams,664126,R,Pete Fairbanks,WSH,MIA,120,146,Flyout,CJ Abrams flies out to left fielder Kyle Stowers.,Flyout,,0,0,0,0,S,Strike,called_strike,False,C,FC,Cutter,Called Strike,90.0,84.3,3.22,1.63,6.25,0.41,5,2416,10.9,9.1,-24.0,0.1693,2.2385,-0.91,0.76,-2.0,10.9,-0.91,0.39,True,True,False,True,False,0.1693,2.2385,1,1,1,1,1,277,,,,,,,,,,,,,,False,N,1
822730,2026-06-01,WSH,MIA,pitch,184d1107-c882-3ce9-b857-40d2b5bf40ee,9,74,0,1,682928,L,CJ Abrams,664126,R,Pete Fairbanks,WSH,MIA,120,146,Flyout,CJ Abrams flies out to left fielder Kyle Stowers.,Flyout,,1,0,1,0,S,Strike,swinging_strike,True,S,FC,Cutter,Swinging Strike,88.4,82.5,3.22,1.63,5.93,0.42,11,2454,10.9,3.4,-31.1,-0.1385,3.4115,-0.91,0.28,-2.59,10.9,-0.91,0.4,False,False,False,True,False,-0.1385,3.4115,2,2,2,1,1,278,69.5,,,,,,,,,,,,,False,N,1
822730,2026-06-01,WSH,MIA,pitch,24ec9b8f-695f-3f2b-932b-8bfb630899e6,9,74,0,1,682928,L,CJ Abrams,664126,R,Pete Fairbanks,WSH,MIA,120,146,Flyout,CJ Abrams flies out to left fielder Kyle Stowers.,Flyout,,2,0,2,0,S,Strike,foul,False,F,FF,4-Seam Fastball,Foul,98.0,90.5,3.22,1.63,6.45,0.38,11,2252,4.9,17.9,-10.3,-0.6263,3.8368,0.41,1.49,-0.86,0.41,0.41,0.36,False,False,False,True,False,-0.6263,3.8368,3,3,1,1,1,279,71.4,,,,,,,,,,,,,False,N,1
822730,2026-06-01,WSH,MIA,pitch,da46b7f4-023c-319f-9c01-08916fc16413,9,74,0,1,682928,L,CJ Abrams,664126,R,Pete Fairbanks,WSH,MIA,120,146,Flyout,CJ Abrams flies out to left fielder Kyle Stowers.,Flyout,,2,0,2,0,B,Ball,ball,False,B,CH,Changeup,Ball,94.5,88.4,3.22,1.63,6.27,0.4,13,2046,13.7,7.1,-23.2,-1.798,0.8743,1.14,0.59,-1.93,1.14,1.14,0.37,False,False,False,True,False,-1.798,0.8743,4,4,1,1,1,280,,,,,,,,,,,,,,False,N,1
822730,2026-06-01,WSH,MIA,pitch,c055901c-30b4-31d3-a5a1-785ca8bcb146,9,74,0,1,682928,L,CJ Abrams,664126,R,Pete Fairbanks,WSH,MIA,120,146,Flyout,CJ Abrams flies out to left fielder Kyle Stowers.,Flyout,"{""homeRunBallparks"": 0}",2,1,2,1,X,In Play,hit_into_play,False,X,SL,Slider,"In play, out(s)",83.1,77.4,3.22,1.63,6.23,0.45,11,2381,12.1,-5.4,-44.5,-0.0763,3.7334,-1.01,-0.45,-3.71,12.1,-1.01,0.42,False,False,False,True,False,-0.0763,3.7334,5,5,1,1,1,281,63.0,213.0,0.01,0,-130.18,165.64,81.8,54.0,81.8,54.0,,,,True,N,1
822730,2026-06-01,WSH,MIA,pitch,82995b78-ec00-3d9a-8afb-73fcf2f55e0b,9,75,0,1,695734,L,Daylen Lile,664126,R,Pete Fairbanks,WSH,MIA,120,146,Groundout,"Daylen Lile grounds out, second baseman Xavier Edwards to first baseman Connor Norby.",Groundout,,0,0,0,0,S,Strike,called_strike,False,C,SL,Slider,Called Strike,82.7,77.1,3.18,1.6,6.2,0.45,9,2415,6.0,-10.6,-50.3,0.5701,1.5543,-0.5,-0.88,-4.19,6.0,-0.5,0.43,True,True,False,True,False,0.5701,1.5543,1,6,2,2,1,282,,,,,,,,,,,,,,False,N,1
822730,2026-06-01,WSH,MIA,pitch,18690540-eaee-37ae-9913-91021f9ca1b7,9,75,0,1,695734,L,Daylen Lile,664126,R,Pete Fairbanks,WSH,MIA,120,146,Groundout,"Daylen Lile grounds out, second baseman Xavier Edwards to first baseman Connor Norby.",Groundout,,1,0,1,0,B,Ball,ball,False,B,FF,4-Seam Fastball,Ball,98.2,90.5,3.18,1.6,6.37,0.38,13,2314,0.8,14.9,-13.4,-0.8632,2.3093,0.07,1.24,-1.12,0.07,0.07,0.36,False,False,False,True,True,-0.8632,2.3093,2,7,2,2,1,283,,,,,,,,,,,,,,False,N,1
822730,2026-06-01,WSH,MIA,pitch,6c62dd3f-9122-3d08-ad25-4633c9505164,9,75,0,1,695734,L,Daylen Lile,664126,R,Pete Fairbanks,WSH,MIA,120,146,Groundout,"Daylen Lile grounds out, second baseman Xavier Edwards to first baseman Connor Norby.",Groundout,,1,1,1,1,S,Strike,foul,False,F,FF,4-Seam Fastball,Foul,97.4,89.6,3.18,1.6,6.48,0.39,12,2287,1.9,17.2,-11.5,0.8349,2.9062,0.16,1.43,-0.96,0.16,0.16,0.36,False,False,False,True,False,0.8349,2.9062,3,8,3,2,1,284,70.4,,,,,,,,,,,,,False,N,1
822730,2026-06-01,WSH,MIA,pitch,2d83b113-5fe4-393d-8956-71b94ea6478e,9,75,0,1,695734,L,Daylen Lile,664126,R,Pete Fairbanks,WSH,MIA,120,146,Groundout,"Daylen Lile grounds out, second baseman Xavier Edwards to first baseman Connor Norby.",Groundout,"{""homeRunBallparks"": 0}",2,1,2,1,X,In Play,hit_into_play,False,X,FC,Cutter,"In play, out(s)",89.7,82.8,3.18,1.6,6.27,0.42,4,2389,7.7,-1.0,-34.9,-0.4097,2.1193,-0.64,-0.08,-2.91,7.7,-0.64,0.39,True,True,False,True,False,-0.4097,2.1193,4,9,3,2,1,285,67.4,10.0,0.2,0,47.51,126.13,94.6,-12.0,94.6,-12.0,,,,True,N,1
822730,2026-06-01,WSH,MIA,pitch,6602a1a5-5d36-3e07-944a-03b034e9a4f2,9,76,14,2,696285,R,Jacob Young,664126,R,Pete Fairbanks,WSH,MIA,120,146,Strikeout,Jacob Young strikes out swinging.,Strikeout,,0,0,0,0,S,Strike,called_strike,False,C,FC,Cutter,Called Strike,91.2,83.1,3.19,1.61,6.27,0.41,11,2328,5.3,4.0,-29.0,-0.0499,3.3126,-0.44,0.33,-2.42,5.3,-0.44,0.39,False,False,False,False,False,-0.0499,3.3126,1,10,4,3,1,286,,,,,,,,,,,,,,False,N,1
822730,2026-06-01,WSH,MIA,pitch,8cd7eeea-9f55-33e6-87b1-48f124a71d90,9,76,14,2,696285,R,Jacob Young,664126,R,Pete Fairbanks,WSH,MIA,120,146,Strikeout,Jacob Young strikes out swinging.,Strikeout,,1,0,1,0,S,Strike,called_strike,False,C,FC,Cutter,Called Strike,89.9,81.5,3.19,1.61,6.27,0.42,11,2340,6.0,4.0,-30.2,-0.1561,3.3091,-0.5,0.33,-2.52,6.0,-0.5,0.4,False,False,False,False,False,-0.1561,3.3091,2,11,5,3,1,287,,,,,,,,,,,,,,False,N,1
822730,2026-06-01,WSH,MIA,pitch,ffacb593-78df-3c12-b769-b149466dbd84,9,76,14,2,696285,R,Jacob Young,664126,R,Pete Fairbanks,WSH,MIA,120,146,Strikeout,Jacob Young strikes out swinging.,Strikeout,,2,0,2,0,B,Ball,ball,False,B,FC,Cutter,Ball,91.6,84.0,3.19,1.61,6.47,0.41,14,2425,4.2,3.8,-28.9,1.7191,1.2118,-0.35,0.32,-2.41,4.2,-0.35,0.39,False,False,False,False,False,1.7191,1.2118,3,12,6,3,1,288,,,,,,,,,,,,,,False,N,1
822730,2026-06-01,WSH,MIA,pitch,3af6541f-d20a-3a5a-a85f-1c6d90260052,9,76,14,2,696285,R,Jacob Young,664126,R,Pete Fairbanks,WSH,MIA,120,146,Strikeout,Jacob Young strikes out swinging.,Strikeout,,2,1,2,1,S,Strike,swinging_strike,True,S,SL,Slider,Swinging Strike,83.7,77.4,3.19,1.61,6.35,0.45,6,2425,8.8,-6.0,-45.0,0.4822,2.1657,-0.73,-0.5,-3.75,8.8,-0.73,0.42,True,True,False,False,False,0.4822,2.1657,4,13,3,3,1,289,66.8,,,,,,,,,,,,,True,N,1
823131,2026-06-01,SEA,NYM,pitch,794b468b-5bc7-3644-b317-c5e0c5fd0239,1,1,0,1,701807,L,Carson Benge,676106,R,Emerson Hancock,NYM,SEA,121,136,Flyout,Carson Benge flies out sharply to center fielder Julio Rodríguez.,Flyout,,0,0,0,0,S,Strike,called_strike,False,C,FF,4-Seam Fastball,Called Strike,94.4,85.6,3.26,1.64,6.16,0.4,4,2322,15.7,10.0,-21.0,-0.716,2.4986,1.31,0.83,-1.75,1.31,1.31,0.38,True,True,False,True,False,-0.716,2.4986,1,1,1,1,1,1,,,,,,,,,,,,,,False,N,1
823131,2026-06-01,SEA,NYM,pitch,1a04c29c-afe6-3c74-b9f7-82b663044f2d,1,1,0,1,701807,L,Carson Benge,676106,R,Emerson Hancock,NYM,SEA,121,136,Flyout,Carson Benge flies out sharply to center fielder Julio Rodríguez.,Flyout,,1,0,1,0,B,Ball,ball,False,B,FC,Cutter,Ball,83.8,76.9,3.26,1.64,6.22,0.45,8,2373,3.8,4.4,-34.7,0.183,1.5482,-0.32,0.37,-2.89,3.8,-0.32,0.42,True,True,False,True,False,0.183,1.5482,2,2,1,1,1,2,,,,,,,,,,,,,,False,N,1
823131,2026-06-01,SEA,NYM,pitch,09a7cb6b-b5b7-34a8-8a89-dc9b6118798c,1,1,0,1,701807,L,Carson Benge,676106,R,Emerson Hancock,NYM,SEA,121,136,Flyout,Carson Benge flies out sharply to center fielder Julio Rodríguez.,Flyout,,1,1,1,1,S,Strike,foul,False,F,FF,4-Seam Fastball,Foul,94.6,87.2,3.26,1.64,6.25,0.4,6,2301,15.0,6.8,-23.6,0.3287,2.1983,1.25,0.57,-1.97,1.25,1.25,0.37,True,True,False,True,False,0.3287,2.1983,3,3,2,1,1,3,66.8,,,,,,,,,,,,,False,N,1
823131,2026-06-01,SEA,NYM,pitch,a5d5a104-1a6d-3cdf-8e26-9bd664960091,1,1,0,1,701807,L,Carson Benge,676106,R,Emerson Hancock,NYM,SEA,121,136,Flyout,Carson Benge flies out sharply to center fielder Julio Rodríguez.,Flyout,,2,1,2,1,S,Strike,foul,False,F,FF,4-Seam Fastball,Foul,95.2,87.3,3.26,1.64,6.17,0.39,1,2142,11.6,5.3,-24.7,-0.407,3.1502,0.97,0.44,-2.06,0.97,0.97,0.37,True,True,False,True,False,-0.407,3.1502,4,4,3,1,1,4,64.4,,,,,,,,,,,,,False,N,1
823131,2026-06-01,SEA,NYM,pitch,6843e38e-3434-34b7-8b04-4f437bbcc10a,1,1,0,1,701807,L,Carson Benge,676106,R,Emerson Hancock,NYM,SEA,121,136,Flyout,Carson Benge flies out sharply to center fielder Julio Rodríguez.,Flyout,,2,1,2,1,S,Strike,foul,False,F,FF,4-Seam Fastball,Foul,95.3,88.0,3.26,1.64,6.11,0.39,1,2342,8.8,5.8,-24.1,-0.5892,3.3167,0.73,0.48,-2.01,0.73,0.73,0.37,True,True,False,True,False,-0.5892,3.3167,5,5,4,1,1,5,62.9,,,,,,,,,,,,,False,N,1
823131,2026-06-01,SEA,NYM,pitch,2e27288b-2516-3a04-85e1-1c5884af401d,1,1,0,1,701807,L,Carson Benge,676106,R,Emerson Hancock,NYM,SEA,121,136,Flyout,Carson Benge flies out sharply to center fielder Julio Rodríguez.,Flyout,,2,1,2,1,B,Ball,ball,False,B,FC,Cutter,Ball,84.6,79.0,3.26,1.64,6.23,0.44,14,2324,5.2,5.3,-32.5,0.7573,0.8681,-0.43,0.44,-2.71,5.2,-0.43,0.42,False,False,False,True,False,0.7573,0.8681,6,6,2,1,1,6,,,,,,,,,,,,,,False,N,1
823131,2026-06-01,SEA,NYM,pitch,874dcdaa-e65e-3ae0-ac8b-449738256242,1,1,0,1,701807,L,Carson Benge,676106,R,Emerson Hancock,NYM,SEA,121,136,Flyout,Carson Benge flies out sharply to center fielder Julio Rodríguez.,Flyout,"{""homeRunBallparks"": 1}",2,2,2,2,X,In Play,hit_into_play,False,X,FC,Cutter,"In play, out(s)",83.0,76.9,3.26,1.64,6.09,0.45,4,2294,6.4,3.2,-36.1,-0.5095,2.3166,-0.53,0.27,-3.01,6.4,-0.53,0.42,True,True,False,True,False,-0.5095,2.3166,7,7,3,1,1,7,72.2,380.0,0.51,1,-77.66,371.99,100.5,26.0,100.5,26.0,,,,True,N,1
823131,2026-06-01,SEA,NYM,pitch,98731038-b6d6-3a15-a74e-910d67190667,1,2,0,1,666182,R,Bo Bichette,676106,R,Emerson Hancock,NYM,SEA,121,136,Flyout,Bo Bichette flies out to center fielder Julio Rodríguez.,Flyout,,0,0,0,0,B,Ball,ball,False,B,SI,Sinker,Ball,94.6,86.8,3.16,1.6,6.15,0.4,13,2283,16.1,-2.2,-32.8,-0.0854,1.4727,1.34,-0.18,-2.73,1.34,1.34,0.37,False,False,False,True,False,-0.0854,1.4727,1,8,1,2,1,8,,,,,,,,,,,,,,False,N,1
823131,2026-06-01,SEA,NYM,pitch,6f77c4ae-a9b9-3728-8fab-f227289c4a72,1,2,0,1,666182,R,Bo Bichette,676106,R,Emerson Hancock,NYM,SEA,121,136,Flyout,Bo Bichette flies out to center fielder Julio Rodríguez.,Flyout,,0,1,0,1,B,Ball,ball,False,B,SI,Sinker,Ball,95.4,87.5,3.16,1.6,6.21,0.4,14,2392,18.0,-0.7,-31.0,0.44,1.2894,1.5,-0.06,-2.58,1.5,1.5,0.37,False,False,False,True,False,0.44,1.2894,2,9,2,2,1,9,,,,,,,,,,,,,,False,N,1
823131,2026-06-01,SEA,NYM,pitch,b79daa1b-318b-3a79-87e1-82f0ad96a472,1,2,0,1,666182,R,Bo Bichette,676106,R,Emerson Hancock,NYM,SEA,121,136,Flyout,Bo Bichette flies out to center fielder Julio Rodríguez.,Flyout,,0,2,0,2,S,Strike,foul,False,F,SI,Sinker,Foul,95.0,86.7,3.16,1.6,6.19,0.4,13,2390,19.3,-1.0,-31.4,-1.192,2.3148,1.61,-0.08,-2.62,1.61,1.61,0.37,False,False,False,True,False,-1.192,2.3148,3,10,3,2,1,10,66.1,,,,,,,,,,,,,False,N,1
823131,2026-06-01,SEA,NYM,pitch,46487b6c-0c66-38e2-aec5-a3ef2ac16dd7,1,2,0,1,666182,R,Bo Bichette,676106,R,Emerson Hancock,NYM,SEA,121,136,Flyout,Bo Bichette flies out to center fielder Julio Rodríguez.,Flyout,,1,2,1,2,S,Strike,called_strike,False,C,FF,4-Seam Fastball,Called Strike,95.1,86.8,3.16,1.6,6.25,0.4,3,2236,10.7,9.5,-20.9,0.6245,2.7481,0.89,0.79,-1.74,0.89,0.89,0.37,True,True,False,True,False,0.6245,2.7481,4,11,5,2,1,11,,,,,,,,,,,,,,False,N,1
823131,2026-06-01,SEA,NYM,pitch,3df42765-bbda-3cf9-a35f-88a7476f6029,1,2,0,1,666182,R,Bo Bichette,676106,R,Emerson Hancock,NYM,SEA,121,136,Flyout,Bo Bichette flies out to center fielder Julio Rodríguez.,Flyout,"{""homeRunBallparks"": 0}",2,2,2,2,X,In Play,hit_into_play,False,X,FC,Cutter,"In play, out(s)",83.7,77.0,3.16,1.6,6.19,0.45,6,2269,4.4,2.5,-36.5,0.3159,2.3974,-0.37,0.21,-3.04,4.4,-0.37,0.42,True,True,False,True,False,0.3159,2.3974,5,12,4,2,1,12,70.4,233.0,0.03,0,43.22,228.41,81.7,49.0,81.7,49.0,,,,True,N,1
823131,2026-06-01,SEA,NYM,pitch,ae295520-2f92-3daa-8b5a-90552c5a6453,1,3,0,2,665742,L,Juan Soto,676106,R,Emerson Hancock,NYM,SEA,121,136,Flyout,Juan Soto flies out to left fielder Randy Arozarena.,Flyout,,0,0,0,0,S,Strike,called_strike,False,C,FF,4-Seam Fastball,Called Strike,95.9,88.4,3.26,1.64,6.25,0.39,7,2198,8.2,6.2,-23.4,-0.7122,1.8255,0.68,0.52,-1.95,0.68,0.68,0.37,True,True,False,True,False,-0.7122,1.8255,1,13,6,3,1,13,,,,,,,,,,,,,,False,N,1
823131,2026-06-01,SEA,NYM,pitch,4b5ee945-f720-3208-a6fb-310f34a7b241,1,3,0,2,665742,L,Juan Soto,676106,R,Emerson Hancock,NYM,SEA,121,136,Flyout,Juan Soto flies out to left fielder Randy Arozarena.,Flyout,,1,0,1,0,B,Ball,ball,False,B,FC,Cutter,Ball,84.8,78.6,3.26,1.64,6.24,0.44,14,2315,4.2,1.6,-36.2,0.0136,1.2361,-0.35,0.13,-3.02,4.2,-0.35,0.42,False,False,False,True,False,0.0136,1.2361,2,14,5,3,1,14,,,,,,,,,,,,,,False,N,1
823131,2026-06-01,SEA,NYM,pitch,c88616a5-b093-3d3d-8f84-e8cd32d9638f,1,3,0,2,665742,L,Juan Soto,676106,R,Emerson Hancock,NYM,SEA,121,136,Flyout,Juan Soto flies out to left fielder Randy Arozarena.,Flyout,"{""homeRunBallparks"": 0}",1,1,1,1,X,In Play,hit_into_play,False,X,FF,4-Seam Fastball,"In play, out(s)",95.5,87.7,3.26,1.64,6.18,0.39,6,2319,8.8,7.4,-22.6,0.3841,2.4131,0.73,0.62,-1.88,0.73,0.73,0.37,True,True,False,True,False,0.3841,2.4131,3,15,7,3,1,15,72.5,273.0,0.03,0,-101.07,251.71,81.1,37.0,81.1,37.0,,,,True,N,1
823131,2026-06-01,SEA,NYM,pitch,34b4b4ca-40f6-3355-85fb-2187419772bd,1,4,0,1,641487,L,J.P. Crawford,681810,R,Austin Warren,SEA,NYM,136,121,Groundout,"J.P. Crawford grounds out, third baseman Brett Baty to first baseman Jared Young.",Groundout,,0,0,0,0,S,Strike,foul,False,F,FF,4-Seam Fastball,Foul,94.1,85.9,3.22,1.62,6.4,0.4,4,2440,13.8,13.7,-17.3,-0.4188,2.6106,1.15,1.14,-1.44,1.15,1.15,0.38,True,True,False,True,False,-0.4188,2.6106,1,1,1,1,1,16,69.3,,,,,,,,,,,,,False,N,1
823131,2026-06-01,SEA,NYM,pitch,f0cb0645-86f4-36e4-af21-11935de2b5ca,1,4,0,1,641487,L,J.P. Crawford,681810,R,Austin Warren,SEA,NYM,136,121,Groundout,"J.P. Crawford grounds out, third baseman Brett Baty to first baseman Jared Young.",Groundout,,1,0,1,0,S,Strike,swinging_strike,True,S,ST,Sweeper,Swinging Strike,85.1,78.1,3.22,1.62,6.29,0.44,14,2843,14.9,-2.2,-40.1,0.1508,1.2906,-1.24,-0.18,-3.34,14.9,-1.24,0.42,False,False,True,True,False,0.1508,1.2906,2,2,1,1,1,17,35.3,,,,,,,,,,,,,False,N,1
823131,2026-06-01,SEA,NYM,pitch,2a250e70-4db6-38e1-a5fc-35dfa3da171a,1,4,0,1,641487,L,J.P. Crawford,681810,R,Austin Warren,SEA,NYM,136,121,Groundout,"J.P. Crawford grounds out, third baseman Brett Baty to first baseman Jared Young.",Groundout,,2,0,2,0,S,Strike,foul,False,F,CU,Curveball,Foul,85.5,79.1,3.22,1.62,6.23,0.44,14,2802,6.8,-10.4,-47.8,0.2812,0.8897,-0.57,-0.87,-3.98,6.8,-0.57,0.41,False,False,False,True,False,0.2812,0.8897,3,3,1,1,1,18,79.2,,,,,,,,,,,,,False,N,1
823131,2026-06-01,SEA,NYM,pitch,26dcedc9-b293-3dc8-8abc-e122eed49429,1,4,0,1,641487,L,J.P. Crawford,681810,R,Austin Warren,SEA,NYM,136,121,Groundout,"J.P. Crawford grounds out, third baseman Brett Baty to first baseman Jared Young.",Groundout,,2,0,2,0,B,Ball,ball,False,B,FF,4-Seam Fastball,Ball,94.3,85.4,3.22,1.62,6.36,0.4,11,2469,9.8,15.8,-15.1,-2.1431,3.8372,0.82,1.32,-1.26,0.82,0.82,0.38,False,False,False,True,False,-2.1431,3.8372,4,4,2,1,1,19,,,,,,,,,,,,,,False,N,1
823131,2026-06-01,SEA,NYM,pitch,28ab1418-1ccc-31de-89a1-81b25668a41e,1,4,0,1,641487,L,J.P. Crawford,681810,R,Austin Warren,SEA,NYM,136,121,Groundout,"J.P. Crawford grounds out, third baseman Brett Baty to first baseman Jared Young.",Groundout,"{""homeRunBallparks"": 0}",2,1,2,1,X,In Play,hit_into_play,False,X,ST,Sweeper,"In play, out(s)",85.6,78.8,3.22,1.62,6.23,0.44,2,2862,14.3,-1.0,-38.2,0.0364,3.0101,-1.19,-0.08,-3.18,14.3,-1.19,0.41,True,True,False,True,False,0.0364,3.0101,5,5,2,1,1,20,61.7,6.0,0.04,0,-42.9,88.24,88.2,-29.0,88.2,-29.0,,,,True,N,1
823131,2026-06-01,SEA,NYM,pitch,cac7c071-f9c1-34e0-b18e-f0a875467900,1,5,0,1,677594,R,Julio Rodríguez,681810,R,Austin Warren,SEA,NYM,136,121,Lineout,Julio Rodríguez lines out sharply to center fielder A.J. Ewing.,Lineout,,0,0,0,0,B,Ball,ball,False,B,SI,Sinker,Ball,94.6,86.6,3.38,1.7,6.43,0.4,1,2135,17.8,6.0,-24.5,-0.8025,3.3532,1.48,0.5,-2.04,1.48,1.48,0.37,True,True,False,True,False,-0.8025,3.3532,1,6,1,2,1,21,,,,,,,,,,,,,,False,N,1
823131,2026-06-01,SEA,NYM,pitch,9403ba1d-6fd4-3597-bee5-d4e2639c3cb9,1,5,0,1,677594,R,Julio Rodríguez,681810,R,Austin Warren,SEA,NYM,136,121,Lineout,Julio Rodríguez lines out sharply to center fielder A.J. Ewing.,Lineout,,0,1,0,1,S,Strike,called_strike,False,C,ST,Sweeper,Called Strike,85.8,79.4,3.38,1.7,6.32,0.44,8,2631,15.5,-0.4,-37.2,-0.1101,1.6736,-1.29,-0.03,-3.1,15.5,-1.29,0.41,True,True,False,True,False,-0.1101,1.6736,2,7,3,2,1,22,,,,,,,,,,,,,,False,N,1
823131,2026-06-01,SEA,NYM,pitch,a019e197-e5a7-393b-ada7-ccffa3732b01,1,5,0,1,677594,R,Julio Rodríguez,681810,R,Austin Warren,SEA,NYM,136,121,Lineout,Julio Rodríguez lines out sharply to center fielder A.J. Ewing.,Lineout,,1,1,1,1,B,Ball,ball,False,B,SI,Sinker,Ball,93.3,86.1,3.38,1.7,6.28,0.4,11,2144,16.4,5.3,-25.9,-2.1684,3.0775,1.37,0.44,-2.16,1.37,1.37,0.38,False,False,False,True,False,-2.1684,3.0775,3,8,2,2,1,23,,,,,,,,,,,,,,False,N,1
823131,2026-06-01,SEA,NYM,pitch,e77ef538-07dc-3831-b2f1-8d16f10b2902,1,5,0,1,677594,R,Julio Rodríguez,681810,R,Austin Warren,SEA,NYM,136,121,Lineout,Julio Rodríguez lines out sharply to center fielder A.J. Ewing.,Lineout,,1,2,1,2,B,Ball,ball,False,B,ST,Sweeper,Ball,86.1,79.5,3.38,1.7,6.34,0.44,14,2757,12.5,2.2,-34.7,0.2211,1.3725,-1.04,0.18,-2.89,12.5,-1.04,0.41,False,False,False,True,False,0.2211,1.3725,4,9,4,2,1,24,,,,,,,,,,,,,,False,N,1
823131,2026-06-01,SEA,NYM,pitch,f6450089-9db2-3117-afd7-7b177cb6e036,1,5,0,1,677594,R,Julio Rodríguez,681810,R,Austin Warren,SEA,NYM,136,121,Lineout,Julio Rodríguez lines out sharply to center fielder A.J. Ewing.,Lineout,,1,3,1,3,S,Strike,called_strike,False,C,ST,Sweeper,Called Strike,85.2,78.8,3.38,1.7,6.3,0.44,4,2788,15.0,1.1,-36.4,-0.4525,2.3314,-1.25,0.09,-3.03,15.0,-1.25,0.41,True,True,False,True,False,-0.4525,2.3314,5,10,5,2,1,25,,,,,,,,,,,,,,False,N,1
823131,2026-06-01,SEA,NYM,pitch,3834ad3a-3e4a-3788-8f94-64fc043ef645,1,5,0,1,677594,R,Julio Rodríguez,681810,R,Austin Warren,SEA,NYM,136,121,Lineout,Julio Rodríguez lines out sharply to center fielder A.J. Ewing.,Lineout,,2,3,2,3,S,Strike,foul,False,F,ST,Sweeper,Foul,86.1,79.2,3.38,1.7,6.34,0.44,6,2771,16.2,-1.1,-37.9,0.41,2.8419,-1.35,-0.09,-3.16,16.2,-1.35,0.41,True,True,False,True,False,0.41,2.8419,6,11,6,2,1,26,81.6,,,,,,,,,,,,,False,N,1
823131,2026-06-01,SEA,NYM,pitch,7f3ee728-8483-34d8-8c09-8591869cd4e8,1,5,0,1,677594,R,Julio Rodríguez,681810,R,Austin Warren,SEA,NYM,136,121,Lineout,Julio Rodríguez lines out sharply to center fielder A.J. Ewing.,Lineout,"{""homeRunBallparks"": 0}",2,3,2,3,X,In Play,hit_into_play,False,X,SI,Sinker,"In play, out(s)",94.7,87.7,3.38,1.7,6.54,0.4,7,2291,15.8,3.8,-26.4,-0.301,1.595,1.32,0.32,-2.2,1.32,1.32,0.37,True,True,False,True,False,-0.301,1.595,7,12,3,2,1,27,82.0,360.0,0.55,0,-23.04,358.95,106.6,17.0,106.6,17.0,,,,True,N,1
823131,2026-06-01,SEA,NYM,pitch,51cc2d98-c434-348d-b215-9a40ef1ae15d,1,6,0,2,647304,L,Josh Naylor,681810,R,Austin Warren,SEA,NYM,136,121,Groundout,"Josh Naylor grounds out, second baseman Marcus Semien to first baseman Jared Young.",Groundout,,0,0,0,0,B,Ball,ball,False,B,ST,Sweeper,Ball,84.3,76.9,3.11,1.57,6.15,0.45,11,2901,18.6,-4.9,-43.6,-1.5389,2.5341,-1.55,-0.41,-3.63,18.6,-1.55,0.42,False,False,False,True,False,-1.5389,2.5341,1,13,7,3,1,28,,,,,,,,,,,,,,False,N,1
823131,2026-06-01,SEA,NYM,pitch,46be3e1e-f602-397b-8e7f-bee7de234f06,1,6,0,2,647304,L,Josh Naylor,681810,R,Austin Warren,SEA,NYM,136,121,Groundout,"Josh Naylor grounds out, second baseman Marcus Semien to first baseman Jared Young.",Groundout,,0,1,0,1,S,Strike,called_strike,False,C,ST,Sweeper,Called Strike,84.5,76.8,3.11,1.57,6.23,0.45,4,2756,20.3,-2.9,-41.6,-0.3926,2.5251,-1.69,-0.24,-3.47,20.3,-1.69,0.42,True,True,False,True,False,-0.3926,2.5251,2,14,8,3,1,29,,,,,,,,,,,,,,False,N,1
823131,2026-06-01,SEA,NYM,pitch,fee79559-bf73-3860-bf3c-18719888b371,1,6,0,2,647304,L,Josh Naylor,681810,R,Austin Warren,SEA,NYM,136,121,Groundout,"Josh Naylor grounds out, second baseman Marcus Semien to first baseman Jared Young.",Groundout,,1,1,1,1,B,Ball,ball,False,B,CU,Curveball,Ball,83.6,76.2,3.11,1.57,6.21,0.45,13,2767,12.5,-6.6,-46.0,-1.2865,1.9247,-1.04,-0.55,-3.83,12.5,-1.04,0.42,False,False,False,True,False,-1.2865,1.9247,3,15,2,3,1,30,,,,,,,,,,,,,,False,N,1
823131,2026-06-01,SEA,NYM,pitch,2590e686-b606-3861-8cfd-f01efabd74e4,1,6,0,2,647304,L,Josh Naylor,681810,R,Austin Warren,SEA,NYM,136,121,Groundout,"Josh Naylor grounds out, second baseman Marcus Semien to first baseman Jared Young.",Groundout,"{""homeRunBallparks"": 0}",1,2,1,2,X,In Play,hit_into_play,False,X,ST,Sweeper,"In play, out(s)",85.0,77.3,3.11,1.57,6.21,0.45,4,2945,19.0,-4.3,-42.5,-0.6349,2.3263,-1.58,-0.36,-3.54,19.0,-1.58,0.42,True,True,False,True,False,-0.6349,2.3263,4,16,9,3,1,31,70.0,13.0,0.2,0,48.74,127.34,97.6,-11.0,97.6,-11.0,,,,True,N,1
823131,2026-06-01,SEA,NYM,pitch,ca33e9dc-422f-3c1c-8cb1-d8f454533c12,2,7,0,1,676724,L,Jared Young,676106,R,Emerson Hancock,NYM,SEA,121,136,Lineout,Jared Young lines out to second baseman Cole Young.,Lineout,"{""homeRunBallparks"": 0}",0,0,0,0,X,In Play,hit_into_play,False,X,FF,4-Seam Fastball,"In play, out(s)",94.5,87.0,3.28,1.66,6.13,0.4,5,2265,11.0,6.0,-24.5,0.2735,2.5021,0.92,0.5,-2.04,0.92,0.92,0.37,True,True,False,True,False,0.2735,2.5021,1,16,8,4,1,32,76.8,166.0,0.85,0,58.4,154.87,96.1,11.0,96.1,11.0,,,,True,N,1
823131,2026-06-01,SEA,NYM,pitch,a354d138-a5df-37d2-9c7f-d450c44c6ee5,2,8,14,1,805999,L,A.J. Ewing,676106,R,Emerson Hancock,NYM,SEA,121,136,Strikeout,A.J. Ewing strikes out swinging.,Strikeout,,0,0,0,0,S,Strike,foul,False,F,FF,4-Seam Fastball,Foul,93.8,86.4,3.14,1.58,6.22,0.4,2,2207,11.9,7.7,-23.3,-0.1531,3.0194,0.99,0.64,-1.94,0.99,0.99,0.38,True,True,False,False,False,-0.1531,3.0194,1,17,9,5,1,33,67.3,,,,,,,,,,,,,False,N,1
823131,2026-06-01,SEA,NYM,pitch,decaaa08-77f9-3d41-ac5c-dda80bceddfe,2,8,14,1,805999,L,A.J. Ewing,676106,R,Emerson Hancock,NYM,SEA,121,136,Strikeout,A.J. Ewing strikes out swinging.,Strikeout,,1,0,1,0,S,Strike,foul,False,F,FF,4-Seam Fastball,Foul,93.6,86.0,3.14,1.58,6.27,0.4,5,2325,13.8,6.7,-24.4,0.2475,2.6289,1.15,0.56,-2.03,1.15,1.15,0.38,True,True,False,False,False,0.2475,2.6289,2,18,10,5,1,34,65.2,,,,,,,,,,,,,False,N,1
823131,2026-06-01,SEA,NYM,pitch,d6caebff-4795-3450-9dd4-3e648c438361,2,8,14,1,805999,L,A.J. Ewing,676106,R,Emerson Hancock,NYM,SEA,121,136,Strikeout,A.J. Ewing strikes out swinging.,Strikeout,,2,0,2,0,S,Strike,foul,False,F,FF,4-Seam Fastball,Foul,94.6,87.6,3.14,1.58,6.28,0.4,12,2195,11.3,6.6,-23.6,0.4001,3.623,0.94,0.55,-1.97,0.94,0.94,0.37,False,False,False,False,False,0.4001,3.623,3,19,11,5,1,35,57.0,,,,,,,,,,,,,False,N,1
823131,2026-06-01,SEA,NYM,pitch,611c0c73-142e-3c51-a0c6-42ab489e3076,2,8,14,1,805999,L,A.J. Ewing,676106,R,Emerson Hancock,NYM,SEA,121,136,Strikeout,A.J. Ewing strikes out swinging.,Strikeout,,2,0,2,0,S,Strike,swinging_strike_blocked,True,W,CU,Curveball,Swinging Strike,74.3,69.3,3.14,1.58,6.07,0.51,13,2615,15.8,-5.5,-55.0,-0.2171,0.45,-1.32,-0.46,-4.58,15.8,-1.32,0.47,False,False,True,False,False,-0.2171,0.45,4,20,1,5,1,36,30.2,,,,,,,,,,,,,True,N,1
823131,2026-06-01,SEA,NYM,pitch,afcac042-3717-3002-8031-072a6b8e8785,2,9,14,2,669004,L,MJ Melendez,676106,R,Emerson Hancock,NYM,SEA,121,136,Strikeout,MJ Melendez strikes out swinging.,Strikeout,,0,0,0,0,B,Ball,ball,False,B,FC,Cutter,Ball,82.8,76.7,3.23,1.63,6.21,0.45,13,2425,7.4,-0.6,-40.3,-0.3492,1.086,-0.62,-0.05,-3.36,7.4,-0.62,0.43,False,False,False,False,False,-0.3492,1.086,1,21,6,6,1,37,,,,,,,,,,,,,,False,N,1
823131,2026-06-01,SEA,NYM,pitch,c09c8a4b-6e03-34d3-9856-34e39e0b2da1,2,9,14,2,669004,L,MJ Melendez,676106,R,Emerson Hancock,NYM,SEA,121,136,Strikeout,MJ Melendez strikes out swinging.,Strikeout,,0,1,0,1,S,Strike,called_strike,False,C,FF,4-Seam Fastball,Called Strike,94.7,87.1,3.23,1.63,6.33,0.4,8,2258,11.4,8.9,-21.6,-0.1012,1.5448,0.95,0.74,-1.8,0.95,0.95,0.37,True,True,False,False,True,-0.1012,1.5448,2,22,12,6,1,38,,,,,,,,,,,,,,False,N,1
823131,2026-06-01,SEA,NYM,pitch,f95c2346-148f-36d8-a656-ec7a796af98d,2,9,14,2,669004,L,MJ Melendez,676106,R,Emerson Hancock,NYM,SEA,121,136,Strikeout,MJ Melendez strikes out swinging.,Strikeout,,1,1,1,1,S,Strike,swinging_strike,True,S,FC,Cutter,Swinging Strike,83.8,77.7,3.23,1.63,6.14,0.45,7,2374,1.9,4.8,-33.8,-0.4573,1.5695,-0.16,0.4,-2.82,1.9,-0.16,0.42,True,True,False,False,False,-0.4573,1.5695,3,23,7,6,1,39,67.8,,,,,,,,,,,,,False,N,1
823131,2026-06-01,SEA,NYM,pitch,669808f5-6418-3111-b2f3-8476e75b5822,2,9,14,2,669004,L,MJ Melendez,676106,R,Emerson Hancock,NYM,SEA,121,136,Strikeout,MJ Melendez strikes out swinging.,Strikeout,,2,1,2,1,S,Strike,swinging_strike,True,S,CU,Curveball,Swinging Strike,76.3,70.7,3.23,1.63,6.01,0.49,13,2652,14.6,-6.2,-53.2,-0.1377,0.8995,-1.22,-0.52,-4.43,14.6,-1.22,0.46,False,False,False,False,False,-0.1377,0.8995,4,24,2,6,1,40,70.4,,,,,,,,,,,,,True,N,1
823131,2026-06-01,SEA,NYM,pitch,30414ed0-331a-3a1e-8a26-066dc80572a8,2,10,11,0,668227,R,Randy Arozarena,681810,R,Austin Warren,SEA,NYM,136,121,Hit By Pitch,Randy Arozarena hit by pitch.,Hit By Pitch,,0,0,0,0,B,Ball,ball,False,B,ST,Sweeper,Ball,86.1,79.0,3.13,1.58,6.42,0.44,14,2740,7.2,5.4,-31.7,1.6685,1.483,-0.6,0.45,-2.64,7.2,-0.6,0.41,False,False,False,False,False,1.6685,1.483,1,17,10,4,1,41,,,,,,,,,,,,,,False,N,1
823131,2026-06-01,SEA,NYM,pitch,024929fc-74a4-32a7-9306-95b27eb2e314,2,10,11,0,668227,R,Randy Arozarena,681810,R,Austin Warren,SEA,NYM,136,121,Hit By Pitch,Randy Arozarena hit by pitch.,Hit By Pitch,,0,1,0,1,S,Strike,called_strike,False,C,ST,Sweeper,Called Strike,85.2,78.7,3.13,1.58,6.23,0.44,9,2892,19.1,-2.3,-39.8,0.4117,1.8468,-1.59,-0.19,-3.32,19.1,-1.59,0.41,True,True,False,False,False,0.4117,1.8468,2,18,11,4,1,42,,,,,,,,,,,,,,False,N,1
823131,2026-06-01,SEA,NYM,pitch,a16dd731-0a6e-36a1-b527-34a0bc966261,2,10,11,0,668227,R,Randy Arozarena,681810,R,Austin Warren,SEA,NYM,136,121,Hit By Pitch,Randy Arozarena hit by pitch.,Hit By Pitch,,1,1,1,1,X,In Play,hit_by_pitch,False,H,SI,Sinker,Hit By Pitch,93.6,85.9,3.13,1.58,6.37,0.4,11,2360,19.4,7.0,-24.2,-1.6441,2.9106,1.62,0.58,-2.02,1.62,1.62,0.38,False,False,False,False,False,-1.6441,2.9106,3,19,4,4,1,43,,,,,,,,,,,,,,True,N,1
823131,2026-06-01,SEA,NYM,pitch,6b76ecb5-c178-3ad4-b3a7-9a29d0ea0597,2,11,14,1,670042,L,Luke Raley,640455,L,Sean Manaea,SEA,NYM,136,121,Strikeout,Luke Raley strikes out swinging.,Strikeout,,0,0,0,0,S,Strike,called_strike,False,C,SI,Sinker,Called Strike,92.3,84.3,3.34,1.69,6.74,0.41,5,2051,22.0,3.5,-28.8,0.2596,2.3096,-1.83,0.29,-2.4,22.0,-1.83,0.38,True,True,False,False,False,0.2596,2.3096,1,1,1,1,1,44,,,,,,,,,,,,,,False,N,1
823131,2026-06-01,SEA,NYM,pitch,bca542cd-c44a-38ff-9c6a-de731cccdb05,2,11,14,1,670042,L,Luke Raley,640455,L,Sean Manaea,SEA,NYM,136,121,Strikeout,Luke Raley strikes out swinging.,Strikeout,,1,0,1,0,S,Strike,called_strike,False,C,SI,Sinker,Called Strike,92.7,84.5,3.34,1.69,6.88,0.41,4,2050,21.6,6.2,-25.9,-0.6398,2.4011,-1.8,0.52,-2.16,21.6,-1.8,0.38,True,True,False,False,False,-0.6398,2.4011,2,2,2,1,1,45,,,,,,,,,,,,,,False,N,1
823131,2026-06-01,SEA,NYM,pitch,82323e7f-5c1d-3b90-beda-bbee5ba03718,2,11,14,1,670042,L,Luke Raley,640455,L,Sean Manaea,SEA,NYM,136,121,Strikeout,Luke Raley strikes out swinging.,Strikeout,,2,0,2,0,B,Ball,ball,False,B,ST,Sweeper,Ball,78.8,72.0,3.34,1.69,6.53,0.48,13,2452,16.0,6.5,-38.2,-1.9875,2.3877,1.33,0.54,-3.18,1.33,1.33,0.45,False,False,False,False,False,-1.9875,2.3877,3,3,1,1,1,46,,,,,,,,,,,,,,False,N,1
823131,2026-06-01,SEA,NYM,pitch,7e1506b0-b7bc-3e52-b2ea-dc8abbc2f26e,2,11,14,1,670042,L,Luke Raley,640455,L,Sean Manaea,SEA,NYM,136,121,Strikeout,Luke Raley strikes out swinging.,Strikeout,,2,1,2,1,S,Strike,swinging_strike,True,S,ST,Sweeper,Swinging Strike,80.5,73.6,3.34,1.69,6.64,0.47,13,2490,13.3,8.2,-34.6,-2.3807,1.9033,1.11,0.68,-2.88,1.11,1.11,0.44,False,False,True,False,False,-2.3807,1.9033,4,4,2,1,1,47,50.3,,,,,,,,,,,,,True,N,1
823131,2026-06-01,SEA,NYM,pitch,4c86d349-b869-347c-8148-03c77e89bddb,2,12,0,1,702284,L,Cole Young,640455,L,Sean Manaea,SEA,NYM,136,121,Walk,Cole Young walks.,Walk,,0,0,0,0,B,Ball,ball,False,B,SI,Sinker,Ball,93.3,85.0,3.13,1.58,6.94,0.41,13,2100,23.3,6.4,-25.4,-1.1664,2.1544,-1.94,0.53,-2.12,23.3,-1.94,0.38,False,False,False,False,False,-1.1664,2.1544,1,5,3,2,1,48,,,,,,,,,,,True,,,False,N,1
823131,2026-06-01,SEA,NYM,pitch,d0ce133e-9e16-3a01-bf4f-fc8abcca710f,2,12,0,1,702284,L,Cole Young,640455,L,Sean Manaea,SEA,NYM,136,121,Walk,Cole Young walks.,Walk,,0,1,0,1,B,Ball,ball,False,B,SI,Sinker,Ball,92.5,84.7,3.13,1.58,6.69,0.41,11,2151,22.3,6.1,-26.2,-1.1721,2.4087,-1.86,0.51,-2.18,22.3,-1.86,0.38,False,False,False,False,False,-1.1721,2.4087,2,6,4,2,1,49,,,,,,,,,,,True,,,False,N,1
823131,2026-06-01,SEA,NYM,pitch,0025f996-b191-3684-9200-27c7955a2341,2,12,0,1,702284,L,Cole Young,640455,L,Sean Manaea,SEA,NYM,136,121,Walk,Cole Young walks.,Walk,,0,2,0,2,S,Strike,foul,False,F,SI,Sinker,Foul,93.8,85.4,3.13,1.58,6.73,0.4,6,2041,23.2,3.2,-28.1,0.6629,2.2987,-1.93,0.27,-2.34,23.2,-1.93,0.38,True,True,False,False,False,0.6629,2.2987,3,7,5,2,1,50,73.1,,,,,,,,,,True,,,False,N,1
823131,2026-06-01,SEA,NYM,pitch,ce694b1e-87a0-3a0f-81b3-9eed3749f876,2,12,0,1,702284,L,Cole Young,640455,L,Sean Manaea,SEA,NYM,136,121,Walk,Cole Young walks.,Walk,,1,2,1,2,S,Strike,swinging_strike,True,S,SI,Sinker,Swinging Strike,93.6,86.0,3.13,1.58,6.84,0.4,14,1946,20.0,3.5,-27.8,0.3824,1.4386,-1.67,0.29,-2.32,20.0,-1.67,0.38,False,False,False,False,False,0.3824,1.4386,4,8,6,2,1,51,76.4,,,,,,,,,,True,,,False,N,1
823131,2026-06-01,SEA,NYM,pitch,c55a9bd2-6e60-3868-8d90-aa2c0e216d8b,2,12,0,1,702284,L,Cole Young,640455,L,Sean Manaea,SEA,NYM,136,121,Walk,Cole Young walks.,Walk,,2,2,2,2,B,Ball,ball,False,B,ST,Sweeper,Ball,77.1,70.0,3.13,1.58,6.64,0.49,11,2421,17.8,6.4,-40.4,-0.8793,3.402,1.48,0.53,-3.37,1.48,1.48,0.46,False,False,False,False,False,-0.8793,3.402,5,9,3,2,1,52,,,,,,,,,,,True,,,False,N,1
823131,2026-06-01,SEA,NYM,pitch,be7ce915-ff99-346a-8e27-6e24aaf0805f,2,12,0,1,702284,L,Cole Young,640455,L,Sean Manaea,SEA,NYM,136,121,Walk,Cole Young walks.,Walk,,2,3,2,3,B,Ball,ball,False,B,ST,Sweeper,Ball,75.2,68.5,3.13,1.58,6.55,0.5,12,2392,20.4,4.6,-44.2,1.1082,3.0109,1.7,0.38,-3.68,1.7,1.7,0.47,False,False,False,False,False,1.1082,3.0109,6,10,4,2,1,53,,,,,,,,,,,True,,,True,N,1
823131,2026-06-01,SEA,NYM,pitch,f8ec3e9c-8ce5-360c-a3c4-219f732cb15e,2,13,24,1,608701,R,Rob Refsnyder,640455,L,Sean Manaea,SEA,NYM,136,121,GIDP,"Rob Refsnyder grounds into a double play, third baseman Brett Baty to second baseman Marcus Semien to first baseman Jared Young. Cole Young out at 2nd. Rob Refsnyder out at 1st.",GIDP,,0,0,0,0,S,Strike,called_strike,False,C,ST,Sweeper,Called Strike,73.7,67.6,3.19,1.61,6.61,0.51,9,2388,21.1,3.1,-47.5,0.3858,1.7578,1.76,0.26,-3.96,1.76,1.76,0.48,True,True,False,False,False,0.3858,1.7578,1,11,5,3,1,54,,,,,,,,,,,True,,,False,N,1
823131,2026-06-01,SEA,NYM,pitch,2ef393eb-5264-336a-8d5a-49f98499838d,2,13,24,1,608701,R,Rob Refsnyder,640455,L,Sean Manaea,SEA,NYM,136,121,GIDP,"Rob Refsnyder grounds into a double play, third baseman Brett Baty to second baseman Marcus Semien to first baseman Jared Young. Cole Young out at 2nd. Rob Refsnyder out at 1st.",GIDP,,1,0,1,0,B,Ball,ball,False,B,FC,Cutter,Ball,85.8,79.5,3.19,1.61,6.65,0.44,11,2203,3.2,7.7,-29.3,-1.7535,2.7974,0.27,0.64,-2.44,0.27,0.27,0.41,False,False,False,False,False,-1.7535,2.7974,2,12,1,3,1,55,31.1,,,,,,,,,,True,,,False,N,1
823131,2026-06-01,SEA,NYM,pitch,a88041e9-d837-3add-ab73-8103f80d56af,2,13,24,1,608701,R,Rob Refsnyder,640455,L,Sean Manaea,SEA,NYM,136,121,GIDP,"Rob Refsnyder grounds into a double play, third baseman Brett Baty to second baseman Marcus Semien to first baseman Jared Young. Cole Young out at 2nd. Rob Refsnyder out at 1st.",GIDP,"{""homeRunBallparks"": 0}",1,1,1,1,X,In Play,hit_into_play,False,X,FC,Cutter,"In play, out(s)",85.4,79.4,3.19,1.61,6.59,0.44,4,2238,4.6,5.5,-31.6,-0.4419,2.4414,0.38,0.46,-2.63,0.38,0.38,0.41,True,True,False,False,False,-0.4419,2.4414,3,13,2,3,1,56,75.3,15.0,0.06,0,-40.47,95.57,76.0,-9.0,76.0,-9.0,True,,,True,N,1
823131,2026-06-01,SEA,NYM,pitch,ed69c801-58a9-3150-a8d7-5bc80135aada,3,14,14,1,683146,L,Brett Baty,676106,R,Emerson Hancock,NYM,SEA,121,136,Strikeout,Brett Baty called out on strikes.,Strikeout,,0,0,0,0,B,Ball,ball,False,B,FF,4-Seam Fastball,Ball,94.0,85.0,3.33,1.68,6.35,0.4,12,2362,12.1,12.4,-19.0,0.4536,3.5259,1.01,1.03,-1.58,1.01,1.01,0.38,False,False,False,False,False,0.4536,3.5259,1,25,13,7,1,57,,,,,,,,,,,,,,False,N,1
823131,2026-06-01,SEA,NYM,pitch,fad97707-5d0a-3288-8019-6d9e8154643b,3,14,14,1,683146,L,Brett Baty,676106,R,Emerson Hancock,NYM,SEA,121,136,Strikeout,Brett Baty called out on strikes.,Strikeout,,0,1,0,1,S,Strike,foul,False,F,FF,4-Seam Fastball,Foul,93.1,84.6,3.33,1.68,6.4,0.41,4,2397,12.6,9.6,-22.1,-0.3047,2.3401,1.05,0.8,-1.84,1.05,1.05,0.38,True,True,False,False,False,-0.3047,2.3401,2,26,14,7,1,58,75.1,,,,,,,,,,,,,False,N,1
823131,2026-06-01,SEA,NYM,pitch,af6fca97-376d-386b-88cd-d35b8927778a,3,14,14,1,683146,L,Brett Baty,676106,R,Emerson Hancock,NYM,SEA,121,136,Strikeout,Brett Baty called out on strikes.,Strikeout,,1,1,1,1,B,Ball,ball,False,B,CH,Changeup,Ball,86.6,79.6,3.33,1.68,6.23,0.43,13,1511,14.8,-1.4,-37.9,-1.0927,1.2812,1.23,-0.12,-3.16,1.23,1.23,0.41,False,False,False,False,False,-1.0927,1.2812,3,27,1,7,1,59,,,,,,,,,,,,,,False,N,1
823131,2026-06-01,SEA,NYM,pitch,51d88275-9998-3d95-9091-764cc967a522,3,14,14,1,683146,L,Brett Baty,676106,R,Emerson Hancock,NYM,SEA,121,136,Strikeout,Brett Baty called out on strikes.,Strikeout,,1,2,1,2,S,Strike,foul,False,F,FF,4-Seam Fastball,Foul,93.3,85.2,3.33,1.68,6.22,0.4,5,2108,13.1,11.6,-19.9,0.1053,2.5075,1.09,0.97,-1.66,1.09,1.09,0.38,True,True,False,False,False,0.1053,2.5075,4,28,15,7,1,60,77.1,,,,,,,,,,,,,False,N,1
823131,2026-06-01,SEA,NYM,pitch,a7cefc26-2be8-394f-946e-ad2a7c1798d4,3,14,14,1,683146,L,Brett Baty,676106,R,Emerson Hancock,NYM,SEA,121,136,Strikeout,Brett Baty called out on strikes.,Strikeout,,2,2,2,2,S,Strike,called_strike,False,C,FF,4-Seam Fastball,Called Strike,95.9,88.1,3.33,1.68,6.32,0.39,6,2283,11.6,11.5,-18.2,0.7282,2.3498,0.97,0.96,-1.52,0.97,0.97,0.37,True,True,False,False,False,0.7282,2.3498,5,29,16,7,1,61,,,,,,,,,,,,,,True,N,1
823131,2026-06-01,SEA,NYM,pitch,6986cd10-3ce2-3a65-8ee9-408aec050bfb,3,15,0,1,543760,R,Marcus Semien,676106,R,Emerson Hancock,NYM,SEA,121,136,Pop Out,Marcus Semien pops out to third baseman Colt Emerson in foul territory.,Pop Out,,0,0,0,0,S,Strike,called_strike,False,C,FF,4-Seam Fastball,Called Strike,95.2,87.6,3.21,1.62,6.38,0.39,6,2384,11.6,10.1,-19.9,0.451,2.3304,0.97,0.84,-1.66,0.97,0.97,0.37,True,True,False,True,False,0.451,2.3304,1,30,17,8,1,62,,,,,,,,,,,,,,False,N,1
823131,2026-06-01,SEA,NYM,pitch,29fe61da-a070-34d4-8582-2cfa934c10de,3,15,0,1,543760,R,Marcus Semien,676106,R,Emerson Hancock,NYM,SEA,121,136,Pop Out,Marcus Semien pops out to third baseman Colt Emerson in foul territory.,Pop Out,,1,0,1,0,B,Ball,ball,False,B,ST,Sweeper,Ball,77.9,71.2,3.21,1.62,6.25,0.49,14,2586,13.6,4.7,-40.9,0.8177,1.17,-1.13,0.39,-3.41,13.6,-1.13,0.46,False,False,False,True,False,0.8177,1.17,2,31,1,8,1,63,,,,,,,,,,,,,,False,N,1
823131,2026-06-01,SEA,NYM,pitch,8d0ccc75-26ea-3920-a6bd-a43f36e35fe9,3,15,0,1,543760,R,Marcus Semien,676106,R,Emerson Hancock,NYM,SEA,121,136,Pop Out,Marcus Semien pops out to third baseman Colt Emerson in foul territory.,Pop Out,,1,1,1,1,S,Strike,foul,False,F,FF,4-Seam Fastball,Foul,95.8,87.9,3.21,1.62,6.26,0.39,5,2351,9.8,10.6,-19.2,0.2205,2.6047,0.82,0.88,-1.6,0.82,0.82,0.37,True,True,False,True,False,0.2205,2.6047,3,32,18,8,1,64,70.2,,,,,,,,,,,,,False,N,1
823131,2026-06-01,SEA,NYM,pitch,ce1741fb-c51f-3e2b-bf1d-8ada021342ac,3,15,0,1,543760,R,Marcus Semien,676106,R,Emerson Hancock,NYM,SEA,121,136,Pop Out,Marcus Semien pops out to third baseman Colt Emerson in foul territory.,Pop Out,,2,1,2,1,B,Ball,ball,False,B,ST,Sweeper,Ball,76.1,69.4,3.21,1.62,6.49,0.5,14,2599,18.0,-2.6,-50.5,0.2615,0.9012,-1.5,-0.22,-4.21,18.0,-1.5,0.47,False,False,False,True,False,0.2615,0.9012,4,33,2,8,1,65,,,,,,,,,,,,,,False,N,1
823131,2026-06-01,SEA,NYM,pitch,43c67c5f-1f82-3fcd-9391-ea6063c266be,3,15,0,1,543760,R,Marcus Semien,676106,R,Emerson Hancock,NYM,SEA,121,136,Pop Out,Marcus Semien pops out to third baseman Colt Emerson in foul territory.,Pop Out,"{""homeRunBallparks"": 0}",2,2,2,2,X,In Play,hit_into_play,False,X,ST,Sweeper,"In play, out(s)",76.6,69.7,3.21,1.62,6.09,0.49,11,2519,15.4,7.1,-40.0,-1.0905,2.6717,-1.28,0.59,-3.33,15.4,-1.28,0.46,False,False,False,True,False,-1.0905,2.6717,5,34,3,8,1,66,69.3,167.0,0.11,0,-122.08,110.76,58.6,48.0,58.6,48.0,,,,True,N,1
823131,2026-06-01,SEA,NYM,pitch,d082eae6-cecb-3585-84cf-7f4c629fe156,3,16,14,2,620443,R,Luis Torrens,676106,R,Emerson Hancock,NYM,SEA,121,136,Strikeout,Luis Torrens strikes out swinging.,Strikeout,,0,0,0,0,S,Strike,called_strike,False,C,SI,Sinker,Called Strike,95.2,87.4,3.18,1.6,6.44,0.4,6,2475,18.1,2.5,-27.7,0.4201,2.171,1.51,0.21,-2.31,1.51,1.51,0.37,True,True,False,False,False,0.4201,2.171,1,35,4,9,1,67,,,,,,,,,,,,,,False,N,1
823131,2026-06-01,SEA,NYM,pitch,2beec578-cc2c-3616-80a2-b9847450c329,3,16,14,2,620443,R,Luis Torrens,676106,R,Emerson Hancock,NYM,SEA,121,136,Strikeout,Luis Torrens strikes out swinging.,Strikeout,,1,0,1,0,B,Ball,ball,False,B,SI,Sinker,Ball,95.1,87.6,3.18,1.6,6.22,0.4,13,2375,17.8,-1.4,-31.7,-1.4077,0.4621,1.48,-0.12,-2.64,1.48,1.48,0.37,False,False,False,False,False,-1.4077,0.4621,2,36,5,9,1,68,,,,,,,,,,,,,,False,N,1
823131,2026-06-01,SEA,NYM,pitch,741f4557-eb78-38e5-8f9b-9002df5c1b24,3,16,14,2,620443,R,Luis Torrens,676106,R,Emerson Hancock,NYM,SEA,121,136,Strikeout,Luis Torrens strikes out swinging.,Strikeout,,1,1,1,1,S,Strike,called_strike,False,C,ST,Sweeper,Called Strike,76.3,69.3,3.18,1.6,6.12,0.5,4,2672,20.8,3.2,-44.4,-0.5979,2.2207,-1.73,0.27,-3.7,20.8,-1.73,0.47,True,True,False,False,False,-0.5979,2.2207,3,37,4,9,1,69,,,,,,,,,,,,,,False,N,1
823131,2026-06-01,SEA,NYM,pitch,55273bbb-18fc-3114-88de-e40509b87acf,3,16,14,2,620443,R,Luis Torrens,676106,R,Emerson Hancock,NYM,SEA,121,136,Strikeout,Luis Torrens strikes out swinging.,Strikeout,,2,1,2,1,B,Ball,ball,False,B,ST,Sweeper,Ball,77.3,70.6,3.18,1.6,6.05,0.49,13,2564,20.5,1.6,-44.6,-0.4838,1.2381,-1.71,0.13,-3.72,20.5,-1.71,0.46,False,False,False,False,False,-0.4838,1.2381,4,38,5,9,1,70,,,,,,,,,,,,,,False,N,1
823131,2026-06-01,SEA,NYM,pitch,98cb1b93-d366-33cd-bc1f-3b2f53a83427,3,16,14,2,620443,R,Luis Torrens,676106,R,Emerson Hancock,NYM,SEA,121,136,Strikeout,Luis Torrens strikes out swinging.,Strikeout,,2,2,2,2,S,Strike,swinging_strike,True,S,ST,Sweeper,Swinging Strike,76.0,69.3,3.18,1.6,6.17,0.5,14,2545,21.2,0.4,-47.8,0.9079,1.3801,-1.77,0.03,-3.98,21.2,-1.77,0.47,False,False,False,False,False,0.9079,1.3801,5,39,6,9,1,71,67.3,,,,,,,,,,,,,True,N,1
823131,2026-06-01,SEA,NYM,pitch,10d67b92-4815-3f66-ac21-0691b93b3002,3,17,14,1,641598,R,Mitch Garver,640455,L,Sean Manaea,SEA,NYM,136,121,Strikeout,Mitch Garver strikes out swinging.,Strikeout,,0,0,0,0,B,Ball,ball,False,B,ST,Sweeper,Ball,76.1,70.1,3.25,1.64,6.64,0.5,11,2384,18.0,7.8,-39.6,-1.3923,2.7462,1.5,0.65,-3.3,1.5,1.5,0.47,False,False,False,False,False,-1.3923,2.7462,1,14,6,4,1,72,3.4,,,,,,,,,,,,,False,N,1
823131,2026-06-01,SEA,NYM,pitch,c14e0fd0-c6f0-370d-ad9b-e72358b76938,3,17,14,1,641598,R,Mitch Garver,640455,L,Sean Manaea,SEA,NYM,136,121,Strikeout,Mitch Garver strikes out swinging.,Strikeout,,0,1,0,1,B,Ball,ball,False,B,ST,Sweeper,Ball,74.5,68.4,3.25,1.64,6.66,0.51,13,2463,20.0,4.1,-45.7,-1.0397,1.8165,1.67,0.34,-3.81,1.67,1.67,0.48,False,False,False,False,False,-1.0397,1.8165,2,15,7,4,1,73,,,,,,,,,,,,,,False,N,1
823131,2026-06-01,SEA,NYM,pitch,d94fa6a1-15e8-3cb1-8123-e0dd2020a087,3,17,14,1,641598,R,Mitch Garver,640455,L,Sean Manaea,SEA,NYM,136,121,Strikeout,Mitch Garver strikes out swinging.,Strikeout,,0,2,0,2,B,Ball,ball,False,B,SI,Sinker,Ball,92.4,85.0,3.25,1.64,6.96,0.41,12,2073,20.2,6.1,-25.8,0.8623,2.6613,-1.68,0.51,-2.15,20.2,-1.68,0.38,False,False,False,False,False,0.8623,2.6613,3,16,7,4,1,74,,,,,,,,,,,,,,False,N,1
823131,2026-06-01,SEA,NYM,pitch,7d2aff39-41e8-3033-960f-adb1457a6615,3,17,14,1,641598,R,Mitch Garver,640455,L,Sean Manaea,SEA,NYM,136,121,Strikeout,Mitch Garver strikes out swinging.,Strikeout,,0,3,0,3,S,Strike,called_strike,False,C,FF,4-Seam Fastball,Called Strike,91.6,84.5,3.25,1.64,6.9,0.41,6,2084,15.4,10.4,-22.0,0.509,2.3436,-1.28,0.87,-1.83,15.4,-1.28,0.38,True,True,False,False,False,0.509,2.3436,4,17,1,4,1,75,,,,,,,,,,,,,,False,N,1
823131,2026-06-01,SEA,NYM,pitch,338942b1-1ac3-3689-aaa9-e0a1604b1349,3,17,14,1,641598,R,Mitch Garver,640455,L,Sean Manaea,SEA,NYM,136,121,Strikeout,Mitch Garver strikes out swinging.,Strikeout,,1,3,1,3,S,Strike,swinging_strike,True,S,FF,4-Seam Fastball,Swinging Strike,91.7,84.3,3.25,1.64,7.06,0.41,2,2092,13.3,13.3,-19.1,-0.1073,3.2986,-1.11,1.11,-1.59,13.3,-1.11,0.38,True,True,False,False,False,-0.1073,3.2986,5,18,2,4,1,76,66.7,,,,,,,,,,,,,False,N,1
823131,2026-06-01,SEA,NYM,pitch,db21e10a-3f8c-3a0f-b537-37a892cbcf40,3,17,14,1,641598,R,Mitch Garver,640455,L,Sean Manaea,SEA,NYM,136,121,Strikeout,Mitch Garver strikes out swinging.,Strikeout,,2,3,2,3,S,Strike,foul,False,F,FF,4-Seam Fastball,Foul,93.3,85.7,3.25,1.64,6.89,0.4,2,2055,12.0,13.4,-17.9,-0.1777,2.9591,-1.0,1.12,-1.49,12.0,-1.0,0.38,True,True,False,False,False,-0.1777,2.9591,6,19,3,4,1,77,78.6,,,,,,,,,,,,,False,N,1
823131,2026-06-01,SEA,NYM,pitch,7c3fd231-9dee-321f-9d2e-c5cb6dab2ba3,3,17,14,1,641598,R,Mitch Garver,640455,L,Sean Manaea,SEA,NYM,136,121,Strikeout,Mitch Garver strikes out swinging.,Strikeout,,2,3,2,3,S,Strike,foul,False,F,FF,4-Seam Fastball,Foul,93.6,86.0,3.25,1.64,7.14,0.4,8,2113,13.2,13.7,-17.6,-0.22,1.7979,-1.1,1.14,-1.47,13.2,-1.1,0.38,True,True,False,False,False,-0.22,1.7979,7,20,4,4,1,78,72.7,,,,,,,,,,,,,False,N,1
823131,2026-06-01,SEA,NYM,pitch,1c047c5d-cec0-3211-96a8-abacb8681404,3,17,14,1,641598,R,Mitch Garver,640455,L,Sean Manaea,SEA,NYM,136,121,Strikeout,Mitch Garver strikes out swinging.,Strikeout,,2,3,2,3,S,Strike,swinging_strike,True,S,FF,4-Seam Fastball,Swinging Strike,92.6,85.6,3.25,1.64,7.13,0.4,3,1911,14.3,11.8,-19.8,0.649,2.9906,-1.19,0.98,-1.65,14.3,-1.19,0.38,True,True,False,False,False,0.649,2.9906,8,21,5,4,1,79,71.1,,,,,,,,,,,,,True,N,1
823131,2026-06-01,SEA,NYM,pitch,03caf925-d1f0-3d28-8187-c2bcff247c59,3,18,65,1,806068,L,Colt Emerson,640455,L,Sean Manaea,SEA,NYM,136,121,Home Run,Colt Emerson homers (3) on a fly ball to right field.,Home Run,,0,0,0,0,S,Strike,called_strike,False,C,SI,Sinker,Called Strike,91.8,84.1,3.21,1.62,7.25,0.41,2,2012,19.1,4.2,-28.3,0.0545,2.7971,-1.59,0.35,-2.36,19.1,-1.59,0.39,True,True,False,False,False,0.0545,2.7971,1,22,8,5,1,80,,,,,,,,,,,,,,False,N,1
823131,2026-06-01,SEA,NYM,pitch,cf61b90d-f391-3d2a-a960-cf153e39f81a,3,18,65,1,806068,L,Colt Emerson,640455,L,Sean Manaea,SEA,NYM,136,121,Home Run,Colt Emerson homers (3) on a fly ball to right field.,Home Run,"{""homeRunBallparks"": 28}",1,0,1,0,X,In Play,hit_into_play,False,E,ST,Sweeper,"In play, run(s)",76.9,70.1,3.21,1.62,6.6,0.49,1,2441,19.7,8.0,-38.8,-0.4748,3.0069,1.64,0.67,-3.23,1.64,1.64,0.46,True,True,False,False,False,-0.4748,3.0069,2,23,8,5,1,81,74.6,368.0,0.47,1,236.07,284.93,99.6,25.0,99.6,25.0,,,,True,N,1
823131,2026-06-01,SEA,NYM,pitch,2e72538f-9466-3513-a278-a08340d51abd,3,19,14,1,641487,L,J.P. Crawford,640455,L,Sean Manaea,SEA,NYM,136,121,Strikeout,J.P. Crawford called out on strikes.,Strikeout,,0,0,0,0,S,Strike,called_strike,False,C,ST,Sweeper,Called Strike,74.9,68.8,3.22,1.62,6.73,0.5,8,2340,16.9,3.5,-45.6,-0.224,1.7488,1.41,0.29,-3.8,1.41,1.41,0.47,True,True,False,False,False,-0.224,1.7488,1,24,9,6,1,82,,,,,,,,,,,,,,False,N,1
823131,2026-06-01,SEA,NYM,pitch,aa9f3c9f-b7bf-32b1-b0ee-465a05989a5b,3,19,14,1,641487,L,J.P. Crawford,640455,L,Sean Manaea,SEA,NYM,136,121,Strikeout,J.P. Crawford called out on strikes.,Strikeout,,1,0,1,0,B,Ball,ball,False,B,SI,Sinker,Ball,92.2,84.4,3.22,1.62,6.97,0.41,14,2108,19.7,4.2,-28.1,1.7018,2.1564,-1.64,0.35,-2.34,19.7,-1.64,0.38,False,False,False,False,False,1.7018,2.1564,2,25,9,6,1,83,,,,,,,,,,,,,,False,N,1
823131,2026-06-01,SEA,NYM,pitch,6473b45b-3894-35a2-9905-57947449eab9,3,19,14,1,641487,L,J.P. Crawford,640455,L,Sean Manaea,SEA,NYM,136,121,Strikeout,J.P. Crawford called out on strikes.,Strikeout,,1,1,1,1,S,Strike,called_strike,False,C,SI,Sinker,Called Strike,92.6,85.0,3.22,1.62,7.11,0.41,8,1968,20.3,6.0,-25.9,-0.0505,2.0857,-1.69,0.5,-2.16,20.3,-1.69,0.38,True,True,False,False,False,-0.0505,2.0857,3,26,10,6,1,84,,,,,,,,,,,,,,False,N,1
823131,2026-06-01,SEA,NYM,pitch,56425779-ef45-3ad6-a302-ea2316bbe0e4,3,19,14,1,641487,L,J.P. Crawford,640455,L,Sean Manaea,SEA,NYM,136,121,Strikeout,J.P. Crawford called out on strikes.,Strikeout,,2,1,2,1,S,Strike,foul,False,F,SI,Sinker,Foul,93.6,85.3,3.22,1.62,7.05,0.4,12,2163,21.2,5.9,-25.6,0.8785,3.3967,-1.77,0.49,-2.13,21.2,-1.77,0.38,False,False,False,False,False,0.8785,3.3967,4,27,11,6,1,85,52.4,,,,,,,,,,,,,False,N,1
823131,2026-06-01,SEA,NYM,pitch,463d5bb4-4980-3a56-af79-983fea3ec998,3,19,14,1,641487,L,J.P. Crawford,640455,L,Sean Manaea,SEA,NYM,136,121,Strikeout,J.P. Crawford called out on strikes.,Strikeout,,2,1,2,1,B,Ball,ball,False,B,ST,Sweeper,Ball,76.1,69.7,3.22,1.62,6.75,0.5,13,2445,20.9,5.0,-42.8,-1.3697,1.401,1.74,0.42,-3.57,1.74,1.74,0.47,False,False,False,False,False,-1.3697,1.401,5,28,10,6,1,86,13.0,,,,,,,,,,,,,False,N,1
823131,2026-06-01,SEA,NYM,pitch,f041369d-5031-34b6-8234-18ac693542d6,3,19,14,1,641487,L,J.P. Crawford,640455,L,Sean Manaea,SEA,NYM,136,121,Strikeout,J.P. Crawford called out on strikes.,Strikeout,,2,2,2,2,S,Strike,called_strike,False,C,SI,Sinker,Called Strike,92.7,84.7,3.22,1.62,7.21,0.41,4,2121,20.4,5.0,-27.1,-0.6398,2.5835,-1.7,0.42,-2.26,20.4,-1.7,0.38,True,True,False,False,False,-0.6398,2.5835,6,29,12,6,1,87,,,,,,,,,,,,,,True,N,1
823131,2026-06-01,SEA,NYM,pitch,eb63287f-f177-317f-b4bb-bddd2af2f799,3,20,0,2,677594,R,Julio Rodríguez,640455,L,Sean Manaea,SEA,NYM,136,121,Groundout,"Julio Rodríguez grounds out softly, catcher Luis Torrens to first baseman Jared Young.",Groundout,,0,0,0,0,S,Strike,called_strike,False,C,FF,4-Seam Fastball,Called Strike,92.5,85.3,3.38,1.7,7.09,0.41,1,2070,12.7,8.4,-23.4,-0.4299,3.2869,-1.06,0.7,-1.95,12.7,-1.06,0.38,True,True,False,True,False,-0.4299,3.2869,1,30,6,7,1,88,,,,,,,,,,,,,,False,N,1
823131,2026-06-01,SEA,NYM,pitch,b6fb54c5-b1eb-343c-97bf-93c6b02d7e9c,3,20,0,2,677594,R,Julio Rodríguez,640455,L,Sean Manaea,SEA,NYM,136,121,Groundout,"Julio Rodríguez grounds out softly, catcher Luis Torrens to first baseman Jared Young.",Groundout,,1,0,1,0,B,Ball,ball,False,B,FC,Cutter,Ball,87.0,80.4,3.38,1.7,6.82,0.43,11,2101,1.9,7.9,-28.1,-1.6354,2.93,0.16,0.66,-2.34,0.16,0.16,0.41,False,False,False,True,False,-1.6354,2.93,2,31,3,7,1,89,,,,,,,,,,,,,,False,N,1
823131,2026-06-01,SEA,NYM,pitch,a12b0dae-c0aa-34b8-a405-00f928daba36,3,20,0,2,677594,R,Julio Rodríguez,640455,L,Sean Manaea,SEA,NYM,136,121,Groundout,"Julio Rodríguez grounds out softly, catcher Luis Torrens to first baseman Jared Young.",Groundout,"{""homeRunBallparks"": 0}",1,1,1,1,X,In Play,hit_into_play,False,X,ST,Sweeper,"In play, out(s)",75.2,69.8,3.38,1.7,6.79,0.5,13,2412,16.8,-0.4,-48.6,-0.1234,1.3453,1.4,-0.03,-4.05,1.4,1.4,0.47,False,False,False,True,False,-0.1234,1.3453,3,32,11,7,1,90,72.7,4.0,0.18,0,5.18,4.63,44.5,-79.0,44.5,-79.0,,,,True,N,1
823131,2026-06-01,SEA,NYM,pitch,a9d0bcba-2da1-3433-82e1-826d622c8360,4,21,0,1,701807,L,Carson Benge,676106,R,Emerson Hancock,NYM,SEA,121,136,Groundout,"Carson Benge grounds out, first baseman Josh Naylor to pitcher Emerson Hancock.",Groundout,,0,0,0,0,B,Ball,ball,False,B,FF,4-Seam Fastball,Ball,93.7,85.7,3.26,1.64,6.29,0.4,14,2166,13.9,7.6,-23.8,1.048,2.4276,1.16,0.63,-1.98,1.16,1.16,0.38,False,False,False,True,False,1.048,2.4276,1,40,19,10,2,91,,,,,,,,,,,,,,False,N,1
823131,2026-06-01,SEA,NYM,pitch,4d311838-feb7-3879-8037-f7031e1c8fb9,4,21,0,1,701807,L,Carson Benge,676106,R,Emerson Hancock,NYM,SEA,121,136,Groundout,"Carson Benge grounds out, first baseman Josh Naylor to pitcher Emerson Hancock.",Groundout,,0,1,0,1,S,Strike,foul,False,F,FF,4-Seam Fastball,Foul,94.1,85.6,3.26,1.64,6.23,0.4,11,2311,13.7,9.7,-21.4,-0.0421,3.4125,1.14,0.81,-1.78,1.14,1.14,0.38,False,False,False,True,False,-0.0421,3.4125,2,41,20,10,2,92,61.3,,,,,,,,,,,,,False,N,1
823131,2026-06-01,SEA,NYM,pitch,8faf4677-c9de-3e11-817d-e24631fbd7dc,4,21,0,1,701807,L,Carson Benge,676106,R,Emerson Hancock,NYM,SEA,121,136,Groundout,"Carson Benge grounds out, first baseman Josh Naylor to pitcher Emerson Hancock.",Groundout,"{""homeRunBallparks"": 0}",1,1,1,1,X,In Play,hit_into_play,False,X,FF,4-Seam Fastball,"In play, out(s)",93.9,86.1,3.26,1.64,6.37,0.4,6,2269,13.3,7.8,-23.3,0.6104,2.3529,1.11,0.65,-1.94,1.11,1.11,0.38,True,True,False,True,False,0.6104,2.3529,3,42,21,10,2,93,72.5,33.0,0.39,0,91.5,79.69,99.7,-3.0,99.7,-3.0,,,,True,N,1
823131,2026-06-01,SEA,NYM,pitch,79c191ea-ebf9-3938-b73e-9e8ca1b8f3e1,4,22,14,1,666182,R,Bo Bichette,676106,R,Emerson Hancock,NYM,SEA,121,136,Strikeout,Bo Bichette strikes out swinging.,Strikeout,,0,0,0,0,S,Strike,called_strike,False,C,ST,Sweeper,Called Strike,76.3,69.8,3.16,1.6,6.29,0.49,4,2550,15.6,6.7,-40.4,-0.3381,2.4624,-1.3,0.56,-3.37,15.6,-1.3,0.46,True,True,False,False,False,-0.3381,2.4624,1,43,7,11,2,94,,,,,,,,,,,,,,False,N,1
823131,2026-06-01,SEA,NYM,pitch,a4fecbc8-5050-368c-832a-4990d9553778,4,22,14,1,666182,R,Bo Bichette,676106,R,Emerson Hancock,NYM,SEA,121,136,Strikeout,Bo Bichette strikes out swinging.,Strikeout,,1,0,1,0,S,Strike,foul,False,F,ST,Sweeper,Foul,75.8,69.3,3.16,1.6,6.27,0.5,6,2500,15.4,4.4,-43.6,0.7047,2.664,-1.28,0.37,-3.63,15.4,-1.28,0.47,True,True,False,False,False,0.7047,2.664,2,44,8,11,2,95,65.6,,,,,,,,,,,,,False,N,1
823131,2026-06-01,SEA,NYM,pitch,f6b0756e-755a-3b37-8136-dfee9e4d042b,4,22,14,1,666182,R,Bo Bichette,676106,R,Emerson Hancock,NYM,SEA,121,136,Strikeout,Bo Bichette strikes out swinging.,Strikeout,,2,0,2,0,B,Ball,ball,False,B,FF,4-Seam Fastball,Ball,94.4,86.7,3.16,1.6,6.59,0.4,12,2331,7.6,8.4,-22.3,2.3546,3.101,0.63,0.7,-1.86,0.63,0.63,0.37,False,False,False,False,False,2.3546,3.101,3,45,22,11,2,96,,,,,,,,,,,,,,False,N,1
823131,2026-06-01,SEA,NYM,pitch,78ee676b-d55b-34d5-8e89-e452840b1655,4,22,14,1,666182,R,Bo Bichette,676106,R,Emerson Hancock,NYM,SEA,121,136,Strikeout,Bo Bichette strikes out swinging.,Strikeout,,2,1,2,1,B,Ball,ball,False,B,FF,4-Seam Fastball,Ball,95.5,88.1,3.16,1.6,6.56,0.39,14,2288,9.7,3.5,-26.5,2.2976,1.821,0.81,0.29,-2.21,0.81,0.81,0.37,False,False,False,False,False,2.2976,1.821,4,46,23,11,2,97,,,,,,,,,,,,,,False,N,1
823131,2026-06-01,SEA,NYM,pitch,9bd99ac5-97e8-34e7-8cea-dd878e07a859,4,22,14,1,666182,R,Bo Bichette,676106,R,Emerson Hancock,NYM,SEA,121,136,Strikeout,Bo Bichette strikes out swinging.,Strikeout,,2,2,2,2,S,Strike,foul,False,F,SI,Sinker,Foul,95.9,87.5,3.16,1.6,6.22,0.39,8,2412,18.2,-2.4,-32.4,0.0148,1.8744,1.52,-0.2,-2.7,1.52,1.52,0.37,True,True,False,False,False,0.0148,1.8744,5,47,6,11,2,98,67.6,,,,,,,,,,,,,False,N,1
823131,2026-06-01,SEA,NYM,pitch,7ee43bda-b741-37df-bf7c-083bf0616291,4,22,14,1,666182,R,Bo Bichette,676106,R,Emerson Hancock,NYM,SEA,121,136,Strikeout,Bo Bichette strikes out swinging.,Strikeout,,2,2,2,2,S,Strike,swinging_strike,True,S,SI,Sinker,Swinging Strike,94.4,86.9,3.16,1.6,6.32,0.4,14,2381,15.2,-0.2,-31.1,1.0082,1.3565,1.27,-0.02,-2.59,1.27,1.27,0.37,False,False,False,False,False,1.0082,1.3565,6,48,7,11,2,99,45.0,,,,,,,,,,,,,True,N,1
823131,2026-06-01,SEA,NYM,pitch,bc234b33-79dd-3c25-8ec8-cc6dcfa7e1b3,4,23,0,2,665742,L,Juan Soto,676106,R,Emerson Hancock,NYM,SEA,121,136,Groundout,Juan Soto grounds out to first baseman Josh Naylor.,Groundout,,0,0,0,0,S,Strike,called_strike,False,C,FF,4-Seam Fastball,Called Strike,95.4,87.8,3.26,1.64,6.38,0.39,8,2341,11.2,6.7,-23.2,0.1801,1.9895,0.93,0.56,-1.93,0.93,0.93,0.37,True,True,False,True,False,0.1801,1.9895,1,49,24,12,2,100,,,,,,,,,,,,,,False,N,1
823131,2026-06-01,SEA,NYM,pitch,1c79b73b-42c9-3f57-8fe6-96b7d75a320f,4,23,0,2,665742,L,Juan Soto,676106,R,Emerson Hancock,NYM,SEA,121,136,Groundout,Juan Soto grounds out to first baseman Josh Naylor.,Groundout,,1,0,1,0,B,Ball,ball,False,B,CU,Curveball,Ball,75.1,69.1,3.26,1.64,6.13,0.5,13,2534,14.0,-9.4,-58.3,-0.439,0.7779,-1.17,-0.78,-4.86,14.0,-1.17,0.47,False,False,False,True,False,-0.439,0.7779,2,50,3,12,2,101,,,,,,,,,,,,,,False,N,1
823131,2026-06-01,SEA,NYM,pitch,a897af70-e5d2-39a5-a2d5-902d828872d0,4,23,0,2,665742,L,Juan Soto,676106,R,Emerson Hancock,NYM,SEA,121,136,Groundout,Juan Soto grounds out to first baseman Josh Naylor.,Groundout,,1,1,1,1,B,Ball,ball,False,B,ST,Sweeper,Ball,75.1,69.2,3.26,1.64,6.12,0.5,14,2554,19.1,4.3,-44.4,0.3302,1.0298,-1.59,0.36,-3.7,19.1,-1.59,0.47,False,False,False,True,False,0.3302,1.0298,3,51,9,12,2,102,,,,,,,,,,,,,,False,N,1
823131,2026-06-01,SEA,NYM,pitch,fb99d34a-e2ac-39bc-a217-5ee3fc4fb86e,4,23,0,2,665742,L,Juan Soto,676106,R,Emerson Hancock,NYM,SEA,121,136,Groundout,Juan Soto grounds out to first baseman Josh Naylor.,Groundout,,1,2,1,2,S,Strike,called_strike,False,C,FC,Cutter,Called Strike,83.7,77.5,3.26,1.64,6.29,0.45,9,2335,6.2,-0.1,-39.0,0.5418,1.5919,-0.52,-0.01,-3.25,6.2,-0.52,0.42,True,True,False,True,False,0.5418,1.5919,4,52,8,12,2,103,,,,,,,,,,,,,,False,N,1
823131,2026-06-01,SEA,NYM,pitch,bb924c5b-dc9a-3c6a-84b1-536260eb04e1,4,23,0,2,665742,L,Juan Soto,676106,R,Emerson Hancock,NYM,SEA,121,136,Groundout,Juan Soto grounds out to first baseman Josh Naylor.,Groundout,,2,2,2,2,B,Ball,ball,False,B,CU,Curveball,Ball,73.5,67.8,3.26,1.64,6.03,0.51,13,2423,14.6,-9.2,-60.1,-1.1067,0.9679,-1.22,-0.77,-5.01,14.6,-1.22,0.48,False,False,False,True,False,-1.1067,0.9679,5,53,4,12,2,104,,,,,,,,,,,,,,False,N,1
823131,2026-06-01,SEA,NYM,pitch,b2bafd10-2473-3cdf-8fce-a92ab392a2df,4,23,0,2,665742,L,Juan Soto,676106,R,Emerson Hancock,NYM,SEA,121,136,Groundout,Juan Soto grounds out to first baseman Josh Naylor.,Groundout,"{""homeRunBallparks"": 0}",2,3,2,3,X,In Play,hit_into_play,False,X,SI,Sinker,"In play, out(s)",94.8,86.8,3.26,1.64,6.4,0.4,14,2240,16.6,-3.6,-34.2,0.2842,1.4791,1.38,-0.3,-2.85,1.38,1.38,0.37,False,False,False,True,False,0.2842,1.4791,6,54,8,12,2,105,70.9,61.0,0.57,0,85.4,93.14,106.8,2.0,106.8,2.0,,,,True,N,1
823131,2026-06-01,SEA,NYM,pitch,5a99e1e0-23c2-37b7-8254-d0f375302e02,4,24,0,1,647304,L,Josh Naylor,640455,L,Sean Manaea,SEA,NYM,136,121,Groundout,Josh Naylor grounds out to first baseman Jared Young.,Groundout,,0,0,0,0,B,Ball,ball,False,B,SI,Sinker,Ball,91.3,83.7,3.11,1.57,7.0,0.41,12,1914,17.0,5.5,-27.2,1.3612,2.9689,-1.42,0.46,-2.27,17.0,-1.42,0.39,False,False,False,True,False,1.3612,2.9689,1,33,13,8,1,106,,,,,,,,,,,,,,False,N,1
823131,2026-06-01,SEA,NYM,pitch,6e620c01-2ca1-3f30-95f8-06eb638b6902,4,24,0,1,647304,L,Josh Naylor,640455,L,Sean Manaea,SEA,NYM,136,121,Groundout,Josh Naylor grounds out to first baseman Jared Young.,Groundout,"{""homeRunBallparks"": 0}",0,1,0,1,X,In Play,hit_into_play,False,X,SI,Sinker,"In play, out(s)",91.7,83.9,3.11,1.57,6.98,0.41,6,1948,16.8,9.5,-23.2,0.4723,2.4769,-1.4,0.79,-1.93,16.8,-1.4,0.39,True,True,False,True,False,0.4723,2.4769,2,34,14,8,1,107,69.0,29.0,0.27,0,80.51,91.91,94.6,-3.0,94.6,-3.0,,,,True,N,1
823131,2026-06-01,SEA,NYM,pitch,0b7664cb-4a0d-34a7-a6a6-f17556f6637f,4,25,0,1,668227,R,Randy Arozarena,640455,L,Sean Manaea,SEA,NYM,136,121,Pop Out,Randy Arozarena pops out to third baseman Brett Baty.,Pop Out,,0,0,0,0,S,Strike,called_strike,False,C,FF,4-Seam Fastball,Called Strike,91.5,84.3,3.13,1.58,7.03,0.41,12,2054,15.4,9.1,-23.4,0.0085,3.3926,-1.28,0.76,-1.95,15.4,-1.28,0.39,False,False,False,True,False,0.0085,3.3926,1,35,7,9,1,108,,,,,,,,,,,,,,False,N,1
823131,2026-06-01,SEA,NYM,pitch,d1dbcf52-4959-3cb1-b507-7d956115c6b1,4,25,0,1,668227,R,Randy Arozarena,640455,L,Sean Manaea,SEA,NYM,136,121,Pop Out,Randy Arozarena pops out to third baseman Brett Baty.,Pop Out,,1,0,1,0,S,Strike,called_strike,False,C,FC,Cutter,Called Strike,83.8,77.6,3.13,1.58,6.72,0.45,1,2166,1.8,5.9,-32.8,-0.5224,2.9989,0.15,0.49,-2.73,0.15,0.15,0.42,True,True,False,True,False,-0.5224,2.9989,2,36,4,9,1,109,,,,,,,,,,,,,,False,N,1
823131,2026-06-01,SEA,NYM,pitch,4aa39d1c-64c8-37bf-8e56-c352c6e73221,4,25,0,1,668227,R,Randy Arozarena,640455,L,Sean Manaea,SEA,NYM,136,121,Pop Out,Randy Arozarena pops out to third baseman Brett Baty.,Pop Out,,2,0,2,0,B,Ball,ball,False,B,FF,4-Seam Fastball,Ball,92.8,85.1,3.13,1.58,6.98,0.4,12,2033,13.8,12.4,-19.2,1.7913,3.6201,-1.15,1.03,-1.6,13.8,-1.15,0.38,False,False,False,True,False,1.7913,3.6201,3,37,8,9,1,110,,,,,,,,,,,,,,False,N,1
823131,2026-06-01,SEA,NYM,pitch,87f5cab7-5114-3996-b2da-418a25440e7f,4,25,0,1,668227,R,Randy Arozarena,640455,L,Sean Manaea,SEA,NYM,136,121,Pop Out,Randy Arozarena pops out to third baseman Brett Baty.,Pop Out,,2,1,2,1,B,Ball,ball,False,B,ST,Sweeper,Ball,75.7,69.2,3.13,1.58,6.74,0.5,14,2386,20.4,8.8,-39.2,1.2027,1.5189,1.7,0.73,-3.27,1.7,1.7,0.47,False,False,False,True,False,1.2027,1.5189,4,38,12,9,1,111,,,,,,,,,,,,,,False,N,1
823131,2026-06-01,SEA,NYM,pitch,496bcd5f-b05d-3ca3-ad40-b682c567672f,4,25,0,1,668227,R,Randy Arozarena,640455,L,Sean Manaea,SEA,NYM,136,121,Pop Out,Randy Arozarena pops out to third baseman Brett Baty.,Pop Out,,2,2,2,2,B,Ball,ball,False,B,ST,Sweeper,Ball,72.1,66.0,3.13,1.58,6.78,0.53,13,2281,18.0,3.0,-50.3,-0.8629,1.8846,1.5,0.25,-4.19,1.5,1.5,0.49,False,False,False,True,False,-0.8629,1.8846,5,39,13,9,1,112,,,,,,,,,,,,,,False,N,1
823131,2026-06-01,SEA,NYM,pitch,55a70322-6ab7-34c9-b9c6-bc4e496217e2,4,25,0,1,668227,R,Randy Arozarena,640455,L,Sean Manaea,SEA,NYM,136,121,Pop Out,Randy Arozarena pops out to third baseman Brett Baty.,Pop Out,"{""homeRunBallparks"": 0}",2,3,2,3,X,In Play,hit_into_play,False,X,SI,Sinker,"In play, out(s)",90.8,83.0,3.13,1.58,7.2,0.41,3,1964,19.2,9.4,-23.9,0.6072,2.6627,-1.6,0.78,-1.99,19.2,-1.6,0.39,True,True,False,True,False,0.6072,2.6627,6,40,15,9,1,113,75.1,122.0,0.01,0,-71.01,89.47,88.2,67.0,88.2,67.0,,,,True,N,1
823131,2026-06-01,SEA,NYM,pitch,0920afba-f606-33d5-9f97-ee2ef384878a,4,26,0,2,670042,L,Luke Raley,640455,L,Sean Manaea,SEA,NYM,136,121,Groundout,"Luke Raley grounds out, third baseman Brett Baty to first baseman Jared Young.",Groundout,,0,0,0,0,S,Strike,swinging_strike,True,S,ST,Sweeper,Swinging Strike,76.0,70.0,3.34,1.69,6.82,0.5,7,2393,20.0,3.2,-44.4,-0.8185,1.8808,1.67,0.27,-3.7,1.67,1.67,0.47,True,True,False,True,False,-0.8185,1.8808,1,41,14,10,2,114,66.7,,,,,,,,,,,,,False,N,1
823131,2026-06-01,SEA,NYM,pitch,466e5e63-a90e-371e-9c04-120e96d18c06,4,26,0,2,670042,L,Luke Raley,640455,L,Sean Manaea,SEA,NYM,136,121,Groundout,"Luke Raley grounds out, third baseman Brett Baty to first baseman Jared Young.",Groundout,,1,0,1,0,S,Strike,swinging_strike,True,S,FC,Cutter,Swinging Strike,84.5,78.4,3.34,1.69,6.69,0.44,3,2209,5.6,6.6,-31.3,0.3278,2.9811,0.47,0.55,-2.61,0.47,0.47,0.42,True,True,False,True,False,0.3278,2.9811,2,42,5,10,2,115,69.2,,,,,,,,,,,,,False,N,1
823131,2026-06-01,SEA,NYM,pitch,5e5db3c2-52ac-38a4-8e68-e60a869d187e,4,26,0,2,670042,L,Luke Raley,640455,L,Sean Manaea,SEA,NYM,136,121,Groundout,"Luke Raley grounds out, third baseman Brett Baty to first baseman Jared Young.",Groundout,,2,0,2,0,B,Ball,ball,False,B,ST,Sweeper,Ball,77.3,71.5,3.34,1.69,6.67,0.49,12,2347,15.7,3.6,-41.9,1.0045,2.5981,1.31,0.3,-3.49,1.31,1.31,0.46,False,False,False,True,False,1.0045,2.5981,3,43,15,10,2,116,,,,,,,,,,,,,,False,N,1
823131,2026-06-01,SEA,NYM,pitch,dc4dd0c4-e016-3e29-aade-df0481a6d0cc,4,26,0,2,670042,L,Luke Raley,640455,L,Sean Manaea,SEA,NYM,136,121,Groundout,"Luke Raley grounds out, third baseman Brett Baty to first baseman Jared Young.",Groundout,"{""homeRunBallparks"": 0}",2,1,2,1,X,In Play,hit_into_play,False,X,SI,Sinker,"In play, out(s)",92.4,84.9,3.34,1.69,7.11,0.41,3,1976,15.5,7.9,-24.1,0.4747,2.8788,-1.29,0.66,-2.01,15.5,-1.29,0.38,True,True,False,True,False,0.4747,2.8788,4,44,16,10,2,117,59.3,3.0,0.21,0,-16.03,91.91,70.8,-45.0,70.8,-45.0,,,,True,N,1
823131,2026-06-01,SEA,NYM,pitch,40509ec3-1c29-3a23-8718-3b16d49e7331,5,27,75,0,676724,L,Jared Young,676106,R,Emerson Hancock,NYM,SEA,121,136,Home Run,Jared Young homers (2) on a fly ball to center field.,Home Run,,0,0,0,0,B,Ball,ball,False,B,FC,Cutter,Ball,83.8,77.5,3.28,1.66,6.26,0.45,14,2292,3.7,4.4,-34.3,0.6198,1.495,-0.31,0.37,-2.86,3.7,-0.31,0.42,False,False,False,False,False,0.6198,1.495,1,55,9,13,2,118,,,,,,,,,,,,,,False,N,1
823131,2026-06-01,SEA,NYM,pitch,0a77f410-bcbe-3a8e-a74f-10919741164b,5,27,75,0,676724,L,Jared Young,676106,R,Emerson Hancock,NYM,SEA,121,136,Home Run,Jared Young homers (2) on a fly ball to center field.,Home Run,,0,1,0,1,S,Strike,called_strike,False,C,FC,Cutter,Called Strike,82.7,77.0,3.28,1.66,6.16,0.45,7,2369,6.7,-0.8,-40.4,-0.7178,2.0867,-0.56,-0.07,-3.37,6.7,-0.56,0.42,True,True,False,False,False,-0.7178,2.0867,2,56,10,13,2,119,,,,,,,,,,,,,,False,N,1
823131,2026-06-01,SEA,NYM,pitch,38d3559e-caba-35a8-8155-d82258509135,5,27,75,0,676724,L,Jared Young,676106,R,Emerson Hancock,NYM,SEA,121,136,Home Run,Jared Young homers (2) on a fly ball to center field.,Home Run,,1,1,1,1,B,Ball,ball,False,B,CH,Changeup,Ball,87.6,80.9,3.28,1.66,6.3,0.43,13,1558,14.9,-2.4,-37.9,-0.5617,0.7488,1.24,-0.2,-3.16,1.24,1.24,0.4,False,False,False,False,False,-0.5617,0.7488,3,57,2,13,2,120,,,,,,,,,,,,,,False,N,1
823131,2026-06-01,SEA,NYM,pitch,b4cf6261-7d4c-3b8b-8fa8-19ec3c21dd3f,5,27,75,0,676724,L,Jared Young,676106,R,Emerson Hancock,NYM,SEA,121,136,Home Run,Jared Young homers (2) on a fly ball to center field.,Home Run,,1,2,1,2,B,Ball,ball,False,B,FF,4-Seam Fastball,Ball,94.4,86.7,3.28,1.66,6.37,0.4,14,2339,13.3,7.2,-23.6,0.6592,1.3644,1.11,0.6,-1.97,1.11,1.11,0.37,False,False,False,False,False,0.6592,1.3644,4,58,25,13,2,121,,,,,,,,,,,,,,False,N,1
823131,2026-06-01,SEA,NYM,pitch,40b09038-7f8a-358e-a883-33e3858fe5fc,5,27,75,0,676724,L,Jared Young,676106,R,Emerson Hancock,NYM,SEA,121,136,Home Run,Jared Young homers (2) on a fly ball to center field.,Home Run,"{""homeRunBallparks"": 29}",1,3,1,3,X,In Play,hit_into_play,False,E,FF,4-Seam Fastball,"In play, run(s)",95.0,86.9,3.28,1.66,6.3,0.4,1,2255,14.6,8.6,-21.7,-0.5588,3.0588,1.22,0.72,-1.81,1.22,1.22,0.37,True,True,False,False,False,-0.5588,3.0588,5,59,26,13,2,122,74.1,424.0,0.96,1,-95.21,412.85,107.2,26.0,107.2,26.0,,,,True,N,1
823131,2026-06-01,SEA,NYM,pitch,05c3f53c-34c2-357c-acf3-c7cdeee46c22,5,28,14,1,805999,L,A.J. Ewing,676106,R,Emerson Hancock,NYM,SEA,121,136,Strikeout,A.J. Ewing strikes out swinging.,Strikeout,,0,0,0,0,S,Strike,called_strike,False,C,FF,4-Seam Fastball,Called Strike,94.5,86.6,3.14,1.58,6.35,0.4,8,2265,11.6,8.9,-21.8,0.2476,1.8224,0.97,0.74,-1.82,0.97,0.97,0.37,True,True,False,False,False,0.2476,1.8224,1,60,27,14,2,123,19.0,,,,,,,,,,,,,False,N,1
823131,2026-06-01,SEA,NYM,pitch,d6fce263-8e2e-385d-ba90-3a7a05b87866,5,28,14,1,805999,L,A.J. Ewing,676106,R,Emerson Hancock,NYM,SEA,121,136,Strikeout,A.J. Ewing strikes out swinging.,Strikeout,,1,0,1,0,S,Strike,called_strike,False,C,FC,Cutter,Called Strike,82.1,75.9,3.14,1.58,6.29,0.46,4,2277,5.4,2.4,-37.9,-0.2946,2.2414,-0.45,0.2,-3.16,5.4,-0.45,0.43,True,True,False,False,False,-0.2946,2.2414,2,61,11,14,2,124,,,,,,,,,,,,,,False,N,1
823131,2026-06-01,SEA,NYM,pitch,bda120a0-8d58-3fb0-956d-6d85bb1ff2a5,5,28,14,1,805999,L,A.J. Ewing,676106,R,Emerson Hancock,NYM,SEA,121,136,Strikeout,A.J. Ewing strikes out swinging.,Strikeout,,2,0,2,0,B,Ball,ball,False,B,CU,Curveball,Ball,75.0,69.0,3.14,1.58,6.06,0.5,14,2577,13.2,-6.7,-55.8,1.5582,1.162,-1.1,-0.56,-4.65,13.2,-1.1,0.47,False,False,False,False,False,1.5582,1.162,3,62,5,14,2,125,,,,,,,,,,,,,,False,N,1
823131,2026-06-01,SEA,NYM,pitch,12630ad9-561c-3715-bb5b-22ac894098e8,5,28,14,1,805999,L,A.J. Ewing,676106,R,Emerson Hancock,NYM,SEA,121,136,Strikeout,A.J. Ewing strikes out swinging.,Strikeout,,2,1,2,1,S,Strike,swinging_strike,True,S,FF,4-Seam Fastball,Swinging Strike,96.4,87.8,3.14,1.58,6.27,0.39,11,2516,8.4,11.0,-18.6,-0.2065,3.3743,0.7,0.92,-1.55,0.7,0.7,0.37,False,False,False,False,False,-0.2065,3.3743,4,63,28,14,2,126,65.0,,,,,,,,,,,,,True,N,1
823131,2026-06-01,SEA,NYM,pitch,ebec3f59-a8ed-316f-9f8b-16f6c506a748,5,29,14,1,669004,L,MJ Melendez,676106,R,Emerson Hancock,NYM,SEA,121,136,Strikeout,MJ Melendez called out on strikes.,Strikeout,,0,0,0,0,S,Strike,foul,False,F,FC,Cutter,Foul,82.4,76.2,3.23,1.63,6.31,0.46,9,2244,4.7,2.8,-37.4,0.4445,1.7518,-0.39,0.23,-3.12,4.7,-0.39,0.43,True,True,False,False,False,0.4445,1.7518,1,64,12,15,2,127,76.1,,,,,,,,,,,,,False,N,1
823131,2026-06-01,SEA,NYM,pitch,ea6f4ab1-6b08-3216-ab88-2ba249c21bc5,5,29,14,1,669004,L,MJ Melendez,676106,R,Emerson Hancock,NYM,SEA,121,136,Strikeout,MJ Melendez called out on strikes.,Strikeout,,1,0,1,0,B,Ball,ball,False,B,FF,4-Seam Fastball,Ball,94.6,87.0,3.23,1.63,6.45,0.4,11,2355,11.6,8.3,-22.1,-0.1266,4.0524,0.97,0.69,-1.84,0.97,0.97,0.37,False,False,False,False,False,-0.1266,4.0524,2,65,29,15,2,128,8.8,,,,,,,,,,,,,False,N,1
823131,2026-06-01,SEA,NYM,pitch,55d94b0d-10e3-3824-8657-9087ab21a541,5,29,14,1,669004,L,MJ Melendez,676106,R,Emerson Hancock,NYM,SEA,121,136,Strikeout,MJ Melendez called out on strikes.,Strikeout,,1,1,1,1,S,Strike,foul,False,F,FC,Cutter,Foul,82.1,76.5,3.23,1.63,6.24,0.46,7,2254,4.4,1.1,-39.0,-0.4622,2.017,-0.37,0.09,-3.25,4.4,-0.37,0.43,True,True,False,False,False,-0.4622,2.017,3,66,13,15,2,129,79.2,,,,,,,,,,,,,False,N,1
823131,2026-06-01,SEA,NYM,pitch,1292306b-ecbb-3257-902b-aa70f62a27c9,5,29,14,1,669004,L,MJ Melendez,676106,R,Emerson Hancock,NYM,SEA,121,136,Strikeout,MJ Melendez called out on strikes.,Strikeout,,2,1,2,1,S,Strike,called_strike,False,C,FF,4-Seam Fastball,Called Strike,95.7,87.4,3.23,1.63,6.42,0.39,1,2249,8.3,10.6,-19.3,-0.5394,3.2745,0.69,0.88,-1.61,0.69,0.69,0.37,True,True,False,False,False,-0.5394,3.2745,4,67,30,15,2,130,42.4,,,,,,,,,,,,,True,N,1
823131,2026-06-01,SEA,NYM,pitch,e81245ad-a2ad-3fad-a704-1d344d02f524,5,30,0,2,683146,L,Brett Baty,676106,R,Emerson Hancock,NYM,SEA,121,136,Flyout,Brett Baty flies out to center fielder Julio Rodríguez.,Flyout,,0,0,0,0,B,Ball,ball,False,B,CH,Changeup,Ball,87.4,80.3,3.33,1.68,6.3,0.43,13,1485,15.0,-2.6,-38.5,-1.2031,1.068,1.25,-0.22,-3.21,1.25,1.25,0.4,False,False,False,True,False,-1.2031,1.068,1,68,3,16,2,131,,,,,,,,,,,,,,False,N,1
823131,2026-06-01,SEA,NYM,pitch,b7df8325-7e37-30fb-bc5c-71eedbc2daee,5,30,0,2,683146,L,Brett Baty,676106,R,Emerson Hancock,NYM,SEA,121,136,Flyout,Brett Baty flies out to center fielder Julio Rodríguez.,Flyout,,0,1,0,1,S,Strike,swinging_strike,True,S,CH,Changeup,Swinging Strike,86.9,79.6,3.33,1.68,6.26,0.43,7,1578,16.6,-0.7,-37.1,-0.8021,1.6616,1.38,-0.06,-3.09,1.38,1.38,0.41,True,True,False,True,False,-0.8021,1.6616,2,69,4,16,2,132,71.9,,,,,,,,,,,,,False,N,1
823131,2026-06-01,SEA,NYM,pitch,97ea1e3a-e26e-32a0-a17c-9182f8e13028,5,30,0,2,683146,L,Brett Baty,676106,R,Emerson Hancock,NYM,SEA,121,136,Flyout,Brett Baty flies out to center fielder Julio Rodríguez.,Flyout,,1,1,1,1,B,Ball,ball,False,B,ST,Sweeper,Ball,76.6,69.4,3.33,1.68,6.08,0.49,13,2692,17.6,7.1,-40.2,-0.9386,1.8218,-1.47,0.59,-3.35,17.6,-1.47,0.47,False,False,False,True,False,-0.9386,1.8218,3,70,10,16,2,133,,,,,,,,,,,,,,False,N,1
823131,2026-06-01,SEA,NYM,pitch,a0d06455-2126-3984-ab81-b6d456a6d974,5,30,0,2,683146,L,Brett Baty,676106,R,Emerson Hancock,NYM,SEA,121,136,Flyout,Brett Baty flies out to center fielder Julio Rodríguez.,Flyout,"{""homeRunBallparks"": 0}",1,2,1,2,X,In Play,hit_into_play,False,X,FF,4-Seam Fastball,"In play, out(s)",96.0,87.7,3.33,1.68,6.32,0.39,5,2342,10.6,10.7,-19.0,0.2228,2.5964,0.88,0.89,-1.58,0.88,0.88,0.37,True,True,False,True,False,0.2228,2.5964,4,71,31,16,2,134,77.8,358.0,0.13,0,9.62,357.41,94.0,31.0,94.0,31.0,,,,True,N,1
823131,2026-06-01,SEA,NYM,pitch,050ce24c-89db-32f7-8d1c-22f658bf9ed4,5,31,0,1,702284,L,Cole Young,640455,L,Sean Manaea,SEA,NYM,136,121,Lineout,Cole Young lines out to center fielder A.J. Ewing.,Lineout,,0,0,0,0,S,Strike,called_strike,False,C,ST,Sweeper,Called Strike,74.7,68.5,3.13,1.58,6.68,0.51,1,2295,14.9,3.2,-46.1,-0.3589,2.7012,1.24,0.27,-3.84,1.24,1.24,0.47,True,True,False,True,False,-0.3589,2.7012,1,45,16,11,2,135,,,,,,,,,,,,,,False,N,1
823131,2026-06-01,SEA,NYM,pitch,7a2b3691-2ab7-3230-ba17-63e7f5e0c20f,5,31,0,1,702284,L,Cole Young,640455,L,Sean Manaea,SEA,NYM,136,121,Lineout,Cole Young lines out to center fielder A.J. Ewing.,Lineout,,1,0,1,0,B,Ball,ball,False,B,ST,Sweeper,Ball,76.5,70.4,3.13,1.58,6.75,0.49,13,2312,12.5,3.0,-44.3,-2.1483,1.4826,1.04,0.25,-3.69,1.04,1.04,0.46,False,False,False,True,False,-2.1483,1.4826,2,46,17,11,2,136,,,,,,,,,,,,,,False,N,1
823131,2026-06-01,SEA,NYM,pitch,d51a6287-f8d4-3156-bb1e-5670ae75a797,5,31,0,1,702284,L,Cole Young,640455,L,Sean Manaea,SEA,NYM,136,121,Lineout,Cole Young lines out to center fielder A.J. Ewing.,Lineout,"{""homeRunBallparks"": 0}",1,1,1,1,X,In Play,hit_into_play,False,X,FC,Cutter,"In play, out(s)",83.7,77.0,3.13,1.58,6.84,0.45,11,2178,3.1,6.1,-32.9,-0.9286,2.4594,0.26,0.51,-2.74,0.26,0.26,0.42,False,False,False,True,False,-0.9286,2.4594,3,47,6,11,2,137,70.8,279.0,0.79,0,28.37,276.66,86.4,19.0,86.4,19.0,,,,True,N,1
823131,2026-06-01,SEA,NYM,pitch,0ac6b625-1ced-3755-88e6-915ec58855de,5,32,0,1,608701,R,Rob Refsnyder,640455,L,Sean Manaea,SEA,NYM,136,121,Pop Out,Rob Refsnyder pops out to first baseman Jared Young.,Pop Out,,0,0,0,0,B,Ball,ball,False,B,ST,Sweeper,Ball,73.8,67.1,3.19,1.61,6.72,0.51,13,2291,22.7,4.1,-47.0,-0.9877,1.5152,1.89,0.34,-3.92,1.89,1.89,0.48,False,False,False,True,False,-0.9877,1.5152,1,48,18,12,2,138,,,,,,,,,,,,,,False,N,1
823131,2026-06-01,SEA,NYM,pitch,e8028a6b-c20f-3adc-9338-9187c3f5a533,5,32,0,1,608701,R,Rob Refsnyder,640455,L,Sean Manaea,SEA,NYM,136,121,Pop Out,Rob Refsnyder pops out to first baseman Jared Young.,Pop Out,,0,1,0,1,S,Strike,swinging_strike,True,S,SI,Sinker,Swinging Strike,91.6,83.7,3.19,1.61,7.07,0.41,12,2034,19.7,6.8,-25.8,0.9013,2.6148,-1.64,0.57,-2.15,19.7,-1.64,0.39,False,False,False,True,False,0.9013,2.6148,2,49,17,12,2,139,71.7,,,,,,,,,,,,,False,N,1
823131,2026-06-01,SEA,NYM,pitch,a322e8fd-f974-3edb-897f-5aea372d2ea0,5,32,0,1,608701,R,Rob Refsnyder,640455,L,Sean Manaea,SEA,NYM,136,121,Pop Out,Rob Refsnyder pops out to first baseman Jared Young.,Pop Out,,1,1,1,1,S,Strike,called_strike,False,C,FF,4-Seam Fastball,Called Strike,90.4,82.9,3.19,1.61,7.33,0.42,13,1878,13.4,11.3,-22.2,-0.836,2.0094,-1.12,0.94,-1.85,13.4,-1.12,0.39,False,False,False,True,False,-0.836,2.0094,3,50,9,12,2,140,8.8,,,,,,,,,,,,,False,N,1
823131,2026-06-01,SEA,NYM,pitch,37591b74-ab2b-3337-8a53-c37e89de1bbf,5,32,0,1,608701,R,Rob Refsnyder,640455,L,Sean Manaea,SEA,NYM,136,121,Pop Out,Rob Refsnyder pops out to first baseman Jared Young.,Pop Out,,2,1,2,1,B,Ball,ball,False,B,FF,4-Seam Fastball,Ball,92.0,83.6,3.19,1.61,6.98,0.41,12,1961,13.8,11.5,-21.0,1.0837,4.2901,-1.15,0.96,-1.75,13.8,-1.15,0.39,False,False,False,True,False,1.0837,4.2901,4,51,10,12,2,141,,,,,,,,,,,,,,False,N,1
823131,2026-06-01,SEA,NYM,pitch,8522c690-ed2d-30a0-bb17-7d92237cf20d,5,32,0,1,608701,R,Rob Refsnyder,640455,L,Sean Manaea,SEA,NYM,136,121,Pop Out,Rob Refsnyder pops out to first baseman Jared Young.,Pop Out,,2,2,2,2,S,Strike,foul,False,F,ST,Sweeper,Foul,75.1,68.7,3.19,1.61,6.91,0.5,13,2285,16.2,3.4,-45.6,-0.8406,2.0149,1.35,0.28,-3.8,1.35,1.35,0.47,False,False,False,True,False,-0.8406,2.0149,5,52,19,12,2,142,72.3,,,,,,,,,,,,,False,N,1
823131,2026-06-01,SEA,NYM,pitch,b06299c3-43e8-3fa9-a9d0-b3651c21c9bf,5,32,0,1,608701,R,Rob Refsnyder,640455,L,Sean Manaea,SEA,NYM,136,121,Pop Out,Rob Refsnyder pops out to first baseman Jared Young.,Pop Out,"{""homeRunBallparks"": 0}",2,2,2,2,X,In Play,hit_into_play,False,X,FF,4-Seam Fastball,"In play, out(s)",90.6,83.5,3.19,1.61,7.29,0.41,1,2023,14.3,8.8,-24.4,-0.337,2.8838,-1.19,0.73,-2.03,14.3,-1.19,0.39,True,True,False,True,False,-0.337,2.8838,6,53,11,12,2,143,72.9,157.0,0.02,0,103.36,118.71,61.2,54.0,61.2,54.0,,,,True,N,1
823131,2026-06-01,SEA,NYM,pitch,80dc6c80-bc23-3d89-ba30-669a27485643,5,33,0,2,641598,R,Mitch Garver,640455,L,Sean Manaea,SEA,NYM,136,121,Flyout,Mitch Garver flies out sharply to left fielder Juan Soto.,Flyout,,0,0,0,0,B,Ball,ball,False,B,ST,Sweeper,Ball,73.9,67.6,3.25,1.64,6.79,0.51,13,2447,22.0,5.6,-45.1,-1.2124,1.446,1.83,0.47,-3.76,1.83,1.83,0.48,False,False,False,True,False,-1.2124,1.446,1,54,20,13,2,144,,,,,,,,,,,,,,False,N,1
823131,2026-06-01,SEA,NYM,pitch,b29acafa-09ba-3202-9cc7-0de16abd2755,5,33,0,2,641598,R,Mitch Garver,640455,L,Sean Manaea,SEA,NYM,136,121,Flyout,Mitch Garver flies out sharply to left fielder Juan Soto.,Flyout,"{""homeRunBallparks"": 0}",0,1,0,1,X,In Play,hit_into_play,False,X,FF,4-Seam Fastball,"In play, out(s)",91.4,84.0,3.25,1.64,7.02,0.41,4,2022,14.3,8.3,-24.5,-0.3306,2.414,-1.19,0.69,-2.04,14.3,-1.19,0.39,True,True,False,True,False,-0.3306,2.414,2,55,12,13,2,145,74.2,361.0,0.21,0,-81.37,351.38,101.0,38.0,101.0,38.0,,,,True,N,1
823131,2026-06-01,SEA,NYM,pitch,e35cb316-111c-3b82-b512-a15141c60d82,6,34,65,0,543760,R,Marcus Semien,676106,R,Emerson Hancock,NYM,SEA,121,136,Home Run,Marcus Semien homers (6) on a fly ball to left field.,Home Run,,0,0,0,0,B,Ball,ball,False,B,SI,Sinker,Ball,93.5,85.5,3.21,1.62,6.21,0.4,14,2426,19.0,-1.3,-32.9,0.8116,1.0443,1.58,-0.11,-2.74,1.58,1.58,0.38,False,False,False,False,False,0.8116,1.0443,1,72,9,17,2,146,,,,,,,,,,,,,,False,N,1
823131,2026-06-01,SEA,NYM,pitch,fa20d9bf-cf9e-39ff-ba6b-a10ff9b9b670,6,34,65,0,543760,R,Marcus Semien,676106,R,Emerson Hancock,NYM,SEA,121,136,Home Run,Marcus Semien homers (6) on a fly ball to left field.,Home Run,,0,1,0,1,B,Ball,ball,False,B,FF,4-Seam Fastball,Ball,94.2,86.4,3.21,1.62,6.44,0.4,12,2389,9.1,10.8,-20.0,1.4594,2.75,0.76,0.9,-1.67,0.76,0.76,0.38,False,False,False,False,False,1.4594,2.75,2,73,32,17,2,147,,,,,,,,,,,,,,False,N,1
823131,2026-06-01,SEA,NYM,pitch,2c61f645-f70d-3e8f-8e01-c0b27bff36ed,6,34,65,0,543760,R,Marcus Semien,676106,R,Emerson Hancock,NYM,SEA,121,136,Home Run,Marcus Semien homers (6) on a fly ball to left field.,Home Run,,0,2,0,2,S,Strike,swinging_strike,True,S,SI,Sinker,Swinging Strike,93.4,85.4,3.21,1.62,6.39,0.4,6,2440,17.0,1.7,-29.9,0.6456,2.6171,1.42,0.14,-2.49,1.42,1.42,0.38,True,True,False,False,False,0.6456,2.6171,3,74,10,17,2,148,69.9,,,,,,,,,,,,,False,N,1
823131,2026-06-01,SEA,NYM,pitch,9940f2cb-79cf-3513-9908-645f073ee589,6,34,65,0,543760,R,Marcus Semien,676106,R,Emerson Hancock,NYM,SEA,121,136,Home Run,Marcus Semien homers (6) on a fly ball to left field.,Home Run,,1,2,1,2,B,Ball,ball,False,B,SI,Sinker,Ball,94.0,86.2,3.21,1.62,6.33,0.4,14,2489,17.4,1.2,-29.9,1.1284,2.3109,1.45,0.1,-2.49,1.45,1.45,0.38,False,False,False,False,False,1.1284,2.3109,4,75,11,17,2,149,,,,,,,,,,,,,,False,N,1
823131,2026-06-01,SEA,NYM,pitch,c3ee737f-4997-37df-9ba4-26af297c8ff6,6,34,65,0,543760,R,Marcus Semien,676106,R,Emerson Hancock,NYM,SEA,121,136,Home Run,Marcus Semien homers (6) on a fly ball to left field.,Home Run,,1,3,1,3,S,Strike,foul,False,F,FF,4-Seam Fastball,Foul,95.3,87.3,3.21,1.62,6.33,0.4,8,2341,14.6,11.5,-18.6,0.1629,1.8162,1.22,0.96,-1.55,1.22,1.22,0.37,True,True,False,False,False,0.1629,1.8162,5,76,33,17,2,150,68.4,,,,,,,,,,,,,False,N,1
823131,2026-06-01,SEA,NYM,pitch,17e92a63-edd4-3b02-bddf-2d29ba754698,6,34,65,0,543760,R,Marcus Semien,676106,R,Emerson Hancock,NYM,SEA,121,136,Home Run,Marcus Semien homers (6) on a fly ball to left field.,Home Run,,2,3,2,3,S,Strike,foul,False,F,FF,4-Seam Fastball,Foul,95.4,87.2,3.21,1.62,6.33,0.4,7,2469,11.0,4.3,-25.8,-0.6701,2.0489,0.92,0.36,-2.15,0.92,0.92,0.37,True,True,False,False,False,-0.6701,2.0489,6,77,34,17,2,151,73.3,,,,,,,,,,,,,False,N,1
823131,2026-06-01,SEA,NYM,pitch,d9f547fd-af25-3c6e-a4cb-02477f95b580,6,34,65,0,543760,R,Marcus Semien,676106,R,Emerson Hancock,NYM,SEA,121,136,Home Run,Marcus Semien homers (6) on a fly ball to left field.,Home Run,"{""homeRunBallparks"": 30}",2,3,2,3,X,In Play,hit_into_play,False,E,FF,4-Seam Fastball,"In play, run(s)",94.9,87.2,3.21,1.62,6.39,0.4,4,2248,10.3,9.4,-21.0,-0.4024,2.2481,0.86,0.78,-1.75,0.86,0.86,0.37,True,True,False,False,False,-0.4024,2.2481,7,78,35,17,2,152,75.0,389.0,0.73,1,-261.96,286.57,103.2,28.0,103.2,28.0,,,,True,N,1
823131,2026-06-01,SEA,NYM,pitch,5031a5a4-f099-346c-a80f-e95d0e7938d1,6,35,0,1,620443,R,Luis Torrens,676106,R,Emerson Hancock,NYM,SEA,121,136,Flyout,Luis Torrens flies out to center fielder Julio Rodríguez.,Flyout,,0,0,0,0,S,Strike,called_strike,False,C,ST,Sweeper,Called Strike,75.4,69.1,3.18,1.6,6.22,0.5,8,2464,16.7,2.4,-46.1,0.017,1.8444,-1.39,0.2,-3.84,16.7,-1.39,0.47,True,True,False,True,False,0.017,1.8444,1,79,11,18,2,153,,,,,,,,,,,,,,False,N,1
823131,2026-06-01,SEA,NYM,pitch,8c58dc4a-2741-33d9-9380-112fbfc0acbd,6,35,0,1,620443,R,Luis Torrens,676106,R,Emerson Hancock,NYM,SEA,121,136,Flyout,Luis Torrens flies out to center fielder Julio Rodríguez.,Flyout,,1,0,1,0,B,Ball,ball,False,B,ST,Sweeper,Ball,74.8,69.1,3.18,1.6,6.28,0.5,14,2464,16.3,-3.0,-52.2,2.3119,1.7202,-1.36,-0.25,-4.35,16.3,-1.36,0.47,False,False,False,True,False,2.3119,1.7202,2,80,12,18,2,154,,,,,,,,,,,,,,False,N,1
823131,2026-06-01,SEA,NYM,pitch,30fb0456-4a3c-3d22-8594-c3eef7f6300e,6,35,0,1,620443,R,Luis Torrens,676106,R,Emerson Hancock,NYM,SEA,121,136,Flyout,Luis Torrens flies out to center fielder Julio Rodríguez.,Flyout,,1,1,1,1,S,Strike,foul,False,F,SI,Sinker,Foul,93.4,85.0,3.18,1.6,6.31,0.41,13,2353,16.4,-2.3,-34.0,-0.345,1.043,1.37,-0.19,-2.83,1.37,1.37,0.38,False,False,False,True,False,-0.345,1.043,3,81,12,18,2,155,69.7,,,,,,,,,,,,,False,N,1
823131,2026-06-01,SEA,NYM,pitch,fd382517-6f2d-31a3-ba25-bb64b902d958,6,35,0,1,620443,R,Luis Torrens,676106,R,Emerson Hancock,NYM,SEA,121,136,Flyout,Luis Torrens flies out to center fielder Julio Rodríguez.,Flyout,"{""homeRunBallparks"": 0}",2,1,2,1,X,In Play,hit_into_play,False,X,ST,Sweeper,"In play, out(s)",75.9,69.9,3.18,1.6,6.23,0.5,5,2471,19.0,4.0,-43.6,0.0362,2.3197,-1.58,0.33,-3.63,19.0,-1.58,0.47,True,True,False,True,False,0.0362,2.3197,4,82,13,18,2,156,72.5,213.0,0.01,0,24.95,210.59,87.7,55.0,87.7,55.0,,,,True,N,1
823131,2026-06-01,SEA,NYM,pitch,9f53a543-32f3-3608-9c67-a9bba9e0bb28,6,36,0,1,701807,L,Carson Benge,676106,R,Emerson Hancock,NYM,SEA,121,136,Groundout,"Carson Benge grounds out, second baseman Cole Young to first baseman Josh Naylor.",Groundout,,0,0,0,0,B,Ball,ball,False,B,CH,Changeup,Ball,86.7,79.3,3.26,1.64,6.32,0.44,13,1574,17.4,-1.7,-38.2,-1.4498,1.7414,1.45,-0.14,-3.18,1.45,1.45,0.41,False,False,False,True,False,-1.4498,1.7414,1,83,5,19,3,157,,,,,,,,,,,,,,False,N,1
823131,2026-06-01,SEA,NYM,pitch,4f02bb8f-25a8-3182-8dd3-d647d5e69bbf,6,36,0,1,701807,L,Carson Benge,676106,R,Emerson Hancock,NYM,SEA,121,136,Groundout,"Carson Benge grounds out, second baseman Cole Young to first baseman Josh Naylor.",Groundout,,0,1,0,1,B,Ball,ball,False,B,FC,Cutter,Ball,83.5,77.1,3.26,1.64,6.11,0.45,13,2280,4.7,3.2,-35.8,-1.2645,2.3885,-0.39,0.27,-2.98,4.7,-0.39,0.42,False,False,False,True,False,-1.2645,2.3885,2,84,14,19,3,158,,,,,,,,,,,,,,False,N,1
823131,2026-06-01,SEA,NYM,pitch,69f59435-0da7-3d8f-ab84-1999780de2b7,6,36,0,1,701807,L,Carson Benge,676106,R,Emerson Hancock,NYM,SEA,121,136,Groundout,"Carson Benge grounds out, second baseman Cole Young to first baseman Josh Naylor.",Groundout,,0,2,0,2,S,Strike,called_strike,False,C,SI,Sinker,Called Strike,93.9,86.0,3.26,1.64,6.27,0.4,9,2361,17.9,1.4,-29.8,0.4302,1.9,1.49,0.12,-2.48,1.49,1.49,0.38,True,True,False,True,False,0.4302,1.9,3,85,13,19,3,159,,,,,,,,,,,,,,False,N,1
823131,2026-06-01,SEA,NYM,pitch,1914ac46-5dc6-369c-87a0-0d2d84dad50d,6,36,0,1,701807,L,Carson Benge,676106,R,Emerson Hancock,NYM,SEA,121,136,Groundout,"Carson Benge grounds out, second baseman Cole Young to first baseman Josh Naylor.",Groundout,,1,2,1,2,S,Strike,foul,False,F,FF,4-Seam Fastball,Foul,94.6,86.6,3.26,1.64,6.45,0.4,5,2362,13.1,8.2,-22.4,0.2252,2.1732,1.09,0.68,-1.87,1.09,1.09,0.37,True,True,False,True,False,0.2252,2.1732,4,86,36,19,3,160,73.7,,,,,,,,,,,,,False,N,1
823131,2026-06-01,SEA,NYM,pitch,3f098e73-5315-36f4-a64f-b316fb58d529,6,36,0,1,701807,L,Carson Benge,676106,R,Emerson Hancock,NYM,SEA,121,136,Groundout,"Carson Benge grounds out, second baseman Cole Young to first baseman Josh Naylor.",Groundout,,2,2,2,2,S,Strike,foul,False,F,FC,Cutter,Foul,84.1,77.8,3.26,1.64,6.29,0.45,14,2212,2.3,3.7,-34.8,0.0288,1.4781,-0.19,0.31,-2.9,2.3,-0.19,0.42,False,False,False,True,False,0.0288,1.4781,5,87,15,19,3,161,66.1,,,,,,,,,,,,,False,N,1
823131,2026-06-01,SEA,NYM,pitch,a4668c2d-4755-3f63-9432-d3723aa6bc3d,6,36,0,1,701807,L,Carson Benge,676106,R,Emerson Hancock,NYM,SEA,121,136,Groundout,"Carson Benge grounds out, second baseman Cole Young to first baseman Josh Naylor.",Groundout,,2,2,2,2,S,Strike,foul,False,F,CU,Curveball,Foul,73.8,68.4,3.26,1.64,6.0,0.51,7,2445,13.2,-7.4,-57.6,-0.6049,1.9418,-1.1,-0.62,-4.8,13.2,-1.1,0.48,True,True,False,True,False,-0.6049,1.9418,6,88,6,19,3,162,69.0,,,,,,,,,,,,,False,N,1
823131,2026-06-01,SEA,NYM,pitch,65a30110-3f0c-36e3-8bc1-db6047bfb384,6,36,0,1,701807,L,Carson Benge,676106,R,Emerson Hancock,NYM,SEA,121,136,Groundout,"Carson Benge grounds out, second baseman Cole Young to first baseman Josh Naylor.",Groundout,"{""homeRunBallparks"": 0}",2,2,2,2,X,In Play,hit_into_play,False,X,FF,4-Seam Fastball,"In play, out(s)",95.6,87.6,3.26,1.64,6.36,0.39,8,2315,10.0,4.6,-25.4,0.2162,2.0741,0.83,0.38,-2.12,0.83,0.83,0.37,True,True,False,True,False,0.2162,2.0741,7,89,37,19,3,163,73.9,7.0,0.08,0,71.95,120.01,86.7,-20.0,86.7,-20.0,,,,True,N,1
823131,2026-06-01,SEA,NYM,pitch,5698f54a-1d88-3877-8b00-eaab36bfd37e,6,37,0,2,666182,R,Bo Bichette,676106,R,Emerson Hancock,NYM,SEA,121,136,Groundout,Bo Bichette grounds out to first baseman Josh Naylor.,Groundout,,0,0,0,0,B,Ball,ball,False,B,ST,Sweeper,Ball,76.2,69.3,3.16,1.6,6.17,0.5,13,2491,15.5,3.1,-44.5,-1.1669,1.8416,-1.29,0.26,-3.71,15.5,-1.29,0.47,False,False,False,True,False,-1.1669,1.8416,1,90,14,20,3,164,,,,,,,,,,,,,,False,N,1
823131,2026-06-01,SEA,NYM,pitch,eeeef2fc-02e5-353d-8fd4-1e67ba8b9e5b,6,37,0,2,666182,R,Bo Bichette,676106,R,Emerson Hancock,NYM,SEA,121,136,Groundout,Bo Bichette grounds out to first baseman Josh Naylor.,Groundout,"{""homeRunBallparks"": 0}",0,1,0,1,X,In Play,hit_into_play,False,X,SI,Sinker,"In play, out(s)",94.3,85.7,3.16,1.6,6.35,0.4,7,2403,21.6,-1.2,-32.3,-0.6725,1.9365,1.8,-0.1,-2.69,1.8,1.8,0.38,True,True,False,True,False,-0.6725,1.9365,2,91,14,20,3,165,71.5,101.0,0.47,0,68.5,135.8,97.9,3.0,97.9,3.0,,,,True,N,1
823131,2026-06-01,SEA,NYM,pitch,e2963224-7775-3001-9b87-8cb93b334b06,6,38,0,1,806068,L,Colt Emerson,640455,L,Sean Manaea,SEA,NYM,136,121,Groundout,"Colt Emerson grounds out, third baseman Brett Baty to first baseman Jared Young.",Groundout,,0,0,0,0,B,Ball,ball,False,B,SI,Sinker,Ball,89.5,81.7,3.21,1.62,7.21,0.42,13,1920,18.7,4.3,-30.2,-1.2805,1.802,-1.56,0.36,-2.52,18.7,-1.56,0.4,False,False,False,True,False,-1.2805,1.802,1,56,18,14,2,166,,,,,,,,,,,,,,False,N,1
823131,2026-06-01,SEA,NYM,pitch,10e8f634-a1ea-39cf-b2d3-44dab374afad,6,38,0,1,806068,L,Colt Emerson,640455,L,Sean Manaea,SEA,NYM,136,121,Groundout,"Colt Emerson grounds out, third baseman Brett Baty to first baseman Jared Young.",Groundout,,0,1,0,1,B,Ball,ball,False,B,SI,Sinker,Ball,89.5,81.3,3.21,1.62,6.97,0.42,11,2157,17.6,10.8,-23.8,-0.8822,2.425,-1.47,0.9,-1.98,17.6,-1.47,0.4,False,False,False,True,False,-0.8822,2.425,2,57,19,14,2,167,,,,,,,,,,,,,,False,N,1
823131,2026-06-01,SEA,NYM,pitch,ec41e2db-31a5-39eb-a492-b6b8a4ddeb8c,6,38,0,1,806068,L,Colt Emerson,640455,L,Sean Manaea,SEA,NYM,136,121,Groundout,"Colt Emerson grounds out, third baseman Brett Baty to first baseman Jared Young.",Groundout,"{""homeRunBallparks"": 0}",0,2,0,2,X,In Play,hit_into_play,False,X,SI,Sinker,"In play, out(s)",90.4,81.9,3.21,1.62,7.01,0.42,14,2083,18.7,7.9,-25.9,0.9387,2.2662,-1.56,0.66,-2.16,18.7,-1.56,0.39,False,False,False,True,False,0.9387,2.2662,3,58,20,14,2,168,65.7,29.0,0.1,0,-31.91,69.92,70.1,-2.0,70.1,-2.0,,,,True,N,1
823131,2026-06-01,SEA,NYM,pitch,d1e55fbe-1853-35c5-a08c-fbd86a6694b8,6,39,14,1,641487,L,J.P. Crawford,640455,L,Sean Manaea,SEA,NYM,136,121,Strikeout,J.P. Crawford called out on strikes.,Strikeout,,0,0,0,0,S,Strike,called_strike,False,C,SI,Sinker,Called Strike,89.1,81.3,3.22,1.62,6.99,0.42,2,2018,19.0,5.0,-29.5,-0.1994,3.335,-1.58,0.42,-2.46,19.0,-1.58,0.4,True,True,False,False,False,-0.1994,3.335,1,59,21,15,2,169,,,,,,,,,,,,,,False,N,1
823131,2026-06-01,SEA,NYM,pitch,b12e8f8d-5b5d-3707-a87d-9fbef4a9c441,6,39,14,1,641487,L,J.P. Crawford,640455,L,Sean Manaea,SEA,NYM,136,121,Strikeout,J.P. Crawford called out on strikes.,Strikeout,,1,0,1,0,X,In Play,foul_bunt,False,L,ST,Sweeper,Foul Bunt,75.8,69.4,3.22,1.62,6.67,0.5,5,2289,19.4,6.1,-41.8,0.2588,2.1314,1.62,0.51,-3.48,1.62,1.62,0.47,True,True,False,False,False,0.2588,2.1314,2,60,21,15,2,170,21.3,,,,,,,,,,,,,False,N,1
823131,2026-06-01,SEA,NYM,pitch,5067f301-7c86-3b18-8686-f4111c3c39b8,6,39,14,1,641487,L,J.P. Crawford,640455,L,Sean Manaea,SEA,NYM,136,121,Strikeout,J.P. Crawford called out on strikes.,Strikeout,,2,0,2,0,S,Strike,foul,False,F,SI,Sinker,Foul,91.4,83.3,3.22,1.62,7.27,0.41,5,2059,19.6,6.8,-26.2,0.1573,2.6067,-1.63,0.57,-2.18,19.6,-1.63,0.39,True,True,False,False,False,0.1573,2.6067,3,61,22,15,2,171,72.5,,,,,,,,,,,,,False,N,1
823131,2026-06-01,SEA,NYM,pitch,0f883272-2162-3d59-a453-bb472210da10,6,39,14,1,641487,L,J.P. Crawford,640455,L,Sean Manaea,SEA,NYM,136,121,Strikeout,J.P. Crawford called out on strikes.,Strikeout,,2,0,2,0,S,Strike,called_strike,False,C,FF,4-Seam Fastball,Called Strike,90.8,83.1,3.22,1.62,7.16,0.42,1,1986,15.0,7.7,-25.6,-0.6751,3.3342,-1.25,0.64,-2.13,15.0,-1.25,0.39,True,True,False,False,False,-0.6751,3.3342,4,62,13,15,2,172,,,,,,,,,,,,,,True,N,1
823131,2026-06-01,SEA,NYM,pitch,e5ab7292-43b8-355d-b0bd-d4f7955c6f43,6,40,0,2,677594,R,Julio Rodríguez,640455,L,Sean Manaea,SEA,NYM,136,121,Flyout,Julio Rodríguez flies out to right fielder Carson Benge.,Flyout,"{""homeRunBallparks"": 0}",0,0,0,0,X,In Play,hit_into_play,False,X,FF,4-Seam Fastball,"In play, out(s)",89.9,82.5,3.38,1.7,7.03,0.42,2,1927,14.3,6.2,-27.6,-0.0756,3.1979,-1.19,0.52,-2.3,14.3,-1.19,0.39,True,True,False,True,False,-0.0756,3.1979,1,63,14,16,2,173,80.4,208.0,0.01,0,68.5,195.48,88.8,58.0,88.8,58.0,,,,True,N,1
823131,2026-06-01,SEA,NYM,pitch,f4288490-7bc5-3f31-a071-8c431b03712c,7,41,0,1,665742,L,Juan Soto,678606,L,José A. Ferrer,NYM,SEA,121,136,Groundout,Juan Soto grounds out to first baseman Josh Naylor.,Groundout,,0,0,0,0,B,Ball,ball,False,B,SI,Sinker,Ball,97.6,89.6,3.26,1.64,6.06,0.39,13,2143,18.6,7.8,-21.1,-1.2428,1.7868,-1.55,0.65,-1.76,18.6,-1.55,0.36,False,False,False,True,False,-1.2428,1.7868,1,1,1,1,1,174,,,,,,,,,,,,,,False,N,1
823131,2026-06-01,SEA,NYM,pitch,38c2a126-759b-3d47-acf5-b6c403763122,7,41,0,1,665742,L,Juan Soto,678606,L,José A. Ferrer,NYM,SEA,121,136,Groundout,Juan Soto grounds out to first baseman Josh Naylor.,Groundout,,0,1,0,1,S,Strike,called_strike,False,C,SI,Sinker,Called Strike,96.5,88.7,3.26,1.64,5.96,0.39,7,2086,19.1,5.8,-23.8,-0.7162,1.8498,-1.59,0.48,-1.98,19.1,-1.59,0.37,True,True,False,True,True,-0.7162,1.8498,2,2,2,1,1,175,,,,,,,,,,,,,,False,N,1
823131,2026-06-01,SEA,NYM,pitch,d5263288-8de3-3fef-8e2c-ab58e8b1626d,7,41,0,1,665742,L,Juan Soto,678606,L,José A. Ferrer,NYM,SEA,121,136,Groundout,Juan Soto grounds out to first baseman Josh Naylor.,Groundout,,1,1,1,1,S,Strike,foul,False,F,SI,Sinker,Foul,96.8,88.4,3.26,1.64,6.01,0.39,4,2094,18.6,6.5,-22.9,-0.5807,2.2545,-1.55,0.54,-1.91,18.6,-1.55,0.37,True,True,False,True,False,-0.5807,2.2545,3,3,3,1,1,176,70.5,,,,,,,,,,,,,False,N,1
823131,2026-06-01,SEA,NYM,pitch,533d7cb0-b05e-3290-a316-15f6e2c7e614,7,41,0,1,665742,L,Juan Soto,678606,L,José A. Ferrer,NYM,SEA,121,136,Groundout,Juan Soto grounds out to first baseman Josh Naylor.,Groundout,,2,1,2,1,B,Ball,ball,False,B,SI,Sinker,Ball,98.1,89.6,3.26,1.64,6.03,0.38,14,2106,18.2,5.6,-22.9,1.3164,2.3903,-1.52,0.47,-1.91,18.2,-1.52,0.36,False,False,False,True,False,1.3164,2.3903,4,4,4,1,1,177,,,,,,,,,,,,,,False,N,1
823131,2026-06-01,SEA,NYM,pitch,c837f54a-00ff-3a8c-8c55-a442c41114e0,7,41,0,1,665742,L,Juan Soto,678606,L,José A. Ferrer,NYM,SEA,121,136,Groundout,Juan Soto grounds out to first baseman Josh Naylor.,Groundout,"{""homeRunBallparks"": 0}",2,2,2,2,X,In Play,hit_into_play,False,X,CH,Changeup,"In play, out(s)",87.1,79.5,3.26,1.64,6.03,0.43,6,2253,20.6,7.9,-28.3,0.3659,2.6293,-1.72,0.66,-2.36,20.6,-1.72,0.41,True,True,False,True,False,0.3659,2.6293,5,5,1,1,1,178,77.0,85.0,0.57,0,87.83,87.01,103.3,4.0,103.3,4.0,,,,True,N,1
823131,2026-06-01,SEA,NYM,pitch,40a4a272-987d-3eaa-a129-4ad76c114dd8,7,42,14,1,676724,L,Jared Young,678606,L,José A. Ferrer,NYM,SEA,121,136,Strikeout,Jared Young strikes out swinging.,Strikeout,,0,0,0,0,S,Strike,called_strike,False,C,SI,Sinker,Called Strike,97.8,90.4,3.28,1.66,6.0,0.38,14,2084,18.6,2.6,-25.8,0.8619,1.9608,-1.55,0.22,-2.15,18.6,-1.55,0.36,False,False,False,False,False,0.8619,1.9608,1,6,5,2,1,179,,,,,,,,,,,,,,False,N,1
823131,2026-06-01,SEA,NYM,pitch,047d7eae-f764-3e6e-9a14-efc4c3a60b43,7,42,14,1,676724,L,Jared Young,678606,L,José A. Ferrer,NYM,SEA,121,136,Strikeout,Jared Young strikes out swinging.,Strikeout,,1,0,1,0,S,Strike,swinging_strike,True,S,SI,Sinker,Swinging Strike,98.1,90.2,3.28,1.66,5.95,0.38,14,2132,19.3,3.5,-24.8,1.3102,2.4397,-1.61,0.29,-2.07,19.3,-1.61,0.36,False,False,True,False,False,1.3102,2.4397,2,7,6,2,1,180,43.0,,,,,,,,,,,,,False,N,1
823131,2026-06-01,SEA,NYM,pitch,aac44e86-b81e-33ce-a252-dc4aa20387c8,7,42,14,1,676724,L,Jared Young,678606,L,José A. Ferrer,NYM,SEA,121,136,Strikeout,Jared Young strikes out swinging.,Strikeout,,2,0,2,0,S,Strike,foul,False,F,SL,Slider,Foul,86.5,80.4,3.28,1.66,5.78,0.43,5,2600,5.5,-2.4,-38.6,-0.0131,2.4838,0.46,-0.2,-3.22,0.46,0.46,0.41,True,True,False,False,False,-0.0131,2.4838,3,8,1,2,1,181,58.3,,,,,,,,,,,,,False,N,1
823131,2026-06-01,SEA,NYM,pitch,afcc2adc-abbf-35fb-8378-4b6374de72f1,7,42,14,1,676724,L,Jared Young,678606,L,José A. Ferrer,NYM,SEA,121,136,Strikeout,Jared Young strikes out swinging.,Strikeout,,2,0,2,0,S,Strike,swinging_strike,True,S,SL,Slider,Swinging Strike,86.4,80.5,3.28,1.66,5.91,0.43,13,2489,7.0,-3.8,-40.4,-1.8574,1.0703,0.58,-0.32,-3.37,0.58,0.58,0.41,False,False,False,False,False,-1.8574,1.0703,4,9,2,2,1,182,56.6,,,,,,,,,,,,,True,N,1
823131,2026-06-01,SEA,NYM,pitch,921acc47-957b-3854-9cf8-1dc20e1ab8cf,7,43,0,2,805999,L,A.J. Ewing,678606,L,José A. Ferrer,NYM,SEA,121,136,Groundout,"A.J. Ewing grounds out, shortstop J.P. Crawford to first baseman Josh Naylor.",Groundout,,0,0,0,0,B,Ball,ball,False,B,SI,Sinker,Ball,98.4,89.9,3.14,1.58,6.13,0.38,14,2194,18.4,7.8,-20.8,0.0102,1.2131,-1.53,0.65,-1.73,18.4,-1.53,0.36,False,False,False,True,False,0.0102,1.2131,1,10,7,3,1,183,,,,,,,,,,,,,,False,N,1
823131,2026-06-01,SEA,NYM,pitch,9691e97d-5a87-3429-b531-089cd4591733,7,43,0,2,805999,L,A.J. Ewing,678606,L,José A. Ferrer,NYM,SEA,121,136,Groundout,"A.J. Ewing grounds out, shortstop J.P. Crawford to first baseman Josh Naylor.",Groundout,,0,1,0,1,S,Strike,foul,False,F,SI,Sinker,Foul,97.6,89.1,3.14,1.58,6.03,0.39,8,2077,19.8,2.2,-26.9,0.007,1.7946,-1.65,0.18,-2.24,19.8,-1.65,0.36,True,True,False,True,False,0.007,1.7946,2,11,8,3,1,184,68.3,,,,,,,,,,,,,False,N,1
823131,2026-06-01,SEA,NYM,pitch,19b839d1-77c6-32e4-807c-be6a55f1b0a5,7,43,0,2,805999,L,A.J. Ewing,678606,L,José A. Ferrer,NYM,SEA,121,136,Groundout,"A.J. Ewing grounds out, shortstop J.P. Crawford to first baseman Josh Naylor.",Groundout,,1,1,1,1,S,Strike,called_strike,False,C,SI,Sinker,Called Strike,97.6,89.6,3.14,1.58,6.06,0.39,4,2165,18.7,4.6,-24.2,-0.5094,2.6467,-1.56,0.38,-2.02,18.7,-1.56,0.36,True,True,False,True,False,-0.5094,2.6467,3,12,9,3,1,185,,,,,,,,,,,,,,False,N,1
823131,2026-06-01,SEA,NYM,pitch,4b01abf4-2f8e-3d0c-b4e6-08b40c1401e7,7,43,0,2,805999,L,A.J. Ewing,678606,L,José A. Ferrer,NYM,SEA,121,136,Groundout,"A.J. Ewing grounds out, shortstop J.P. Crawford to first baseman Josh Naylor.",Groundout,"{""homeRunBallparks"": 0}",2,1,2,1,X,In Play,hit_into_play,False,X,SI,Sinker,"In play, out(s)",98.7,90.0,3.14,1.58,6.13,0.38,5,2017,19.9,7.6,-20.8,0.1665,2.3395,-1.66,0.63,-1.73,19.9,-1.66,0.36,True,True,False,True,False,0.1665,2.3395,4,13,10,3,1,186,66.5,117.0,0.56,0,-19.69,129.8,104.5,4.0,104.5,4.0,,,,True,N,1
823131,2026-06-01,SEA,NYM,pitch,29021f8e-05fb-3447-94f9-c8c27f2ff49d,7,44,75,0,647304,L,Josh Naylor,548384,L,Brooks Raley,SEA,NYM,136,121,Home Run,Josh Naylor homers (6) on a fly ball to right field.,Home Run,,0,0,0,0,B,Ball,ball,False,B,FC,Cutter,Ball,86.4,79.2,3.11,1.57,5.74,0.44,13,2454,3.6,6.1,-30.7,-1.0232,1.8985,0.3,0.51,-2.56,0.3,0.3,0.41,False,False,False,False,False,-1.0232,1.8985,1,1,1,1,1,187,,,,,,,,,,,,,,False,N,1
823131,2026-06-01,SEA,NYM,pitch,01b63539-eca5-32a1-ba35-a0461c01c287,7,44,75,0,647304,L,Josh Naylor,548384,L,Brooks Raley,SEA,NYM,136,121,Home Run,Josh Naylor homers (6) on a fly ball to right field.,Home Run,,0,1,0,1,S,Strike,foul,False,F,FC,Cutter,Foul,87.4,79.7,3.11,1.57,5.74,0.43,5,2461,1.7,9.4,-26.8,0.017,2.4282,-0.14,0.78,-2.23,1.7,-0.14,0.41,True,True,False,False,False,0.017,2.4282,2,2,2,1,1,188,73.1,,,,,,,,,,,,,False,N,1
823131,2026-06-01,SEA,NYM,pitch,f731174e-5899-3e15-a262-648acf04949d,7,44,75,0,647304,L,Josh Naylor,548384,L,Brooks Raley,SEA,NYM,136,121,Home Run,Josh Naylor homers (6) on a fly ball to right field.,Home Run,,1,1,1,1,B,Ball,ball,False,B,SI,Sinker,Ball,91.0,83.5,3.11,1.57,5.82,0.42,13,2371,14.8,7.4,-25.9,-2.2623,1.4564,-1.23,0.62,-2.16,14.8,-1.23,0.39,False,False,False,False,False,-2.2623,1.4564,3,3,1,1,1,189,,,,,,,,,,,,,,False,N,1
823131,2026-06-01,SEA,NYM,pitch,b00cc4e2-86c9-3084-b380-6efcd1500b22,7,44,75,0,647304,L,Josh Naylor,548384,L,Brooks Raley,SEA,NYM,136,121,Home Run,Josh Naylor homers (6) on a fly ball to right field.,Home Run,,1,2,1,2,B,Ball,ball,False,B,SI,Sinker,Ball,90.7,82.9,3.11,1.57,5.84,0.42,13,2455,16.3,4.4,-29.2,-1.5223,1.8129,-1.36,0.37,-2.43,16.3,-1.36,0.39,False,False,False,False,False,-1.5223,1.8129,4,4,2,1,1,190,,,,,,,,,,,,,,False,N,1
823131,2026-06-01,SEA,NYM,pitch,71dac772-1a29-33d3-a9d3-0f944068bafc,7,44,75,0,647304,L,Josh Naylor,548384,L,Brooks Raley,SEA,NYM,136,121,Home Run,Josh Naylor homers (6) on a fly ball to right field.,Home Run,,1,3,1,3,S,Strike,foul,False,F,SI,Sinker,Foul,90.9,83.2,3.11,1.57,5.73,0.41,6,2403,16.4,5.8,-27.5,0.362,2.4684,-1.37,0.48,-2.29,16.4,-1.37,0.39,True,True,False,False,False,0.362,2.4684,5,5,3,1,1,191,80.1,,,,,,,,,,,,,False,N,1
823131,2026-06-01,SEA,NYM,pitch,bc25bbda-5e2f-34fa-9c52-69a69ca72857,7,44,75,0,647304,L,Josh Naylor,548384,L,Brooks Raley,SEA,NYM,136,121,Home Run,Josh Naylor homers (6) on a fly ball to right field.,Home Run,"{""homeRunBallparks"": 29}",2,3,2,3,X,In Play,hit_into_play,False,E,ST,Sweeper,"In play, run(s)",81.4,74.8,3.11,1.57,5.7,0.46,5,2802,12.7,4.0,-37.4,-0.2386,2.4239,1.06,0.33,-3.12,1.06,1.06,0.43,True,True,False,False,False,-0.2386,2.4239,6,6,1,1,1,192,73.9,373.0,0.29,0,220.16,303.42,99.3,35.0,99.3,35.0,,,,True,N,1
823131,2026-06-01,SEA,NYM,pitch,d7bc19b0-30c9-3d2f-8cf3-66d75f0b97a2,7,45,0,1,668227,R,Randy Arozarena,548384,L,Brooks Raley,SEA,NYM,136,121,Lineout,Randy Arozarena lines out to right fielder Carson Benge.,Lineout,,0,0,0,0,S,Strike,foul,False,F,FC,Cutter,Foul,86.4,79.8,3.13,1.58,5.78,0.44,13,2618,6.1,4.3,-32.3,-0.8732,1.9044,0.51,0.36,-2.69,0.51,0.51,0.41,False,False,False,True,False,-0.8732,1.9044,1,7,3,2,1,193,85.4,,,,,,,,,,,,,False,N,1
823131,2026-06-01,SEA,NYM,pitch,b59919fa-82b3-3c87-98a1-4fae98bcf95a,7,45,0,1,668227,R,Randy Arozarena,548384,L,Brooks Raley,SEA,NYM,136,121,Lineout,Randy Arozarena lines out to right fielder Carson Benge.,Lineout,,1,0,1,0,S,Strike,called_strike,False,C,CH,Changeup,Called Strike,86.1,78.6,3.13,1.58,5.66,0.44,4,1749,15.5,11.4,-25.8,-0.4233,2.5409,-1.29,0.95,-2.15,15.5,-1.29,0.41,True,True,False,True,False,-0.4233,2.5409,2,8,1,2,1,194,,,,,,,,,,,,,,False,N,1
823131,2026-06-01,SEA,NYM,pitch,88c559b3-c239-3db2-8f07-bd9818edffc6,7,45,0,1,668227,R,Randy Arozarena,548384,L,Brooks Raley,SEA,NYM,136,121,Lineout,Randy Arozarena lines out to right fielder Carson Benge.,Lineout,"{""homeRunBallparks"": 0}",2,0,2,0,X,In Play,hit_into_play,False,X,CH,Changeup,"In play, out(s)",84.5,77.7,3.13,1.58,5.73,0.45,14,1947,20.6,2.2,-36.2,1.0079,0.9766,-1.72,0.18,-3.02,20.6,-1.72,0.42,False,False,False,True,False,1.0079,0.9766,3,9,2,2,1,195,71.7,349.0,0.3,0,105.14,333.67,93.8,20.0,93.8,20.0,,,,True,N,1
823131,2026-06-01,SEA,NYM,pitch,fc284858-2032-30c6-92c4-c15ba02dcb93,7,46,14,1,621550,R,Patrick Wisdom,548384,L,Brooks Raley,SEA,NYM,136,121,Strikeout,"Luis Torrens challenged (pitch result), call on the field was overturned: Patrick Wisdom called out on strikes.",Strikeout,,0,0,0,0,S,Strike,swinging_strike,True,S,ST,Sweeper,Swinging Strike,81.5,74.7,3.29,1.66,5.67,0.46,13,2903,19.4,5.4,-36.1,-1.0946,1.921,1.62,0.45,-3.01,1.62,1.62,0.44,False,False,False,False,False,-1.0946,1.921,1,10,2,3,1,196,76.9,,,,,,,,,,,,,False,N,1
823131,2026-06-01,SEA,NYM,pitch,74543ccd-14dd-3df9-8b90-9f831aa111b2,7,46,14,1,621550,R,Patrick Wisdom,548384,L,Brooks Raley,SEA,NYM,136,121,Strikeout,"Luis Torrens challenged (pitch result), call on the field was overturned: Patrick Wisdom called out on strikes.",Strikeout,,1,0,1,0,S,Strike,called_strike,False,C,FC,Cutter,Called Strike,86.7,80.7,3.29,1.66,5.81,0.43,1,2765,3.5,8.0,-28.0,-0.647,3.2363,0.29,0.67,-2.33,0.29,0.29,0.4,True,True,False,False,False,-0.647,3.2363,2,11,4,3,1,197,,,,,,,,,,,,,,False,N,1
823131,2026-06-01,SEA,NYM,pitch,672f76b3-8a1e-3fdc-806e-9c4871b9b340,7,46,14,1,621550,R,Patrick Wisdom,548384,L,Brooks Raley,SEA,NYM,136,121,Strikeout,"Luis Torrens challenged (pitch result), call on the field was overturned: Patrick Wisdom called out on strikes.",Strikeout,,2,0,2,0,B,Ball,ball,False,B,ST,Sweeper,Ball,82.5,76.1,3.29,1.66,5.58,0.46,13,3043,19.1,7.0,-33.4,-0.9616,1.1295,1.59,0.58,-2.78,1.59,1.59,0.43,False,False,False,False,False,-0.9616,1.1295,3,12,3,3,1,198,,,,,,,,,,,,,,False,N,1
823131,2026-06-01,SEA,NYM,pitch,03ddf066-f146-3e28-bf25-ee9c9411b6f8,7,46,14,1,621550,R,Patrick Wisdom,548384,L,Brooks Raley,SEA,NYM,136,121,Strikeout,"Luis Torrens challenged (pitch result), call on the field was overturned: Patrick Wisdom called out on strikes.",Strikeout,,2,1,2,1,S,Strike,foul,False,F,FC,Cutter,Foul,85.9,79.6,3.29,1.66,5.76,0.44,3,2695,3.5,8.4,-28.3,0.2769,3.248,0.29,0.7,-2.36,0.29,0.29,0.41,True,True,False,False,False,0.2769,3.248,4,13,5,3,1,199,74.1,,,,,,,,,,,,,False,N,1
823131,2026-06-01,SEA,NYM,pitch,29fd8cda-8bbb-33b4-a305-3a0ea0e9bbdc,7,46,14,1,621550,R,Patrick Wisdom,548384,L,Brooks Raley,SEA,NYM,136,121,Strikeout,"Luis Torrens challenged (pitch result), call on the field was overturned: Patrick Wisdom called out on strikes.",Strikeout,,2,1,2,1,S,Strike,called_strike,False,C,CH,Changeup,Called Strike,85.9,79.0,3.29,1.66,5.54,0.44,8,1971,17.6,2.5,-34.7,0.0794,1.5779,-1.47,0.21,-2.89,17.6,-1.47,0.41,True,True,False,False,True,0.0794,1.5779,5,14,3,3,1,200,,,,,,,,,,,,,,True,N,1
823131,2026-06-01,SEA,NYM,pitch,b916964b-49b5-3225-9895-5c263bef99a6,7,47,33,2,702284,L,Cole Young,548384,L,Brooks Raley,SEA,NYM,136,121,Single,Cole Young singles on a line drive to right fielder Carson Benge.,Single,,0,0,0,0,B,Ball,ball,False,B,SI,Sinker,Ball,91.2,84.1,3.13,1.58,5.79,0.41,13,2480,15.2,2.9,-30.0,-0.6681,0.6662,-1.27,0.24,-2.5,15.2,-1.27,0.39,False,False,False,False,False,-0.6681,0.6662,1,15,4,4,1,201,,,,,,,,,,,,,,False,N,1
823131,2026-06-01,SEA,NYM,pitch,93d67f83-14f1-3095-9209-ffbe8a998d2c,7,47,33,2,702284,L,Cole Young,548384,L,Brooks Raley,SEA,NYM,136,121,Single,Cole Young singles on a line drive to right fielder Carson Benge.,Single,,0,1,0,1,B,Ball,ball,False,B,SI,Sinker,Ball,91.4,83.3,3.13,1.58,5.8,0.41,13,2406,16.4,4.8,-28.4,-0.7612,1.3538,-1.37,0.4,-2.37,16.4,-1.37,0.39,False,False,False,False,False,-0.7612,1.3538,2,16,5,4,1,202,,,,,,,,,,,,,,False,N,1
823131,2026-06-01,SEA,NYM,pitch,32c41f40-4502-333e-b979-21f4ae00af29,7,47,33,2,702284,L,Cole Young,548384,L,Brooks Raley,SEA,NYM,136,121,Single,Cole Young singles on a line drive to right fielder Carson Benge.,Single,,0,2,0,2,S,Strike,called_strike,False,C,FC,Cutter,Called Strike,87.7,80.7,3.13,1.58,5.81,0.43,14,2519,2.6,6.2,-29.3,0.3709,1.4514,0.22,0.52,-2.44,0.22,0.22,0.4,False,False,False,False,False,0.3709,1.4514,3,17,6,4,1,203,,,,,,,,,,,,,,False,N,1
823131,2026-06-01,SEA,NYM,pitch,c4b8c2bb-516a-3606-89a5-24faea75d310,7,47,33,2,702284,L,Cole Young,548384,L,Brooks Raley,SEA,NYM,136,121,Single,Cole Young singles on a line drive to right fielder Carson Benge.,Single,,1,2,1,2,S,Strike,swinging_strike,True,S,FC,Cutter,Swinging Strike,87.1,80.5,3.13,1.58,5.77,0.43,13,2677,7.0,4.8,-31.2,-0.9644,1.7591,0.58,0.4,-2.6,0.58,0.58,0.41,False,False,False,False,False,-0.9644,1.7591,4,18,7,4,1,204,74.9,,,,,,,,,,,,,False,N,1
823131,2026-06-01,SEA,NYM,pitch,d1940149-6313-35e1-ae6a-643d8dba0b64,7,47,33,2,702284,L,Cole Young,548384,L,Brooks Raley,SEA,NYM,136,121,Single,Cole Young singles on a line drive to right fielder Carson Benge.,Single,"{""homeRunBallparks"": 0}",2,2,2,2,X,In Play,hit_into_play,False,D,ST,Sweeper,"In play, no out",81.4,74.3,3.13,1.58,5.69,0.47,13,2969,19.0,2.3,-39.6,-1.4839,1.9288,1.58,0.19,-3.3,1.58,1.58,0.44,False,False,False,False,False,-1.4839,1.9288,5,19,4,4,1,205,67.0,216.0,0.99,0,97.09,227.56,70.5,23.0,70.5,23.0,,,,True,N,1
823131,2026-06-01,SEA,NYM,pitch,c5c3f31e-3fe7-3a76-94ba-2bf55bac98aa,7,48,0,2,686527,L,Dominic Canzone,596133,R,Luke Weaver,SEA,NYM,136,121,Flyout,Dominic Canzone flies out to left fielder Juan Soto in foul territory.,Flyout,,0,0,0,0,B,Ball,ball,False,B,CH,Changeup,Ball,86.8,79.9,3.21,1.62,5.88,0.43,11,1918,14.5,4.1,-32.0,-1.4898,3.3379,1.21,0.34,-2.67,1.21,1.21,0.41,False,False,False,True,False,-1.4898,3.3379,1,1,1,1,1,206,,,,,,,,,,,,,,False,N,1
823131,2026-06-01,SEA,NYM,pitch,bb7a3893-0a9d-3a4e-adb1-131134e06551,7,48,0,2,686527,L,Dominic Canzone,596133,R,Luke Weaver,SEA,NYM,136,121,Flyout,Dominic Canzone flies out to left fielder Juan Soto in foul territory.,Flyout,,0,1,0,1,S,Strike,swinging_strike,True,S,CH,Changeup,Swinging Strike,87.8,81.0,3.21,1.62,6.09,0.43,4,1823,15.4,4.8,-30.5,-0.5826,2.1237,1.28,0.4,-2.54,1.28,1.28,0.4,True,True,False,True,False,-0.5826,2.1237,2,2,2,1,1,207,82.4,,,,,,,,,,,,,False,N,1
823131,2026-06-01,SEA,NYM,pitch,6ea4b15f-0ea7-3967-8a00-bbea7f25d639,7,48,0,2,686527,L,Dominic Canzone,596133,R,Luke Weaver,SEA,NYM,136,121,Flyout,Dominic Canzone flies out to left fielder Juan Soto in foul territory.,Flyout,,1,1,1,1,S,Strike,foul,False,F,CH,Changeup,Foul,88.4,81.6,3.21,1.62,6.08,0.42,11,1949,14.0,7.1,-27.6,-1.1885,2.8391,1.17,0.59,-2.3,1.17,1.17,0.4,False,False,False,True,False,-1.1885,2.8391,3,3,3,1,1,208,73.3,,,,,,,,,,,,,False,N,1
823131,2026-06-01,SEA,NYM,pitch,1937b6d3-f516-36a6-84af-87c48718d8c0,7,48,0,2,686527,L,Dominic Canzone,596133,R,Luke Weaver,SEA,NYM,136,121,Flyout,Dominic Canzone flies out to left fielder Juan Soto in foul territory.,Flyout,,2,1,2,1,B,Ball,ball,False,B,FF,4-Seam Fastball,Ball,96.1,88.1,3.21,1.62,6.0,0.39,11,2443,8.5,16.6,-13.0,-1.6883,3.0738,0.71,1.38,-1.08,0.71,0.71,0.37,False,False,False,True,False,-1.6883,3.0738,4,4,1,1,1,209,,,,,,,,,,,,,,False,N,1
823131,2026-06-01,SEA,NYM,pitch,3895c905-cd04-3b68-a741-5a8f36da44ef,7,48,0,2,686527,L,Dominic Canzone,596133,R,Luke Weaver,SEA,NYM,136,121,Flyout,Dominic Canzone flies out to left fielder Juan Soto in foul territory.,Flyout,"{""homeRunBallparks"": 0}",2,2,2,2,X,In Play,hit_into_play,False,X,FF,4-Seam Fastball,"In play, out(s)",96.0,87.7,3.21,1.62,6.01,0.39,1,2383,7.3,19.7,-10.0,-0.5241,2.8107,0.61,1.64,-0.83,0.61,0.61,0.37,True,True,False,True,False,-0.5241,2.8107,5,5,2,1,1,210,67.7,276.0,0.0,0,-189.55,171.33,87.7,46.0,87.7,46.0,,,,True,N,1
823131,2026-06-01,SEA,NYM,pitch,2daaffea-69a8-332c-9d23-ade8bf771247,8,49,11,0,669004,L,MJ Melendez,666374,R,Matt Brash,NYM,SEA,121,136,Hit By Pitch,MJ Melendez hit by pitch.,Hit By Pitch,,0,0,0,0,S,Strike,foul,False,F,SL,Slider,Foul,88.3,82.5,3.23,1.63,6.3,0.42,5,2924,8.5,2.6,-31.9,-0.2338,2.1465,-0.71,0.22,-2.66,8.5,-0.71,0.4,True,True,False,False,False,-0.2338,2.1465,1,1,1,1,1,211,73.6,,,,,,,,,,,,,False,N,1
823131,2026-06-01,SEA,NYM,pitch,4fc4fc89-70c3-3903-b07a-74130fef3c22,8,49,11,0,669004,L,MJ Melendez,666374,R,Matt Brash,NYM,SEA,121,136,Hit By Pitch,MJ Melendez hit by pitch.,Hit By Pitch,,1,0,1,0,S,Strike,swinging_strike,True,S,SL,Slider,Swinging Strike,87.0,80.2,3.23,1.63,6.6,0.43,13,2929,15.2,-2.3,-38.4,-0.2026,1.3258,-1.27,-0.19,-3.2,15.2,-1.27,0.41,False,False,False,False,False,-0.2026,1.3258,2,2,2,1,1,212,75.4,,,,,,,,,,,,,False,N,1
823131,2026-06-01,SEA,NYM,pitch,4de35e45-780d-3041-b0c1-98464e78f352,8,49,11,0,669004,L,MJ Melendez,666374,R,Matt Brash,NYM,SEA,121,136,Hit By Pitch,MJ Melendez hit by pitch.,Hit By Pitch,,2,0,2,0,B,Ball,ball,False,B,SL,Slider,Ball,85.4,78.6,3.23,1.63,6.58,0.44,13,3061,19.0,-4.6,-42.2,-0.0672,0.0197,-1.58,-0.38,-3.52,19.0,-1.58,0.42,False,False,False,False,False,-0.0672,0.0197,3,3,3,1,1,213,,,,,,,,,,,,,,False,N,1
823131,2026-06-01,SEA,NYM,pitch,ecec41d3-6be0-3616-89e2-81d580400170,8,49,11,0,669004,L,MJ Melendez,666374,R,Matt Brash,NYM,SEA,121,136,Hit By Pitch,MJ Melendez hit by pitch.,Hit By Pitch,,2,1,2,1,B,Ball,ball,False,B,FF,4-Seam Fastball,Ball,95.8,87.8,3.23,1.63,6.43,0.39,11,2190,11.8,13.0,-16.7,-1.4668,3.0077,0.98,1.08,-1.39,0.98,0.98,0.37,False,False,False,False,False,-1.4668,3.0077,4,4,1,1,1,214,,,,,,,,,,,,,,False,N,1
823131,2026-06-01,SEA,NYM,pitch,d9ebc1b0-17af-36f5-b21f-14be35a522e4,8,49,11,0,669004,L,MJ Melendez,666374,R,Matt Brash,NYM,SEA,121,136,Hit By Pitch,MJ Melendez hit by pitch.,Hit By Pitch,,2,2,2,2,X,In Play,hit_by_pitch,False,H,SL,Slider,Hit By Pitch,86.9,80.6,3.23,1.63,6.49,0.43,14,2925,11.0,-1.4,-37.6,1.6255,1.8909,-0.92,-0.12,-3.13,11.0,-0.92,0.41,False,False,False,False,False,1.6255,1.8909,5,5,4,1,1,215,,,,,,,,,,,,,,True,N,1
823131,2026-06-01,SEA,NYM,pitch,cd35caec-a355-3429-a628-bfb2df2b925d,8,50,25,2,683146,L,Brett Baty,666374,R,Matt Brash,NYM,SEA,121,136,Double Play,"Brett Baty grounds into a double play, second baseman Cole Young to first baseman Patrick Wisdom. MJ Melendez out at 2nd.",Double Play,,0,0,0,0,S,Strike,called_strike,False,C,CH,Changeup,Called Strike,92.1,85.0,3.33,1.68,6.35,0.41,1,1948,7.8,5.0,-26.9,-0.6699,3.0666,0.65,0.42,-2.24,0.65,0.65,0.38,True,True,False,True,False,-0.6699,3.0666,1,6,1,2,1,216,,,,,,,,,,,True,,,False,N,1
823131,2026-06-01,SEA,NYM,pitch,337bfa1d-3b70-3974-b12f-e201f402a56a,8,50,25,2,683146,L,Brett Baty,666374,R,Matt Brash,NYM,SEA,121,136,Double Play,"Brett Baty grounds into a double play, second baseman Cole Young to first baseman Patrick Wisdom. MJ Melendez out at 2nd.",Double Play,,1,0,1,0,S,Strike,swinging_strike,True,S,CH,Changeup,Swinging Strike,90.8,84.4,3.33,1.68,6.43,0.41,7,1635,5.6,1.6,-31.2,-0.3999,1.716,0.47,0.13,-2.6,0.47,0.47,0.39,True,True,False,True,False,-0.3999,1.716,2,7,2,2,1,217,74.4,,,,,,,,,,True,,,False,N,1
823131,2026-06-01,SEA,NYM,pitch,187c8782-080d-35cd-ba45-43a8c1fab20e,8,50,25,2,683146,L,Brett Baty,666374,R,Matt Brash,NYM,SEA,121,136,Double Play,"Brett Baty grounds into a double play, second baseman Cole Young to first baseman Patrick Wisdom. MJ Melendez out at 2nd.",Double Play,"{""homeRunBallparks"": 0}",2,0,2,0,X,In Play,hit_into_play,False,X,SL,Slider,"In play, out(s)",85.2,78.1,3.33,1.68,6.45,0.44,13,3040,17.9,-4.1,-41.9,-0.7213,1.5222,-1.49,-0.34,-3.49,17.9,-1.49,0.42,False,False,False,True,False,-0.7213,1.5222,3,8,5,2,1,218,69.5,3.0,0.13,0,40.33,112.25,55.7,-42.0,55.7,-42.0,True,,,True,N,1
823131,2026-06-01,SEA,NYM,pitch,3248ece2-715b-3064-a734-4c310ab91538,8,51,14,2,543760,R,Marcus Semien,666374,R,Matt Brash,NYM,SEA,121,136,Strikeout,Marcus Semien strikes out swinging.,Strikeout,,0,0,0,0,S,Strike,called_strike,False,C,SL,Slider,Called Strike,87.8,79.9,3.21,1.62,6.49,0.43,2,2858,14.5,-3.5,-39.2,-0.0144,2.7389,-1.21,-0.29,-3.27,14.5,-1.21,0.4,True,True,False,False,False,-0.0144,2.7389,1,9,6,3,1,219,,,,,,,,,,,,,,False,N,1
823131,2026-06-01,SEA,NYM,pitch,bbffb093-18ca-3803-99f4-e9faca7ebf1b,8,51,14,2,543760,R,Marcus Semien,666374,R,Matt Brash,NYM,SEA,121,136,Strikeout,Marcus Semien strikes out swinging.,Strikeout,,1,0,1,0,S,Strike,foul,False,F,SL,Slider,Foul,87.8,80.3,3.21,1.62,6.44,0.43,5,2791,8.9,0.6,-34.9,-0.2688,2.1432,-0.74,0.05,-2.91,8.9,-0.74,0.4,True,True,False,False,False,-0.2688,2.1432,2,10,7,3,1,220,69.8,,,,,,,,,,,,,False,N,1
823131,2026-06-01,SEA,NYM,pitch,7f56d5ed-5853-32f5-a962-2c9a4992d9cc,8,51,14,2,543760,R,Marcus Semien,666374,R,Matt Brash,NYM,SEA,121,136,Strikeout,Marcus Semien strikes out swinging.,Strikeout,,2,0,2,0,B,Ball,ball,False,B,SL,Slider,Ball,86.7,80.4,3.21,1.62,6.65,0.43,14,2882,13.4,-0.5,-36.8,2.4051,1.0695,-1.12,-0.04,-3.07,13.4,-1.12,0.41,False,False,False,False,False,2.4051,1.0695,3,11,8,3,1,221,,,,,,,,,,,,,,False,N,1
823131,2026-06-01,SEA,NYM,pitch,800f0276-e325-3bf4-8487-c1c7f148b07f,8,51,14,2,543760,R,Marcus Semien,666374,R,Matt Brash,NYM,SEA,121,136,Strikeout,Marcus Semien strikes out swinging.,Strikeout,,2,1,2,1,S,Strike,swinging_strike,True,S,SL,Slider,Swinging Strike,87.3,79.7,3.21,1.62,6.52,0.43,14,2821,13.2,1.0,-35.3,0.9089,1.8504,-1.1,0.08,-2.94,13.2,-1.1,0.41,False,False,False,False,False,0.9089,1.8504,4,12,9,3,1,222,40.0,,,,,,,,,,,,,True,N,1
823131,2026-06-01,SEA,NYM,pitch,dd410a06-fb85-3baf-8648-cca95c7c6074,8,52,0,1,641598,R,Mitch Garver,596133,R,Luke Weaver,SEA,NYM,136,121,Flyout,Mitch Garver flies out to left fielder Juan Soto.,Flyout,"{""homeRunBallparks"": 0}",0,0,0,0,X,In Play,hit_into_play,False,X,FF,4-Seam Fastball,"In play, out(s)",95.6,87.8,3.25,1.64,6.09,0.39,3,2537,6.4,21.0,-8.8,0.4457,2.7574,0.53,1.75,-0.73,0.53,0.53,0.37,True,True,False,True,False,0.4457,2.7574,1,6,3,2,1,223,72.7,313.0,0.02,0,-177.11,256.92,84.4,32.0,84.4,32.0,,,,True,N,1
823131,2026-06-01,SEA,NYM,pitch,97a728c2-a83c-334d-b4d6-f20a24a726d9,8,53,14,1,806068,L,Colt Emerson,596133,R,Luke Weaver,SEA,NYM,136,121,Strikeout,Colt Emerson strikes out swinging.,Strikeout,,0,0,0,0,S,Strike,swinging_strike,True,S,CH,Changeup,Swinging Strike,88.2,81.1,3.21,1.62,6.07,0.43,13,1877,15.6,3.5,-31.6,-1.2311,1.6376,1.3,0.29,-2.63,1.3,1.3,0.4,False,False,False,False,False,-1.2311,1.6376,1,7,4,3,1,224,69.2,,,,,,,,,,,,,False,N,1
823131,2026-06-01,SEA,NYM,pitch,e3e450d4-4bf5-317f-be3b-a336c5feeebd,8,53,14,1,806068,L,Colt Emerson,596133,R,Luke Weaver,SEA,NYM,136,121,Strikeout,Colt Emerson strikes out swinging.,Strikeout,,1,0,1,0,B,Ball,ball,False,B,FF,4-Seam Fastball,Ball,96.0,87.3,3.21,1.62,6.03,0.39,13,2540,6.7,20.6,-9.2,-1.3757,1.9005,0.56,1.72,-0.77,0.56,0.56,0.37,False,False,False,False,False,-1.3757,1.9005,2,8,4,3,1,225,,,,,,,,,,,,,,False,N,1
823131,2026-06-01,SEA,NYM,pitch,5330ba0a-cc1b-33b5-8fd6-f5c93a493dc0,8,53,14,1,806068,L,Colt Emerson,596133,R,Luke Weaver,SEA,NYM,136,121,Strikeout,Colt Emerson strikes out swinging.,Strikeout,,1,1,1,1,S,Strike,swinging_strike,True,S,CH,Changeup,Swinging Strike,87.4,80.6,3.21,1.62,6.07,0.43,7,1929,14.8,2.4,-33.1,-0.6097,2.0541,1.23,0.2,-2.76,1.23,1.23,0.4,True,True,False,False,False,-0.6097,2.0541,3,9,5,3,1,226,72.8,,,,,,,,,,,,,False,N,1
823131,2026-06-01,SEA,NYM,pitch,fb8a079e-a071-3c06-9a0b-d7f558613853,8,53,14,1,806068,L,Colt Emerson,596133,R,Luke Weaver,SEA,NYM,136,121,Strikeout,Colt Emerson strikes out swinging.,Strikeout,,2,1,2,1,B,Ball,ball,False,B,FF,4-Seam Fastball,Ball,96.6,87.6,3.21,1.62,5.96,0.39,11,2563,8.3,20.4,-9.0,-1.7552,2.5863,0.69,1.7,-0.75,0.69,0.69,0.37,False,False,False,False,False,-1.7552,2.5863,4,10,5,3,1,227,,,,,,,,,,,,,,False,N,1
823131,2026-06-01,SEA,NYM,pitch,b668dfc3-838a-3f85-b030-4b14a439ca01,8,53,14,1,806068,L,Colt Emerson,596133,R,Luke Weaver,SEA,NYM,136,121,Strikeout,Colt Emerson strikes out swinging.,Strikeout,,2,2,2,2,S,Strike,swinging_strike,True,S,FF,4-Seam Fastball,Swinging Strike,95.7,86.9,3.21,1.62,6.0,0.39,4,2515,7.6,21.1,-9.0,-0.4088,2.1562,0.63,1.76,-0.75,0.63,0.63,0.37,True,True,False,False,False,-0.4088,2.1562,5,11,6,3,1,228,72.0,,,,,,,,,,,,,True,N,1
823131,2026-06-01,SEA,NYM,pitch,428a0454-cb10-3f99-a896-b1860c72afcb,8,54,0,2,641487,L,J.P. Crawford,596133,R,Luke Weaver,SEA,NYM,136,121,Lineout,J.P. Crawford lines out to center fielder A.J. Ewing.,Lineout,,0,0,0,0,B,Ball,ball,False,B,CH,Changeup,Ball,89.2,81.8,3.22,1.62,6.01,0.42,13,1990,16.3,6.4,-28.0,-1.0006,2.21,1.36,0.53,-2.33,1.36,1.36,0.4,False,False,False,True,False,-1.0006,2.21,1,12,6,4,1,229,,,,,,,,,,,,,,False,N,1
823131,2026-06-01,SEA,NYM,pitch,0c36eb0b-1fed-39fb-a15e-d70b35697fd7,8,54,0,2,641487,L,J.P. Crawford,596133,R,Luke Weaver,SEA,NYM,136,121,Lineout,J.P. Crawford lines out to center fielder A.J. Ewing.,Lineout,,0,1,0,1,S,Strike,foul,False,F,CH,Changeup,Foul,88.5,81.3,3.22,1.62,6.1,0.43,13,1873,14.6,3.6,-31.3,-0.4728,1.3297,1.22,0.3,-2.61,1.22,1.22,0.4,False,False,False,True,False,-0.4728,1.3297,2,13,7,4,1,230,75.5,,,,,,,,,,,,,False,N,1
823131,2026-06-01,SEA,NYM,pitch,68f59613-649a-385b-8dff-3a8201e103ce,8,54,0,2,641487,L,J.P. Crawford,596133,R,Luke Weaver,SEA,NYM,136,121,Lineout,J.P. Crawford lines out to center fielder A.J. Ewing.,Lineout,,1,1,1,1,B,Ball,ball,False,B,CH,Changeup,Ball,88.8,81.5,3.22,1.62,6.15,0.42,13,2024,16.6,8.8,-25.9,-1.4217,1.5417,1.38,0.73,-2.16,1.38,1.38,0.4,False,False,False,True,False,-1.4217,1.5417,3,14,8,4,1,231,,,,,,,,,,,,,,False,N,1
823131,2026-06-01,SEA,NYM,pitch,3e79bfa0-fdcd-3be9-a9ca-99c87ac5925b,8,54,0,2,641487,L,J.P. Crawford,596133,R,Luke Weaver,SEA,NYM,136,121,Lineout,J.P. Crawford lines out to center fielder A.J. Ewing.,Lineout,"{""homeRunBallparks"": 0}",1,2,1,2,X,In Play,hit_into_play,False,X,FF,4-Seam Fastball,"In play, out(s)",95.0,86.5,3.22,1.62,6.03,0.4,7,2384,9.4,18.0,-12.5,-0.7028,1.9841,0.78,1.5,-1.04,0.78,0.78,0.37,True,True,False,True,False,-0.7028,1.9841,4,15,7,4,1,232,70.5,278.0,0.96,0,-36.64,274.59,96.3,13.0,96.3,13.0,,,,True,N,1
823131,2026-06-01,SEA,NYM,pitch,586f7502-a333-36aa-843a-181015979495,9,55,0,1,620443,R,Luis Torrens,662253,R,Andrés Muñoz,NYM,SEA,121,136,Groundout,"Luis Torrens grounds out, second baseman Cole Young to first baseman Patrick Wisdom.",Groundout,,0,0,0,0,B,Ball,ball,False,B,SL,Slider,Ball,83.5,77.4,3.18,1.6,6.63,0.45,13,2301,4.8,2.2,-36.6,-1.1406,2.2178,-0.4,0.18,-3.05,4.8,-0.4,0.42,False,False,False,True,False,-1.1406,2.2178,1,1,1,1,1,233,,,,,,,,,,,,,,False,N,1
823131,2026-06-01,SEA,NYM,pitch,eb435df7-8499-385f-94ad-4b187538f01e,9,55,0,1,620443,R,Luis Torrens,662253,R,Andrés Muñoz,NYM,SEA,121,136,Groundout,"Luis Torrens grounds out, second baseman Cole Young to first baseman Patrick Wisdom.",Groundout,,0,1,0,1,S,Strike,called_strike,False,C,SL,Slider,Called Strike,85.6,79.1,3.18,1.6,6.62,0.44,5,2369,6.0,2.3,-34.8,-0.1888,2.154,-0.5,0.19,-2.9,6.0,-0.5,0.41,True,True,False,True,False,-0.1888,2.154,2,2,2,1,1,234,,,,,,,,,,,,,,False,N,1
823131,2026-06-01,SEA,NYM,pitch,34c86aeb-8eb7-3f4b-8ab9-0a5656a11e88,9,55,0,1,620443,R,Luis Torrens,662253,R,Andrés Muñoz,NYM,SEA,121,136,Groundout,"Luis Torrens grounds out, second baseman Cole Young to first baseman Patrick Wisdom.",Groundout,,1,1,1,1,B,Ball,ball,False,B,SI,Sinker,Ball,98.3,90.5,3.18,1.6,6.61,0.38,14,2251,17.0,7.7,-20.6,0.4954,1.0901,1.42,0.64,-1.72,1.42,1.42,0.36,False,False,False,True,False,0.4954,1.0901,3,3,1,1,1,235,,,,,,,,,,,,,,False,N,1
823131,2026-06-01,SEA,NYM,pitch,00364f9a-0828-3308-aab7-ef392d1c82c3,9,55,0,1,620443,R,Luis Torrens,662253,R,Andrés Muñoz,NYM,SEA,121,136,Groundout,"Luis Torrens grounds out, second baseman Cole Young to first baseman Patrick Wisdom.",Groundout,,1,2,1,2,B,Ball,ball,False,B,SL,Slider,Ball,85.6,80.1,3.18,1.6,6.79,0.44,14,2367,4.0,0.5,-36.5,0.5886,0.2764,-0.33,0.04,-3.04,4.0,-0.33,0.41,False,False,False,True,False,0.5886,0.2764,4,4,3,1,1,236,,,,,,,,,,,,,,False,N,1
823131,2026-06-01,SEA,NYM,pitch,9fbc7e56-9301-31e4-8d91-fee5c556b295,9,55,0,1,620443,R,Luis Torrens,662253,R,Andrés Muñoz,NYM,SEA,121,136,Groundout,"Luis Torrens grounds out, second baseman Cole Young to first baseman Patrick Wisdom.",Groundout,"{""homeRunBallparks"": 0}",1,3,1,3,X,In Play,hit_into_play,False,X,FF,4-Seam Fastball,"In play, out(s)",98.3,89.9,3.18,1.6,6.57,0.38,5,2285,12.1,10.7,-17.6,0.0184,2.2133,1.01,0.89,-1.47,1.01,1.01,0.36,True,True,False,True,False,0.0184,2.2133,5,5,1,1,1,237,73.3,10.0,0.24,0,40.18,112.68,107.5,-13.0,107.5,-13.0,,,,True,N,1
823131,2026-06-01,SEA,NYM,pitch,7150f9ab-5934-3ef9-b498-c15191c30ced,9,56,14,1,701807,L,Carson Benge,662253,R,Andrés Muñoz,NYM,SEA,121,136,Strikeout,Carson Benge strikes out swinging.,Strikeout,,0,0,0,0,S,Strike,called_strike,False,C,FF,4-Seam Fastball,Called Strike,99.5,90.7,3.26,1.64,6.54,0.38,9,2195,9.0,13.9,-13.8,0.3701,1.9952,0.75,1.16,-1.15,0.75,0.75,0.36,True,True,False,False,False,0.3701,1.9952,1,6,2,2,1,238,,,,,,,,,,,,,,False,N,1
823131,2026-06-01,SEA,NYM,pitch,fb7fcf67-ee9b-34fe-9232-f8ee4dc8f587,9,56,14,1,701807,L,Carson Benge,662253,R,Andrés Muñoz,NYM,SEA,121,136,Strikeout,Carson Benge strikes out swinging.,Strikeout,,1,0,1,0,B,Ball,ball,False,B,CH,Changeup,Ball,91.9,84.1,3.26,1.64,6.64,0.41,14,1625,13.9,-1.8,-34.4,0.0184,0.5061,1.16,-0.15,-2.87,1.16,1.16,0.39,False,False,False,False,False,0.0184,0.5061,2,7,1,2,1,239,,,,,,,,,,,,,,False,N,1
823131,2026-06-01,SEA,NYM,pitch,b97279de-5d34-39d1-a2ec-04408d1bb964,9,56,14,1,701807,L,Carson Benge,662253,R,Andrés Muñoz,NYM,SEA,121,136,Strikeout,Carson Benge strikes out swinging.,Strikeout,,1,1,1,1,S,Strike,swinging_strike,True,S,SL,Slider,Swinging Strike,86.4,80.2,3.26,1.64,6.75,0.43,14,2379,5.0,-0.2,-36.7,0.6214,1.0025,-0.42,-0.02,-3.06,5.0,-0.42,0.41,False,False,True,False,False,0.6214,1.0025,3,8,4,2,1,240,49.6,,,,,,,,,,,,,False,N,1
823131,2026-06-01,SEA,NYM,pitch,14ed9215-0fcc-3d52-ab5d-990e4fd7756d,9,56,14,1,701807,L,Carson Benge,662253,R,Andrés Muñoz,NYM,SEA,121,136,Strikeout,Carson Benge strikes out swinging.,Strikeout,,2,1,2,1,S,Strike,swinging_strike,True,S,SL,Slider,Swinging Strike,87.2,80.3,3.26,1.64,6.75,0.43,14,2368,6.1,-1.6,-37.7,1.2059,1.5442,-0.51,-0.13,-3.14,6.1,-0.51,0.41,False,False,False,False,False,1.2059,1.5442,4,9,5,2,1,241,68.1,,,,,,,,,,,,,True,N,1
823131,2026-06-01,SEA,NYM,pitch,05c8b1c5-613d-3130-b8ec-49317e0c5000,9,57,0,2,666182,R,Bo Bichette,662253,R,Andrés Muñoz,NYM,SEA,121,136,Groundout,"Bo Bichette grounds out, shortstop J.P. Crawford to first baseman Patrick Wisdom.",Groundout,,0,0,0,0,S,Strike,swinging_strike,True,S,SL,Slider,Swinging Strike,88.4,81.6,3.16,1.6,6.79,0.42,8,2332,4.7,0.2,-34.7,0.2549,1.9588,-0.39,0.02,-2.89,4.7,-0.39,0.4,True,True,False,True,False,0.2549,1.9588,1,10,6,3,1,242,76.0,,,,,,,,,,,,,False,N,1
823131,2026-06-01,SEA,NYM,pitch,c103e2f1-bf2e-39fe-aa95-d4984f7078f7,9,57,0,2,666182,R,Bo Bichette,662253,R,Andrés Muñoz,NYM,SEA,121,136,Groundout,"Bo Bichette grounds out, shortstop J.P. Crawford to first baseman Patrick Wisdom.",Groundout,,1,0,1,0,B,Ball,ball,False,B,SI,Sinker,Ball,98.9,89.8,3.16,1.6,6.61,0.38,13,2149,18.1,5.9,-22.4,-0.2098,0.9738,1.51,0.49,-1.87,1.51,1.51,0.36,False,False,False,True,False,-0.2098,0.9738,2,11,2,3,1,243,,,,,,,,,,,,,,False,N,1
823131,2026-06-01,SEA,NYM,pitch,3649e327-b9d5-3142-9911-e8cea0c2f2be,9,57,0,2,666182,R,Bo Bichette,662253,R,Andrés Muñoz,NYM,SEA,121,136,Groundout,"Bo Bichette grounds out, shortstop J.P. Crawford to first baseman Patrick Wisdom.",Groundout,"{""homeRunBallparks"": 0}",1,1,1,1,X,In Play,hit_into_play,False,X,SI,Sinker,"In play, out(s)",97.4,89.0,3.16,1.6,6.63,0.39,11,2030,14.6,6.0,-22.9,-0.8682,2.4088,1.22,0.5,-1.91,1.22,1.22,0.36,False,False,False,True,False,-0.8682,2.4088,3,12,3,3,1,244,64.3,5.0,0.05,0,-30.83,157.59,90.1,-28.0,90.1,-28.0,,,,True,N,1
823131,2026-06-01,SEA,NYM,pitch,ae7cf441-d15c-3659-b8c3-24d82cd1dbd7,9,58,14,1,677594,R,Julio Rodríguez,642207,R,Devin Williams,SEA,NYM,136,121,Strikeout,Julio Rodríguez strikes out swinging.,Strikeout,,0,0,0,0,S,Strike,swinging_strike,True,S,CH,Changeup,Swinging Strike,82.8,75.7,3.38,1.7,6.91,0.46,8,2687,20.9,-1.0,-41.2,0.0492,1.9127,1.74,-0.08,-3.43,1.74,1.74,0.43,True,True,False,False,False,0.0492,1.9127,1,1,1,1,1,245,83.7,,,,,,,,,,,,,False,N,1
823131,2026-06-01,SEA,NYM,pitch,60240772-add4-3121-8aef-01dfbdd0e855,9,58,14,1,677594,R,Julio Rodríguez,642207,R,Devin Williams,SEA,NYM,136,121,Strikeout,Julio Rodríguez strikes out swinging.,Strikeout,,1,0,1,0,S,Strike,called_strike,False,C,CH,Changeup,Called Strike,82.6,75.4,3.38,1.7,6.88,0.46,6,2658,20.9,-3.7,-44.2,0.5066,2.274,1.74,-0.31,-3.68,1.74,1.74,0.43,True,True,False,False,False,0.5066,2.274,2,2,2,1,1,246,,,,,,,,,,,,,,False,N,1
823131,2026-06-01,SEA,NYM,pitch,3b4f1c49-e88c-360f-903c-4664c14f3997,9,58,14,1,677594,R,Julio Rodríguez,642207,R,Devin Williams,SEA,NYM,136,121,Strikeout,Julio Rodríguez strikes out swinging.,Strikeout,,2,0,2,0,S,Strike,foul,False,F,CH,Changeup,Foul,82.5,75.1,3.38,1.7,7.05,0.46,14,2687,22.6,-3.6,-44.4,0.017,1.2402,1.88,-0.3,-3.7,1.88,1.88,0.43,False,False,False,False,False,0.017,1.2402,3,3,3,1,1,247,70.3,,,,,,,,,,,,,False,N,1
823131,2026-06-01,SEA,NYM,pitch,4d33f373-e144-3f5f-bddf-db38c438d82b,9,58,14,1,677594,R,Julio Rodríguez,642207,R,Devin Williams,SEA,NYM,136,121,Strikeout,Julio Rodríguez strikes out swinging.,Strikeout,,2,0,2,0,S,Strike,foul,False,F,FF,4-Seam Fastball,Foul,92.9,84.7,3.38,1.7,7.22,0.41,2,2379,11.4,17.5,-14.3,0.2582,2.9432,0.95,1.46,-1.19,0.95,0.95,0.38,True,True,False,False,False,0.2582,2.9432,4,4,1,1,1,248,77.8,,,,,,,,,,,,,False,N,1
823131,2026-06-01,SEA,NYM,pitch,97d09a5b-09fd-3232-8a47-b3d5e119f5be,9,58,14,1,677594,R,Julio Rodríguez,642207,R,Devin Williams,SEA,NYM,136,121,Strikeout,Julio Rodríguez strikes out swinging.,Strikeout,,2,0,2,0,S,Strike,foul,False,F,CH,Changeup,Foul,83.6,75.4,3.38,1.7,7.08,0.45,8,2510,20.5,-1.9,-41.9,-0.2292,2.0297,1.71,-0.16,-3.49,1.71,1.71,0.43,True,True,False,False,False,-0.2292,2.0297,5,5,4,1,1,249,80.5,,,,,,,,,,,,,False,N,1
823131,2026-06-01,SEA,NYM,pitch,c4f9af84-a390-39bc-85e9-7a08e0893cb1,9,58,14,1,677594,R,Julio Rodríguez,642207,R,Devin Williams,SEA,NYM,136,121,Strikeout,Julio Rodríguez strikes out swinging.,Strikeout,,2,0,2,0,S,Strike,foul,False,F,CH,Changeup,Foul,83.4,75.4,3.38,1.7,7.08,0.46,9,2645,21.0,-0.2,-40.3,0.2993,1.8897,1.75,-0.02,-3.36,1.75,1.75,0.43,True,True,False,False,False,0.2993,1.8897,6,6,5,1,1,250,79.0,,,,,,,,,,,,,False,N,1
823131,2026-06-01,SEA,NYM,pitch,41f56053-acca-3b67-aecb-3c49c4fa74cf,9,58,14,1,677594,R,Julio Rodríguez,642207,R,Devin Williams,SEA,NYM,136,121,Strikeout,Julio Rodríguez strikes out swinging.,Strikeout,,2,0,2,0,B,Ball,ball,False,B,FF,4-Seam Fastball,Ball,93.8,84.9,3.38,1.7,7.2,0.4,12,2317,12.4,16.0,-15.5,0.9684,3.1953,1.03,1.33,-1.29,1.03,1.03,0.38,False,False,False,False,False,0.9684,3.1953,7,7,2,1,1,251,,,,,,,,,,,,,,False,N,1
823131,2026-06-01,SEA,NYM,pitch,1660e34b-9c6a-322e-b83f-0df06e98e457,9,58,14,1,677594,R,Julio Rodríguez,642207,R,Devin Williams,SEA,NYM,136,121,Strikeout,Julio Rodríguez strikes out swinging.,Strikeout,,2,1,2,1,S,Strike,swinging_strike,True,S,FF,4-Seam Fastball,Swinging Strike,94.1,85.5,3.38,1.7,7.2,0.4,3,2263,10.8,15.6,-15.5,0.8107,3.3945,0.9,1.3,-1.29,0.9,0.9,0.38,True,True,False,False,False,0.8107,3.3945,8,8,3,1,1,252,72.8,,,,,,,,,,,,,True,N,1
823131,2026-06-01,SEA,NYM,pitch,e0ee9010-6749-37e6-a379-198d5ab16f1e,9,59,0,1,645302,R,Victor Robles,642207,R,Devin Williams,SEA,NYM,136,121,Groundout,"Victor Robles grounds out, third baseman Brett Baty to first baseman Jared Young.",Groundout,,0,0,0,0,B,Ball,ball,False,B,CH,Changeup,Ball,84.3,76.9,3.2,1.61,7.0,0.45,13,2434,20.9,0.7,-38.2,-0.474,1.3152,1.74,0.06,-3.18,1.74,1.74,0.42,False,False,False,True,True,-0.474,1.3152,1,9,6,2,1,253,,,,,,,,,,,,,,False,N,1
823131,2026-06-01,SEA,NYM,pitch,a513a65d-7be4-3d10-81c6-1aad0bdc89ba,9,59,0,1,645302,R,Victor Robles,642207,R,Devin Williams,SEA,NYM,136,121,Groundout,"Victor Robles grounds out, third baseman Brett Baty to first baseman Jared Young.",Groundout,,0,1,0,1,B,Ball,ball,False,B,CH,Changeup,Ball,83.9,76.7,3.2,1.61,7.07,0.45,11,2567,19.8,-1.1,-40.0,-1.3054,2.8232,1.65,-0.09,-3.33,1.65,1.65,0.42,False,False,False,True,False,-1.3054,2.8232,2,10,7,2,1,254,,,,,,,,,,,,,,False,N,1
823131,2026-06-01,SEA,NYM,pitch,3662c67e-be16-3e21-b9df-08594ef3b763,9,59,0,1,645302,R,Victor Robles,642207,R,Devin Williams,SEA,NYM,136,121,Groundout,"Victor Robles grounds out, third baseman Brett Baty to first baseman Jared Young.",Groundout,,0,2,0,2,B,Ball,ball,False,B,FF,4-Seam Fastball,Ball,93.0,84.4,3.2,1.61,7.16,0.41,14,2359,10.3,17.5,-14.5,1.6775,2.3155,0.86,1.46,-1.21,0.86,0.86,0.38,False,False,False,True,False,1.6775,2.3155,3,11,4,2,1,255,,,,,,,,,,,,,,False,N,1
823131,2026-06-01,SEA,NYM,pitch,269fc8df-32ac-3b4f-bf77-c08e57e5bbd5,9,59,0,1,645302,R,Victor Robles,642207,R,Devin Williams,SEA,NYM,136,121,Groundout,"Victor Robles grounds out, third baseman Brett Baty to first baseman Jared Young.",Groundout,,0,3,0,3,S,Strike,called_strike,False,C,FF,4-Seam Fastball,Called Strike,92.7,84.3,3.2,1.61,7.07,0.41,2,2309,11.5,16.9,-15.0,-0.0889,2.9566,0.96,1.41,-1.25,0.96,0.96,0.38,True,True,False,True,False,-0.0889,2.9566,4,12,5,2,1,256,,,,,,,,,,,,,,False,N,1
823131,2026-06-01,SEA,NYM,pitch,4baf08f7-de95-3599-8dfb-ebef89db6c23,9,59,0,1,645302,R,Victor Robles,642207,R,Devin Williams,SEA,NYM,136,121,Groundout,"Victor Robles grounds out, third baseman Brett Baty to first baseman Jared Young.",Groundout,,1,3,1,3,S,Strike,swinging_strike,True,S,CH,Changeup,Swinging Strike,83.1,75.6,3.2,1.61,7.09,0.46,7,2579,20.5,0.6,-39.5,-0.4448,2.0076,1.71,0.05,-3.29,1.71,1.71,0.43,True,True,False,True,False,-0.4448,2.0076,5,13,8,2,1,257,73.6,,,,,,,,,,,,,False,N,1
823131,2026-06-01,SEA,NYM,pitch,fd51f379-3d7a-3378-a3e5-a3b94d9ab706,9,59,0,1,645302,R,Victor Robles,642207,R,Devin Williams,SEA,NYM,136,121,Groundout,"Victor Robles grounds out, third baseman Brett Baty to first baseman Jared Young.",Groundout,"{""homeRunBallparks"": 0}",2,3,2,3,X,In Play,hit_into_play,False,X,FF,4-Seam Fastball,"In play, out(s)",93.1,85.0,3.2,1.61,7.29,0.41,9,2315,13.3,13.9,-17.8,0.4191,1.9875,1.11,1.16,-1.48,1.11,1.11,0.38,True,True,False,True,False,0.4191,1.9875,6,14,6,2,1,258,67.3,6.0,0.05,0,-87.81,109.02,74.4,-28.0,74.4,-28.0,,,,True,N,1
823131,2026-06-01,SEA,NYM,pitch,cfcd3bb6-dd09-3e49-86d7-b815abfe86ea,9,60,14,2,668227,R,Randy Arozarena,642207,R,Devin Williams,SEA,NYM,136,121,Strikeout,Randy Arozarena strikes out swinging.,Strikeout,,0,0,0,0,B,Ball,ball,False,B,CH,Changeup,Ball,83.4,76.4,3.13,1.58,6.98,0.45,13,2492,18.4,-3.7,-43.3,-0.9623,1.8188,1.53,-0.31,-3.61,1.53,1.53,0.42,False,False,False,False,True,-0.9623,1.8188,1,15,9,3,1,259,,,,,,,,,,,,,,False,N,1
823131,2026-06-01,SEA,NYM,pitch,3ea53c25-70d5-37d6-964c-c333120e349e,9,60,14,2,668227,R,Randy Arozarena,642207,R,Devin Williams,SEA,NYM,136,121,Strikeout,Randy Arozarena strikes out swinging.,Strikeout,,0,1,0,1,S,Strike,swinging_strike,True,S,FF,4-Seam Fastball,Swinging Strike,93.2,84.9,3.13,1.58,7.17,0.4,12,2133,10.7,14.8,-16.9,0.3338,3.3232,0.89,1.23,-1.41,0.89,0.89,0.38,False,False,False,False,False,0.3338,3.3232,2,16,7,3,1,260,70.3,,,,,,,,,,,,,False,N,1
823131,2026-06-01,SEA,NYM,pitch,6b5a05c3-16af-3b3c-bbae-18b9b9f9d331,9,60,14,2,668227,R,Randy Arozarena,642207,R,Devin Williams,SEA,NYM,136,121,Strikeout,Randy Arozarena strikes out swinging.,Strikeout,,1,1,1,1,S,Strike,swinging_strike,True,S,CH,Changeup,Swinging Strike,85.1,77.8,3.13,1.58,7.23,0.44,9,2432,20.4,-1.1,-39.1,0.5716,1.7421,1.7,-0.09,-3.26,1.7,1.7,0.42,True,True,False,False,False,0.5716,1.7421,3,17,10,3,1,261,79.3,,,,,,,,,,,,,False,N,1
823131,2026-06-01,SEA,NYM,pitch,b0086680-bd49-3b71-a5ef-405aed7cdb67,9,60,14,2,668227,R,Randy Arozarena,642207,R,Devin Williams,SEA,NYM,136,121,Strikeout,Randy Arozarena strikes out swinging.,Strikeout,,2,1,2,1,S,Strike,swinging_strike,True,S,FF,4-Seam Fastball,Swinging Strike,92.9,84.9,3.13,1.58,7.28,0.41,2,2246,10.6,16.0,-15.8,0.2699,3.1781,0.88,1.33,-1.32,0.88,0.88,0.38,True,True,False,False,False,0.2699,3.1781,4,18,8,3,1,262,67.7,,,,,,,,,,,,,True,N,1
823131,2026-06-01,SEA,NYM,pitch,4428008c-6666-3953-8f5c-b4285d7cccd7,10,61,14,1,665742,L,Juan Soto,642100,L,Gabe Speier,NYM,SEA,121,136,Strikeout,Juan Soto strikes out swinging.,Strikeout,,0,0,0,0,S,Strike,called_strike,False,C,SI,Sinker,Called Strike,94.5,86.3,3.26,1.64,6.01,0.4,1,2155,17.0,8.0,-22.7,-0.6557,3.0319,-1.42,0.67,-1.89,17.0,-1.42,0.37,True,True,False,False,False,-0.6557,3.0319,1,1,1,1,1,263,,,,,,,,,,,,,,False,N,1
823131,2026-06-01,SEA,NYM,pitch,0fa1501e-65af-38f0-b90e-684d37c5afce,10,61,14,1,665742,L,Juan Soto,642100,L,Gabe Speier,NYM,SEA,121,136,Strikeout,Juan Soto strikes out swinging.,Strikeout,,1,0,1,0,B,Ball,ball,False,B,SL,Slider,Ball,88.6,81.8,3.26,1.64,6.03,0.42,13,2367,1.6,3.2,-31.6,-1.0931,1.399,0.13,0.27,-2.63,0.13,0.13,0.4,False,False,False,False,False,-1.0931,1.399,2,2,1,1,1,264,,,,,,,,,,,,,,False,N,1
823131,2026-06-01,SEA,NYM,pitch,def0787d-2d37-34a8-8842-a4e9760e15cb,10,61,14,1,665742,L,Juan Soto,642100,L,Gabe Speier,NYM,SEA,121,136,Strikeout,Juan Soto strikes out swinging.,Strikeout,,1,1,1,1,S,Strike,foul,False,F,SI,Sinker,Foul,96.6,87.7,3.26,1.64,6.01,0.39,3,2192,18.0,7.9,-21.6,0.2828,2.8408,-1.5,0.66,-1.8,18.0,-1.5,0.37,True,True,False,False,False,0.2828,2.8408,3,3,2,1,1,265,73.7,,,,,,,,,,,,,False,N,1
823131,2026-06-01,SEA,NYM,pitch,c2cb92db-3b13-30b7-a7b0-dfd8fd99bce9,10,61,14,1,665742,L,Juan Soto,642100,L,Gabe Speier,NYM,SEA,121,136,Strikeout,Juan Soto strikes out swinging.,Strikeout,,2,1,2,1,B,Ball,ball,False,B,SL,Slider,Ball,82.8,75.9,3.26,1.64,5.99,0.46,13,2118,13.3,1.9,-38.2,-1.2095,1.6841,1.11,0.16,-3.18,1.11,1.11,0.43,False,False,False,False,False,-1.2095,1.6841,4,4,2,1,1,266,,,,,,,,,,,,,,False,N,1
823131,2026-06-01,SEA,NYM,pitch,98fa2417-7fc2-36ea-bb34-2e09570020bb,10,61,14,1,665742,L,Juan Soto,642100,L,Gabe Speier,NYM,SEA,121,136,Strikeout,Juan Soto strikes out swinging.,Strikeout,,2,2,2,2,B,Ball,ball,False,B,SL,Slider,Ball,86.1,79.2,3.26,1.64,5.97,0.44,13,2330,5.3,0.1,-36.7,-0.9732,2.3768,0.44,0.01,-3.06,0.44,0.44,0.41,False,False,False,False,True,-0.9732,2.3768,5,5,3,1,1,267,21.1,,,,,,,,,,,,,False,N,1
823131,2026-06-01,SEA,NYM,pitch,0d5eb287-8f62-3e49-bbcb-427b98228265,10,61,14,1,665742,L,Juan Soto,642100,L,Gabe Speier,NYM,SEA,121,136,Strikeout,Juan Soto strikes out swinging.,Strikeout,,2,3,2,3,S,Strike,swinging_strike,True,S,FF,4-Seam Fastball,Swinging Strike,96.1,87.1,3.26,1.64,6.15,0.39,7,2341,10.0,17.3,-12.6,-0.3037,2.0337,-0.83,1.44,-1.05,10.0,-0.83,0.37,True,True,False,False,False,-0.3037,2.0337,6,6,1,1,1,268,67.9,,,,,,,,,,,,,True,N,1
823131,2026-06-01,SEA,NYM,pitch,68fbd74d-9645-35d2-b4ba-afe819d8f557,10,62,14,1,668901,R,Mark Vientos,642100,L,Gabe Speier,NYM,SEA,121,136,Strikeout,Mark Vientos strikes out swinging.,Strikeout,,0,0,0,0,B,Ball,ball,False,B,FF,4-Seam Fastball,Ball,96.1,87.1,3.34,1.69,6.07,0.39,11,2384,10.0,17.9,-12.0,-1.0989,2.8609,-0.83,1.49,-1.0,10.0,-0.83,0.37,False,False,False,False,False,-1.0989,2.8609,1,7,2,2,1,269,,,,,,,,,,,,,,False,N,1
823131,2026-06-01,SEA,NYM,pitch,4a2d3feb-93b8-3bbd-ae29-99b9a3873c33,10,62,14,1,668901,R,Mark Vientos,642100,L,Gabe Speier,NYM,SEA,121,136,Strikeout,Mark Vientos strikes out swinging.,Strikeout,,0,1,0,1,S,Strike,foul,False,F,SI,Sinker,Foul,96.3,87.7,3.34,1.69,6.02,0.39,9,2301,18.6,5.9,-23.8,0.7271,2.0213,-1.55,0.49,-1.98,18.6,-1.55,0.37,True,True,False,False,False,0.7271,2.0213,2,8,3,2,1,270,72.2,,,,,,,,,,,,,False,N,1
823131,2026-06-01,SEA,NYM,pitch,26325c4f-b3af-3a1c-adfa-971f8756004e,10,62,14,1,668901,R,Mark Vientos,642100,L,Gabe Speier,NYM,SEA,121,136,Strikeout,Mark Vientos strikes out swinging.,Strikeout,,1,1,1,1,B,Ball,ball,False,B,FF,4-Seam Fastball,Ball,95.5,87.9,3.34,1.69,5.86,0.39,12,2391,10.4,14.9,-14.9,2.1429,3.2719,-0.87,1.24,-1.24,10.4,-0.87,0.37,False,False,False,False,False,2.1429,3.2719,3,9,3,2,1,271,,,,,,,,,,,,,,False,N,1
823131,2026-06-01,SEA,NYM,pitch,1fdfcdc8-1735-3eec-9969-f4a7f4d0784f,10,62,14,1,668901,R,Mark Vientos,642100,L,Gabe Speier,NYM,SEA,121,136,Strikeout,Mark Vientos strikes out swinging.,Strikeout,,1,2,1,2,S,Strike,foul,False,F,SL,Slider,Foul,85.2,79.0,3.34,1.69,6.13,0.44,7,2238,1.8,-3.1,-40.6,-0.4052,1.5847,0.15,-0.26,-3.38,0.15,0.15,0.41,True,True,False,False,False,-0.4052,1.5847,4,10,4,2,1,272,70.7,,,,,,,,,,,,,False,N,1
823131,2026-06-01,SEA,NYM,pitch,7261626e-3531-38a3-afeb-ad16aef9a1a4,10,62,14,1,668901,R,Mark Vientos,642100,L,Gabe Speier,NYM,SEA,121,136,Strikeout,Mark Vientos strikes out swinging.,Strikeout,,2,2,2,2,S,Strike,foul,False,F,FF,4-Seam Fastball,Foul,95.1,86.2,3.34,1.69,6.0,0.4,2,2230,7.7,16.6,-13.9,0.0324,3.3931,-0.64,1.38,-1.16,7.7,-0.64,0.37,True,True,False,False,False,0.0324,3.3931,5,11,4,2,1,273,67.5,,,,,,,,,,,,,False,N,1
823131,2026-06-01,SEA,NYM,pitch,d234d32f-5e8a-3760-9920-c2b8cdc9bfc2,10,62,14,1,668901,R,Mark Vientos,642100,L,Gabe Speier,NYM,SEA,121,136,Strikeout,Mark Vientos strikes out swinging.,Strikeout,,2,2,2,2,S,Strike,foul,False,F,FF,4-Seam Fastball,Foul,96.9,87.9,3.34,1.69,6.04,0.39,5,2292,10.4,16.3,-13.0,-0.1946,2.7772,-0.87,1.36,-1.08,10.4,-0.87,0.37,True,True,False,False,False,-0.1946,2.7772,6,12,5,2,1,274,68.6,,,,,,,,,,,,,False,N,1
823131,2026-06-01,SEA,NYM,pitch,5ed692ae-8b75-3363-b917-79adb0a91d05,10,62,14,1,668901,R,Mark Vientos,642100,L,Gabe Speier,NYM,SEA,121,136,Strikeout,Mark Vientos strikes out swinging.,Strikeout,,2,2,2,2,S,Strike,swinging_strike,True,S,SL,Slider,Swinging Strike,86.7,79.9,3.34,1.69,6.11,0.43,13,2322,5.0,-0.6,-37.0,-1.287,1.4458,0.42,-0.05,-3.08,0.42,0.42,0.41,False,False,False,False,False,-1.287,1.4458,7,13,5,2,1,275,74.1,,,,,,,,,,,,,True,N,1
823131,2026-06-01,SEA,NYM,pitch,cb7ef5c5-0b07-3d67-af71-733e4474a20f,10,63,0,2,805999,L,A.J. Ewing,642100,L,Gabe Speier,NYM,SEA,121,136,Pop Out,A.J. Ewing pops out to shortstop J.P. Crawford.,Pop Out,,0,0,0,0,S,Strike,called_strike,False,C,SL,Slider,Called Strike,84.1,77.0,3.14,1.58,5.98,0.45,6,2136,3.2,-4.4,-43.2,0.326,2.2878,0.27,-0.37,-3.6,0.27,0.27,0.42,True,True,False,True,False,0.326,2.2878,1,14,6,3,1,276,,,,,,,,,,,,,,False,N,1
823131,2026-06-01,SEA,NYM,pitch,788419bb-c037-37f2-9457-a291a5955c00,10,63,0,2,805999,L,A.J. Ewing,642100,L,Gabe Speier,NYM,SEA,121,136,Pop Out,A.J. Ewing pops out to shortstop J.P. Crawford.,Pop Out,,1,0,1,0,B,Ball,ball,False,B,FF,4-Seam Fastball,Ball,96.3,87.6,3.14,1.58,6.04,0.39,11,2352,9.6,13.8,-15.8,-0.8292,3.5666,-0.8,1.15,-1.32,9.6,-0.8,0.37,False,False,False,True,False,-0.8292,3.5666,2,15,6,3,1,277,,,,,,,,,,,,,,False,N,1
823131,2026-06-01,SEA,NYM,pitch,6fc47a03-ab2e-30b9-ac32-c06c518a72ff,10,63,0,2,805999,L,A.J. Ewing,642100,L,Gabe Speier,NYM,SEA,121,136,Pop Out,A.J. Ewing pops out to shortstop J.P. Crawford.,Pop Out,,1,1,1,1,B,Ball,ball,False,B,FF,4-Seam Fastball,Ball,95.0,86.4,3.14,1.58,6.11,0.4,13,2273,10.9,13.0,-17.5,-1.2401,2.156,-0.91,1.08,-1.46,10.9,-0.91,0.37,False,False,False,True,False,-1.2401,2.156,3,16,7,3,1,278,,,,,,,,,,,,,,False,N,1
823131,2026-06-01,SEA,NYM,pitch,b3ee318f-8a26-3b41-a256-d40495e0deaa,10,63,0,2,805999,L,A.J. Ewing,642100,L,Gabe Speier,NYM,SEA,121,136,Pop Out,A.J. Ewing pops out to shortstop J.P. Crawford.,Pop Out,,1,2,1,2,S,Strike,swinging_strike,True,S,SI,Sinker,Swinging Strike,95.4,87.2,3.14,1.58,6.1,0.4,14,2145,17.2,5.4,-24.8,0.7957,1.0436,-1.43,0.45,-2.07,17.2,-1.43,0.37,False,False,False,True,False,0.7957,1.0436,4,17,4,3,1,279,70.5,,,,,,,,,,,,,False,N,1
823131,2026-06-01,SEA,NYM,pitch,9f75d559-d9c1-3010-a857-3fa7a2e77749,10,63,0,2,805999,L,A.J. Ewing,642100,L,Gabe Speier,NYM,SEA,121,136,Pop Out,A.J. Ewing pops out to shortstop J.P. Crawford.,Pop Out,,2,2,2,2,S,Strike,foul,False,F,FF,4-Seam Fastball,Foul,95.8,86.8,3.14,1.58,5.99,0.39,2,2317,9.5,16.2,-13.8,0.004,2.7574,-0.79,1.35,-1.15,9.5,-0.79,0.37,True,True,False,True,False,0.004,2.7574,5,18,8,3,1,280,70.4,,,,,,,,,,,,,False,N,1
823131,2026-06-01,SEA,NYM,pitch,500df0d2-e5c9-386a-bda8-9bea089a34a6,10,63,0,2,805999,L,A.J. Ewing,642100,L,Gabe Speier,NYM,SEA,121,136,Pop Out,A.J. Ewing pops out to shortstop J.P. Crawford.,Pop Out,,2,2,2,2,S,Strike,foul,False,F,SL,Slider,Foul,86.1,78.9,3.14,1.58,6.13,0.44,13,2166,4.6,-2.9,-40.0,-0.4971,1.4033,0.38,-0.24,-3.33,0.38,0.38,0.41,False,False,False,True,False,-0.4971,1.4033,6,19,7,3,1,281,70.6,,,,,,,,,,,,,False,N,1
823131,2026-06-01,SEA,NYM,pitch,45aee90e-6da4-3e27-a6e6-c23adb353864,10,63,0,2,805999,L,A.J. Ewing,642100,L,Gabe Speier,NYM,SEA,121,136,Pop Out,A.J. Ewing pops out to shortstop J.P. Crawford.,Pop Out,,2,2,2,2,B,Ball,ball,False,B,SI,Sinker,Ball,96.2,88.2,3.14,1.58,6.07,0.39,13,2129,16.9,2.5,-27.1,-1.2901,1.5048,-1.41,0.21,-2.26,16.9,-1.41,0.37,False,False,False,True,False,-1.2901,1.5048,7,20,5,3,1,282,,,,,,,,,,,,,,False,N,1
823131,2026-06-01,SEA,NYM,pitch,6165096e-efca-3b36-9864-1c4e82132424,10,63,0,2,805999,L,A.J. Ewing,642100,L,Gabe Speier,NYM,SEA,121,136,Pop Out,A.J. Ewing pops out to shortstop J.P. Crawford.,Pop Out,"{""homeRunBallparks"": 0}",2,3,2,3,X,In Play,hit_into_play,False,X,FF,4-Seam Fastball,"In play, out(s)",95.0,86.2,3.14,1.58,6.14,0.4,3,2396,13.0,16.0,-14.5,0.4557,2.7932,-1.08,1.33,-1.21,13.0,-1.08,0.37,True,True,False,True,False,0.4557,2.7932,8,21,9,3,1,283,74.5,138.0,0.01,0,-27.02,131.0,94.5,66.0,94.5,66.0,,,,True,N,1
823131,2026-06-01,SEA,NYM,pitch,5b6c08e9-23cf-361d-a13c-e71950499863,10,64,14,1,621550,R,Patrick Wisdom,621345,L,A.J. Minter,SEA,NYM,136,121,Strikeout,Patrick Wisdom strikes out swinging. Randy Arozarena steals (17) 3rd base.,Strikeout,,0,0,0,0,B,Ball,ball,False,B,FF,4-Seam Fastball,Ball,92.3,84.3,3.29,1.66,6.13,0.41,11,2351,2.0,15.4,-16.8,-0.0891,4.9998,-0.17,1.28,-1.4,2.0,-0.17,0.38,False,False,False,False,False,-0.0891,4.9998,1,1,1,1,1,284,,,,,,,,,,,,True,,False,N,1
823131,2026-06-01,SEA,NYM,pitch,fb959d3b-b8f7-3758-a16a-ee6428180dcf,10,64,14,1,621550,R,Patrick Wisdom,621345,L,A.J. Minter,SEA,NYM,136,121,Strikeout,Patrick Wisdom strikes out swinging. Randy Arozarena steals (17) 3rd base.,Strikeout,,0,1,0,1,S,Strike,foul,False,F,FC,Cutter,Foul,87.7,81.3,3.29,1.66,6.26,0.43,4,2447,2.0,4.4,-30.8,-0.3609,2.5313,0.17,0.37,-2.57,0.17,0.17,0.4,True,True,False,False,False,-0.3609,2.5313,2,2,1,1,1,285,74.3,,,,,,,,,,,True,,False,N,1
823131,2026-06-01,SEA,NYM,pitch,cfa58541-0a9c-3f39-ae9d-7a6b2824e5c3,10,64,14,1,621550,R,Patrick Wisdom,621345,L,A.J. Minter,SEA,NYM,136,121,Strikeout,Patrick Wisdom strikes out swinging. Randy Arozarena steals (17) 3rd base.,Strikeout,,1,1,1,1,B,Ball,ball,False,B,FC,Cutter,Ball,88.9,82.6,3.29,1.66,6.36,0.42,13,2399,3.4,5.5,-28.9,-1.6553,0.7539,0.28,0.46,-2.41,0.28,0.28,0.4,False,False,False,False,False,-1.6553,0.7539,3,3,2,1,1,286,,,,,,,,,,,,True,,False,N,1
823131,2026-06-01,SEA,NYM,pitch,09e9be14-246a-3a9c-8af8-02d17154c7dc,10,64,14,1,621550,R,Patrick Wisdom,621345,L,A.J. Minter,SEA,NYM,136,121,Strikeout,Patrick Wisdom strikes out swinging. Randy Arozarena steals (17) 3rd base.,Strikeout,,1,2,1,2,B,Ball,ball,False,B,FC,Cutter,Ball,88.1,81.4,3.29,1.66,6.35,0.43,13,2528,3.1,5.4,-29.8,-1.478,1.3314,0.26,0.45,-2.48,0.26,0.26,0.4,False,False,False,False,False,-1.478,1.3314,4,4,3,1,1,287,,,,,,,,,,,,True,,False,N,1
823131,2026-06-01,SEA,NYM,pitch,100891c7-d730-3959-8b29-3e6846e01b7e,10,64,14,1,621550,R,Patrick Wisdom,621345,L,A.J. Minter,SEA,NYM,136,121,Strikeout,Patrick Wisdom strikes out swinging. Randy Arozarena steals (17) 3rd base.,Strikeout,,1,3,1,3,S,Strike,foul_tip,True,T,FC,Cutter,Foul Tip,87.5,80.8,3.29,1.66,6.3,0.43,2,2509,3.4,7.3,-28.2,-0.0141,2.8786,0.28,0.61,-2.35,0.28,0.28,0.4,True,True,False,False,False,-0.0141,2.8786,5,5,4,1,1,288,81.5,,,,,,,,,,,True,,False,N,1
823131,2026-06-01,SEA,NYM,pitch,c3cbff9d-5295-3fb4-92c0-b7af49901ed2,10,64,14,1,621550,R,Patrick Wisdom,621345,L,A.J. Minter,SEA,NYM,136,121,Strikeout,Patrick Wisdom strikes out swinging. Randy Arozarena steals (17) 3rd base.,Strikeout,,2,3,2,3,S,Strike,foul,False,F,FC,Cutter,Foul,88.8,82.2,3.29,1.66,6.34,0.42,13,2404,3.6,5.5,-28.9,-0.5376,1.4462,0.3,0.46,-2.41,0.3,0.3,0.4,False,False,False,False,False,-0.5376,1.4462,6,6,5,1,1,289,79.4,,,,,,,,,,,True,,False,N,1
823131,2026-06-01,SEA,NYM,pitch,8f45cdf2-6cd0-39bd-ae88-eb828dfce119,10,64,14,1,621550,R,Patrick Wisdom,621345,L,A.J. Minter,SEA,NYM,136,121,Strikeout,Patrick Wisdom strikes out swinging. Randy Arozarena steals (17) 3rd base.,Strikeout,,2,3,2,3,S,Strike,swinging_strike,True,S,FC,Cutter,Swinging Strike,89.0,81.9,3.29,1.66,6.27,0.42,4,2485,4.2,3.8,-30.6,-0.49,2.3636,0.35,0.32,-2.55,0.35,0.35,0.4,True,True,False,False,False,-0.49,2.3636,7,7,6,1,1,290,78.9,,,,,,,,,,,True,,True,N,1
823131,2026-06-01,SEA,NYM,pitch,6b473b32-2af3-3c82-9ed6-25cfbde978fb,10,65,60,1,702284,L,Cole Young,621345,L,A.J. Minter,SEA,NYM,136,121,Single,Cole Young singles on a soft line drive to left fielder Juan Soto. Randy Arozarena scores.,Single,,0,0,0,0,B,Ball,ball,False,B,FC,Cutter,Ball,88.2,81.4,3.13,1.58,6.33,0.43,13,2527,6.0,3.5,-31.6,-1.1793,2.0605,0.5,0.29,-2.63,0.5,0.5,0.4,False,False,False,False,False,-1.1793,2.0605,1,8,7,2,1,291,,,,,,,,,,,,,True,False,N,1
823131,2026-06-01,SEA,NYM,pitch,855315cd-36f6-32c4-882b-62a31f33b437,10,65,60,1,702284,L,Cole Young,621345,L,A.J. Minter,SEA,NYM,136,121,Single,Cole Young singles on a soft line drive to left fielder Juan Soto. Randy Arozarena scores.,Single,"{""homeRunBallparks"": 0}",0,1,0,1,X,In Play,hit_into_play,False,E,FC,Cutter,"In play, run(s)",87.6,80.9,3.13,1.58,6.26,0.43,13,2600,6.4,3.4,-32.2,-1.2717,2.0166,0.53,0.28,-2.68,0.53,0.53,0.4,False,False,False,False,False,-1.2717,2.0166,2,9,8,2,1,292,74.7,184.0,0.89,0,-125.19,157.13,65.3,26.0,65.3,26.0,,,True,True,N,1
823702,2026-06-01,MIN,CWS,pitch,739378d1-d03e-303f-acd1-a09414e9a9c8,1,1,0,0,803011,L,Sam Antonacci,657746,R,Joe Ryan,CWS,MIN,145,142,Field Error,Sam Antonacci reaches on a fielding error by shortstop Tristan Gray.,Field Error,,0,0,0,0,S,Strike,called_strike,False,C,FF,4-Seam Fastball,Called Strike,93.9,85.0,3.15,1.59,6.58,0.4,1,2320,16.6,12.7,-18.6,-0.8276,2.7832,1.38,1.06,-1.55,1.38,1.38,0.38,True,True,False,False,False,-0.8276,2.7832,1,1,1,1,1,1,,,,,,,,,,,,,,False,N,1
823702,2026-06-01,MIN,CWS,pitch,68522930-f679-3ace-98e9-2b77451f1292,1,1,0,0,803011,L,Sam Antonacci,657746,R,Joe Ryan,CWS,MIN,145,142,Field Error,Sam Antonacci reaches on a fielding error by shortstop Tristan Gray.,Field Error,,1,0,1,0,S,Strike,foul_tip,True,T,KC,Knuckle Curve,Foul Tip,79.5,72.4,3.15,1.59,6.53,0.48,14,2742,10.3,-9.0,-52.9,0.388,1.3098,-0.86,-0.75,-4.41,10.3,-0.86,0.45,False,False,False,False,False,0.388,1.3098,2,2,1,1,1,2,73.6,,,,,,,,,,,,,False,N,1
823702,2026-06-01,MIN,CWS,pitch,1eec2523-f17f-31ae-ab3a-b9e81c85a3c6,1,1,0,0,803011,L,Sam Antonacci,657746,R,Joe Ryan,CWS,MIN,145,142,Field Error,Sam Antonacci reaches on a fielding error by shortstop Tristan Gray.,Field Error,,2,0,2,0,S,Strike,foul,False,F,FS,Splitter,Foul,87.6,80.3,3.15,1.59,6.56,0.43,13,2138,19.4,3.7,-32.0,-0.4749,1.2332,1.62,0.31,-2.67,1.62,1.62,0.4,False,False,False,False,False,-0.4749,1.2332,3,3,1,1,1,3,70.2,,,,,,,,,,,,,False,N,1
823702,2026-06-01,MIN,CWS,pitch,e7bc38f4-1055-3658-95bb-739d00f9baf9,1,1,0,0,803011,L,Sam Antonacci,657746,R,Joe Ryan,CWS,MIN,145,142,Field Error,Sam Antonacci reaches on a fielding error by shortstop Tristan Gray.,Field Error,"{""homeRunBallparks"": 0}",2,0,2,0,X,In Play,hit_into_play,False,D,FF,4-Seam Fastball,"In play, no out",94.4,85.8,3.15,1.59,6.95,0.4,11,2311,17.2,13.4,-17.4,-0.6845,3.2928,1.43,1.12,-1.45,1.43,1.43,0.38,False,False,False,False,False,-0.6845,3.2928,4,4,2,1,1,4,67.5,70.0,0.52,0,21.67,139.32,97.3,3.0,97.3,3.0,,,,True,N,1
823702,2026-06-01,MIN,CWS,pitch,a3c2d1c8-1e8a-34b0-a068-a4f9487da7aa,1,2,34,0,678246,R,Miguel Vargas,657746,R,Joe Ryan,CWS,MIN,145,142,Double,Miguel Vargas doubles (10) on a sharp fly ball to right fielder Austin Martin. Sam Antonacci to 3rd.,Double,"{""homeRunBallparks"": 11}",0,0,0,0,X,In Play,hit_into_play,False,D,FF,4-Seam Fastball,"In play, no out",94.6,86.4,3.29,1.66,7.09,0.4,6,2323,14.8,13.1,-17.6,0.4857,2.6336,1.23,1.09,-1.47,1.23,1.23,0.37,True,True,False,False,False,0.4857,2.6336,1,5,3,2,1,5,74.2,383.0,0.53,1,113.58,318.67,101.3,31.0,101.3,31.0,True,,,True,N,1
823702,2026-06-01,MIN,CWS,pitch,0ad342b6-0f93-340b-9862-b641898168e1,1,3,14,1,643217,L,Andrew Benintendi,657746,R,Joe Ryan,CWS,MIN,145,142,Strikeout,Andrew Benintendi strikes out on a foul tip.,Strikeout,,0,0,0,0,B,Ball,ball,False,B,FF,4-Seam Fastball,Ball,95.5,86.9,3.07,1.55,6.87,0.39,11,2334,15.5,13.0,-17.2,-1.4124,2.8745,1.29,1.08,-1.43,1.29,1.29,0.37,False,False,False,False,False,-1.4124,2.8745,1,6,4,3,1,6,,,,,,,,,,,,,,False,N,1
823702,2026-06-01,MIN,CWS,pitch,17bb684f-4e55-3fd4-9d7b-03975edc4d82,1,3,14,1,643217,L,Andrew Benintendi,657746,R,Joe Ryan,CWS,MIN,145,142,Strikeout,Andrew Benintendi strikes out on a foul tip.,Strikeout,,0,1,0,1,S,Strike,swinging_strike,True,S,ST,Sweeper,Swinging Strike,82.7,75.8,3.07,1.55,6.55,0.46,14,2856,10.6,-0.2,-40.4,1.1343,1.7638,-0.88,-0.02,-3.37,10.6,-0.88,0.43,False,False,False,False,False,1.1343,1.7638,2,7,1,3,1,7,70.2,,,,,,,,,,,,,False,N,1
823702,2026-06-01,MIN,CWS,pitch,b6e378ee-7cb0-39f1-a6cb-b4da5aebb15d,1,3,14,1,643217,L,Andrew Benintendi,657746,R,Joe Ryan,CWS,MIN,145,142,Strikeout,Andrew Benintendi strikes out on a foul tip.,Strikeout,,1,1,1,1,S,Strike,foul,False,F,ST,Sweeper,Foul,81.8,75.1,3.07,1.55,6.86,0.46,8,2848,10.8,2.5,-38.4,-0.0204,2.0127,-0.9,0.21,-3.2,10.8,-0.9,0.43,True,True,False,False,False,-0.0204,2.0127,3,8,2,3,1,8,67.4,,,,,,,,,,,,,False,N,1
823702,2026-06-01,MIN,CWS,pitch,bd7bd068-4b3a-35f5-be8b-1cdf8f63afba,1,3,14,1,643217,L,Andrew Benintendi,657746,R,Joe Ryan,CWS,MIN,145,142,Strikeout,Andrew Benintendi strikes out on a foul tip.,Strikeout,,2,1,2,1,S,Strike,foul_tip,True,T,FF,4-Seam Fastball,Foul Tip,95.6,87.3,3.07,1.55,6.97,0.39,11,2297,13.4,13.2,-16.8,-0.2146,3.4936,1.12,1.1,-1.4,1.12,1.12,0.37,False,False,False,False,False,-0.2146,3.4936,4,9,5,3,1,9,67.3,,,,,,,,,,,,,True,N,1
823702,2026-06-01,MIN,CWS,pitch,6a163d7b-f6bd-3602-8d32-4e45aff46b25,1,4,0,1,695657,L,Colson Montgomery,657746,R,Joe Ryan,CWS,MIN,145,142,Pop Out,Colson Montgomery pops out to second baseman Luke Keaschall.,Pop Out,"{""homeRunBallparks"": 0}",0,0,0,0,X,In Play,hit_into_play,False,X,ST,Sweeper,"In play, out(s)",81.4,74.2,3.34,1.69,6.58,0.46,6,2793,12.6,2.9,-38.8,0.8092,2.5705,-1.05,0.24,-3.23,12.6,-1.05,0.44,True,True,False,True,False,0.8092,2.5705,1,10,3,4,1,10,72.0,154.0,0.1,0,72.84,134.67,54.4,43.0,54.4,43.0,,,,True,N,1
823702,2026-06-01,MIN,CWS,pitch,a00afb2e-8734-3cad-9e9f-e3d1ce315d1e,1,5,14,2,805367,R,Chase Meidroth,657746,R,Joe Ryan,CWS,MIN,145,142,Strikeout,Chase Meidroth strikes out swinging.,Strikeout,,0,0,0,0,B,Ball,blocked_ball,False,*B,SL,Slider,Ball In Dirt,87.0,80.4,3.07,1.55,7.05,0.43,14,2326,2.0,3.0,-33.1,1.7524,0.3872,-0.17,0.25,-2.76,2.0,-0.17,0.41,False,False,False,False,False,1.7524,0.3872,1,11,1,5,1,11,,,,,,,,,,,,,,False,N,1
823702,2026-06-01,MIN,CWS,pitch,73d752f6-77d4-31c1-8667-415352b57db1,1,5,14,2,805367,R,Chase Meidroth,657746,R,Joe Ryan,CWS,MIN,145,142,Strikeout,Chase Meidroth strikes out swinging.,Strikeout,,0,1,0,1,B,Ball,ball,False,B,SI,Sinker,Ball,93.7,85.3,3.07,1.55,6.92,0.4,11,2179,16.0,9.2,-22.1,-0.955,2.3585,1.33,0.77,-1.84,1.33,1.33,0.38,False,False,False,False,True,-0.955,2.3585,2,12,1,5,1,12,,,,,,,,,,,,,,False,N,1
823702,2026-06-01,MIN,CWS,pitch,a66910d0-e6ad-3329-990f-d757fcdd0b25,1,5,14,2,805367,R,Chase Meidroth,657746,R,Joe Ryan,CWS,MIN,145,142,Strikeout,Chase Meidroth strikes out swinging.,Strikeout,,0,2,0,2,S,Strike,called_strike,False,C,SL,Slider,Called Strike,86.6,80.3,3.07,1.55,7.02,0.43,6,2349,2.0,2.0,-34.2,0.7271,2.0985,-0.17,0.17,-2.85,2.0,-0.17,0.41,True,True,False,False,False,0.7271,2.0985,3,13,2,5,1,13,,,,,,,,,,,,,,False,N,1
823702,2026-06-01,MIN,CWS,pitch,4e45179c-47b9-311c-b05f-c8f3a776e9cc,1,5,14,2,805367,R,Chase Meidroth,657746,R,Joe Ryan,CWS,MIN,145,142,Strikeout,Chase Meidroth strikes out swinging.,Strikeout,,1,2,1,2,S,Strike,called_strike,False,C,FF,4-Seam Fastball,Called Strike,95.9,87.4,3.07,1.55,7.19,0.39,6,2301,13.3,11.2,-18.7,0.4098,2.1643,1.11,0.93,-1.56,1.11,1.11,0.37,True,True,False,False,False,0.4098,2.1643,4,14,6,5,1,14,,,,,,,,,,,,,,False,N,1
823702,2026-06-01,MIN,CWS,pitch,8d8929da-962d-3e50-a9eb-725499998b9b,1,5,14,2,805367,R,Chase Meidroth,657746,R,Joe Ryan,CWS,MIN,145,142,Strikeout,Chase Meidroth strikes out swinging.,Strikeout,,2,2,2,2,B,Ball,ball,False,B,FF,4-Seam Fastball,Ball,96.3,87.4,3.07,1.55,7.09,0.39,12,2342,14.4,11.4,-18.4,1.331,2.9464,1.2,0.95,-1.53,1.2,1.2,0.37,False,False,False,False,False,1.331,2.9464,5,15,7,5,1,15,,,,,,,,,,,,,,False,N,1
823702,2026-06-01,MIN,CWS,pitch,f71c9136-0427-33f6-8ebe-d1d79a5cd5c1,1,5,14,2,805367,R,Chase Meidroth,657746,R,Joe Ryan,CWS,MIN,145,142,Strikeout,Chase Meidroth strikes out swinging.,Strikeout,,2,3,2,3,S,Strike,swinging_strike,True,S,ST,Sweeper,Swinging Strike,81.6,75.2,3.07,1.55,7.17,0.46,8,2642,12.1,-1.6,-42.6,-0.1338,1.4394,-1.01,-0.13,-3.55,12.1,-1.01,0.43,True,True,False,False,False,-0.1338,1.4394,6,16,4,5,1,16,65.9,,,,,,,,,,,,,True,N,1
823702,2026-06-01,MIN,CWS,pitch,d92beab0-3b90-370d-80cc-0a43264d83a2,1,6,14,1,621439,R,Byron Buxton,689818,R,David Sandlin,MIN,CWS,142,145,Strikeout,Byron Buxton strikes out swinging.,Strikeout,,0,0,0,0,B,Ball,ball,False,B,SI,Sinker,Ball,96.2,88.1,3.26,1.64,6.68,0.39,13,2270,14.4,14.9,-14.8,-0.766,0.6901,1.2,1.24,-1.23,1.2,1.2,0.37,False,False,False,False,False,-0.766,0.6901,1,1,1,1,1,17,,,,,,,,,,,,,,False,N,1
823702,2026-06-01,MIN,CWS,pitch,f3f89ee8-dc5a-37dc-8465-25ddfe94b881,1,6,14,1,621439,R,Byron Buxton,689818,R,David Sandlin,MIN,CWS,142,145,Strikeout,Byron Buxton strikes out swinging.,Strikeout,,0,1,0,1,S,Strike,swinging_strike,True,S,FC,Cutter,Swinging Strike,92.5,85.3,3.26,1.64,6.42,0.41,9,2406,0.5,11.6,-20.3,0.6091,1.7881,-0.04,0.97,-1.69,0.5,-0.04,0.38,True,True,False,False,False,0.6091,1.7881,2,2,1,1,1,18,74.5,,,,,,,,,,,,,False,N,1
823702,2026-06-01,MIN,CWS,pitch,b1bb39b5-1db8-3df3-b40b-9d5a6a433124,1,6,14,1,621439,R,Byron Buxton,689818,R,David Sandlin,MIN,CWS,142,145,Strikeout,Byron Buxton strikes out swinging.,Strikeout,,1,1,1,1,B,Ball,ball,False,B,CU,Curveball,Ball,84.5,78.0,3.26,1.64,6.49,0.45,14,2867,6.6,-13.6,-52.1,1.5111,1.1881,-0.55,-1.13,-4.34,6.6,-0.55,0.42,False,False,False,False,False,1.5111,1.1881,3,3,1,1,1,19,23.7,,,,,,,,,,,,,False,N,1
823702,2026-06-01,MIN,CWS,pitch,4b9c812e-50b5-39fb-bb83-a8d8b503faa1,1,6,14,1,621439,R,Byron Buxton,689818,R,David Sandlin,MIN,CWS,142,145,Strikeout,Byron Buxton strikes out swinging.,Strikeout,,1,2,1,2,S,Strike,foul,False,F,FF,4-Seam Fastball,Foul,93.8,86.6,3.26,1.64,6.5,0.4,6,2445,1.6,11.3,-19.6,0.5723,2.5872,0.13,0.94,-1.63,0.13,0.13,0.38,True,True,False,False,False,0.5723,2.5872,4,4,1,1,1,20,78.1,,,,,,,,,,,,,False,N,1
823702,2026-06-01,MIN,CWS,pitch,7bc86f61-d83c-3a3e-b08a-ae5c306f5722,1,6,14,1,621439,R,Byron Buxton,689818,R,David Sandlin,MIN,CWS,142,145,Strikeout,Byron Buxton strikes out swinging.,Strikeout,,2,2,2,2,B,Ball,ball,False,B,FF,4-Seam Fastball,Ball,98.0,90.1,3.26,1.64,6.53,0.38,12,2423,5.8,16.4,-11.9,1.0975,2.9794,0.48,1.37,-0.99,0.48,0.48,0.36,False,False,False,False,False,1.0975,2.9794,5,5,2,1,1,21,,,,,,,,,,,,,,False,N,1
823702,2026-06-01,MIN,CWS,pitch,5b49452c-4830-3c26-986d-5bf13cf33199,1,6,14,1,621439,R,Byron Buxton,689818,R,David Sandlin,MIN,CWS,142,145,Strikeout,Byron Buxton strikes out swinging.,Strikeout,,2,3,2,3,S,Strike,swinging_strike,True,S,FC,Cutter,Swinging Strike,91.8,85.2,3.26,1.64,6.47,0.41,6,2548,4.6,9.1,-23.0,0.6092,2.3227,-0.38,0.76,-1.92,4.6,-0.38,0.38,True,True,False,False,False,0.6092,2.3227,6,6,2,1,1,22,75.5,,,,,,,,,,,,,True,N,1
823702,2026-06-01,MIN,CWS,pitch,3bd52fbf-bc64-363e-8a8e-a15f7de64733,1,7,33,1,686797,L,Brooks Lee,689818,R,David Sandlin,MIN,CWS,142,145,Single,Brooks Lee singles on a ground ball to right fielder Rikuu Nishida.,Single,"{""homeRunBallparks"": 0}",0,0,0,0,X,In Play,hit_into_play,False,D,FC,Cutter,"In play, no out",93.4,86.7,3.21,1.62,6.37,0.4,5,2539,3.8,9.4,-21.6,-0.0183,2.4762,-0.32,0.78,-1.8,3.8,-0.32,0.38,True,True,False,False,False,-0.0183,2.4762,1,7,3,2,1,23,72.2,56.0,0.49,0,121.82,248.03,102.8,1.0,102.8,1.0,,,,True,N,1
823702,2026-06-01,MIN,CWS,pitch,3b2ebd6f-009c-38ec-8b5c-f73f93cd3905,1,8,33,1,665019,L,Kody Clemens,689818,R,David Sandlin,MIN,CWS,142,145,Single,Kody Clemens singles on a ground ball to right fielder Rikuu Nishida. Brooks Lee to 2nd.,Single,,0,0,0,0,S,Strike,called_strike,False,C,CU,Curveball,Called Strike,82.6,75.8,3.21,1.62,6.45,0.46,1,2783,6.2,-13.8,-54.0,-0.4674,2.8395,-0.52,-1.15,-4.5,6.2,-0.52,0.43,True,True,False,False,False,-0.4674,2.8395,1,8,2,3,1,24,,,,,,,,,,,True,,,False,N,1
823702,2026-06-01,MIN,CWS,pitch,9466fbfb-d44d-3fd3-91fa-e59bf8168910,1,8,33,1,665019,L,Kody Clemens,689818,R,David Sandlin,MIN,CWS,142,145,Single,Kody Clemens singles on a ground ball to right fielder Rikuu Nishida. Brooks Lee to 2nd.,Single,,1,0,1,0,B,Ball,ball,False,B,FF,4-Seam Fastball,Ball,97.7,88.8,3.21,1.62,6.57,0.39,14,2525,3.6,20.2,-8.8,0.3284,1.2714,0.3,1.68,-0.73,0.3,0.3,0.36,False,False,False,False,False,0.3284,1.2714,2,9,3,3,1,25,,,,,,,,,,,True,,,False,N,1
823702,2026-06-01,MIN,CWS,pitch,744dd58e-3515-3ef5-9140-872240265a6a,1,8,33,1,665019,L,Kody Clemens,689818,R,David Sandlin,MIN,CWS,142,145,Single,Kody Clemens singles on a ground ball to right fielder Rikuu Nishida. Brooks Lee to 2nd.,Single,"{""homeRunBallparks"": 0}",1,1,1,1,X,In Play,hit_into_play,False,D,FF,4-Seam Fastball,"In play, no out",97.9,89.0,3.21,1.62,6.6,0.39,8,2366,7.9,15.0,-13.8,-0.0733,2.0575,0.66,1.25,-1.15,0.66,0.66,0.36,True,True,False,False,False,-0.0733,2.0575,3,10,4,3,1,26,74.5,89.0,0.55,0,135.25,241.9,105.8,3.0,105.8,3.0,True,,,True,N,1
823702,2026-06-01,MIN,CWS,pitch,90353632-5b9a-31a2-8873-d1fedab6dc48,1,9,14,1,605137,L,Josh Bell,689818,R,David Sandlin,MIN,CWS,142,145,Strikeout,Josh Bell strikes out swinging.,Strikeout,,0,0,0,0,S,Strike,swinging_strike,True,S,ST,Sweeper,Swinging Strike,83.0,76.2,3.34,1.68,6.43,0.45,1,2617,9.0,-2.0,-41.8,-0.699,3.1328,-0.75,-0.17,-3.48,9.0,-0.75,0.43,True,True,False,False,False,-0.699,3.1328,1,11,1,4,1,27,65.4,,,,,,,,,,,,,False,N,1
823702,2026-06-01,MIN,CWS,pitch,46d1bec1-b39b-391f-9a62-bfa1a3075faa,1,9,14,1,605137,L,Josh Bell,689818,R,David Sandlin,MIN,CWS,142,145,Strikeout,Josh Bell strikes out swinging.,Strikeout,,1,0,1,0,S,Strike,foul,False,F,CU,Curveball,Foul,83.1,76.5,3.34,1.68,6.48,0.45,7,2557,3.5,-10.9,-50.6,-0.5778,1.8131,-0.29,-0.91,-4.22,3.5,-0.29,0.43,True,True,False,False,False,-0.5778,1.8131,2,12,3,4,1,28,67.6,,,,,,,,,,,,,False,N,1
823702,2026-06-01,MIN,CWS,pitch,bf76d707-298f-3bd6-9469-4ba56286e385,1,9,14,1,605137,L,Josh Bell,689818,R,David Sandlin,MIN,CWS,142,145,Strikeout,Josh Bell strikes out swinging.,Strikeout,,2,0,2,0,S,Strike,foul,False,F,FF,4-Seam Fastball,Foul,98.4,89.5,3.34,1.68,6.53,0.38,11,2332,4.8,16.1,-12.4,-0.8366,3.9125,0.4,1.34,-1.03,0.4,0.4,0.36,False,False,False,False,False,-0.8366,3.9125,3,13,5,4,1,29,64.2,,,,,,,,,,,,,False,N,1
823702,2026-06-01,MIN,CWS,pitch,40fe902d-cc2c-3a1b-bab9-dbbb31cd8000,1,9,14,1,605137,L,Josh Bell,689818,R,David Sandlin,MIN,CWS,142,145,Strikeout,Josh Bell strikes out swinging.,Strikeout,,2,0,2,0,B,Ball,ball,False,B,CH,Changeup,Ball,91.7,83.4,3.34,1.68,6.46,0.41,13,1473,8.3,3.2,-29.5,-1.3544,2.2195,0.69,0.27,-2.46,0.69,0.69,0.39,False,False,False,False,False,-1.3544,2.2195,4,14,1,4,1,30,,,,,,,,,,,,,,False,N,1
823702,2026-06-01,MIN,CWS,pitch,68774afd-d2bf-3c79-903e-a60d36463fb7,1,9,14,1,605137,L,Josh Bell,689818,R,David Sandlin,MIN,CWS,142,145,Strikeout,Josh Bell strikes out swinging.,Strikeout,,2,1,2,1,B,Ball,blocked_ball,False,*B,CU,Curveball,Ball In Dirt,83.5,77.1,3.34,1.68,6.52,0.45,13,2749,5.9,-14.2,-53.6,-0.5151,0.5404,-0.49,-1.18,-4.47,5.9,-0.49,0.42,False,False,False,False,False,-0.5151,0.5404,5,15,4,4,1,31,,,,,,,,,,,,,,False,N,1
823702,2026-06-01,MIN,CWS,pitch,41478e04-da5a-32e4-8962-d401fea3f1a9,1,9,14,1,605137,L,Josh Bell,689818,R,David Sandlin,MIN,CWS,142,145,Strikeout,Josh Bell strikes out swinging.,Strikeout,,2,2,2,2,S,Strike,foul,False,F,ST,Sweeper,Foul,85.1,78.8,3.34,1.68,6.52,0.44,8,2654,7.4,-8.3,-46.0,-0.1671,1.7166,-0.62,-0.69,-3.83,7.4,-0.62,0.41,True,True,False,False,False,-0.1671,1.7166,6,16,2,4,1,32,70.8,,,,,,,,,,,,,False,N,1
823702,2026-06-01,MIN,CWS,pitch,6fb8c315-917d-35e4-9cde-f762132cc132,1,9,14,1,605137,L,Josh Bell,689818,R,David Sandlin,MIN,CWS,142,145,Strikeout,Josh Bell strikes out swinging.,Strikeout,,2,2,2,2,S,Strike,foul,False,F,FF,4-Seam Fastball,Foul,98.9,90.4,3.34,1.68,6.5,0.38,3,2388,2.3,14.8,-13.2,0.4313,3.4286,0.19,1.23,-1.1,0.19,0.19,0.36,True,True,False,False,False,0.4313,3.4286,7,17,6,4,1,33,74.7,,,,,,,,,,,,,False,N,1
823702,2026-06-01,MIN,CWS,pitch,56b26a3b-03cd-36fe-9864-c46404c470f7,1,9,14,1,605137,L,Josh Bell,689818,R,David Sandlin,MIN,CWS,142,145,Strikeout,Josh Bell strikes out swinging.,Strikeout,,2,2,2,2,S,Strike,swinging_strike,True,S,ST,Sweeper,Swinging Strike,84.9,78.2,3.34,1.68,6.5,0.44,13,2665,3.6,-8.6,-46.7,-0.0938,0.9693,-0.3,-0.72,-3.89,3.6,-0.3,0.42,False,False,True,False,False,-0.0938,0.9693,8,18,3,4,1,34,59.7,,,,,,,,,,,,,True,N,1
823702,2026-06-01,MIN,CWS,pitch,9d713242-d912-3e1f-8005-9d7b844bf945,1,10,60,2,663616,L,Trevor Larnach,689818,R,David Sandlin,MIN,CWS,142,145,Single,Trevor Larnach singles on a line drive to center fielder Tristan Peters. Brooks Lee scores. Kody Clemens to 3rd.,Single,,0,0,0,0,B,Ball,ball,False,B,FC,Cutter,Ball,93.3,85.8,3.32,1.68,6.59,0.4,6,2456,2.9,11.5,-19.9,0.8202,2.6678,-0.24,0.96,-1.66,2.9,-0.24,0.38,True,True,False,False,False,0.8202,2.6678,1,19,4,5,1,35,,,,,,,,,,,True,True,True,False,N,1
823702,2026-06-01,MIN,CWS,pitch,4bfe1632-ac91-3810-9fd1-0aeed403983f,1,10,60,2,663616,L,Trevor Larnach,689818,R,David Sandlin,MIN,CWS,142,145,Single,Trevor Larnach singles on a line drive to center fielder Tristan Peters. Brooks Lee scores. Kody Clemens to 3rd.,Single,"{""homeRunBallparks"": 0}",0,1,0,1,X,In Play,hit_into_play,False,E,CU,Curveball,"In play, run(s)",83.2,76.0,3.32,1.68,6.5,0.45,13,2770,8.4,-13.4,-53.3,-0.9056,2.2168,-0.7,-1.12,-4.44,8.4,-0.7,0.43,False,False,False,False,False,-0.9056,2.2168,2,20,5,5,1,36,65.1,212.0,0.98,0,22.3,259.23,74.5,19.0,74.5,19.0,True,True,True,True,N,1
823702,2026-06-01,MIN,CWS,pitch,e3a2ab5f-ace6-3150-8219-acbaed74d736,1,11,0,2,668885,R,Austin Martin,689818,R,David Sandlin,MIN,CWS,142,145,Flyout,Austin Martin flies out to center fielder Tristan Peters.,Flyout,,0,0,0,0,B,Ball,ball,False,B,FC,Cutter,Ball,91.9,85.7,3.13,1.58,6.57,0.41,14,2363,2.2,8.0,-23.9,1.0266,2.2817,-0.18,0.67,-1.99,2.2,-0.18,0.38,False,False,False,True,False,1.0266,2.2817,1,21,5,6,1,37,,,,,,,,,,,,,,False,N,1
823702,2026-06-01,MIN,CWS,pitch,29939fb4-eb12-30bf-85ee-d4462c781378,1,11,0,2,668885,R,Austin Martin,689818,R,David Sandlin,MIN,CWS,142,145,Flyout,Austin Martin flies out to center fielder Tristan Peters.,Flyout,,0,1,0,1,S,Strike,swinging_strike,True,S,FC,Cutter,Swinging Strike,91.9,84.9,3.13,1.58,6.6,0.41,6,2300,6.1,6.1,-26.0,0.7234,2.4041,-0.51,0.51,-2.17,6.1,-0.51,0.38,True,True,False,True,False,0.7234,2.4041,2,22,6,6,1,38,70.3,,,,,,,,,,,,,False,N,1
823702,2026-06-01,MIN,CWS,pitch,0f2244e7-2b8a-31ef-b333-d6b52a488163,1,11,0,2,668885,R,Austin Martin,689818,R,David Sandlin,MIN,CWS,142,145,Flyout,Austin Martin flies out to center fielder Tristan Peters.,Flyout,"{""homeRunBallparks"": 0}",1,1,1,1,X,In Play,hit_into_play,False,X,CU,Curveball,"In play, out(s)",82.8,76.8,3.13,1.58,6.56,0.45,9,2545,5.6,-6.8,-46.6,0.2882,1.7773,-0.47,-0.57,-3.88,5.6,-0.47,0.43,True,True,False,True,False,0.2882,1.7773,3,23,6,6,1,39,69.3,353.0,0.07,0,31.5,351.41,90.9,31.0,90.9,31.0,,,,True,N,1
823702,2026-06-01,MIN,CWS,pitch,c7fb0be2-92a6-3b12-a28c-10b2ce386bc0,2,12,14,1,694378,L,Jacob Gonzalez,657746,R,Joe Ryan,CWS,MIN,145,142,Strikeout,Jacob Gonzalez strikes out on a foul tip.,Strikeout,,0,0,0,0,S,Strike,foul,False,F,FF,4-Seam Fastball,Foul,93.2,85.4,3.29,1.66,6.9,0.4,11,2238,14.3,13.0,-18.5,-0.3672,3.5953,1.19,1.08,-1.54,1.19,1.19,0.38,False,False,False,False,False,-0.3672,3.5953,1,17,8,6,1,40,72.4,,,,,,,,,,,,,False,N,1
823702,2026-06-01,MIN,CWS,pitch,ca5d0f57-9289-308d-8b22-52a98a8cfd7c,2,12,14,1,694378,L,Jacob Gonzalez,657746,R,Joe Ryan,CWS,MIN,145,142,Strikeout,Jacob Gonzalez strikes out on a foul tip.,Strikeout,,1,0,1,0,S,Strike,foul,False,F,KC,Knuckle Curve,Foul,80.5,74.5,3.29,1.66,6.5,0.47,2,2631,8.3,-8.0,-49.9,-0.2005,2.9596,-0.69,-0.67,-4.16,8.3,-0.69,0.44,True,True,False,False,False,-0.2005,2.9596,2,18,2,6,1,41,73.2,,,,,,,,,,,,,False,N,1
823702,2026-06-01,MIN,CWS,pitch,cf54ac15-1380-3bab-836b-5809aff1aba5,2,12,14,1,694378,L,Jacob Gonzalez,657746,R,Joe Ryan,CWS,MIN,145,142,Strikeout,Jacob Gonzalez strikes out on a foul tip.,Strikeout,,2,0,2,0,B,Ball,ball,False,B,KC,Knuckle Curve,Ball,79.7,74.0,3.29,1.66,6.65,0.47,13,2800,12.0,-9.6,-52.6,-0.3365,0.3811,-1.0,-0.8,-4.38,12.0,-1.0,0.44,False,False,False,False,False,-0.3365,0.3811,3,19,3,6,1,42,,,,,,,,,,,,,,False,N,1
823702,2026-06-01,MIN,CWS,pitch,c58aebc0-8a9d-3351-8305-9dc194431503,2,12,14,1,694378,L,Jacob Gonzalez,657746,R,Joe Ryan,CWS,MIN,145,142,Strikeout,Jacob Gonzalez strikes out on a foul tip.,Strikeout,,2,1,2,1,S,Strike,foul_tip,True,T,FF,4-Seam Fastball,Foul Tip,94.9,87.0,3.29,1.66,7.01,0.4,2,2295,14.2,12.1,-18.1,-0.0262,2.8882,1.18,1.01,-1.51,1.18,1.18,0.37,True,True,False,False,False,-0.0262,2.8882,4,20,9,6,1,43,71.8,,,,,,,,,,,,,True,N,1
823702,2026-06-01,MIN,CWS,pitch,6533619e-ea8a-3821-aa2b-0d8767416cd0,2,13,0,1,671976,L,Tristan Peters,657746,R,Joe Ryan,CWS,MIN,145,142,Groundout,"Tristan Peters grounds out, first baseman Josh Bell to pitcher Joe Ryan.",Groundout,,0,0,0,0,B,Ball,ball,False,B,SI,Sinker,Ball,93.1,85.2,3.2,1.61,7.01,0.4,3,2144,17.9,7.9,-23.8,0.742,3.0817,1.49,0.66,-1.98,1.49,1.49,0.38,True,True,False,True,False,0.742,3.0817,1,21,2,7,1,44,,,,,,,,,,,,,,False,N,1
823702,2026-06-01,MIN,CWS,pitch,29a5db8c-bcae-3aec-9f6d-d7792ba581f7,2,13,0,1,671976,L,Tristan Peters,657746,R,Joe Ryan,CWS,MIN,145,142,Groundout,"Tristan Peters grounds out, first baseman Josh Bell to pitcher Joe Ryan.",Groundout,,0,1,0,1,S,Strike,called_strike,False,C,FF,4-Seam Fastball,Called Strike,95.1,87.0,3.2,1.61,6.97,0.4,6,2263,13.9,12.8,-17.4,0.6014,2.3096,1.16,1.07,-1.45,1.16,1.16,0.37,True,True,False,True,False,0.6014,2.3096,2,22,10,7,1,45,,,,,,,,,,,,,,False,N,1
823702,2026-06-01,MIN,CWS,pitch,940c8ac9-1351-399f-b552-7180e1d3808f,2,13,0,1,671976,L,Tristan Peters,657746,R,Joe Ryan,CWS,MIN,145,142,Groundout,"Tristan Peters grounds out, first baseman Josh Bell to pitcher Joe Ryan.",Groundout,,1,1,1,1,B,Ball,ball,False,B,KC,Knuckle Curve,Ball,81.5,75.3,3.2,1.61,6.76,0.46,14,2830,9.8,-10.4,-51.7,1.2449,1.5679,-0.82,-0.87,-4.31,9.8,-0.82,0.43,False,False,False,True,False,1.2449,1.5679,3,23,4,7,1,46,18.6,,,,,,,,,,,,,False,N,1
823702,2026-06-01,MIN,CWS,pitch,7075cd16-d234-3c5d-b43a-f31ce4253bf2,2,13,0,1,671976,L,Tristan Peters,657746,R,Joe Ryan,CWS,MIN,145,142,Groundout,"Tristan Peters grounds out, first baseman Josh Bell to pitcher Joe Ryan.",Groundout,,1,2,1,2,S,Strike,foul,False,F,FF,4-Seam Fastball,Foul,95.9,88.0,3.2,1.61,6.91,0.39,4,2271,12.1,11.4,-18.2,-0.638,2.4926,1.01,0.95,-1.52,1.01,1.01,0.37,True,True,False,True,False,-0.638,2.4926,4,24,11,7,1,47,71.1,,,,,,,,,,,,,False,N,1
823702,2026-06-01,MIN,CWS,pitch,1b6bbce9-30be-3709-8518-3e3c21f5916e,2,13,0,1,671976,L,Tristan Peters,657746,R,Joe Ryan,CWS,MIN,145,142,Groundout,"Tristan Peters grounds out, first baseman Josh Bell to pitcher Joe Ryan.",Groundout,,2,2,2,2,B,Ball,ball,False,B,SI,Sinker,Ball,94.9,86.9,3.2,1.61,7.26,0.4,14,2285,17.6,6.2,-24.2,1.0473,1.4948,1.47,0.52,-2.02,1.47,1.47,0.37,False,False,False,True,False,1.0473,1.4948,5,25,3,7,1,48,,,,,,,,,,,,,,False,N,1
823702,2026-06-01,MIN,CWS,pitch,ad2ea559-4a0e-3ceb-ba47-e7b431892e74,2,13,0,1,671976,L,Tristan Peters,657746,R,Joe Ryan,CWS,MIN,145,142,Groundout,"Tristan Peters grounds out, first baseman Josh Bell to pitcher Joe Ryan.",Groundout,"{""homeRunBallparks"": 0}",2,3,2,3,X,In Play,hit_into_play,False,X,FF,4-Seam Fastball,"In play, out(s)",95.9,87.2,3.2,1.61,7.14,0.39,9,2368,12.8,12.4,-17.5,0.5558,2.0202,1.07,1.03,-1.46,1.07,1.07,0.37,True,True,False,True,False,0.5558,2.0202,6,26,12,7,1,49,68.2,10.0,0.06,0,62.26,100.66,64.8,-13.0,64.8,-13.0,,,,True,N,1
823702,2026-06-01,MIN,CWS,pitch,eeb4cb7d-af7b-3a86-9ef7-d1f24ca50491,2,14,0,2,700337,L,Edgar Quero,657746,R,Joe Ryan,CWS,MIN,145,142,Lineout,Edgar Quero lines out sharply to shortstop Tristan Gray.,Lineout,"{""homeRunBallparks"": 0}",0,0,0,0,X,In Play,hit_into_play,False,X,FF,4-Seam Fastball,"In play, out(s)",95.0,86.6,3.13,1.58,7.13,0.4,2,2330,14.2,13.0,-17.4,-0.1469,2.7824,1.18,1.08,-1.45,1.18,1.18,0.37,True,True,False,True,False,-0.1469,2.7824,1,27,13,8,1,50,68.3,195.0,0.77,0,-0.48,140.76,104.4,9.0,104.4,9.0,,,,True,N,1
823702,2026-06-01,MIN,CWS,pitch,a15901e7-bfb4-3ef9-a8cb-9c0a791da826,2,15,14,1,605170,L,Victor Caratini,689818,R,David Sandlin,MIN,CWS,142,145,Strikeout,Victor Caratini called out on strikes.,Strikeout,,0,0,0,0,S,Strike,called_strike,False,C,CU,Curveball,Called Strike,81.7,75.8,3.2,1.62,6.45,0.46,7,2638,2.6,-10.3,-51.1,-0.6525,2.0438,-0.22,-0.86,-4.26,2.6,-0.22,0.43,True,True,False,False,False,-0.6525,2.0438,1,24,7,7,1,51,,,,,,,,,,,,,,False,N,1
823702,2026-06-01,MIN,CWS,pitch,177b3a0c-4a9c-38d6-8b72-d8e054d3496f,2,15,14,1,605170,L,Victor Caratini,689818,R,David Sandlin,MIN,CWS,142,145,Strikeout,Victor Caratini called out on strikes.,Strikeout,,1,0,1,0,S,Strike,called_strike,False,C,CU,Curveball,Called Strike,83.7,76.8,3.2,1.62,6.58,0.45,4,2797,5.0,-13.1,-52.3,-0.5103,2.5557,-0.42,-1.09,-4.36,5.0,-0.42,0.42,True,True,False,False,False,-0.5103,2.5557,2,25,8,7,1,52,,,,,,,,,,,,,,False,N,1
823702,2026-06-01,MIN,CWS,pitch,b27c6210-c5ad-3c21-9f24-f2292087909b,2,15,14,1,605170,L,Victor Caratini,689818,R,David Sandlin,MIN,CWS,142,145,Strikeout,Victor Caratini called out on strikes.,Strikeout,,2,0,2,0,B,Ball,ball,False,B,CH,Changeup,Ball,93.4,86.4,3.2,1.62,6.66,0.4,13,1212,4.9,7.6,-23.5,-0.4153,1.3625,0.41,0.63,-1.96,0.41,0.41,0.38,False,False,False,False,False,-0.4153,1.3625,3,26,2,7,1,53,,,,,,,,,,,,,,False,N,1
823702,2026-06-01,MIN,CWS,pitch,51a665ed-eaa5-3ebc-8a95-06e8d9e6e145,2,15,14,1,605170,L,Victor Caratini,689818,R,David Sandlin,MIN,CWS,142,145,Strikeout,Victor Caratini called out on strikes.,Strikeout,,2,1,2,1,B,Ball,ball,False,B,CH,Changeup,Ball,90.7,83.0,3.2,1.62,6.55,0.42,11,1354,10.4,1.1,-32.2,-1.7229,2.8629,0.87,0.09,-2.68,0.87,0.87,0.39,False,False,False,False,False,-1.7229,2.8629,4,27,3,7,1,54,,,,,,,,,,,,,,False,N,1
823702,2026-06-01,MIN,CWS,pitch,4ad9cf84-9f65-3412-abbd-ad071ef823da,2,15,14,1,605170,L,Victor Caratini,689818,R,David Sandlin,MIN,CWS,142,145,Strikeout,Victor Caratini called out on strikes.,Strikeout,,2,2,2,2,B,Ball,ball,False,B,ST,Sweeper,Ball,87.5,81.1,3.2,1.62,6.53,0.43,14,2810,6.6,-12.7,-48.4,0.7103,1.302,-0.55,-1.06,-4.03,6.6,-0.55,0.4,False,False,False,False,False,0.7103,1.302,5,28,4,7,1,55,,,,,,,,,,,,,,False,N,1
823702,2026-06-01,MIN,CWS,pitch,2527a12c-c7fa-38b8-b87f-79958b3a9184,2,15,14,1,605170,L,Victor Caratini,689818,R,David Sandlin,MIN,CWS,142,145,Strikeout,Victor Caratini called out on strikes.,Strikeout,,2,3,2,3,S,Strike,called_strike,False,C,CU,Curveball,Called Strike,83.8,76.9,3.2,1.62,6.45,0.45,8,2780,5.4,-15.2,-54.5,0.0896,1.7716,-0.45,-1.27,-4.54,5.4,-0.45,0.42,True,True,False,False,False,0.0896,1.7716,6,29,9,7,1,56,,,,,,,,,,,,,,True,N,1
823702,2026-06-01,MIN,CWS,pitch,f9197f11-3ce2-3980-91ac-138703508ff0,2,16,0,1,807712,R,Luke Keaschall,689818,R,David Sandlin,MIN,CWS,142,145,Groundout,"Luke Keaschall grounds out, third baseman Miguel Vargas to first baseman Jacob Gonzalez.",Groundout,,0,0,0,0,S,Strike,called_strike,False,C,FC,Cutter,Called Strike,91.6,84.3,3.21,1.62,6.49,0.41,3,2368,2.5,8.4,-24.1,0.7005,2.8688,-0.21,0.7,-2.01,2.5,-0.21,0.39,True,True,False,True,False,0.7005,2.8688,1,30,7,8,1,57,23.8,,,,,,,,,,,,,False,N,1
823702,2026-06-01,MIN,CWS,pitch,dbbc7e8b-95e5-3156-a57a-5bae60ed8526,2,16,0,1,807712,R,Luke Keaschall,689818,R,David Sandlin,MIN,CWS,142,145,Groundout,"Luke Keaschall grounds out, third baseman Miguel Vargas to first baseman Jacob Gonzalez.",Groundout,,1,0,1,0,B,Ball,ball,False,B,FF,4-Seam Fastball,Ball,97.9,88.8,3.21,1.62,6.6,0.39,12,2335,3.4,15.4,-13.4,1.2749,3.1339,0.28,1.28,-1.12,0.28,0.28,0.36,False,False,False,True,False,1.2749,3.1339,2,31,7,8,1,58,,,,,,,,,,,,,,False,N,1
823702,2026-06-01,MIN,CWS,pitch,4223de15-d1ae-31fa-bfa2-475e590d22ec,2,16,0,1,807712,R,Luke Keaschall,689818,R,David Sandlin,MIN,CWS,142,145,Groundout,"Luke Keaschall grounds out, third baseman Miguel Vargas to first baseman Jacob Gonzalez.",Groundout,"{""homeRunBallparks"": 0}",1,1,1,1,X,In Play,hit_into_play,False,X,CU,Curveball,"In play, out(s)",83.4,77.0,3.21,1.62,6.54,0.45,9,2711,6.6,-13.2,-52.6,0.4169,1.6747,-0.55,-1.1,-4.38,6.6,-0.55,0.42,True,True,False,True,False,0.4169,1.6747,3,32,10,8,1,59,74.2,8.0,0.07,0,-63.15,102.2,82.3,-18.0,82.3,-18.0,,,,True,N,1
823702,2026-06-01,MIN,CWS,pitch,467003c5-1c77-32c4-b600-52c34b234ba2,2,17,0,2,656484,L,Tristan Gray,689818,R,David Sandlin,MIN,CWS,142,145,Pop Out,Tristan Gray pops out to third baseman Miguel Vargas.,Pop Out,,0,0,0,0,B,Ball,ball,False,B,CU,Curveball,Ball,82.9,76.9,3.26,1.64,6.47,0.45,11,2613,4.4,-8.4,-47.9,-0.7186,3.7711,-0.37,-0.7,-3.99,4.4,-0.37,0.42,False,False,False,True,False,-0.7186,3.7711,1,33,11,9,1,60,,,,,,,,,,,,,,False,N,1
823702,2026-06-01,MIN,CWS,pitch,56cfec4c-7082-3e46-8383-03d0f9efe225,2,17,0,2,656484,L,Tristan Gray,689818,R,David Sandlin,MIN,CWS,142,145,Pop Out,Tristan Gray pops out to third baseman Miguel Vargas.,Pop Out,"{""homeRunBallparks"": 0}",0,1,0,1,X,In Play,hit_into_play,False,X,CU,Curveball,"In play, out(s)",83.0,76.9,3.26,1.64,6.46,0.45,4,2752,4.3,-13.0,-52.4,-0.4076,2.308,-0.36,-1.08,-4.37,4.3,-0.36,0.42,True,True,False,True,False,-0.4076,2.308,2,34,12,9,1,61,74.8,71.0,0.0,0,10.68,77.01,76.3,73.0,76.3,73.0,,,,True,N,1
823702,2026-06-01,MIN,CWS,pitch,dd49d77b-1467-3cb3-b939-30015bbcbd46,3,18,0,1,807747,L,Rikuu Nishida,657746,R,Joe Ryan,CWS,MIN,145,142,Bunt Groundout,"Rikuu Nishida bunt grounds out softly, third baseman Brooks Lee to first baseman Josh Bell.",Bunt Groundout,,0,0,0,0,S,Strike,foul,False,F,FF,4-Seam Fastball,Foul,93.2,85.5,2.93,1.48,6.79,0.4,5,2265,15.1,13.4,-18.1,0.2358,2.2067,1.26,1.12,-1.51,1.26,1.26,0.38,True,True,False,True,False,0.2358,2.2067,1,28,14,9,1,62,64.0,,,,,,,,,,,,,False,N,1
823702,2026-06-01,MIN,CWS,pitch,89b267fd-a75c-3549-89da-2f368d85fe3b,3,18,0,1,807747,L,Rikuu Nishida,657746,R,Joe Ryan,CWS,MIN,145,142,Bunt Groundout,"Rikuu Nishida bunt grounds out softly, third baseman Brooks Lee to first baseman Josh Bell.",Bunt Groundout,"{""homeRunBallparks"": 0}",1,0,1,0,X,In Play,hit_into_play,False,X,FF,4-Seam Fastball,"In play, out(s)",94.4,86.1,2.93,1.48,7.06,0.4,12,2226,14.0,14.5,-16.2,0.734,3.2986,1.17,1.21,-1.35,1.17,1.17,0.38,False,False,False,True,False,0.734,3.2986,2,29,15,9,1,63,2.2,37.0,0.31,0,-20.92,44.23,32.0,11.0,32.0,11.0,,,,True,N,1
823702,2026-06-01,MIN,CWS,pitch,a34ef27c-6703-3994-95fd-fb99f94ee59e,3,19,34,1,803011,L,Sam Antonacci,657746,R,Joe Ryan,CWS,MIN,145,142,Double,Sam Antonacci doubles (6) on a line drive to right fielder Austin Martin.,Double,,0,0,0,0,B,Ball,ball,False,B,ST,Sweeper,Ball,81.9,74.8,3.15,1.59,6.75,0.46,11,2743,7.7,-1.8,-42.7,-0.3242,3.2887,-0.64,-0.15,-3.56,7.7,-0.64,0.43,False,False,False,False,False,-0.3242,3.2887,1,30,5,10,2,64,,,,,,,,,,,,,,False,N,1
823702,2026-06-01,MIN,CWS,pitch,28f98397-aead-3aef-be74-5d7495a41438,3,19,34,1,803011,L,Sam Antonacci,657746,R,Joe Ryan,CWS,MIN,145,142,Double,Sam Antonacci doubles (6) on a line drive to right fielder Austin Martin.,Double,,0,1,0,1,S,Strike,called_strike,False,C,KC,Knuckle Curve,Called Strike,78.8,72.2,3.15,1.59,6.32,0.48,7,2781,12.6,-7.6,-52.0,-0.3279,1.5436,-1.05,-0.63,-4.33,12.6,-1.05,0.45,True,True,False,False,False,-0.3279,1.5436,2,31,5,10,2,65,,,,,,,,,,,,,,False,N,1
823702,2026-06-01,MIN,CWS,pitch,26c66b90-fada-3dd9-84b4-1956ac35d3b0,3,19,34,1,803011,L,Sam Antonacci,657746,R,Joe Ryan,CWS,MIN,145,142,Double,Sam Antonacci doubles (6) on a line drive to right fielder Austin Martin.,Double,"{""homeRunBallparks"": 0}",1,1,1,1,X,In Play,hit_into_play,False,D,KC,Knuckle Curve,"In play, no out",81.0,74.3,3.15,1.59,6.71,0.47,9,2828,10.7,-7.0,-48.8,0.6407,1.8127,-0.89,-0.58,-4.07,10.7,-0.89,0.44,True,True,False,False,False,0.6407,1.8127,3,32,6,10,2,66,73.9,199.0,0.99,0,177.14,175.96,90.4,15.0,90.4,15.0,,,,True,N,1
823702,2026-06-01,MIN,CWS,pitch,152295dd-e94c-3828-a27b-1a02b38bb152,3,20,0,1,678246,R,Miguel Vargas,657746,R,Joe Ryan,CWS,MIN,145,142,Flyout,Miguel Vargas flies out to right fielder Austin Martin. Sam Antonacci to 3rd.,Flyout,,0,0,0,0,B,Ball,ball,False,B,ST,Sweeper,Ball,81.9,75.6,3.29,1.66,7.39,0.46,11,2856,10.9,1.4,-39.0,-0.9171,2.7411,-0.91,0.12,-3.25,10.9,-0.91,0.43,False,False,False,True,False,-0.9171,2.7411,1,33,6,11,2,67,,,,,,,,,,,,True,,False,N,1
823702,2026-06-01,MIN,CWS,pitch,382f4d86-4521-3b3a-8570-618e0aa4a704,3,20,0,1,678246,R,Miguel Vargas,657746,R,Joe Ryan,CWS,MIN,145,142,Flyout,Miguel Vargas flies out to right fielder Austin Martin. Sam Antonacci to 3rd.,Flyout,,0,1,0,1,B,Ball,ball,False,B,FF,4-Seam Fastball,Ball,94.8,86.6,3.29,1.66,7.15,0.4,12,2365,11.8,15.6,-15.0,1.0059,2.7557,0.98,1.3,-1.25,0.98,0.98,0.37,False,False,False,True,False,1.0059,2.7557,2,34,16,11,2,68,,,,,,,,,,,,True,,False,N,1
823702,2026-06-01,MIN,CWS,pitch,7aeb5418-e712-3e44-9900-b2b49b6e3b8d,3,20,0,1,678246,R,Miguel Vargas,657746,R,Joe Ryan,CWS,MIN,145,142,Flyout,Miguel Vargas flies out to right fielder Austin Martin. Sam Antonacci to 3rd.,Flyout,"{""homeRunBallparks"": 0}",0,2,0,2,X,In Play,hit_into_play,False,X,ST,Sweeper,"In play, out(s)",80.6,74.1,3.29,1.66,6.81,0.47,2,2966,13.8,1.2,-40.9,0.1443,3.0357,-1.15,0.1,-3.41,13.8,-1.15,0.44,True,True,False,True,False,0.1443,3.0357,3,35,7,11,2,69,74.0,305.0,0.01,0,214.02,218.98,90.4,41.0,90.4,41.0,,True,,True,N,1
823702,2026-06-01,MIN,CWS,pitch,35ec3374-6189-3fbd-ab7c-1cf15c5d9ba2,3,21,70,2,643217,L,Andrew Benintendi,657746,R,Joe Ryan,CWS,MIN,145,142,Single,Andrew Benintendi singles on a line drive to right fielder Austin Martin. Sam Antonacci scores.,Single,,0,0,0,0,B,Ball,ball,False,B,ST,Sweeper,Ball,83.3,77.1,3.07,1.55,7.03,0.45,14,2833,9.1,0.7,-38.5,1.1312,1.6045,-0.76,0.06,-3.21,9.1,-0.76,0.42,False,False,False,False,False,1.1312,1.6045,1,36,8,12,2,70,,,,,,,,,,,,,True,False,N,1
823702,2026-06-01,MIN,CWS,pitch,7cd22936-09d3-3ffe-bbb5-e640806ac9ba,3,21,70,2,643217,L,Andrew Benintendi,657746,R,Joe Ryan,CWS,MIN,145,142,Single,Andrew Benintendi singles on a line drive to right fielder Austin Martin. Sam Antonacci scores.,Single,,0,1,0,1,S,Strike,called_strike,False,C,FF,4-Seam Fastball,Called Strike,96.1,86.6,3.07,1.55,7.03,0.39,1,2412,12.0,16.3,-13.7,-0.7157,2.6655,1.0,1.36,-1.14,1.0,1.0,0.37,True,True,False,False,False,-0.7157,2.6655,2,37,17,12,2,71,,,,,,,,,,,,,True,False,N,1
823702,2026-06-01,MIN,CWS,pitch,678352db-cb2b-3a3f-bae6-bf2c0d56c661,3,21,70,2,643217,L,Andrew Benintendi,657746,R,Joe Ryan,CWS,MIN,145,142,Single,Andrew Benintendi singles on a line drive to right fielder Austin Martin. Sam Antonacci scores.,Single,,1,1,1,1,S,Strike,foul,False,F,FF,4-Seam Fastball,Foul,95.5,85.8,3.07,1.55,7.31,0.4,2,2405,12.5,17.8,-12.7,0.0757,3.1458,1.04,1.48,-1.06,1.04,1.04,0.37,True,True,False,False,False,0.0757,3.1458,3,38,18,12,2,72,65.2,,,,,,,,,,,,True,False,N,1
823702,2026-06-01,MIN,CWS,pitch,bab191a1-4568-3394-a45f-3ce1b248c198,3,21,70,2,643217,L,Andrew Benintendi,657746,R,Joe Ryan,CWS,MIN,145,142,Single,Andrew Benintendi singles on a line drive to right fielder Austin Martin. Sam Antonacci scores.,Single,,2,1,2,1,S,Strike,foul,False,F,FF,4-Seam Fastball,Foul,96.0,87.1,3.07,1.55,7.09,0.39,1,2475,14.3,12.5,-17.4,-0.4127,2.7774,1.19,1.04,-1.45,1.19,1.19,0.37,True,True,False,False,False,-0.4127,2.7774,4,39,19,12,2,73,71.1,,,,,,,,,,,,True,False,N,1
823702,2026-06-01,MIN,CWS,pitch,05026919-4e62-3f26-8e4f-914ff4b7e7eb,3,21,70,2,643217,L,Andrew Benintendi,657746,R,Joe Ryan,CWS,MIN,145,142,Single,Andrew Benintendi singles on a line drive to right fielder Austin Martin. Sam Antonacci scores.,Single,,2,1,2,1,B,Ball,ball,False,B,FF,4-Seam Fastball,Ball,96.0,86.5,3.07,1.55,7.28,0.39,12,2328,10.6,15.0,-15.1,0.1627,3.8798,0.88,1.25,-1.26,0.88,0.88,0.37,False,False,False,False,False,0.1627,3.8798,5,40,20,12,2,74,,,,,,,,,,,,,True,False,N,1
823702,2026-06-01,MIN,CWS,pitch,94cc5d7a-a8bf-3fe0-a52e-3153630bf630,3,21,70,2,643217,L,Andrew Benintendi,657746,R,Joe Ryan,CWS,MIN,145,142,Single,Andrew Benintendi singles on a line drive to right fielder Austin Martin. Sam Antonacci scores.,Single,,2,2,2,2,B,Ball,blocked_ball,False,*B,FS,Splitter,Ball In Dirt,91.2,83.3,3.07,1.55,7.13,0.41,14,2063,17.8,-1.1,-34.3,0.0562,0.2516,1.48,-0.09,-2.86,1.48,1.48,0.39,False,False,False,False,False,0.0562,0.2516,6,41,2,12,2,75,,,,,,,,,,,,,True,False,N,1
823702,2026-06-01,MIN,CWS,pitch,63f8866d-d741-3a38-9f24-2af6fec2bd5b,3,21,70,2,643217,L,Andrew Benintendi,657746,R,Joe Ryan,CWS,MIN,145,142,Single,Andrew Benintendi singles on a line drive to right fielder Austin Martin. Sam Antonacci scores.,Single,"{""homeRunBallparks"": 0}",2,3,2,3,X,In Play,hit_into_play,False,E,ST,Sweeper,"In play, run(s)",82.0,74.8,3.07,1.55,6.67,0.46,5,2807,17.0,2.2,-38.9,0.1043,2.5047,-1.42,0.18,-3.24,17.0,-1.42,0.43,True,True,False,False,False,0.1043,2.5047,7,42,9,12,2,76,72.4,165.0,0.78,0,130.38,238.24,99.1,10.0,99.1,10.0,,,True,True,N,1
823702,2026-06-01,MIN,CWS,pitch,4a9047ba-e9ea-38cb-87b2-8ae3ff560234,3,22,14,2,695657,L,Colson Montgomery,657746,R,Joe Ryan,CWS,MIN,145,142,Strikeout,Colson Montgomery called out on strikes.,Strikeout,,0,0,0,0,S,Strike,swinging_strike,True,S,FF,4-Seam Fastball,Swinging Strike,95.4,86.4,3.34,1.69,7.26,0.4,5,2324,16.2,13.3,-17.0,-0.178,2.6947,1.35,1.11,-1.42,1.35,1.35,0.37,True,True,False,False,False,-0.178,2.6947,1,43,21,13,2,77,75.9,,,,,,,,,,,,,False,N,1
823702,2026-06-01,MIN,CWS,pitch,7aeb7f9f-443a-310b-a8b2-700a4e4c7e4d,3,22,14,2,695657,L,Colson Montgomery,657746,R,Joe Ryan,CWS,MIN,145,142,Strikeout,Colson Montgomery called out on strikes.,Strikeout,,1,0,1,0,S,Strike,called_strike,False,C,FF,4-Seam Fastball,Called Strike,95.1,86.1,3.34,1.69,7.09,0.4,6,2275,17.0,12.0,-18.6,0.4136,2.8118,1.42,1.0,-1.55,1.42,1.42,0.37,True,True,False,False,False,0.4136,2.8118,2,44,22,13,2,78,,,,,,,,,,,,,,False,N,1
823702,2026-06-01,MIN,CWS,pitch,9be066ff-ff3d-3158-8293-2f75345a5c85,3,22,14,2,695657,L,Colson Montgomery,657746,R,Joe Ryan,CWS,MIN,145,142,Strikeout,Colson Montgomery called out on strikes.,Strikeout,,2,0,2,0,S,Strike,called_strike,False,C,FF,4-Seam Fastball,Called Strike,95.3,86.1,3.34,1.69,7.13,0.4,6,2324,15.5,14.8,-15.7,0.6209,2.6798,1.29,1.23,-1.31,1.29,1.29,0.37,True,True,False,False,False,0.6209,2.6798,3,45,23,13,2,79,,,,,,,,,,,,,,True,N,1
823702,2026-06-01,MIN,CWS,pitch,fa31fd55-6e12-3262-9679-f8457b3c2a02,3,23,0,1,621439,R,Byron Buxton,689818,R,David Sandlin,MIN,CWS,142,145,Lineout,Byron Buxton lines out to left fielder Sam Antonacci.,Lineout,,0,0,0,0,S,Strike,swinging_strike,True,S,ST,Sweeper,Swinging Strike,83.3,76.7,3.26,1.64,6.52,0.45,14,2582,4.8,-2.4,-42.0,1.3564,1.2131,-0.4,-0.2,-3.5,4.8,-0.4,0.43,False,False,False,True,False,1.3564,1.2131,1,35,5,10,2,80,68.7,,,,,,,,,,,,,False,N,1
823702,2026-06-01,MIN,CWS,pitch,e9841ebc-f027-3477-96f0-413ea86d62e0,3,23,0,1,621439,R,Byron Buxton,689818,R,David Sandlin,MIN,CWS,142,145,Lineout,Byron Buxton lines out to left fielder Sam Antonacci.,Lineout,,1,0,1,0,S,Strike,foul,False,F,SI,Sinker,Foul,95.2,86.8,3.26,1.64,6.46,0.4,11,2285,14.2,15.2,-15.0,-0.5389,3.4555,1.18,1.27,-1.25,1.18,1.18,0.37,False,False,False,True,False,-0.5389,3.4555,2,36,2,10,2,81,34.3,,,,,,,,,,,,,False,N,1
823702,2026-06-01,MIN,CWS,pitch,d6a1a27b-8e1c-3159-aab4-d9a2f773570c,3,23,0,1,621439,R,Byron Buxton,689818,R,David Sandlin,MIN,CWS,142,145,Lineout,Byron Buxton lines out to left fielder Sam Antonacci.,Lineout,,2,0,2,0,S,Strike,foul,False,F,ST,Sweeper,Foul,86.4,80.0,3.26,1.64,6.67,0.44,14,2866,12.0,-1.9,-38.5,1.3574,1.4383,-1.0,-0.16,-3.21,12.0,-1.0,0.41,False,False,False,True,False,1.3574,1.4383,3,37,6,10,2,82,69.9,,,,,,,,,,,,,False,N,1
823702,2026-06-01,MIN,CWS,pitch,54f5488e-6fb3-3dcf-87e1-bf1af001eda4,3,23,0,1,621439,R,Byron Buxton,689818,R,David Sandlin,MIN,CWS,142,145,Lineout,Byron Buxton lines out to left fielder Sam Antonacci.,Lineout,"{""homeRunBallparks"": 0}",2,0,2,0,X,In Play,hit_into_play,False,X,ST,Sweeper,"In play, out(s)",83.7,76.8,3.26,1.64,6.63,0.45,8,2765,16.3,-5.4,-44.8,0.0376,1.5381,-1.36,-0.45,-3.73,16.3,-1.36,0.42,True,True,False,True,False,0.0376,1.5381,4,38,7,10,2,83,74.8,273.0,0.45,0,-142.86,231.11,81.0,24.0,81.0,24.0,,,,True,N,1
823702,2026-06-01,MIN,CWS,pitch,c963aed9-f83d-3c34-9ea8-108702537367,3,24,0,1,686797,L,Brooks Lee,689818,R,David Sandlin,MIN,CWS,142,145,Walk,Brooks Lee walks.,Walk,,0,0,0,0,B,Ball,ball,False,B,CU,Curveball,Ball,83.1,76.3,3.21,1.62,6.57,0.45,13,2674,1.1,-11.0,-50.9,-1.2133,1.1812,-0.09,-0.92,-4.24,1.1,-0.09,0.43,False,False,False,False,False,-1.2133,1.1812,1,39,13,11,2,84,,,,,,,,,,,,,,False,N,1
823702,2026-06-01,MIN,CWS,pitch,1204faf1-5796-3f2f-8363-3eef71cecd32,3,24,0,1,686797,L,Brooks Lee,689818,R,David Sandlin,MIN,CWS,142,145,Walk,Brooks Lee walks.,Walk,,0,1,0,1,B,Ball,ball,False,B,CU,Curveball,Ball,82.8,75.9,3.21,1.62,6.43,0.46,13,2604,1.9,-8.4,-48.5,-1.3302,2.1666,-0.16,-0.7,-4.04,1.9,-0.16,0.43,False,False,False,False,False,-1.3302,2.1666,2,40,14,11,2,85,,,,,,,,,,,,,,False,N,1
823702,2026-06-01,MIN,CWS,pitch,5a1ef1e3-e648-300c-8804-894ce75dbad2,3,24,0,1,686797,L,Brooks Lee,689818,R,David Sandlin,MIN,CWS,142,145,Walk,Brooks Lee walks.,Walk,,0,2,0,2,B,Ball,ball,False,B,CU,Curveball,Ball,81.6,74.5,3.21,1.62,6.48,0.46,11,2619,3.1,-12.1,-53.5,-0.6108,3.5622,-0.26,-1.01,-4.46,3.1,-0.26,0.43,False,False,False,False,False,-0.6108,3.5622,3,41,15,11,2,86,,,,,,,,,,,,,,False,N,1
823702,2026-06-01,MIN,CWS,pitch,75cf719f-720e-3b69-a896-2433a85bdfa8,3,24,0,1,686797,L,Brooks Lee,689818,R,David Sandlin,MIN,CWS,142,145,Walk,Brooks Lee walks.,Walk,,0,3,0,3,B,Ball,ball,False,B,FF,4-Seam Fastball,Ball,95.8,87.5,3.21,1.62,6.47,0.39,11,2352,2.3,14.5,-15.2,-1.2535,2.9346,0.19,1.21,-1.27,0.19,0.19,0.37,False,False,False,False,False,-1.2535,2.9346,4,42,8,11,2,87,,,,,,,,,,,,,,True,N,1
823702,2026-06-01,MIN,CWS,pitch,02cd5d6b-c594-3418-848d-e4ae2f97621b,3,25,8,1,665019,L,Kody Clemens,689818,R,David Sandlin,MIN,CWS,142,145,Fielders Choice Out,"Kody Clemens reaches on a fielder's choice out, first baseman Jacob Gonzalez to shortstop Colson Montgomery. Brooks Lee out at 2nd. Kody Clemens out at 2nd. Kody Clemens out at 2nd, first baseman Jacob Gonzalez to shortstop Colson Montgomery.",Fielders Choice Out,"{""homeRunBallparks"": 0}",0,0,0,0,X,In Play,hit_into_play,False,X,FC,Cutter,"In play, out(s)",91.8,84.3,3.21,1.62,6.45,0.41,2,2349,3.0,8.2,-24.2,0.2532,2.8477,-0.25,0.68,-2.02,3.0,-0.25,0.38,True,True,False,True,False,0.2532,2.8477,1,43,8,12,2,88,66.2,4.0,0.09,0,58.31,70.91,77.4,-40.0,77.4,-40.0,True,,,True,N,1
823702,2026-06-01,MIN,CWS,pitch,7d067ec2-8f7b-3875-bcc7-f5df5b2b33c6,4,26,34,0,805367,R,Chase Meidroth,657746,R,Joe Ryan,CWS,MIN,145,142,Double,Chase Meidroth hits a ground-rule double (12) on a fly ball to left-center field.,Double,,0,0,0,0,B,Ball,ball,False,B,FF,4-Seam Fastball,Ball,93.9,85.3,3.07,1.55,6.93,0.4,12,2314,10.7,16.1,-15.1,0.8909,3.97,0.89,1.34,-1.26,0.89,0.89,0.38,False,False,False,False,False,0.8909,3.97,1,46,24,14,2,89,,,,,,,,,,,,,,False,N,1
823702,2026-06-01,MIN,CWS,pitch,1e0beae0-1499-3cda-9239-86832f276de6,4,26,34,0,805367,R,Chase Meidroth,657746,R,Joe Ryan,CWS,MIN,145,142,Double,Chase Meidroth hits a ground-rule double (12) on a fly ball to left-center field.,Double,"{""homeRunBallparks"": 0}",0,1,0,1,X,In Play,hit_into_play,False,D,FF,4-Seam Fastball,"In play, no out",93.1,84.5,3.07,1.55,6.95,0.41,5,2251,15.0,12.8,-19.0,0.0444,2.5733,1.25,1.07,-1.58,1.25,1.25,0.38,True,True,False,False,False,0.0444,2.5733,2,47,25,14,2,90,64.3,377.0,0.24,0,-72.79,369.68,95.9,29.0,95.9,29.0,,,,True,N,1
823702,2026-06-01,MIN,CWS,pitch,c4eced76-56ae-3462-b51b-effeb982352e,4,27,14,1,694378,L,Jacob Gonzalez,657746,R,Joe Ryan,CWS,MIN,145,142,Strikeout,Jacob Gonzalez strikes out swinging.,Strikeout,,0,0,0,0,S,Strike,foul,False,F,KC,Knuckle Curve,Foul,80.3,73.5,3.29,1.66,6.96,0.47,14,2846,9.8,-6.1,-48.8,1.005,1.9904,-0.82,-0.51,-4.07,9.8,-0.82,0.44,False,False,False,False,False,1.005,1.9904,1,48,7,15,2,91,81.8,,,,,,,,,,,,,False,N,1
823702,2026-06-01,MIN,CWS,pitch,ce0611db-79da-3d0c-99ae-6165724b3b9b,4,27,14,1,694378,L,Jacob Gonzalez,657746,R,Joe Ryan,CWS,MIN,145,142,Strikeout,Jacob Gonzalez strikes out swinging.,Strikeout,,1,0,1,0,B,Ball,ball,False,B,FS,Splitter,Ball,87.1,78.8,3.29,1.66,6.97,0.44,14,1895,17.3,-1.9,-38.6,0.7784,1.2278,1.44,-0.16,-3.22,1.44,1.44,0.41,False,False,False,False,False,0.7784,1.2278,2,49,3,15,2,92,,,,,,,,,,,,,,False,N,1
823702,2026-06-01,MIN,CWS,pitch,e224f5d2-5f87-39f7-9942-759b37502522,4,27,14,1,694378,L,Jacob Gonzalez,657746,R,Joe Ryan,CWS,MIN,145,142,Strikeout,Jacob Gonzalez strikes out swinging.,Strikeout,,1,1,1,1,S,Strike,foul,False,F,FS,Splitter,Foul,89.0,80.8,3.29,1.66,6.98,0.43,9,2243,18.2,2.0,-32.9,0.3475,1.8091,1.52,0.17,-2.74,1.52,1.52,0.4,True,True,False,False,False,0.3475,1.8091,3,50,4,15,2,93,77.3,,,,,,,,,,,,,False,N,1
823702,2026-06-01,MIN,CWS,pitch,aae4b56f-326f-33fa-b067-bddbc869391f,4,27,14,1,694378,L,Jacob Gonzalez,657746,R,Joe Ryan,CWS,MIN,145,142,Strikeout,Jacob Gonzalez strikes out swinging.,Strikeout,,2,1,2,1,S,Strike,swinging_strike,True,S,FF,4-Seam Fastball,Swinging Strike,95.2,86.1,3.29,1.66,7.07,0.4,11,2361,12.7,15.5,-15.0,-0.6395,3.5496,1.06,1.29,-1.25,1.06,1.06,0.37,False,False,False,False,False,-0.6395,3.5496,4,51,26,15,2,94,65.3,,,,,,,,,,,,,True,N,1
823702,2026-06-01,MIN,CWS,pitch,6e6dca67-81ff-3180-8df9-197f3c3b09ba,4,28,0,1,671976,L,Tristan Peters,657746,R,Joe Ryan,CWS,MIN,145,142,Groundout,"Tristan Peters grounds out, third baseman Brooks Lee to first baseman Josh Bell. Chase Meidroth to 3rd.",Groundout,,0,0,0,0,S,Strike,foul,False,F,KC,Knuckle Curve,Foul,80.2,73.1,3.2,1.61,6.92,0.47,6,2799,11.8,-10.7,-53.9,0.714,2.171,-0.98,-0.89,-4.49,11.8,-0.98,0.44,True,True,False,True,False,0.714,2.171,1,52,8,16,2,95,73.1,,,,,,,,,,,True,,False,N,1
823702,2026-06-01,MIN,CWS,pitch,e6a7627c-9d27-3cb4-9d88-ed805f52046a,4,28,0,1,671976,L,Tristan Peters,657746,R,Joe Ryan,CWS,MIN,145,142,Groundout,"Tristan Peters grounds out, third baseman Brooks Lee to first baseman Josh Bell. Chase Meidroth to 3rd.",Groundout,"{""homeRunBallparks"": 0}",1,0,1,0,X,In Play,hit_into_play,False,X,FF,4-Seam Fastball,"In play, out(s)",95.0,86.0,3.2,1.61,7.1,0.4,11,2277,14.4,11.4,-19.2,-1.16,3.4569,1.2,0.95,-1.6,1.2,1.2,0.37,False,False,False,True,False,-1.16,3.4569,2,53,27,16,2,96,36.5,22.0,0.08,0,-35.19,70.74,61.4,-7.0,61.4,-7.0,,True,,True,N,1
823702,2026-06-01,MIN,CWS,pitch,08dc7ae7-d8ef-38ce-810d-c9cf5103aed8,4,29,14,2,700337,L,Edgar Quero,657746,R,Joe Ryan,CWS,MIN,145,142,Strikeout,Edgar Quero strikes out swinging.,Strikeout,,0,0,0,0,B,Ball,ball,False,B,FF,4-Seam Fastball,Ball,94.7,86.3,3.13,1.58,7.19,0.4,11,2291,15.1,12.7,-17.9,-1.0161,3.9424,1.26,1.06,-1.49,1.26,1.26,0.37,False,False,False,False,False,-1.0161,3.9424,1,54,28,17,2,97,,,,,,,,,,,,,,False,N,1
823702,2026-06-01,MIN,CWS,pitch,e9554037-c9aa-3934-b7db-d910275e2bf1,4,29,14,2,700337,L,Edgar Quero,657746,R,Joe Ryan,CWS,MIN,145,142,Strikeout,Edgar Quero strikes out swinging.,Strikeout,,0,1,0,1,B,Ball,ball,False,B,KC,Knuckle Curve,Ball,79.2,72.0,3.13,1.58,6.81,0.48,11,2814,14.3,-5.0,-49.1,-0.8558,4.373,-1.19,-0.42,-4.09,14.3,-1.19,0.45,False,False,False,False,False,-0.8558,4.373,2,55,9,17,2,98,,,,,,,,,,,,,,False,N,1
823702,2026-06-01,MIN,CWS,pitch,35b51dd2-f1d0-380d-a39f-ca48365559b9,4,29,14,2,700337,L,Edgar Quero,657746,R,Joe Ryan,CWS,MIN,145,142,Strikeout,Edgar Quero strikes out swinging.,Strikeout,,0,2,0,2,S,Strike,swinging_strike,True,S,SI,Sinker,Swinging Strike,94.7,86.9,3.13,1.58,7.06,0.4,1,2163,17.0,10.0,-20.4,-0.6291,3.0117,1.42,0.83,-1.7,1.42,1.42,0.37,True,True,False,False,False,-0.6291,3.0117,3,56,4,17,2,99,68.5,,,,,,,,,,,,,False,N,1
823702,2026-06-01,MIN,CWS,pitch,7f5d1d06-f7fc-3f4e-9d4a-53a52e5ee640,4,29,14,2,700337,L,Edgar Quero,657746,R,Joe Ryan,CWS,MIN,145,142,Strikeout,Edgar Quero strikes out swinging.,Strikeout,,1,2,1,2,S,Strike,called_strike,False,C,FF,4-Seam Fastball,Called Strike,95.1,86.8,3.13,1.58,7.28,0.4,6,2398,13.7,15.6,-14.8,0.7133,2.4227,1.14,1.3,-1.23,1.14,1.14,0.37,True,True,False,False,False,0.7133,2.4227,4,57,29,17,2,100,,,,,,,,,,,,,,False,N,1
823702,2026-06-01,MIN,CWS,pitch,a6981778-df57-3fa8-9722-f64575265dbe,4,29,14,2,700337,L,Edgar Quero,657746,R,Joe Ryan,CWS,MIN,145,142,Strikeout,Edgar Quero strikes out swinging.,Strikeout,,2,2,2,2,S,Strike,foul,False,F,FF,4-Seam Fastball,Foul,96.0,87.6,3.13,1.58,7.2,0.39,11,2420,14.5,14.2,-15.5,-0.2521,3.326,1.21,1.18,-1.29,1.21,1.21,0.37,False,False,False,False,False,-0.2521,3.326,5,58,30,17,2,101,65.9,,,,,,,,,,,,,False,N,1
823702,2026-06-01,MIN,CWS,pitch,18dd509d-cfd7-3ccd-bb06-4645949dc16e,4,29,14,2,700337,L,Edgar Quero,657746,R,Joe Ryan,CWS,MIN,145,142,Strikeout,Edgar Quero strikes out swinging.,Strikeout,,2,2,2,2,S,Strike,foul,False,F,KC,Knuckle Curve,Foul,81.6,75.2,3.13,1.58,6.69,0.46,14,2778,12.6,-8.0,-49.2,0.3482,1.2188,-1.05,-0.67,-4.1,12.6,-1.05,0.43,False,False,False,False,False,0.3482,1.2188,6,59,10,17,2,102,69.4,,,,,,,,,,,,,False,N,1
823702,2026-06-01,MIN,CWS,pitch,c28cec67-177d-3c46-91c8-a1c9200b0737,4,29,14,2,700337,L,Edgar Quero,657746,R,Joe Ryan,CWS,MIN,145,142,Strikeout,Edgar Quero strikes out swinging.,Strikeout,,2,2,2,2,S,Strike,swinging_strike,True,S,FF,4-Seam Fastball,Swinging Strike,96.1,87.9,3.13,1.58,7.53,0.39,11,2281,11.8,12.8,-16.8,-0.2476,3.2705,0.98,1.07,-1.4,0.98,0.98,0.37,False,False,False,False,False,-0.2476,3.2705,7,60,31,17,2,103,67.2,,,,,,,,,,,,,True,N,1
823702,2026-06-01,MIN,CWS,pitch,c242da9c-0574-3e67-9594-3e94f36315fa,4,30,34,0,605137,L,Josh Bell,689818,R,David Sandlin,MIN,CWS,142,145,Double,Josh Bell doubles (11) on a fly ball to right fielder Rikuu Nishida.,Double,"{""homeRunBallparks"": 22}",0,0,0,0,X,In Play,hit_into_play,False,D,FC,Cutter,"In play, no out",91.1,84.2,3.34,1.68,6.44,0.41,6,2365,3.1,8.8,-24.0,0.6446,2.578,-0.26,0.73,-2.0,3.1,-0.26,0.39,True,True,False,False,False,0.6446,2.578,1,44,9,13,2,104,77.6,403.0,0.92,1,79.06,359.17,105.8,24.0,105.8,24.0,,,,True,N,1
823702,2026-06-01,MIN,CWS,pitch,ce24b7d9-3950-3d5d-9b91-39da66f38ed5,4,31,33,0,663616,L,Trevor Larnach,689818,R,David Sandlin,MIN,CWS,142,145,Single,Trevor Larnach singles on a ground ball to shortstop Colson Montgomery. Josh Bell to 3rd.,Single,,0,0,0,0,S,Strike,called_strike,False,C,CU,Curveball,Called Strike,80.6,74.2,3.32,1.68,6.32,0.47,5,2489,7.9,-6.0,-48.1,-0.158,2.5114,-0.66,-0.5,-4.01,7.9,-0.66,0.44,True,True,False,False,False,-0.158,2.5114,1,45,16,14,2,105,,,,,,,,,,,,True,,False,N,1
823702,2026-06-01,MIN,CWS,pitch,7a63872f-7444-37c9-9a34-6f51daeb6b48,4,31,33,0,663616,L,Trevor Larnach,689818,R,David Sandlin,MIN,CWS,142,145,Single,Trevor Larnach singles on a ground ball to shortstop Colson Montgomery. Josh Bell to 3rd.,Single,,1,0,1,0,S,Strike,swinging_strike,True,S,FF,4-Seam Fastball,Swinging Strike,95.6,87.1,3.32,1.68,6.45,0.39,12,2361,5.3,14.3,-15.6,0.067,4.1972,0.44,1.19,-1.3,0.44,0.44,0.37,False,False,False,False,False,0.067,4.1972,2,46,9,14,2,106,51.8,,,,,,,,,,,True,,False,N,1
823702,2026-06-01,MIN,CWS,pitch,1f271528-d73d-31cf-9ec6-ac676962ae12,4,31,33,0,663616,L,Trevor Larnach,689818,R,David Sandlin,MIN,CWS,142,145,Single,Trevor Larnach singles on a ground ball to shortstop Colson Montgomery. Josh Bell to 3rd.,Single,"{""homeRunBallparks"": 0}",2,0,2,0,X,In Play,hit_into_play,False,D,FF,4-Seam Fastball,"In play, no out",97.5,88.8,3.32,1.68,6.49,0.39,11,2494,7.2,14.6,-14.2,-0.4813,3.4679,0.6,1.22,-1.18,0.6,0.6,0.36,False,False,False,False,False,-0.4813,3.4679,3,47,10,14,2,107,59.4,5.0,0.04,0,-32.08,118.54,89.0,-35.0,89.0,-35.0,,True,,True,N,1
823702,2026-06-01,MIN,CWS,pitch,80e85110-8c42-333b-ae5d-0c1082309e23,4,32,0,1,668885,R,Austin Martin,689818,R,David Sandlin,MIN,CWS,142,145,Forceout,"Austin Martin grounds into a force out, pitcher David Sandlin to second baseman Chase Meidroth. Trevor Larnach out at 2nd. Austin Martin to 1st.",Forceout,,0,0,0,0,S,Strike,called_strike,False,C,FC,Cutter,Called Strike,92.5,85.6,3.13,1.58,6.54,0.41,12,2285,1.7,8.8,-22.9,0.9025,2.454,-0.14,0.73,-1.91,1.7,-0.14,0.38,False,False,False,True,False,0.9025,2.454,1,48,10,15,2,108,,,,,,,,,,,True,,,False,N,1
823702,2026-06-01,MIN,CWS,pitch,d39afb8e-e8b0-3018-976a-6005e8734a67,4,32,0,1,668885,R,Austin Martin,689818,R,David Sandlin,MIN,CWS,142,145,Forceout,"Austin Martin grounds into a force out, pitcher David Sandlin to second baseman Chase Meidroth. Trevor Larnach out at 2nd. Austin Martin to 1st.",Forceout,,1,0,1,0,B,Ball,ball,False,B,SI,Sinker,Ball,94.9,87.6,3.13,1.58,6.57,0.4,14,2183,11.6,16.2,-14.0,0.4154,1.0288,0.97,1.35,-1.17,0.97,0.97,0.37,False,False,False,True,False,0.4154,1.0288,2,49,3,15,2,109,,,,,,,,,,,True,,,False,N,1
823702,2026-06-01,MIN,CWS,pitch,c70e8340-551b-3fb4-b752-013644071485,4,32,0,1,668885,R,Austin Martin,689818,R,David Sandlin,MIN,CWS,142,145,Forceout,"Austin Martin grounds into a force out, pitcher David Sandlin to second baseman Chase Meidroth. Trevor Larnach out at 2nd. Austin Martin to 1st.",Forceout,,1,1,1,1,B,Ball,ball,False,B,FC,Cutter,Ball,91.3,84.3,3.13,1.58,6.48,0.41,14,2434,0.7,10.4,-22.3,1.1322,2.0414,-0.06,0.87,-1.86,0.7,-0.06,0.39,False,False,False,True,False,1.1322,2.0414,3,50,11,15,2,110,,,,,,,,,,,True,,,False,N,1
823702,2026-06-01,MIN,CWS,pitch,269ed012-5763-3750-a31e-6e57f699de0a,4,32,0,1,668885,R,Austin Martin,689818,R,David Sandlin,MIN,CWS,142,145,Forceout,"Austin Martin grounds into a force out, pitcher David Sandlin to second baseman Chase Meidroth. Trevor Larnach out at 2nd. Austin Martin to 1st.",Forceout,,1,2,1,2,S,Strike,called_strike,False,C,FF,4-Seam Fastball,Called Strike,96.3,87.8,3.13,1.58,6.64,0.39,9,2372,8.5,17.4,-12.2,0.6476,2.0241,0.71,1.45,-1.02,0.71,0.71,0.37,True,True,False,True,False,0.6476,2.0241,4,51,11,15,2,111,,,,,,,,,,,True,,,False,N,1
823702,2026-06-01,MIN,CWS,pitch,ce970490-79db-320a-93fb-4dd100711788,4,32,0,1,668885,R,Austin Martin,689818,R,David Sandlin,MIN,CWS,142,145,Forceout,"Austin Martin grounds into a force out, pitcher David Sandlin to second baseman Chase Meidroth. Trevor Larnach out at 2nd. Austin Martin to 1st.",Forceout,,2,2,2,2,B,Ball,ball,False,B,FC,Cutter,Ball,91.7,84.8,3.13,1.58,6.53,0.41,14,2458,3.5,8.6,-23.9,1.1797,1.484,-0.29,0.72,-1.99,3.5,-0.29,0.38,False,False,False,True,False,1.1797,1.484,5,52,12,15,2,112,,,,,,,,,,,True,,,False,N,1
823702,2026-06-01,MIN,CWS,pitch,f75a90be-7509-307c-bdd9-db697b7f8975,4,32,0,1,668885,R,Austin Martin,689818,R,David Sandlin,MIN,CWS,142,145,Forceout,"Austin Martin grounds into a force out, pitcher David Sandlin to second baseman Chase Meidroth. Trevor Larnach out at 2nd. Austin Martin to 1st.",Forceout,"{""homeRunBallparks"": 0}",2,3,2,3,X,In Play,hit_into_play,False,X,FC,Cutter,"In play, out(s)",91.9,85.1,3.13,1.58,6.51,0.41,14,2482,4.6,9.1,-23.2,1.1125,1.4861,-0.38,0.76,-1.93,4.6,-0.38,0.38,False,False,False,True,False,1.1125,1.4861,6,53,13,15,2,113,63.8,4.0,0.05,0,19.21,59.92,70.5,-25.0,70.5,-25.0,True,,,True,N,1
823702,2026-06-01,MIN,CWS,pitch,8c86091a-9be9-3dcf-b0d8-7ccedf170993,4,33,8,1,605170,L,Victor Caratini,689818,R,David Sandlin,MIN,CWS,142,145,Fielders Choice Out,"Victor Caratini reaches on a fielder's choice out, shortstop Colson Montgomery to catcher Edgar Quero. Josh Bell out at home. Austin Martin to 3rd.",Fielders Choice Out,,0,0,0,0,B,Ball,ball,False,B,FC,Cutter,Ball,91.5,84.3,3.2,1.62,6.44,0.41,11,2281,2.4,9.7,-22.7,-0.8381,4.5774,-0.2,0.81,-1.89,2.4,-0.2,0.38,False,False,False,True,False,-0.8381,4.5774,1,54,14,16,2,114,,,,,,,,,,,True,True,True,False,N,1
823702,2026-06-01,MIN,CWS,pitch,ca34755a-a2b5-3810-9bc4-d1a40b2dba78,4,33,8,1,605170,L,Victor Caratini,689818,R,David Sandlin,MIN,CWS,142,145,Fielders Choice Out,"Victor Caratini reaches on a fielder's choice out, shortstop Colson Montgomery to catcher Edgar Quero. Josh Bell out at home. Austin Martin to 3rd.",Fielders Choice Out,,0,1,0,1,S,Strike,called_strike,False,C,CU,Curveball,Called Strike,83.2,76.9,3.2,1.62,6.49,0.45,9,2608,0.0,-7.8,-47.3,0.3384,1.7352,0.0,-0.65,-3.94,0.0,0.0,0.42,True,True,False,True,False,0.3384,1.7352,2,55,17,16,2,115,,,,,,,,,,,True,True,True,False,N,1
823702,2026-06-01,MIN,CWS,pitch,80cfecd3-5803-3fcc-ad5b-5aa0d2c77cf7,4,33,8,1,605170,L,Victor Caratini,689818,R,David Sandlin,MIN,CWS,142,145,Fielders Choice Out,"Victor Caratini reaches on a fielder's choice out, shortstop Colson Montgomery to catcher Edgar Quero. Josh Bell out at home. Austin Martin to 3rd.",Fielders Choice Out,"{""homeRunBallparks"": 0}",1,1,1,1,X,In Play,hit_into_play,False,X,CU,Curveball,"In play, out(s)",82.5,76.7,3.2,1.62,6.51,0.45,13,2560,5.6,-11.6,-51.6,-0.6024,1.4336,-0.47,-0.97,-4.3,5.6,-0.47,0.43,False,False,False,True,False,-0.6024,1.4336,3,56,18,16,2,116,74.0,18.0,0.06,0,4.56,77.01,70.5,-6.0,70.5,-6.0,True,True,True,True,N,1
823702,2026-06-01,MIN,CWS,pitch,7c877bfd-023b-399e-b8aa-2144eb032380,4,34,0,2,807712,R,Luke Keaschall,689818,R,David Sandlin,MIN,CWS,142,145,Walk,Luke Keaschall walks. Victor Caratini to 2nd.,Walk,,0,0,0,0,B,Ball,ball,False,B,FC,Cutter,Ball,92.6,85.8,3.21,1.62,6.66,0.41,14,2353,2.5,9.2,-22.6,1.4857,1.6371,-0.21,0.77,-1.88,2.5,-0.21,0.38,False,False,False,False,False,1.4857,1.6371,1,57,15,17,2,117,,,,,,,,,,,True,,,False,N,1
823702,2026-06-01,MIN,CWS,pitch,1bfd2f18-6a4d-35e0-8de6-b68b0c891921,4,34,0,2,807712,R,Luke Keaschall,689818,R,David Sandlin,MIN,CWS,142,145,Walk,Luke Keaschall walks. Victor Caratini to 2nd.,Walk,,0,1,0,1,B,Ball,ball,False,B,CU,Curveball,Ball,83.3,76.8,3.21,1.62,6.54,0.45,14,2541,3.4,-7.7,-47.3,1.2571,1.5522,-0.28,-0.64,-3.94,3.4,-0.28,0.43,False,False,False,False,False,1.2571,1.5522,2,58,19,17,2,118,,,,,,,,,,,True,,,False,N,1
823702,2026-06-01,MIN,CWS,pitch,c5fd7a57-b354-3394-bc82-4027c07a5311,4,34,0,2,807712,R,Luke Keaschall,689818,R,David Sandlin,MIN,CWS,142,145,Walk,Luke Keaschall walks. Victor Caratini to 2nd.,Walk,,0,2,0,2,B,Ball,ball,False,B,FC,Cutter,Ball,92.0,84.7,3.21,1.62,6.48,0.41,12,2321,3.1,11.2,-21.0,0.8479,3.4187,-0.26,0.93,-1.75,3.1,-0.26,0.38,False,False,False,False,False,0.8479,3.4187,3,59,16,17,2,119,16.9,,,,,,,,,,True,,,False,N,1
823702,2026-06-01,MIN,CWS,pitch,4b24b796-f398-3f49-9c42-06041cf14bbc,4,34,0,2,807712,R,Luke Keaschall,689818,R,David Sandlin,MIN,CWS,142,145,Walk,Luke Keaschall walks. Victor Caratini to 2nd.,Walk,,0,3,0,3,B,Ball,ball,False,B,FC,Cutter,Ball,91.0,83.9,3.21,1.62,6.53,0.41,14,2442,3.6,10.1,-23.0,1.4934,1.3058,-0.3,0.84,-1.92,3.6,-0.3,0.39,False,False,False,False,False,1.4934,1.3058,4,60,17,17,2,120,,,,,,,,,,,True,,,True,N,1
823702,2026-06-01,MIN,CWS,pitch,245b0867-4bee-3bcf-9068-83449af04f69,4,35,95,2,656484,L,Tristan Gray,689818,R,David Sandlin,MIN,CWS,142,145,Home Run,Tristan Gray hits a grand slam (4) to right center field. Austin Martin scores. Victor Caratini scores. Luke Keaschall scores.,Home Run,,0,0,0,0,B,Ball,ball,False,B,CU,Curveball,Ball,81.5,75.4,3.26,1.64,6.51,0.46,7,2567,6.7,-8.3,-49.4,-0.6526,1.5513,-0.56,-0.69,-4.12,6.7,-0.56,0.43,True,True,False,False,False,-0.6526,1.5513,1,61,20,18,2,121,,,,,,,,,,,True,True,True,False,N,1
823702,2026-06-01,MIN,CWS,pitch,52188115-b93d-32dc-8574-facfc9f159fe,4,35,95,2,656484,L,Tristan Gray,689818,R,David Sandlin,MIN,CWS,142,145,Home Run,Tristan Gray hits a grand slam (4) to right center field. Austin Martin scores. Victor Caratini scores. Luke Keaschall scores.,Home Run,"{""homeRunBallparks"": 30}",0,1,0,1,X,In Play,hit_into_play,False,E,CU,Curveball,"In play, run(s)",82.5,75.8,3.26,1.64,6.52,0.46,9,2574,2.3,-9.0,-49.3,0.4607,1.7555,-0.19,-0.75,-4.11,2.3,-0.19,0.43,True,True,False,False,False,0.4607,1.7555,2,62,21,18,2,122,72.8,384.0,0.41,1,183.38,339.28,101.4,34.0,101.4,34.0,True,True,True,True,N,1
823702,2026-06-01,MIN,CWS,pitch,917fc879-6a7f-3758-a7b3-c34677f431cf,4,36,33,2,621439,R,Byron Buxton,689818,R,David Sandlin,MIN,CWS,142,145,Single,Byron Buxton singles on a line drive to left fielder Sam Antonacci.,Single,,0,0,0,0,B,Ball,ball,False,B,FF,4-Seam Fastball,Ball,96.8,88.0,3.26,1.64,6.54,0.39,12,2312,4.4,16.7,-12.7,1.2763,2.9451,0.37,1.39,-1.06,0.37,0.37,0.37,False,False,False,False,False,1.2763,2.9451,1,63,12,19,3,123,,,,,,,,,,,,,,False,N,1
823702,2026-06-01,MIN,CWS,pitch,3416838e-423d-34d3-8530-d9f9cad2f1a3,4,36,33,2,621439,R,Byron Buxton,689818,R,David Sandlin,MIN,CWS,142,145,Single,Byron Buxton singles on a line drive to left fielder Sam Antonacci.,Single,"{""homeRunBallparks"": 0}",0,1,0,1,X,In Play,hit_into_play,False,D,FC,Cutter,"In play, no out",90.4,83.2,3.26,1.64,6.54,0.42,9,2334,2.8,8.8,-24.7,0.4876,2.0335,-0.23,0.73,-2.06,2.8,-0.23,0.39,True,True,False,False,False,0.4876,2.0335,2,64,18,19,3,124,78.8,204.0,0.95,0,-114.66,166.31,84.7,17.0,84.7,17.0,,,,True,N,1
823702,2026-06-01,MIN,CWS,pitch,4e8b52be-8402-319f-9b9c-07a9100b36d1,4,37,14,2,686797,L,Brooks Lee,689818,R,David Sandlin,MIN,CWS,142,145,Strikeout,Brooks Lee called out on strikes.,Strikeout,,0,0,0,0,B,Ball,ball,False,B,FF,4-Seam Fastball,Ball,96.3,87.5,3.21,1.62,6.63,0.39,13,2457,8.2,18.6,-11.2,-0.8456,2.3024,0.68,1.55,-0.93,0.68,0.68,0.37,False,False,False,False,False,-0.8456,2.3024,1,65,13,20,3,125,,,,,,,,,,,True,,,False,N,1
823702,2026-06-01,MIN,CWS,pitch,02c8d46b-3249-3de7-ac30-0efbcbb5f368,4,37,14,2,686797,L,Brooks Lee,689818,R,David Sandlin,MIN,CWS,142,145,Strikeout,Brooks Lee called out on strikes.,Strikeout,,0,1,0,1,S,Strike,called_strike,False,C,FC,Cutter,Called Strike,90.9,84.0,3.21,1.62,6.43,0.41,5,2462,3.8,11.0,-21.8,-0.1179,2.6692,-0.32,0.92,-1.82,3.8,-0.32,0.39,True,True,False,False,False,-0.1179,2.6692,2,66,19,20,3,126,,,,,,,,,,,True,,,False,N,1
823702,2026-06-01,MIN,CWS,pitch,0c9d7172-fb24-3c4b-b363-0ef9d68913f5,4,37,14,2,686797,L,Brooks Lee,689818,R,David Sandlin,MIN,CWS,142,145,Strikeout,Brooks Lee called out on strikes.,Strikeout,,1,1,1,1,S,Strike,foul,False,F,ST,Sweeper,Foul,83.0,76.7,3.21,1.62,6.44,0.45,14,2567,7.2,-1.8,-41.5,0.698,1.2971,-0.6,-0.15,-3.46,7.2,-0.6,0.43,False,False,False,False,False,0.698,1.2971,3,67,8,20,3,127,71.5,,,,,,,,,,True,,,False,N,1
823702,2026-06-01,MIN,CWS,pitch,84fb49fa-c8e7-3f60-b723-0d4507acf907,4,37,14,2,686797,L,Brooks Lee,689818,R,David Sandlin,MIN,CWS,142,145,Strikeout,Brooks Lee called out on strikes.,Strikeout,,2,1,2,1,S,Strike,called_strike,False,C,FF,4-Seam Fastball,Called Strike,95.6,87.0,3.21,1.62,6.66,0.39,5,2353,4.7,19.4,-10.6,-0.0857,2.5924,0.39,1.62,-0.88,0.39,0.39,0.37,True,True,False,False,False,-0.0857,2.5924,4,68,14,20,3,128,,,,,,,,,,,True,,,True,N,1
823702,2026-06-01,MIN,CWS,pitch,5b77db4d-9cc5-3b6b-a948-be381e944ea7,5,38,33,0,807747,L,Rikuu Nishida,657746,R,Joe Ryan,CWS,MIN,145,142,Single,Rikuu Nishida singles on a ground ball to second baseman Luke Keaschall.,Single,,0,0,0,0,S,Strike,called_strike,False,C,FF,4-Seam Fastball,Called Strike,92.6,83.5,2.93,1.48,7.02,0.41,6,2177,13.2,14.6,-17.8,0.5372,2.0733,1.1,1.22,-1.48,1.1,1.1,0.38,True,True,False,False,False,0.5372,2.0733,1,61,32,18,2,129,,,,,,,,,,,,,,False,N,1
823702,2026-06-01,MIN,CWS,pitch,1bd86e6d-f2f9-3897-b2ae-44a24ebb226b,5,38,33,0,807747,L,Rikuu Nishida,657746,R,Joe Ryan,CWS,MIN,145,142,Single,Rikuu Nishida singles on a ground ball to second baseman Luke Keaschall.,Single,"{""homeRunBallparks"": 0}",1,0,1,0,X,In Play,hit_into_play,False,D,KC,Knuckle Curve,"In play, no out",78.8,73.0,2.93,1.48,6.9,0.48,13,2731,13.9,-7.6,-51.5,-0.0417,1.2851,-1.16,-0.63,-4.29,13.9,-1.16,0.45,False,False,False,False,False,-0.0417,1.2851,2,62,11,18,2,130,64.9,4.0,0.04,0,44.74,123.43,83.6,-28.0,83.6,-28.0,,,,True,N,1
823702,2026-06-01,MIN,CWS,pitch,f4127ece-83eb-32b7-be18-00e808aec25f,5,39,0,1,803011,L,Sam Antonacci,657746,R,Joe Ryan,CWS,MIN,145,142,Flyout,Sam Antonacci flies out to left fielder Trevor Larnach.,Flyout,,0,0,0,0,S,Strike,called_strike,False,C,FF,4-Seam Fastball,Called Strike,93.2,84.4,3.15,1.59,7.18,0.41,9,2287,13.3,13.8,-18.1,0.7395,2.0286,1.11,1.15,-1.51,1.11,1.11,0.38,True,True,False,True,True,0.7395,2.0286,1,63,33,19,3,131,,,,,,,,,,,,,,False,N,1
823702,2026-06-01,MIN,CWS,pitch,cab41860-565a-30ab-9dde-40235f359d7a,5,39,0,1,803011,L,Sam Antonacci,657746,R,Joe Ryan,CWS,MIN,145,142,Flyout,Sam Antonacci flies out to left fielder Trevor Larnach.,Flyout,,1,0,1,0,S,Strike,called_strike,False,C,FF,4-Seam Fastball,Called Strike,94.7,85.7,3.15,1.59,7.14,0.4,6,2380,14.9,13.7,-17.2,0.2787,2.3833,1.24,1.14,-1.43,1.24,1.24,0.38,True,True,False,True,False,0.2787,2.3833,2,64,34,19,3,132,,,,,,,,,,,,,,False,N,1
823702,2026-06-01,MIN,CWS,pitch,ee0e0130-8297-3bc9-b615-7f97bb70fb40,5,39,0,1,803011,L,Sam Antonacci,657746,R,Joe Ryan,CWS,MIN,145,142,Flyout,Sam Antonacci flies out to left fielder Trevor Larnach.,Flyout,,2,0,2,0,S,Strike,foul,False,F,FF,4-Seam Fastball,Foul,95.1,86.1,3.15,1.59,6.95,0.4,12,2382,14.5,14.9,-15.7,0.2143,3.5114,1.21,1.24,-1.31,1.21,1.21,0.37,False,False,False,True,False,0.2143,3.5114,3,65,35,19,3,133,60.4,,,,,,,,,,,,,False,N,1
823702,2026-06-01,MIN,CWS,pitch,d2210d33-8c3e-3908-87b2-d1137c40b616,5,39,0,1,803011,L,Sam Antonacci,657746,R,Joe Ryan,CWS,MIN,145,142,Flyout,Sam Antonacci flies out to left fielder Trevor Larnach.,Flyout,"{""homeRunBallparks"": 0}",2,0,2,0,X,In Play,hit_into_play,False,X,KC,Knuckle Curve,"In play, out(s)",80.7,73.8,3.15,1.59,6.6,0.47,7,2552,3.8,-4.8,-47.0,-0.4032,1.7076,-0.32,-0.4,-3.92,3.8,-0.32,0.44,True,True,False,True,False,-0.4032,1.7076,4,66,12,19,3,134,73.2,355.0,0.29,0,-105.5,301.75,96.6,26.0,96.6,26.0,,,,True,N,1
823702,2026-06-01,MIN,CWS,pitch,7a9c11b8-af28-3c66-abe7-3e8d613e5eeb,5,40,38,1,678246,R,Miguel Vargas,657746,R,Joe Ryan,CWS,MIN,145,142,Home Run,Miguel Vargas homers (14) on a fly ball to left center field. Rikuu Nishida scores.,Home Run,,0,0,0,0,S,Strike,called_strike,False,C,FF,4-Seam Fastball,Called Strike,93.2,84.5,3.29,1.66,6.97,0.41,3,2315,15.7,12.1,-19.7,0.7511,2.9667,1.31,1.01,-1.64,1.31,1.31,0.38,True,True,False,False,False,0.7511,2.9667,1,67,36,20,3,135,,,,,,,,,,,True,,,False,N,1
823702,2026-06-01,MIN,CWS,pitch,58b3c08e-0b27-3d8f-a3f5-4b901fc398a2,5,40,38,1,678246,R,Miguel Vargas,657746,R,Joe Ryan,CWS,MIN,145,142,Home Run,Miguel Vargas homers (14) on a fly ball to left center field. Rikuu Nishida scores.,Home Run,"{""homeRunBallparks"": 28}",1,0,1,0,X,In Play,hit_into_play,False,E,ST,Sweeper,"In play, run(s)",80.8,74.7,3.29,1.66,6.5,0.46,4,2847,15.8,-0.7,-42.4,-0.4,2.6802,-1.32,-0.06,-3.53,15.8,-1.32,0.44,True,True,False,False,False,-0.4,2.6802,2,68,10,20,3,136,76.4,409.0,0.8,1,-105.74,394.29,104.1,30.0,104.1,30.0,True,,,True,N,1
823702,2026-06-01,MIN,CWS,pitch,59f87a5e-e0dc-3bf1-a184-3c10b1a0786e,5,41,38,1,643217,L,Andrew Benintendi,657746,R,Joe Ryan,CWS,MIN,145,142,Home Run,Andrew Benintendi homers (5) on a fly ball to right field.,Home Run,,0,0,0,0,S,Strike,foul,False,F,SI,Sinker,Foul,94.7,86.1,3.07,1.55,7.0,0.4,1,2236,16.3,11.3,-19.3,-0.7562,2.9605,1.36,0.94,-1.61,1.36,1.36,0.37,True,True,False,False,False,-0.7562,2.9605,1,69,5,21,3,137,70.9,,,,,,,,,,,,,False,N,1
823702,2026-06-01,MIN,CWS,pitch,5a26e968-7c9c-3f61-ab9e-6b704df196fd,5,41,38,1,643217,L,Andrew Benintendi,657746,R,Joe Ryan,CWS,MIN,145,142,Home Run,Andrew Benintendi homers (5) on a fly ball to right field.,Home Run,,1,0,1,0,B,Ball,ball,False,B,FS,Splitter,Ball,88.7,81.5,3.07,1.55,7.04,0.43,14,1953,13.3,2.4,-32.5,1.7188,0.8895,1.11,0.2,-2.71,1.11,1.11,0.4,False,False,False,False,False,1.7188,0.8895,2,70,5,21,3,138,,,,,,,,,,,,,,False,N,1
823702,2026-06-01,MIN,CWS,pitch,3a81f495-3aad-3693-860e-be54d68d2c8c,5,41,38,1,643217,L,Andrew Benintendi,657746,R,Joe Ryan,CWS,MIN,145,142,Home Run,Andrew Benintendi homers (5) on a fly ball to right field.,Home Run,,1,1,1,1,S,Strike,called_strike,False,C,ST,Sweeper,Called Strike,81.5,74.8,3.07,1.55,7.02,0.46,5,2794,15.0,4.4,-36.8,-0.1836,2.174,-1.25,0.37,-3.07,15.0,-1.25,0.43,True,True,False,False,False,-0.1836,2.174,3,71,11,21,3,139,,,,,,,,,,,,,,False,N,1
823702,2026-06-01,MIN,CWS,pitch,b3459f35-4789-347a-abb9-70ad423e481d,5,41,38,1,643217,L,Andrew Benintendi,657746,R,Joe Ryan,CWS,MIN,145,142,Home Run,Andrew Benintendi homers (5) on a fly ball to right field.,Home Run,,2,1,2,1,B,Ball,ball,False,B,FF,4-Seam Fastball,Ball,94.2,85.6,3.07,1.55,7.37,0.4,11,2296,12.2,14.9,-16.1,-0.3571,4.4075,1.02,1.24,-1.34,1.02,1.02,0.38,False,False,False,False,False,-0.3571,4.4075,4,72,37,21,3,140,,,,,,,,,,,,,,False,N,1
823702,2026-06-01,MIN,CWS,pitch,4963e880-316b-3935-a6ba-22aef75a6ce1,5,41,38,1,643217,L,Andrew Benintendi,657746,R,Joe Ryan,CWS,MIN,145,142,Home Run,Andrew Benintendi homers (5) on a fly ball to right field.,Home Run,,2,2,2,2,S,Strike,foul,False,F,SL,Slider,Foul,86.7,80.4,3.07,1.55,6.85,0.43,9,2449,1.7,3.6,-32.4,0.6525,1.7676,-0.14,0.3,-2.7,1.7,-0.14,0.41,True,True,False,False,False,0.6525,1.7676,5,73,3,21,3,141,70.4,,,,,,,,,,,,,False,N,1
823702,2026-06-01,MIN,CWS,pitch,edb7a9a9-5a1a-3907-99dd-b6ff341cc612,5,41,38,1,643217,L,Andrew Benintendi,657746,R,Joe Ryan,CWS,MIN,145,142,Home Run,Andrew Benintendi homers (5) on a fly ball to right field.,Home Run,,2,2,2,2,B,Ball,ball,False,B,FF,4-Seam Fastball,Ball,95.5,86.9,3.07,1.55,7.14,0.4,12,2394,12.5,14.3,-16.0,0.5191,3.5486,1.04,1.19,-1.33,1.04,1.04,0.37,False,False,False,False,False,0.5191,3.5486,6,74,38,21,3,142,,,,,,,,,,,,,,False,N,1
823702,2026-06-01,MIN,CWS,pitch,dc9c18cb-ac5a-39e0-9863-d7cd863eb673,5,41,38,1,643217,L,Andrew Benintendi,657746,R,Joe Ryan,CWS,MIN,145,142,Home Run,Andrew Benintendi homers (5) on a fly ball to right field.,Home Run,"{""homeRunBallparks"": 30}",2,3,2,3,X,In Play,hit_into_play,False,E,FF,4-Seam Fastball,"In play, run(s)",93.5,85.4,3.07,1.55,7.14,0.4,5,2342,11.8,15.0,-16.3,0.1498,2.2424,0.98,1.25,-1.36,0.98,0.98,0.38,True,True,False,False,False,0.1498,2.2424,7,75,39,21,3,143,71.2,406.0,0.83,1,219.82,342.63,104.4,28.0,104.4,28.0,,,,True,N,1
823702,2026-06-01,MIN,CWS,pitch,218bbf03-3bdb-36a7-a80d-1dbc02d0582c,5,42,14,1,695657,L,Colson Montgomery,657746,R,Joe Ryan,CWS,MIN,145,142,Strikeout,Colson Montgomery strikes out on a foul tip.,Strikeout,,0,0,0,0,S,Strike,swinging_strike,True,S,FF,4-Seam Fastball,Swinging Strike,93.8,85.2,3.34,1.69,6.92,0.4,11,2368,16.4,14.9,-16.4,-0.6812,3.5478,1.37,1.24,-1.37,1.37,1.37,0.38,False,False,False,False,False,-0.6812,3.5478,1,76,40,22,3,144,75.8,,,,,,,,,,,,,False,N,1
823702,2026-06-01,MIN,CWS,pitch,4c56f95b-0af5-3d86-8396-d9d4c59cacd2,5,42,14,1,695657,L,Colson Montgomery,657746,R,Joe Ryan,CWS,MIN,145,142,Strikeout,Colson Montgomery strikes out on a foul tip.,Strikeout,,1,0,1,0,S,Strike,swinging_strike,True,S,FF,4-Seam Fastball,Swinging Strike,95.1,86.6,3.34,1.69,6.93,0.4,4,2399,15.0,14.6,-15.7,-0.5874,2.5982,1.25,1.22,-1.31,1.25,1.25,0.37,True,True,False,False,False,-0.5874,2.5982,2,77,41,22,3,145,75.5,,,,,,,,,,,,,False,N,1
823702,2026-06-01,MIN,CWS,pitch,7f2db7da-2f3d-3081-9b2c-0125e97a06a0,5,42,14,1,695657,L,Colson Montgomery,657746,R,Joe Ryan,CWS,MIN,145,142,Strikeout,Colson Montgomery strikes out on a foul tip.,Strikeout,,2,0,2,0,S,Strike,foul,False,F,FF,4-Seam Fastball,Foul,94.4,86.4,3.34,1.69,7.25,0.4,4,2329,15.2,12.7,-17.9,-0.3984,2.4607,1.27,1.06,-1.49,1.27,1.27,0.37,True,True,False,False,False,-0.3984,2.4607,3,78,42,22,3,146,73.1,,,,,,,,,,,,,False,N,1
823702,2026-06-01,MIN,CWS,pitch,601c3254-de93-394f-a725-239616a662ad,5,42,14,1,695657,L,Colson Montgomery,657746,R,Joe Ryan,CWS,MIN,145,142,Strikeout,Colson Montgomery strikes out on a foul tip.,Strikeout,,2,0,2,0,B,Ball,ball,False,B,ST,Sweeper,Ball,82.1,76.3,3.34,1.69,7.2,0.46,14,2809,8.9,-0.4,-40.7,1.3158,0.6964,-0.74,-0.03,-3.39,8.9,-0.74,0.43,False,False,False,False,False,1.3158,0.6964,4,79,12,22,3,147,,,,,,,,,,,,,,False,N,1
823702,2026-06-01,MIN,CWS,pitch,c2e10d6a-19ca-3134-b313-c71180eb1614,5,42,14,1,695657,L,Colson Montgomery,657746,R,Joe Ryan,CWS,MIN,145,142,Strikeout,Colson Montgomery strikes out on a foul tip.,Strikeout,,2,1,2,1,S,Strike,foul_tip,True,T,FF,4-Seam Fastball,Foul Tip,94.6,85.7,3.34,1.69,7.0,0.4,12,2225,9.2,14.3,-16.6,0.1517,3.5551,0.77,1.19,-1.38,0.77,0.77,0.38,False,False,False,False,False,0.1517,3.5551,5,80,43,22,3,148,77.0,,,,,,,,,,,,,True,N,1
823702,2026-06-01,MIN,CWS,pitch,424cbaf6-e73c-3534-9bab-debd379dcf49,5,43,0,2,805367,R,Chase Meidroth,657746,R,Joe Ryan,CWS,MIN,145,142,Flyout,Chase Meidroth flies out to left fielder Trevor Larnach.,Flyout,,0,0,0,0,S,Strike,called_strike,False,C,SI,Sinker,Called Strike,94.6,85.9,3.07,1.55,7.25,0.4,3,2261,16.3,7.9,-22.9,0.6129,2.7913,1.36,0.66,-1.91,1.36,1.36,0.38,True,True,False,True,False,0.6129,2.7913,1,81,6,23,3,149,,,,,,,,,,,,,,False,N,1
823702,2026-06-01,MIN,CWS,pitch,019ec532-da6a-3822-a858-e2cbb1854dac,5,43,0,2,805367,R,Chase Meidroth,657746,R,Joe Ryan,CWS,MIN,145,142,Flyout,Chase Meidroth flies out to left fielder Trevor Larnach.,Flyout,,1,0,1,0,B,Ball,ball,False,B,SL,Slider,Ball,85.2,78.7,3.07,1.55,6.95,0.44,14,2410,2.3,-0.8,-38.4,0.6532,1.0608,-0.19,-0.07,-3.2,2.3,-0.19,0.41,False,False,False,True,False,0.6532,1.0608,2,82,4,23,3,150,,,,,,,,,,,,,,False,N,1
823702,2026-06-01,MIN,CWS,pitch,8e156f0f-cdc4-3cc2-890c-842f0f30f213,5,43,0,2,805367,R,Chase Meidroth,657746,R,Joe Ryan,CWS,MIN,145,142,Flyout,Chase Meidroth flies out to left fielder Trevor Larnach.,Flyout,,1,1,1,1,B,Ball,ball,False,B,SL,Slider,Ball,85.2,78.9,3.07,1.55,7.33,0.44,14,2515,1.9,-1.4,-38.9,0.6606,1.1397,-0.16,-0.12,-3.24,1.9,-0.16,0.41,False,False,False,True,False,0.6606,1.1397,3,83,5,23,3,151,,,,,,,,,,,,,,False,N,1
823702,2026-06-01,MIN,CWS,pitch,045caf8c-b36e-3027-bcf9-54a102112b54,5,43,0,2,805367,R,Chase Meidroth,657746,R,Joe Ryan,CWS,MIN,145,142,Flyout,Chase Meidroth flies out to left fielder Trevor Larnach.,Flyout,,1,2,1,2,B,Ball,ball,False,B,SI,Sinker,Ball,94.8,86.2,3.07,1.55,7.22,0.4,14,2267,17.6,7.3,-23.4,1.036,1.9228,1.47,0.61,-1.95,1.47,1.47,0.37,False,False,False,True,False,1.036,1.9228,4,84,7,23,3,152,,,,,,,,,,,,,,False,N,1
823702,2026-06-01,MIN,CWS,pitch,fb22799b-6224-3fd9-be64-baea4b3602e0,5,43,0,2,805367,R,Chase Meidroth,657746,R,Joe Ryan,CWS,MIN,145,142,Flyout,Chase Meidroth flies out to left fielder Trevor Larnach.,Flyout,"{""homeRunBallparks"": 0}",1,3,1,3,X,In Play,hit_into_play,False,X,FF,4-Seam Fastball,"In play, out(s)",94.2,85.4,3.07,1.55,7.28,0.4,2,2216,11.8,12.7,-18.4,0.0636,3.0409,0.98,1.06,-1.53,0.98,0.98,0.38,True,True,False,True,False,0.0636,3.0409,5,85,44,23,3,153,73.8,317.0,0.02,0,-122.3,291.46,87.5,35.0,87.5,35.0,,,,True,N,1
823702,2026-06-01,MIN,CWS,pitch,d8ebe385-4b57-3146-828d-b524d62641fc,5,44,0,0,665019,L,Kody Clemens,689818,R,David Sandlin,MIN,CWS,142,145,Walk,Kody Clemens walks.,Walk,,0,0,0,0,B,Ball,ball,False,B,CU,Curveball,Ball,82.4,76.4,3.21,1.62,6.58,0.46,14,2581,3.8,-7.6,-47.8,0.6452,1.0637,-0.32,-0.63,-3.98,3.8,-0.32,0.43,False,False,False,False,False,0.6452,1.0637,1,69,22,21,3,154,,,,,,,,,,,,,,False,N,1
823702,2026-06-01,MIN,CWS,pitch,4ffb978f-b3fa-3a47-9664-6355bc33c013,5,44,0,0,665019,L,Kody Clemens,689818,R,David Sandlin,MIN,CWS,142,145,Walk,Kody Clemens walks.,Walk,,0,1,0,1,B,Ball,ball,False,B,FC,Cutter,Ball,91.1,83.9,3.21,1.62,6.54,0.41,14,2401,0.6,11.8,-21.1,1.2191,1.872,-0.05,0.98,-1.76,0.6,-0.05,0.39,False,False,False,False,False,1.2191,1.872,2,70,20,21,3,155,,,,,,,,,,,,,,False,N,1
823702,2026-06-01,MIN,CWS,pitch,85283c32-f7d2-3e24-ac16-9d32085d3c78,5,44,0,0,665019,L,Kody Clemens,689818,R,David Sandlin,MIN,CWS,142,145,Walk,Kody Clemens walks.,Walk,,0,2,0,2,B,Ball,ball,False,B,FC,Cutter,Ball,90.3,83.3,3.21,1.62,6.58,0.42,14,2430,4.6,5.2,-28.4,0.7733,1.4169,-0.38,0.43,-2.37,4.6,-0.38,0.39,False,False,False,False,False,0.7733,1.4169,3,71,21,21,3,156,,,,,,,,,,,,,,False,N,1
823702,2026-06-01,MIN,CWS,pitch,3e24d3aa-dedc-337f-a063-6b7290e19b53,5,44,0,0,665019,L,Kody Clemens,689818,R,David Sandlin,MIN,CWS,142,145,Walk,Kody Clemens walks.,Walk,,0,3,0,3,S,Strike,called_strike,False,C,FF,4-Seam Fastball,Called Strike,94.7,86.6,3.21,1.62,6.52,0.4,1,2513,5.6,17.3,-13.2,-0.3035,2.7255,0.47,1.44,-1.1,0.47,0.47,0.37,True,True,False,False,False,-0.3035,2.7255,4,72,15,21,3,157,,,,,,,,,,,,,,False,N,1
823702,2026-06-01,MIN,CWS,pitch,2c7a6fdf-9bd1-3f40-b20e-14989e62ca04,5,44,0,0,665019,L,Kody Clemens,689818,R,David Sandlin,MIN,CWS,142,145,Walk,Kody Clemens walks.,Walk,,1,3,1,3,B,Ball,ball,False,B,FF,4-Seam Fastball,Ball,95.2,87.1,3.21,1.62,6.64,0.4,14,2337,3.5,15.6,-14.8,1.4751,1.8461,0.29,1.3,-1.23,0.29,0.29,0.37,False,False,False,False,False,1.4751,1.8461,5,73,16,21,3,158,,,,,,,,,,,,,,True,N,1
823702,2026-06-01,MIN,CWS,pitch,38dbefef-646b-3cae-a32a-f9fdcb5df27c,5,45,33,0,605137,L,Josh Bell,689818,R,David Sandlin,MIN,CWS,142,145,Single,Josh Bell singles on a line drive to right fielder Rikuu Nishida. Kody Clemens to 2nd.,Single,"{""homeRunBallparks"": 0}",0,0,0,0,X,In Play,hit_into_play,False,D,CU,Curveball,"In play, no out",81.7,75.4,3.34,1.68,6.48,0.46,6,2714,8.0,-9.5,-50.4,0.289,2.8028,-0.67,-0.79,-4.2,8.0,-0.67,0.43,True,True,False,False,False,0.289,2.8028,1,74,23,22,3,159,71.0,196.0,0.93,0,64.28,184.54,96.3,12.0,96.3,12.0,True,,,True,N,1
823702,2026-06-01,MIN,CWS,pitch,1aead255-8ad7-38cf-8c37-1d20d716081d,5,46,0,0,663616,L,Trevor Larnach,689818,R,David Sandlin,MIN,CWS,142,145,Walk,Trevor Larnach walks. Kody Clemens to 3rd. Josh Bell to 2nd.,Walk,,0,0,0,0,B,Ball,ball,False,B,FF,4-Seam Fastball,Ball,96.3,87.3,3.32,1.68,6.45,0.39,11,2420,4.3,18.2,-11.5,-0.6157,4.3339,0.36,1.52,-0.96,0.36,0.36,0.37,False,False,False,False,False,-0.6157,4.3339,1,75,17,23,3,160,,,,,,,,,,,True,True,,False,N,1
823702,2026-06-01,MIN,CWS,pitch,82f4336b-68a5-3adf-8b2e-bcdadc452338,5,46,0,0,663616,L,Trevor Larnach,689818,R,David Sandlin,MIN,CWS,142,145,Walk,Trevor Larnach walks. Kody Clemens to 3rd. Josh Bell to 2nd.,Walk,,0,1,0,1,B,Ball,ball,False,B,FF,4-Seam Fastball,Ball,95.3,86.6,3.32,1.68,6.49,0.4,11,2448,4.9,17.4,-12.8,-0.9646,3.874,0.41,1.45,-1.07,0.41,0.41,0.37,False,False,False,False,False,-0.9646,3.874,2,76,18,23,3,161,,,,,,,,,,,True,True,,False,N,1
823702,2026-06-01,MIN,CWS,pitch,19826387-5dc5-30bc-a284-35df813c64cf,5,46,0,0,663616,L,Trevor Larnach,689818,R,David Sandlin,MIN,CWS,142,145,Walk,Trevor Larnach walks. Kody Clemens to 3rd. Josh Bell to 2nd.,Walk,,0,2,0,2,B,Ball,blocked_ball,False,*B,CU,Curveball,Ball In Dirt,82.7,76.9,3.32,1.68,6.53,0.45,14,2642,5.0,-12.1,-52.1,0.2377,0.5947,-0.42,-1.01,-4.34,5.0,-0.42,0.43,False,False,False,False,False,0.2377,0.5947,3,77,24,23,3,162,,,,,,,,,,,True,True,,False,N,1
823702,2026-06-01,MIN,CWS,pitch,399610aa-41bc-31e7-8089-706b03042931,5,46,0,0,663616,L,Trevor Larnach,689818,R,David Sandlin,MIN,CWS,142,145,Walk,Trevor Larnach walks. Kody Clemens to 3rd. Josh Bell to 2nd.,Walk,,0,3,0,3,S,Strike,called_strike,False,C,FF,4-Seam Fastball,Called Strike,93.9,85.8,3.32,1.68,6.54,0.4,5,2442,6.4,16.9,-14.2,0.0229,2.3503,0.53,1.41,-1.18,0.53,0.53,0.38,True,True,False,False,False,0.0229,2.3503,4,78,19,23,3,163,,,,,,,,,,,True,True,,False,N,1
823702,2026-06-01,MIN,CWS,pitch,6a7fd201-1182-3ea7-acfd-f56085450d42,5,46,0,0,663616,L,Trevor Larnach,689818,R,David Sandlin,MIN,CWS,142,145,Walk,Trevor Larnach walks. Kody Clemens to 3rd. Josh Bell to 2nd.,Walk,,1,3,1,3,S,Strike,foul,False,F,FC,Cutter,Foul,90.1,82.9,3.32,1.68,6.39,0.42,9,2487,2.4,7.4,-26.3,0.549,2.092,-0.2,0.62,-2.19,2.4,-0.2,0.39,True,True,False,False,False,0.549,2.092,5,79,22,23,3,164,72.3,,,,,,,,,,True,True,,False,N,1
823702,2026-06-01,MIN,CWS,pitch,edcf35b9-f4bb-3b84-b952-1ab80ce7317e,5,46,0,0,663616,L,Trevor Larnach,689818,R,David Sandlin,MIN,CWS,142,145,Walk,Trevor Larnach walks. Kody Clemens to 3rd. Josh Bell to 2nd.,Walk,,2,3,2,3,B,Ball,ball,False,B,CU,Curveball,Ball,83.4,76.8,3.32,1.68,6.45,0.45,11,2558,6.2,0.6,-38.4,-1.7115,4.4773,-0.52,0.05,-3.2,6.2,-0.52,0.42,False,False,False,False,False,-1.7115,4.4773,6,80,25,23,3,165,,,,,,,,,,,True,True,,True,N,1
823702,2026-06-01,MIN,CWS,pitch,56c132ba-19a2-3ac3-9501-d2f96b8160e0,5,47,70,0,668885,R,Austin Martin,699823,R,Tyler Davis,MIN,CWS,142,145,Single,Austin Martin singles on a line drive to right fielder Rikuu Nishida. Kody Clemens scores. Josh Bell to 3rd. Trevor Larnach to 2nd.,Single,,0,0,0,0,S,Strike,called_strike,False,C,SL,Slider,Called Strike,86.7,79.7,3.13,1.58,6.6,0.43,2,2650,5.6,-2.2,-38.5,0.0088,3.2368,-0.47,-0.18,-3.21,5.6,-0.47,0.41,True,True,False,False,False,0.0088,3.2368,1,1,1,1,1,166,,,,,,,,,,,True,True,True,False,N,1
823702,2026-06-01,MIN,CWS,pitch,1d610d22-471d-3b2c-93de-2a88736fbcf7,5,47,70,0,668885,R,Austin Martin,699823,R,Tyler Davis,MIN,CWS,142,145,Single,Austin Martin singles on a line drive to right fielder Rikuu Nishida. Kody Clemens scores. Josh Bell to 3rd. Trevor Larnach to 2nd.,Single,,1,0,1,0,B,Ball,ball,False,B,FF,4-Seam Fastball,Ball,95.8,86.6,3.13,1.58,6.83,0.39,11,2500,6.1,17.4,-12.6,-0.9794,4.4953,0.51,1.45,-1.05,0.51,0.51,0.37,False,False,False,False,False,-0.9794,4.4953,2,2,1,1,1,167,,,,,,,,,,,True,True,True,False,N,1
823702,2026-06-01,MIN,CWS,pitch,7bc82de7-b248-3e0f-938d-fc6c162d0d8c,5,47,70,0,668885,R,Austin Martin,699823,R,Tyler Davis,MIN,CWS,142,145,Single,Austin Martin singles on a line drive to right fielder Rikuu Nishida. Kody Clemens scores. Josh Bell to 3rd. Trevor Larnach to 2nd.,Single,"{""homeRunBallparks"": 0}",1,1,1,1,X,In Play,hit_into_play,False,E,SL,Slider,"In play, run(s)",87.9,80.9,3.13,1.58,6.78,0.43,6,2594,4.6,1.4,-34.0,0.6974,2.3276,-0.38,0.12,-2.83,4.6,-0.38,0.4,True,True,False,False,False,0.6974,2.3276,3,3,2,1,1,168,69.7,239.0,0.87,0,104.78,269.19,94.7,15.0,94.7,15.0,True,True,True,True,N,1
823702,2026-06-01,MIN,CWS,pitch,09253283-36d4-38f1-8cb5-273c285f26be,5,48,70,0,605170,L,Victor Caratini,699823,R,Tyler Davis,MIN,CWS,142,145,Single,Victor Caratini singles on a line drive to left fielder Sam Antonacci. Josh Bell scores. Trevor Larnach to 3rd. Austin Martin to 2nd.,Single,,0,0,0,0,B,Ball,ball,False,B,FF,4-Seam Fastball,Ball,95.7,87.3,3.2,1.62,6.79,0.39,11,2506,6.7,19.4,-10.4,-0.823,3.7424,0.56,1.62,-0.87,0.56,0.56,0.37,False,False,False,False,False,-0.823,3.7424,1,4,2,2,1,169,,,,,,,,,,,True,True,True,False,N,1
823702,2026-06-01,MIN,CWS,pitch,6c645a82-a6dd-3981-8cb0-9c01b4c5c430,5,48,70,0,605170,L,Victor Caratini,699823,R,Tyler Davis,MIN,CWS,142,145,Single,Victor Caratini singles on a line drive to left fielder Sam Antonacci. Josh Bell scores. Trevor Larnach to 3rd. Austin Martin to 2nd.,Single,,0,1,0,1,S,Strike,foul,False,F,FF,4-Seam Fastball,Foul,95.4,87.2,3.2,1.62,7.02,0.39,11,2401,6.6,20.5,-9.5,-0.4266,3.4796,0.55,1.71,-0.79,0.55,0.55,0.37,False,False,False,False,False,-0.4266,3.4796,2,5,3,2,1,170,63.1,,,,,,,,,,True,True,True,False,N,1
823702,2026-06-01,MIN,CWS,pitch,69fbd522-0af0-3dfa-a6e4-ae0031aee320,5,48,70,0,605170,L,Victor Caratini,699823,R,Tyler Davis,MIN,CWS,142,145,Single,Victor Caratini singles on a line drive to left fielder Sam Antonacci. Josh Bell scores. Trevor Larnach to 3rd. Austin Martin to 2nd.,Single,"{""homeRunBallparks"": 0}",1,1,1,1,X,In Play,hit_into_play,False,E,SL,Slider,"In play, run(s)",87.2,80.5,3.2,1.62,6.66,0.43,1,2631,5.5,-1.6,-37.2,-0.7313,3.2976,-0.46,-0.13,-3.1,5.5,-0.46,0.4,True,True,False,False,False,-0.7313,3.2976,3,6,3,2,1,171,68.3,220.0,0.94,0,-105.36,190.66,100.0,12.0,100.0,12.0,True,True,True,True,N,1
823702,2026-06-01,MIN,CWS,pitch,3b43898f-4a14-35fc-b925-eafa056bcdf3,5,49,0,1,807712,R,Luke Keaschall,699823,R,Tyler Davis,MIN,CWS,142,145,Sac Fly,Luke Keaschall out on a sacrifice fly to right fielder Rikuu Nishida. Trevor Larnach scores. Austin Martin to 3rd.,Sac Fly,,0,0,0,0,S,Strike,called_strike,False,C,FF,4-Seam Fastball,Called Strike,96.3,88.0,3.21,1.62,6.88,0.39,8,2471,7.0,18.6,-10.9,-0.0436,1.7178,0.58,1.55,-0.91,0.58,0.58,0.37,True,True,False,True,False,-0.0436,1.7178,1,7,4,3,1,172,,,,,,,,,,,,True,True,False,N,1
823702,2026-06-01,MIN,CWS,pitch,9749ac6c-40a6-393f-8bd9-fce7316fc209,5,49,0,1,807712,R,Luke Keaschall,699823,R,Tyler Davis,MIN,CWS,142,145,Sac Fly,Luke Keaschall out on a sacrifice fly to right fielder Rikuu Nishida. Trevor Larnach scores. Austin Martin to 3rd.,Sac Fly,,1,0,1,0,B,Ball,blocked_ball,False,*B,SL,Slider,Ball In Dirt,88.7,82.0,3.21,1.62,6.84,0.42,14,2638,6.0,-0.2,-35.2,2.184,0.2457,-0.5,-0.02,-2.93,6.0,-0.5,0.4,False,False,False,True,False,2.184,0.2457,2,8,4,3,1,173,,,,,,,,,,,,True,True,False,N,1
823702,2026-06-01,MIN,CWS,pitch,cd431746-26b1-341d-bd95-6171f69ac5be,5,49,0,1,807712,R,Luke Keaschall,699823,R,Tyler Davis,MIN,CWS,142,145,Sac Fly,Luke Keaschall out on a sacrifice fly to right fielder Rikuu Nishida. Trevor Larnach scores. Austin Martin to 3rd.,Sac Fly,,1,1,1,1,S,Strike,swinging_strike,True,S,FF,4-Seam Fastball,Swinging Strike,97.0,89.0,3.21,1.62,6.97,0.39,2,2507,8.9,21.1,-7.8,-0.2133,2.8041,0.74,1.76,-0.65,0.74,0.74,0.36,True,True,False,True,False,-0.2133,2.8041,3,9,5,3,1,174,70.0,,,,,,,,,,,True,True,False,N,1
823702,2026-06-01,MIN,CWS,pitch,3d423238-89e5-33cf-9a43-181897d01cda,5,49,0,1,807712,R,Luke Keaschall,699823,R,Tyler Davis,MIN,CWS,142,145,Sac Fly,Luke Keaschall out on a sacrifice fly to right fielder Rikuu Nishida. Trevor Larnach scores. Austin Martin to 3rd.,Sac Fly,,2,1,2,1,S,Strike,foul,False,F,FF,4-Seam Fastball,Foul,96.4,88.2,3.21,1.62,6.94,0.39,3,2432,7.9,22.2,-7.2,0.4612,2.7935,0.66,1.85,-0.6,0.66,0.66,0.37,True,True,False,True,False,0.4612,2.7935,4,10,6,3,1,175,64.5,,,,,,,,,,,True,True,False,N,1
823702,2026-06-01,MIN,CWS,pitch,a09996fb-3690-3346-8a2c-9735d2f82d27,5,49,0,1,807712,R,Luke Keaschall,699823,R,Tyler Davis,MIN,CWS,142,145,Sac Fly,Luke Keaschall out on a sacrifice fly to right fielder Rikuu Nishida. Trevor Larnach scores. Austin Martin to 3rd.,Sac Fly,,2,1,2,1,B,Ball,ball,False,B,SL,Slider,Ball,87.1,81.5,3.21,1.62,6.93,0.43,14,2713,5.6,0.8,-34.7,0.9427,1.2721,-0.47,0.07,-2.89,5.6,-0.47,0.4,False,False,False,True,False,0.9427,1.2721,5,11,5,3,1,176,,,,,,,,,,,,True,True,False,N,1
823702,2026-06-01,MIN,CWS,pitch,c2d99e0e-0d9d-3263-a232-33905be10bb2,5,49,0,1,807712,R,Luke Keaschall,699823,R,Tyler Davis,MIN,CWS,142,145,Sac Fly,Luke Keaschall out on a sacrifice fly to right fielder Rikuu Nishida. Trevor Larnach scores. Austin Martin to 3rd.,Sac Fly,"{""homeRunBallparks"": 0}",2,2,2,2,X,In Play,hit_into_play,False,E,FF,4-Seam Fastball,"In play, run(s)",97.1,88.7,3.21,1.62,6.88,0.39,6,2405,7.1,19.4,-9.7,0.3656,2.3645,0.59,1.62,-0.81,0.59,0.59,0.36,True,True,False,True,False,0.3656,2.3645,6,12,7,3,1,177,69.8,309.0,0.03,0,164.03,262.58,93.6,40.0,93.6,40.0,,True,True,True,N,1
823702,2026-06-01,MIN,CWS,pitch,87216f32-7032-3db2-8e90-c5f671eb39d1,5,50,0,1,656484,L,Tristan Gray,699823,R,Tyler Davis,MIN,CWS,142,145,Sac Fly,Tristan Gray out on a sacrifice fly to third baseman Miguel Vargas in foul territory. Austin Martin scores. Victor Caratini to 2nd.,Sac Fly,,0,0,0,0,S,Strike,foul_tip,True,T,FF,4-Seam Fastball,Foul Tip,96.9,87.9,3.26,1.64,6.91,0.39,2,2417,8.0,22.2,-7.1,-0.0259,3.0134,0.67,1.85,-0.59,0.67,0.67,0.37,True,True,False,True,False,-0.0259,3.0134,1,13,8,4,1,178,70.2,,,,,,,,,,True,,True,False,N,1
823702,2026-06-01,MIN,CWS,pitch,0bdee0f2-6ee8-3144-88b5-93e7f9ee6d1c,5,50,0,1,656484,L,Tristan Gray,699823,R,Tyler Davis,MIN,CWS,142,145,Sac Fly,Tristan Gray out on a sacrifice fly to third baseman Miguel Vargas in foul territory. Austin Martin scores. Victor Caratini to 2nd.,Sac Fly,,1,0,1,0,S,Strike,foul,False,F,FF,4-Seam Fastball,Foul,96.0,86.8,3.26,1.64,6.87,0.39,11,2374,8.8,19.4,-10.4,-0.662,3.5703,0.73,1.62,-0.87,0.73,0.73,0.37,False,False,False,True,False,-0.662,3.5703,2,14,9,4,1,179,64.2,,,,,,,,,,True,,True,False,N,1
823702,2026-06-01,MIN,CWS,pitch,52f053af-292e-32e5-8ca1-c9c86d4e9081,5,50,0,1,656484,L,Tristan Gray,699823,R,Tyler Davis,MIN,CWS,142,145,Sac Fly,Tristan Gray out on a sacrifice fly to third baseman Miguel Vargas in foul territory. Austin Martin scores. Victor Caratini to 2nd.,Sac Fly,,2,0,2,0,S,Strike,foul,False,F,FF,4-Seam Fastball,Foul,96.6,87.9,3.26,1.64,6.81,0.39,11,2402,11.5,17.8,-11.6,-0.9491,3.0494,0.96,1.48,-0.97,0.96,0.96,0.37,False,False,False,True,False,-0.9491,3.0494,3,15,10,4,1,180,62.5,,,,,,,,,,True,,True,False,N,1
823702,2026-06-01,MIN,CWS,pitch,9d401026-6092-3c1b-a1d6-cd55ec3b3733,5,50,0,1,656484,L,Tristan Gray,699823,R,Tyler Davis,MIN,CWS,142,145,Sac Fly,Tristan Gray out on a sacrifice fly to third baseman Miguel Vargas in foul territory. Austin Martin scores. Victor Caratini to 2nd.,Sac Fly,,2,0,2,0,B,Ball,blocked_ball,False,*B,SL,Slider,Ball In Dirt,87.1,81.0,3.26,1.64,6.77,0.43,14,2576,5.3,-3.6,-39.5,0.7477,0.1112,-0.44,-0.3,-3.29,5.3,-0.44,0.4,False,False,False,True,False,0.7477,0.1112,4,16,6,4,1,181,,,,,,,,,,,True,,True,False,N,1
823702,2026-06-01,MIN,CWS,pitch,a3ffc729-788b-33a4-943e-17336506fda4,5,50,0,1,656484,L,Tristan Gray,699823,R,Tyler Davis,MIN,CWS,142,145,Sac Fly,Tristan Gray out on a sacrifice fly to third baseman Miguel Vargas in foul territory. Austin Martin scores. Victor Caratini to 2nd.,Sac Fly,"{""homeRunBallparks"": 0}",2,1,2,1,X,In Play,hit_into_play,False,E,FF,4-Seam Fastball,"In play, run(s)",96.8,87.5,3.26,1.64,6.86,0.39,1,2436,10.8,18.8,-10.7,-0.3133,2.8235,0.9,1.57,-0.89,0.9,0.9,0.37,True,True,False,True,False,-0.3133,2.8235,5,17,11,4,1,182,81.9,178.0,0.01,0,-147.03,103.89,83.9,63.0,83.9,63.0,True,,True,True,N,1
823702,2026-06-01,MIN,CWS,pitch,7ce8b2cb-dbed-35b1-bb7c-dcbd8d7b3dd0,5,51,14,2,621439,R,Byron Buxton,699823,R,Tyler Davis,MIN,CWS,142,145,Strikeout,Byron Buxton called out on strikes.,Strikeout,,0,0,0,0,S,Strike,foul,False,F,FF,4-Seam Fastball,Foul,96.6,86.8,3.26,1.64,6.82,0.39,2,2447,12.4,16.4,-13.3,-0.1549,3.336,1.03,1.37,-1.11,1.03,1.03,0.37,True,True,False,False,False,-0.1549,3.336,1,18,12,5,1,183,76.5,,,,,,,,,,,,,False,N,1
823702,2026-06-01,MIN,CWS,pitch,7b1e41af-df9b-38da-9f13-48b9062d74ed,5,51,14,2,621439,R,Byron Buxton,699823,R,Tyler Davis,MIN,CWS,142,145,Strikeout,Byron Buxton called out on strikes.,Strikeout,,1,0,1,0,B,Ball,ball,False,B,SL,Slider,Ball,88.8,81.9,3.26,1.64,6.89,0.42,14,2550,5.8,1.9,-32.9,2.6806,1.4659,-0.48,0.16,-2.74,5.8,-0.48,0.4,False,False,False,False,False,2.6806,1.4659,2,19,7,5,1,184,,,,,,,,,,,,,,False,N,1
823702,2026-06-01,MIN,CWS,pitch,7f0ee425-2bdd-3d9d-b5e0-953733a6c416,5,51,14,2,621439,R,Byron Buxton,699823,R,Tyler Davis,MIN,CWS,142,145,Strikeout,Byron Buxton called out on strikes.,Strikeout,,1,1,1,1,S,Strike,foul,False,F,SL,Slider,Foul,88.1,81.4,3.26,1.64,6.78,0.43,14,2548,5.9,-1.1,-36.2,0.9475,1.6158,-0.49,-0.09,-3.02,5.9,-0.49,0.4,False,False,False,False,False,0.9475,1.6158,3,20,8,5,1,185,75.7,,,,,,,,,,,,,False,N,1
823702,2026-06-01,MIN,CWS,pitch,fc15c925-3e66-3dc8-a51f-61835cafe50f,5,51,14,2,621439,R,Byron Buxton,699823,R,Tyler Davis,MIN,CWS,142,145,Strikeout,Byron Buxton called out on strikes.,Strikeout,,2,1,2,1,S,Strike,called_strike,False,C,FF,4-Seam Fastball,Called Strike,97.3,88.7,3.26,1.64,6.92,0.39,6,2433,8.6,19.4,-9.6,0.6989,2.2621,0.72,1.62,-0.8,0.72,0.72,0.36,True,True,False,False,False,0.6989,2.2621,4,21,13,5,1,186,,,,,,,,,,,,,,True,N,1
823702,2026-06-01,MIN,CWS,pitch,0c3656ab-05ad-3d03-8706-0e9288c3af29,6,52,14,1,694378,L,Jacob Gonzalez,657746,R,Joe Ryan,CWS,MIN,145,142,Strikeout,"Jacob Gonzalez strikes out swinging, catcher Victor Caratini to first baseman Josh Bell.",Strikeout,,0,0,0,0,S,Strike,foul,False,F,FF,4-Seam Fastball,Foul,91.5,83.3,3.29,1.66,7.18,0.41,1,2109,11.2,13.7,-19.1,-0.6454,3.0064,0.93,1.14,-1.59,0.93,0.93,0.39,True,True,False,False,False,-0.6454,3.0064,1,86,45,24,3,187,70.3,,,,,,,,,,,,,False,N,1
823702,2026-06-01,MIN,CWS,pitch,95ec33a2-763c-3b8c-a7cc-395ea0b6ee56,6,52,14,1,694378,L,Jacob Gonzalez,657746,R,Joe Ryan,CWS,MIN,145,142,Strikeout,"Jacob Gonzalez strikes out swinging, catcher Victor Caratini to first baseman Josh Bell.",Strikeout,,1,0,1,0,S,Strike,foul,False,F,KC,Knuckle Curve,Foul,79.5,72.8,3.29,1.66,7.08,0.48,6,2826,13.7,-6.7,-50.3,0.5724,2.224,-1.14,-0.56,-4.19,13.7,-1.14,0.45,True,True,False,False,False,0.5724,2.224,2,87,13,24,3,188,72.9,,,,,,,,,,,,,False,N,1
823702,2026-06-01,MIN,CWS,pitch,f91de166-d5c3-3630-96db-a1c1919b6667,6,52,14,1,694378,L,Jacob Gonzalez,657746,R,Joe Ryan,CWS,MIN,145,142,Strikeout,"Jacob Gonzalez strikes out swinging, catcher Victor Caratini to first baseman Josh Bell.",Strikeout,,2,0,2,0,S,Strike,swinging_strike_blocked,True,W,KC,Knuckle Curve,Swinging Strike,79.5,73.7,3.29,1.66,6.64,0.48,14,2738,12.4,-11.6,-55.2,1.9676,-0.4432,-1.03,-0.97,-4.6,12.4,-1.03,0.45,False,False,True,False,False,1.9676,-0.4432,3,88,14,24,3,189,29.1,,,,,,,,,,,,,True,N,1
823702,2026-06-01,MIN,CWS,pitch,44068e43-7d2d-358b-92df-e08fb96f3c55,6,53,33,1,671976,L,Tristan Peters,657746,R,Joe Ryan,CWS,MIN,145,142,Single,Tristan Peters singles on a sharp line drive to right fielder Austin Martin.,Single,,0,0,0,0,S,Strike,foul,False,F,FF,4-Seam Fastball,Foul,94.3,86.1,3.2,1.61,7.08,0.4,7,2261,12.5,10.6,-20.3,-0.4175,2.0948,1.04,0.88,-1.69,1.04,1.04,0.38,True,True,False,False,False,-0.4175,2.0948,1,89,46,25,3,190,65.2,,,,,,,,,,,,,False,N,1
823702,2026-06-01,MIN,CWS,pitch,8f9dc731-98ae-38dc-bcd1-5e9382569065,6,53,33,1,671976,L,Tristan Peters,657746,R,Joe Ryan,CWS,MIN,145,142,Single,Tristan Peters singles on a sharp line drive to right fielder Austin Martin.,Single,,1,0,1,0,B,Ball,ball,False,B,FF,4-Seam Fastball,Ball,94.3,86.0,3.2,1.61,7.26,0.4,12,2349,11.8,12.6,-18.2,0.7742,3.405,0.98,1.05,-1.52,0.98,0.98,0.38,False,False,False,False,False,0.7742,3.405,2,90,47,25,3,191,,,,,,,,,,,,,,False,N,1
823702,2026-06-01,MIN,CWS,pitch,bcad07fa-8df8-340d-a067-7a61ecf6c667,6,53,33,1,671976,L,Tristan Peters,657746,R,Joe Ryan,CWS,MIN,145,142,Single,Tristan Peters singles on a sharp line drive to right fielder Austin Martin.,Single,,1,1,1,1,B,Ball,ball,False,B,KC,Knuckle Curve,Ball,80.3,74.4,3.2,1.61,7.08,0.47,13,2545,7.8,-7.7,-49.8,-0.9567,1.8749,-0.65,-0.64,-4.15,7.8,-0.65,0.44,False,False,False,False,False,-0.9567,1.8749,3,91,15,25,3,192,,,,,,,,,,,,,,False,N,1
823702,2026-06-01,MIN,CWS,pitch,87e7584e-ef50-3a38-8175-c56de7a80582,6,53,33,1,671976,L,Tristan Peters,657746,R,Joe Ryan,CWS,MIN,145,142,Single,Tristan Peters singles on a sharp line drive to right fielder Austin Martin.,Single,"{""homeRunBallparks"": 0}",1,2,1,2,X,In Play,hit_into_play,False,D,SI,Sinker,"In play, no out",93.7,86.0,3.2,1.61,7.3,0.4,5,2152,16.4,6.1,-25.1,0.25,2.2561,1.37,0.51,-2.09,1.37,1.37,0.38,True,True,False,False,False,0.25,2.2561,4,92,8,25,3,193,74.2,264.0,0.68,0,139.83,279.65,106.2,15.0,106.2,15.0,,,,True,N,1
823702,2026-06-01,MIN,CWS,pitch,2aa36e66-3975-3736-a92e-e7eb7edf08c9,6,54,0,1,700337,L,Edgar Quero,657746,R,Joe Ryan,CWS,MIN,145,142,Flyout,Edgar Quero flies out to center fielder Kody Clemens.,Flyout,,0,0,0,0,S,Strike,called_strike,False,C,KC,Knuckle Curve,Called Strike,78.8,73.1,3.13,1.58,6.66,0.48,1,2645,12.8,-7.9,-51.6,-0.6808,2.8452,-1.07,-0.66,-4.3,12.8,-1.07,0.45,True,True,False,True,False,-0.6808,2.8452,1,93,16,26,3,194,,,,,,,,,,,,,,False,N,1
823702,2026-06-01,MIN,CWS,pitch,471102ba-af0b-316f-a18d-f26b82e08912,6,54,0,1,700337,L,Edgar Quero,657746,R,Joe Ryan,CWS,MIN,145,142,Flyout,Edgar Quero flies out to center fielder Kody Clemens.,Flyout,"{""homeRunBallparks"": 0}",1,0,1,0,X,In Play,hit_into_play,False,X,FF,4-Seam Fastball,"In play, out(s)",92.6,84.3,3.13,1.58,7.12,0.41,1,2400,11.9,12.7,-19.3,-0.3552,2.8083,0.99,1.06,-1.61,0.99,0.99,0.38,True,True,False,True,False,-0.3552,2.8083,2,94,48,26,3,195,67.0,385.0,0.53,1,-56.35,380.93,99.6,29.0,99.6,29.0,,,,True,N,1
823702,2026-06-01,MIN,CWS,pitch,ae04e11e-11be-3792-8b55-fa8890b34505,6,55,14,2,807747,L,Rikuu Nishida,657746,R,Joe Ryan,CWS,MIN,145,142,Strikeout,"Victor Caratini challenged (pitch result), call on the field was overturned: Rikuu Nishida called out on strikes.",Strikeout,,0,0,0,0,S,Strike,called_strike,False,C,FF,4-Seam Fastball,Called Strike,92.6,84.0,2.93,1.48,7.16,0.41,7,2399,15.1,13.0,-19.3,-0.5355,1.9189,1.26,1.08,-1.61,1.26,1.26,0.38,True,True,False,False,False,-0.5355,1.9189,1,95,49,27,3,196,,,,,,,,,,,,,,False,N,1
823702,2026-06-01,MIN,CWS,pitch,baf85e4b-c22c-3522-aaac-2e8f9d16bbe1,6,55,14,2,807747,L,Rikuu Nishida,657746,R,Joe Ryan,CWS,MIN,145,142,Strikeout,"Victor Caratini challenged (pitch result), call on the field was overturned: Rikuu Nishida called out on strikes.",Strikeout,,1,0,1,0,B,Ball,ball,False,B,FF,4-Seam Fastball,Ball,94.2,85.5,2.93,1.48,7.35,0.4,12,2445,13.0,13.1,-17.9,0.0313,3.5115,1.08,1.09,-1.49,1.08,1.08,0.38,False,False,False,False,False,0.0313,3.5115,2,96,50,27,3,197,,,,,,,,,,,,,,False,N,1
823702,2026-06-01,MIN,CWS,pitch,450ac4a8-d536-3202-bc93-c5d723cc4dda,6,55,14,2,807747,L,Rikuu Nishida,657746,R,Joe Ryan,CWS,MIN,145,142,Strikeout,"Victor Caratini challenged (pitch result), call on the field was overturned: Rikuu Nishida called out on strikes.",Strikeout,,1,1,1,1,S,Strike,called_strike,False,C,KC,Knuckle Curve,Called Strike,78.4,71.1,2.93,1.48,6.85,0.48,1,2779,14.5,-10.6,-55.8,-0.558,2.8196,-1.21,-0.88,-4.65,14.5,-1.21,0.45,True,True,False,False,False,-0.558,2.8196,3,97,17,27,3,198,,,,,,,,,,,,,,False,N,1
823702,2026-06-01,MIN,CWS,pitch,64eb6172-5837-3f99-b923-e1773f2a0220,6,55,14,2,807747,L,Rikuu Nishida,657746,R,Joe Ryan,CWS,MIN,145,142,Strikeout,"Victor Caratini challenged (pitch result), call on the field was overturned: Rikuu Nishida called out on strikes.",Strikeout,,2,1,2,1,S,Strike,called_strike,False,C,FF,4-Seam Fastball,Called Strike,94.1,85.8,2.93,1.48,7.21,0.4,1,2372,13.0,11.3,-19.7,-0.6425,2.8972,1.08,0.94,-1.64,1.08,1.08,0.38,True,True,False,False,True,-0.6425,2.8972,4,98,51,27,3,199,25.4,,,,,,,,,,,,,True,N,1
823702,2026-06-01,MIN,CWS,pitch,9b95ead6-d2be-31f4-9a47-7425f8f88c7d,6,56,0,1,686797,R,Brooks Lee,685126,L,Brandon Eisert,MIN,CWS,142,145,Lineout,Brooks Lee lines out to right fielder Rikuu Nishida.,Lineout,,0,0,0,0,B,Ball,ball,False,B,CH,Changeup,Ball,83.6,77.1,3.21,1.62,7.41,0.45,12,1220,13.7,6.0,-32.9,1.3996,2.4327,-1.14,0.5,-2.74,13.7,-1.14,0.42,False,False,False,True,False,1.3996,2.4327,1,1,1,1,1,200,,,,,,,,,,,,,,False,N,1
823702,2026-06-01,MIN,CWS,pitch,28ae4188-8535-3093-9d3a-ca29e958f9de,6,56,0,1,686797,R,Brooks Lee,685126,L,Brandon Eisert,MIN,CWS,142,145,Lineout,Brooks Lee lines out to right fielder Rikuu Nishida.,Lineout,"{""homeRunBallparks"": 0}",0,1,0,1,X,In Play,hit_into_play,False,X,CH,Changeup,"In play, out(s)",83.2,76.5,3.21,1.62,7.35,0.45,9,1214,14.0,3.5,-36.0,0.7925,1.7581,-1.17,0.29,-3.0,14.0,-1.17,0.42,True,True,False,True,False,0.7925,1.7581,2,2,2,1,1,201,71.4,319.0,0.33,0,134.72,289.24,96.1,19.0,96.1,19.0,,,,True,N,1
823702,2026-06-01,MIN,CWS,pitch,ccf27763-f381-3c7f-a478-cc2093eb96ff,6,57,0,1,665019,L,Kody Clemens,685126,L,Brandon Eisert,MIN,CWS,142,145,Flyout,Kody Clemens flies out to left fielder Sam Antonacci.,Flyout,,0,0,0,0,B,Ball,ball,False,B,FF,4-Seam Fastball,Ball,89.5,81.1,3.21,1.62,7.35,0.42,11,2136,6.6,17.2,-17.4,-0.3303,3.4603,-0.55,1.43,-1.45,6.6,-0.55,0.4,False,False,False,True,False,-0.3303,3.4603,1,3,1,2,1,202,,,,,,,,,,,,,,False,N,1
823702,2026-06-01,MIN,CWS,pitch,f6c8052f-4b31-343a-95f5-e72d46628e2e,6,57,0,1,665019,L,Kody Clemens,685126,L,Brandon Eisert,MIN,CWS,142,145,Flyout,Kody Clemens flies out to left fielder Sam Antonacci.,Flyout,,0,1,0,1,S,Strike,swinging_strike,True,S,FF,4-Seam Fastball,Swinging Strike,90.4,82.0,3.21,1.62,7.35,0.42,5,2168,7.0,17.9,-16.0,-0.1152,2.4892,-0.58,1.49,-1.33,7.0,-0.58,0.39,True,True,False,True,False,-0.1152,2.4892,2,4,2,2,1,203,74.3,,,,,,,,,,,,,False,N,1
823702,2026-06-01,MIN,CWS,pitch,3e22ded9-3f4d-353f-a8f4-9ad0e49ef928,6,57,0,1,665019,L,Kody Clemens,685126,L,Brandon Eisert,MIN,CWS,142,145,Flyout,Kody Clemens flies out to left fielder Sam Antonacci.,Flyout,,1,1,1,1,S,Strike,swinging_strike,True,S,SL,Slider,Swinging Strike,83.5,76.9,3.21,1.62,7.22,0.45,7,2214,6.5,4.1,-35.2,-0.3086,2.0992,0.54,0.34,-2.93,0.54,0.54,0.42,True,True,False,True,False,-0.3086,2.0992,3,5,1,2,1,204,75.4,,,,,,,,,,,,,False,N,1
823702,2026-06-01,MIN,CWS,pitch,c0b406b9-edaf-3029-911d-4a654d063fc4,6,57,0,1,665019,L,Kody Clemens,685126,L,Brandon Eisert,MIN,CWS,142,145,Flyout,Kody Clemens flies out to left fielder Sam Antonacci.,Flyout,,2,1,2,1,B,Ball,ball,False,B,SL,Slider,Ball,82.9,76.0,3.21,1.62,7.22,0.46,13,2247,4.3,4.8,-35.4,-0.8836,2.0942,0.36,0.4,-2.95,0.36,0.36,0.43,False,False,False,True,False,-0.8836,2.0942,4,6,2,2,1,205,,,,,,,,,,,,,,False,N,1
823702,2026-06-01,MIN,CWS,pitch,8b8257da-67db-3482-bb7a-be6175a5a04b,6,57,0,1,665019,L,Kody Clemens,685126,L,Brandon Eisert,MIN,CWS,142,145,Flyout,Kody Clemens flies out to left fielder Sam Antonacci.,Flyout,,2,2,2,2,S,Strike,foul,False,F,SL,Slider,Foul,81.8,75.1,3.21,1.62,7.22,0.46,13,2198,6.7,2.9,-38.4,-0.7638,1.216,0.56,0.24,-3.2,0.56,0.56,0.43,False,False,False,True,False,-0.7638,1.216,5,7,3,2,1,206,67.7,,,,,,,,,,,,,False,N,1
823702,2026-06-01,MIN,CWS,pitch,1a57196a-571e-3b24-b78f-86edd783d026,6,57,0,1,665019,L,Kody Clemens,685126,L,Brandon Eisert,MIN,CWS,142,145,Flyout,Kody Clemens flies out to left fielder Sam Antonacci.,Flyout,,2,2,2,2,S,Strike,foul,False,F,SL,Slider,Foul,82.4,75.7,3.21,1.62,7.09,0.46,2,2303,8.6,0.4,-40.0,0.1109,2.9539,0.72,0.03,-3.33,0.72,0.72,0.43,True,True,False,True,False,0.1109,2.9539,6,8,4,2,1,207,74.8,,,,,,,,,,,,,False,N,1
823702,2026-06-01,MIN,CWS,pitch,0e14b91c-27ba-31ca-ae75-b5bb997f33fb,6,57,0,1,665019,L,Kody Clemens,685126,L,Brandon Eisert,MIN,CWS,142,145,Flyout,Kody Clemens flies out to left fielder Sam Antonacci.,Flyout,"{""homeRunBallparks"": 0}",2,2,2,2,X,In Play,hit_into_play,False,X,FF,4-Seam Fastball,"In play, out(s)",90.6,83.3,3.21,1.62,7.3,0.42,1,2119,5.9,16.2,-17.0,-0.5079,2.9047,-0.49,1.35,-1.42,5.9,-0.49,0.39,True,True,False,True,False,-0.5079,2.9047,7,9,3,2,1,208,73.4,243.0,0.0,0,-145.56,192.18,92.4,54.0,92.4,54.0,,,,True,N,1
823702,2026-06-01,MIN,CWS,pitch,d434a35d-b374-3d17-a406-4ed15498c6b9,6,58,14,2,605137,R,Josh Bell,685126,L,Brandon Eisert,MIN,CWS,142,145,Strikeout,Josh Bell strikes out swinging.,Strikeout,,0,0,0,0,B,Ball,ball,False,B,CH,Changeup,Ball,85.7,79.3,3.34,1.68,7.13,0.44,14,1273,9.6,4.0,-33.1,0.2692,1.4316,-0.8,0.33,-2.76,9.6,-0.8,0.41,False,False,False,False,False,0.2692,1.4316,1,10,3,3,1,209,18.7,,,,,,,,,,,,,False,N,1
823702,2026-06-01,MIN,CWS,pitch,11669334-b42d-36f9-ac1a-d3bf68a764cf,6,58,14,2,605137,R,Josh Bell,685126,L,Brandon Eisert,MIN,CWS,142,145,Strikeout,Josh Bell strikes out swinging.,Strikeout,,0,1,0,1,S,Strike,foul,False,F,CH,Changeup,Foul,83.3,76.3,3.34,1.68,7.0,0.45,8,1282,13.4,5.0,-34.7,-0.1896,1.9157,-1.12,0.42,-2.89,13.4,-1.12,0.43,True,True,False,False,False,-0.1896,1.9157,2,11,4,3,1,210,59.2,,,,,,,,,,,,,False,N,1
823702,2026-06-01,MIN,CWS,pitch,88b0b15d-8afa-3747-ac1b-c76844b23db4,6,58,14,2,605137,R,Josh Bell,685126,L,Brandon Eisert,MIN,CWS,142,145,Strikeout,Josh Bell strikes out swinging.,Strikeout,,1,1,1,1,S,Strike,foul,False,F,FF,4-Seam Fastball,Foul,91.6,83.2,3.34,1.68,7.15,0.41,2,2223,6.7,17.3,-15.6,-0.08,2.839,-0.56,1.44,-1.3,6.7,-0.56,0.39,True,True,False,False,False,-0.08,2.839,3,12,4,3,1,211,70.9,,,,,,,,,,,,,False,N,1
823702,2026-06-01,MIN,CWS,pitch,e4456c27-4997-39f8-8674-6ba05f2b695c,6,58,14,2,605137,R,Josh Bell,685126,L,Brandon Eisert,MIN,CWS,142,145,Strikeout,Josh Bell strikes out swinging.,Strikeout,,2,1,2,1,B,Ball,ball,False,B,CH,Changeup,Ball,86.0,78.3,3.34,1.68,7.4,0.44,13,1498,16.6,6.7,-31.0,-0.357,-0.3064,-1.38,0.56,-2.58,16.6,-1.38,0.42,False,False,False,False,False,-0.357,-0.3064,4,13,5,3,1,212,,,,,,,,,,,,,,False,N,1
823702,2026-06-01,MIN,CWS,pitch,9ea31a3c-108e-3353-ac53-9661d2e885f3,6,58,14,2,605137,R,Josh Bell,685126,L,Brandon Eisert,MIN,CWS,142,145,Strikeout,Josh Bell strikes out swinging.,Strikeout,,2,2,2,2,S,Strike,swinging_strike,True,S,CH,Changeup,Swinging Strike,85.0,77.6,3.34,1.68,7.26,0.44,14,1396,13.8,7.1,-31.1,0.7709,1.2076,-1.15,0.59,-2.59,13.8,-1.15,0.42,False,False,False,False,False,0.7709,1.2076,5,14,6,3,1,213,66.0,,,,,,,,,,,,,True,N,1
823702,2026-06-01,MIN,CWS,pitch,4695bedd-1fa5-39bf-98be-d8bf39856127,7,59,0,1,803011,L,Sam Antonacci,681892,L,Kody Funderburk,CWS,MIN,145,142,Groundout,"Sam Antonacci grounds out, second baseman Luke Keaschall to first baseman Kody Clemens.",Groundout,,0,0,0,0,S,Strike,called_strike,False,C,SI,Sinker,Called Strike,92.3,82.5,3.15,1.59,6.73,0.41,2,2340,17.6,7.4,-25.4,0.0656,3.132,-1.47,0.62,-2.12,17.6,-1.47,0.39,True,True,False,True,False,0.0656,3.132,1,1,1,1,1,214,,,,,,,,,,,,,,False,N,1
823702,2026-06-01,MIN,CWS,pitch,dac074eb-d47e-3631-a72b-a5a0d1e9c641,7,59,0,1,803011,L,Sam Antonacci,681892,L,Kody Funderburk,CWS,MIN,145,142,Groundout,"Sam Antonacci grounds out, second baseman Luke Keaschall to first baseman Kody Clemens.",Groundout,,1,0,1,0,S,Strike,called_strike,False,C,FC,Cutter,Called Strike,92.0,84.6,3.15,1.59,6.91,0.41,4,2252,1.8,13.0,-19.3,-0.4077,2.225,-0.15,1.08,-1.61,1.8,-0.15,0.38,True,True,False,True,False,-0.4077,2.225,2,2,1,1,1,215,,,,,,,,,,,,,,False,N,1
823702,2026-06-01,MIN,CWS,pitch,58356fd7-6306-3a84-95ef-44ae35176c9b,7,59,0,1,803011,L,Sam Antonacci,681892,L,Kody Funderburk,CWS,MIN,145,142,Groundout,"Sam Antonacci grounds out, second baseman Luke Keaschall to first baseman Kody Clemens.",Groundout,"{""homeRunBallparks"": 0}",2,0,2,0,X,In Play,hit_into_play,False,X,ST,Sweeper,"In play, out(s)",81.7,74.3,3.15,1.59,6.96,0.46,11,2500,16.9,-4.0,-45.5,-0.9554,2.477,1.41,-0.33,-3.79,1.41,1.41,0.44,False,False,False,True,False,-0.9554,2.477,3,3,1,1,1,216,66.8,12.0,0.1,0,45.94,122.21,82.4,-13.0,82.4,-13.0,,,,True,N,1
823702,2026-06-01,MIN,CWS,pitch,4a931978-6a53-3c37-b2ea-0e6acecd97bc,7,60,0,1,678246,R,Miguel Vargas,681892,L,Kody Funderburk,CWS,MIN,145,142,Groundout,"Miguel Vargas grounds out, pitcher Kody Funderburk to first baseman Kody Clemens.",Groundout,,0,0,0,0,B,Ball,ball,False,B,CH,Changeup,Ball,87.9,80.2,3.29,1.66,6.73,0.43,12,1715,15.6,-2.2,-37.7,0.9548,2.9086,-1.3,-0.18,-3.14,15.6,-1.3,0.4,False,False,False,True,False,0.9548,2.9086,1,4,1,2,1,217,,,,,,,,,,,,,,False,N,1
823702,2026-06-01,MIN,CWS,pitch,118982d4-d78b-3969-a7bf-909676e4b059,7,60,0,1,678246,R,Miguel Vargas,681892,L,Kody Funderburk,CWS,MIN,145,142,Groundout,"Miguel Vargas grounds out, pitcher Kody Funderburk to first baseman Kody Clemens.",Groundout,,0,1,0,1,B,Ball,ball,False,B,CH,Changeup,Ball,89.7,81.9,3.29,1.66,6.76,0.42,13,1805,16.9,0.2,-34.3,-0.9062,0.5376,-1.41,0.02,-2.86,16.9,-1.41,0.4,False,False,False,True,False,-0.9062,0.5376,2,5,2,2,1,218,,,,,,,,,,,,,,False,N,1
823702,2026-06-01,MIN,CWS,pitch,930c3a22-3b89-38a8-88cc-42cdbb5e75a9,7,60,0,1,678246,R,Miguel Vargas,681892,L,Kody Funderburk,CWS,MIN,145,142,Groundout,"Miguel Vargas grounds out, pitcher Kody Funderburk to first baseman Kody Clemens.",Groundout,,0,2,0,2,S,Strike,called_strike,False,C,FC,Cutter,Called Strike,93.1,85.2,3.29,1.66,6.96,0.41,8,2273,2.4,15.1,-16.6,0.0662,1.6777,-0.2,1.26,-1.38,2.4,-0.2,0.38,True,True,False,True,False,0.0662,1.6777,3,6,2,2,1,219,,,,,,,,,,,,,,False,N,1
823702,2026-06-01,MIN,CWS,pitch,7727b480-6b9e-3aaa-96b9-42544ba5b660,7,60,0,1,678246,R,Miguel Vargas,681892,L,Kody Funderburk,CWS,MIN,145,142,Groundout,"Miguel Vargas grounds out, pitcher Kody Funderburk to first baseman Kody Clemens.",Groundout,"{""homeRunBallparks"": 0}",1,2,1,2,X,In Play,hit_into_play,False,X,FC,Cutter,"In play, out(s)",92.3,84.6,3.29,1.66,6.96,0.41,1,2326,2.0,11.8,-20.4,-0.4172,2.9921,0.17,0.98,-1.7,0.17,0.17,0.38,True,True,False,True,False,-0.4172,2.9921,4,7,3,2,1,220,75.2,15.0,0.06,0,6.87,50.16,74.7,-11.0,74.7,-11.0,,,,True,N,1
823702,2026-06-01,MIN,CWS,pitch,1a76a0e7-7ed3-3a85-8057-1b8206c82ce1,7,61,0,2,643217,L,Andrew Benintendi,681892,L,Kody Funderburk,CWS,MIN,145,142,Walk,Andrew Benintendi walks.,Walk,,0,0,0,0,S,Strike,foul,False,F,FC,Cutter,Foul,92.7,85.3,3.07,1.55,6.8,0.41,11,2390,2.2,16.9,-14.8,-0.9039,2.6987,-0.18,1.41,-1.23,2.2,-0.18,0.38,False,False,False,False,False,-0.9039,2.6987,1,8,4,3,1,221,67.9,,,,,,,,,,,,,False,N,1
823702,2026-06-01,MIN,CWS,pitch,6b7e2c67-ebaf-33bb-b10b-9d3532e54d21,7,61,0,2,643217,L,Andrew Benintendi,681892,L,Kody Funderburk,CWS,MIN,145,142,Walk,Andrew Benintendi walks.,Walk,,1,0,1,0,B,Ball,ball,False,B,ST,Sweeper,Ball,82.4,75.5,3.07,1.55,7.03,0.46,13,2528,16.0,-3.7,-44.4,-1.8163,1.8261,1.33,-0.31,-3.7,1.33,1.33,0.43,False,False,False,False,False,-1.8163,1.8261,2,9,2,3,1,222,,,,,,,,,,,,,,False,N,1
823702,2026-06-01,MIN,CWS,pitch,1a4da9c5-e4f0-3fdc-a8be-fe49d3b208b0,7,61,0,2,643217,L,Andrew Benintendi,681892,L,Kody Funderburk,CWS,MIN,145,142,Walk,Andrew Benintendi walks.,Walk,,1,1,1,1,S,Strike,called_strike,False,C,ST,Sweeper,Called Strike,81.9,75.0,3.07,1.55,6.71,0.46,3,2440,16.2,-1.4,-42.4,0.2849,2.9152,1.35,-0.12,-3.53,1.35,1.35,0.43,True,True,False,False,False,0.2849,2.9152,3,10,3,3,1,223,,,,,,,,,,,,,,False,N,1
823702,2026-06-01,MIN,CWS,pitch,fa13c9b1-08e2-37b6-b0c7-4f97c21c0a2c,7,61,0,2,643217,L,Andrew Benintendi,681892,L,Kody Funderburk,CWS,MIN,145,142,Walk,Andrew Benintendi walks.,Walk,,2,1,2,1,B,Ball,ball,False,B,ST,Sweeper,Ball,82.5,75.3,3.07,1.55,7.24,0.46,13,2529,18.6,-3.7,-44.5,-1.8237,1.1999,1.55,-0.31,-3.71,1.55,1.55,0.43,False,False,False,False,False,-1.8237,1.1999,4,11,4,3,1,224,16.7,,,,,,,,,,,,,False,N,1
823702,2026-06-01,MIN,CWS,pitch,c80c33c7-d8f7-3508-b1cd-92021b781590,7,61,0,2,643217,L,Andrew Benintendi,681892,L,Kody Funderburk,CWS,MIN,145,142,Walk,Andrew Benintendi walks.,Walk,,2,2,2,2,S,Strike,foul,False,F,ST,Sweeper,Foul,82.6,75.3,3.07,1.55,6.97,0.46,7,2522,17.9,-4.1,-44.6,-0.3603,1.7129,1.49,-0.34,-3.72,1.49,1.49,0.43,True,True,False,False,False,-0.3603,1.7129,5,12,5,3,1,225,67.2,,,,,,,,,,,,,False,N,1
823702,2026-06-01,MIN,CWS,pitch,45405b95-9217-381d-ac19-077e1bcc7c3d,7,61,0,2,643217,L,Andrew Benintendi,681892,L,Kody Funderburk,CWS,MIN,145,142,Walk,Andrew Benintendi walks.,Walk,,2,2,2,2,B,Ball,ball,False,B,FC,Cutter,Ball,93.5,85.6,3.07,1.55,6.8,0.4,12,2365,1.4,14.4,-16.8,0.2077,4.0249,-0.12,1.2,-1.4,1.4,-0.12,0.38,False,False,False,False,False,0.2077,4.0249,6,13,5,3,1,226,,,,,,,,,,,,,,False,N,1
823702,2026-06-01,MIN,CWS,pitch,cc03af07-9760-33f0-be88-99f0bc864249,7,61,0,2,643217,L,Andrew Benintendi,681892,L,Kody Funderburk,CWS,MIN,145,142,Walk,Andrew Benintendi walks.,Walk,,2,3,2,3,B,Ball,ball,False,B,ST,Sweeper,Ball,82.9,75.4,3.07,1.55,6.9,0.46,11,2435,15.0,-3.0,-43.2,-0.7724,3.3385,1.25,-0.25,-3.6,1.25,1.25,0.43,False,False,False,False,False,-0.7724,3.3385,7,14,6,3,1,227,,,,,,,,,,,,,,True,N,1
823702,2026-06-01,MIN,CWS,pitch,683f6999-f4f6-3d1b-b821-0628db42df51,7,62,0,2,695657,L,Colson Montgomery,681892,L,Kody Funderburk,CWS,MIN,145,142,Groundout,"Colson Montgomery grounds out softly, pitcher Kody Funderburk to first baseman Kody Clemens.",Groundout,,0,0,0,0,S,Strike,foul,False,F,FC,Cutter,Foul,91.7,84.6,3.34,1.69,7.29,0.41,5,2392,0.7,14.6,-17.6,-0.1527,2.6873,-0.06,1.22,-1.47,0.7,-0.06,0.38,True,True,False,True,False,-0.1527,2.6873,1,15,6,4,1,228,72.6,,,,,,,,,,,,,False,N,1
823702,2026-06-01,MIN,CWS,pitch,0bf99976-0ed1-3848-a0aa-69b4b6e78937,7,62,0,2,695657,L,Colson Montgomery,681892,L,Kody Funderburk,CWS,MIN,145,142,Groundout,"Colson Montgomery grounds out softly, pitcher Kody Funderburk to first baseman Kody Clemens.",Groundout,"{""homeRunBallparks"": 0}",1,0,1,0,X,In Play,hit_into_play,False,X,SI,Sinker,"In play, out(s)",93.5,85.2,3.34,1.69,7.02,0.4,12,2449,16.8,6.7,-24.7,0.8869,2.8095,-1.4,0.56,-2.06,16.8,-1.4,0.38,False,False,False,True,False,0.8869,2.8095,2,16,2,4,1,229,66.4,3.0,0.16,0,-4.39,48.45,58.8,-43.0,58.8,-43.0,,,,True,N,1
823702,2026-06-01,MIN,CWS,pitch,084abed4-eda3-3300-89d7-f4273bdbace8,7,63,0,1,663616,L,Trevor Larnach,670950,R,Trevor Richards,MIN,CWS,142,145,Flyout,Trevor Larnach flies out to center fielder Tristan Peters.,Flyout,"{""homeRunBallparks"": 0}",0,0,0,0,X,In Play,hit_into_play,False,X,FF,4-Seam Fastball,"In play, out(s)",92.8,84.4,3.32,1.68,6.5,0.41,5,2207,6.6,19.9,-12.0,-0.1709,2.6757,0.55,1.66,-1.0,0.55,0.55,0.38,True,True,False,True,False,-0.1709,2.6757,1,1,1,1,1,230,75.0,333.0,0.06,0,66.96,326.58,94.3,39.0,94.3,39.0,,,,True,N,1
823702,2026-06-01,MIN,CWS,pitch,ff27ea81-9ca6-3f95-8b25-c2db3a01f3b6,7,64,0,1,668885,R,Austin Martin,670950,R,Trevor Richards,MIN,CWS,142,145,Groundout,"Austin Martin grounds out, shortstop Colson Montgomery to first baseman Jacob Gonzalez.",Groundout,,0,0,0,0,B,Ball,ball,False,B,FF,4-Seam Fastball,Ball,92.2,83.8,3.13,1.58,6.52,0.41,12,2195,6.7,19.4,-13.0,0.5555,3.3858,0.56,1.62,-1.08,0.56,0.56,0.38,False,False,False,True,True,0.5555,3.3858,1,2,2,2,1,231,,,,,,,,,,,,,,False,N,1
823702,2026-06-01,MIN,CWS,pitch,dbf56d83-be92-39e1-9a0f-7ee0352522dc,7,64,0,1,668885,R,Austin Martin,670950,R,Trevor Richards,MIN,CWS,142,145,Groundout,"Austin Martin grounds out, shortstop Colson Montgomery to first baseman Jacob Gonzalez.",Groundout,,0,1,0,1,S,Strike,called_strike,False,C,FF,4-Seam Fastball,Called Strike,92.6,84.5,3.13,1.58,6.7,0.41,8,2196,7.9,20.2,-12.0,0.1782,1.5356,0.66,1.68,-1.0,0.66,0.66,0.38,True,True,False,True,False,0.1782,1.5356,2,3,3,2,1,232,,,,,,,,,,,,,,False,N,1
823702,2026-06-01,MIN,CWS,pitch,3510b8fc-4022-3b53-8674-07b36c699fb6,7,64,0,1,668885,R,Austin Martin,670950,R,Trevor Richards,MIN,CWS,142,145,Groundout,"Austin Martin grounds out, shortstop Colson Montgomery to first baseman Jacob Gonzalez.",Groundout,,1,1,1,1,B,Ball,ball,False,B,FF,4-Seam Fastball,Ball,92.1,83.9,3.13,1.58,6.72,0.41,14,2183,7.1,20.2,-12.5,1.0433,1.6329,0.59,1.68,-1.04,0.59,0.59,0.39,False,False,False,True,False,1.0433,1.6329,3,4,4,2,1,233,,,,,,,,,,,,,,False,N,1
823702,2026-06-01,MIN,CWS,pitch,0c6cfb73-cefd-3b3e-95b0-a799cc394b19,7,64,0,1,668885,R,Austin Martin,670950,R,Trevor Richards,MIN,CWS,142,145,Groundout,"Austin Martin grounds out, shortstop Colson Montgomery to first baseman Jacob Gonzalez.",Groundout,,1,2,1,2,S,Strike,foul,False,F,SL,Slider,Foul,84.2,77.2,3.13,1.58,6.44,0.45,3,2163,3.6,5.9,-32.8,0.3285,2.9983,-0.3,0.49,-2.73,3.6,-0.3,0.42,True,True,False,True,False,0.3285,2.9983,4,5,1,2,1,234,66.0,,,,,,,,,,,,,False,N,1
823702,2026-06-01,MIN,CWS,pitch,91ad7007-eb65-3a6b-8c94-b3724c54966d,7,64,0,1,668885,R,Austin Martin,670950,R,Trevor Richards,MIN,CWS,142,145,Groundout,"Austin Martin grounds out, shortstop Colson Montgomery to first baseman Jacob Gonzalez.",Groundout,,2,2,2,2,B,Ball,ball,False,B,CH,Changeup,Ball,81.4,75.5,3.13,1.58,6.61,0.46,14,2619,8.4,-1.3,-43.0,1.1501,-0.7691,0.7,-0.11,-3.58,0.7,0.7,0.44,False,False,False,True,False,1.1501,-0.7691,5,6,1,2,1,235,,,,,,,,,,,,,,False,N,1
823702,2026-06-01,MIN,CWS,pitch,e239cb86-0afa-3bf3-a146-2495ca5e5c0f,7,64,0,1,668885,R,Austin Martin,670950,R,Trevor Richards,MIN,CWS,142,145,Groundout,"Austin Martin grounds out, shortstop Colson Montgomery to first baseman Jacob Gonzalez.",Groundout,"{""homeRunBallparks"": 0}",2,3,2,3,X,In Play,hit_into_play,False,X,FF,4-Seam Fastball,"In play, out(s)",92.1,83.4,3.13,1.58,6.67,0.41,6,2127,6.4,21.4,-11.3,0.457,2.3834,0.53,1.78,-0.94,0.53,0.53,0.39,True,True,False,True,False,0.457,2.3834,6,7,5,2,1,236,70.5,79.0,0.47,0,-35.89,127.1,93.7,4.0,93.7,4.0,,,,True,N,1
823702,2026-06-01,MIN,CWS,pitch,1b7d1e9f-8cc8-3387-adce-48d5865bf11e,7,65,0,2,605170,L,Victor Caratini,670950,R,Trevor Richards,MIN,CWS,142,145,Groundout,Victor Caratini grounds out to first baseman Jacob Gonzalez.,Groundout,"{""homeRunBallparks"": 0}",0,0,0,0,X,In Play,hit_into_play,False,X,FF,4-Seam Fastball,"In play, out(s)",91.6,83.2,3.2,1.62,6.72,0.41,11,2224,7.6,21.0,-11.9,-0.9756,3.032,0.63,1.75,-0.99,0.63,0.63,0.39,False,False,False,True,False,-0.9756,3.032,1,8,6,3,1,237,69.9,4.0,0.14,0,52.67,90.46,63.4,-46.0,63.4,-46.0,,,,True,N,1
823702,2026-06-01,MIN,CWS,pitch,151f491c-4c62-3d54-b77b-704c3a18cb1b,8,66,0,1,805367,R,Chase Meidroth,672782,R,Yoendrys Gómez,CWS,MIN,145,142,Flyout,Chase Meidroth flies out to left fielder James Outman.,Flyout,,0,0,0,0,S,Strike,called_strike,False,C,SI,Sinker,Called Strike,94.0,85.9,3.07,1.55,6.85,0.4,11,2361,14.0,12.2,-18.7,-0.0567,3.2517,1.17,1.02,-1.56,1.17,1.17,0.38,False,False,False,True,False,-0.0567,3.2517,1,1,1,1,1,238,,,,,,,,,,,,,,False,N,1
823702,2026-06-01,MIN,CWS,pitch,ab07f5ef-be02-35ba-8752-ff3202298a08,8,66,0,1,805367,R,Chase Meidroth,672782,R,Yoendrys Gómez,CWS,MIN,145,142,Flyout,Chase Meidroth flies out to left fielder James Outman.,Flyout,"{""homeRunBallparks"": 0}",1,0,1,0,X,In Play,hit_into_play,False,X,SI,Sinker,"In play, out(s)",94.1,85.5,3.07,1.55,6.72,0.4,11,2466,15.8,12.8,-18.1,-0.624,3.9791,1.32,1.07,-1.51,1.32,1.32,0.38,False,False,False,True,False,-0.624,3.9791,2,2,2,1,1,239,62.2,352.0,0.05,0,-94.75,338.58,93.9,34.0,93.9,34.0,,,,True,N,1
823702,2026-06-01,MIN,CWS,pitch,f04a6194-4c61-3b2f-afb7-0826f8d349f4,8,67,14,1,694378,L,Jacob Gonzalez,672782,R,Yoendrys Gómez,CWS,MIN,145,142,Strikeout,Jacob Gonzalez strikes out swinging.,Strikeout,,0,0,0,0,S,Strike,foul,False,F,FF,4-Seam Fastball,Foul,94.9,87.3,3.29,1.66,7.1,0.4,6,2457,5.8,13.9,-16.3,0.5056,2.3212,0.48,1.16,-1.36,0.48,0.48,0.37,True,True,False,False,False,0.5056,2.3212,1,3,1,2,1,240,71.6,,,,,,,,,,,,,False,N,1
823702,2026-06-01,MIN,CWS,pitch,eae09d0d-3b0d-3cc4-b8ef-d5b53c58f738,8,67,14,1,694378,L,Jacob Gonzalez,672782,R,Yoendrys Gómez,CWS,MIN,145,142,Strikeout,Jacob Gonzalez strikes out swinging.,Strikeout,,1,0,1,0,S,Strike,foul,False,F,FF,4-Seam Fastball,Foul,96.1,88.3,3.29,1.66,7.0,0.39,12,2448,6.6,15.8,-13.8,1.1501,2.6248,0.55,1.32,-1.15,0.55,0.55,0.37,False,False,False,False,False,1.1501,2.6248,2,4,2,2,1,241,70.1,,,,,,,,,,,,,False,N,1
823702,2026-06-01,MIN,CWS,pitch,13739fe2-5746-3301-88f8-55ba9975d272,8,67,14,1,694378,L,Jacob Gonzalez,672782,R,Yoendrys Gómez,CWS,MIN,145,142,Strikeout,Jacob Gonzalez strikes out swinging.,Strikeout,,2,0,2,0,B,Ball,ball,False,B,ST,Sweeper,Ball,86.3,79.6,3.29,1.66,6.85,0.44,14,2883,13.1,2.4,-34.6,1.8557,0.9045,-1.09,0.2,-2.88,13.1,-1.09,0.41,False,False,False,False,False,1.8557,0.9045,3,5,1,2,1,242,,,,,,,,,,,,,,False,N,1
823702,2026-06-01,MIN,CWS,pitch,c55b75af-eb64-3cc7-a528-e1d2d594b2e7,8,67,14,1,694378,L,Jacob Gonzalez,672782,R,Yoendrys Gómez,CWS,MIN,145,142,Strikeout,Jacob Gonzalez strikes out swinging.,Strikeout,,2,1,2,1,S,Strike,foul,False,F,FF,4-Seam Fastball,Foul,97.1,88.7,3.29,1.66,6.92,0.39,1,2571,8.3,16.8,-12.2,-0.5078,2.8271,0.69,1.4,-1.02,0.69,0.69,0.36,True,True,False,False,False,-0.5078,2.8271,4,6,3,2,1,243,69.2,,,,,,,,,,,,,False,N,1
823702,2026-06-01,MIN,CWS,pitch,99adfb46-b8d6-36e0-b0ca-b8892ca7c1b6,8,67,14,1,694378,L,Jacob Gonzalez,672782,R,Yoendrys Gómez,CWS,MIN,145,142,Strikeout,Jacob Gonzalez strikes out swinging.,Strikeout,,2,1,2,1,B,Ball,ball,False,B,CH,Changeup,Ball,91.8,84.7,3.29,1.66,7.39,0.41,14,1837,18.6,3.4,-29.0,0.6137,1.2404,1.55,0.28,-2.42,1.55,1.55,0.38,False,False,False,False,False,0.6137,1.2404,5,7,1,2,1,244,,,,,,,,,,,,,,False,N,1
823702,2026-06-01,MIN,CWS,pitch,2bd64457-d661-3d69-bdc2-61d94994f80d,8,67,14,1,694378,L,Jacob Gonzalez,672782,R,Yoendrys Gómez,CWS,MIN,145,142,Strikeout,Jacob Gonzalez strikes out swinging.,Strikeout,,2,2,2,2,S,Strike,swinging_strike,True,S,ST,Sweeper,Swinging Strike,85.0,78.8,3.29,1.66,6.78,0.44,14,2797,15.6,2.8,-34.8,0.881,1.8558,-1.3,0.23,-2.9,15.6,-1.3,0.41,False,False,False,False,False,0.881,1.8558,6,8,2,2,1,245,76.5,,,,,,,,,,,,,True,N,1
823702,2026-06-01,MIN,CWS,pitch,6cef8e11-ec98-324f-9941-3e7dde876676,8,68,34,2,671976,L,Tristan Peters,672782,R,Yoendrys Gómez,CWS,MIN,145,142,Double,Tristan Peters doubles (10) on a line drive to right fielder Austin Martin.,Double,,0,0,0,0,S,Strike,called_strike,False,C,FF,4-Seam Fastball,Called Strike,96.8,88.8,3.2,1.61,6.88,0.39,4,2468,8.0,17.2,-12.0,-0.4669,2.1252,0.67,1.43,-1.0,0.67,0.67,0.36,True,True,False,False,False,-0.4669,2.1252,1,9,4,3,1,246,,,,,,,,,,,,,,False,N,1
823702,2026-06-01,MIN,CWS,pitch,118d029f-dab2-35c3-940c-ae75da5d330a,8,68,34,2,671976,L,Tristan Peters,672782,R,Yoendrys Gómez,CWS,MIN,145,142,Double,Tristan Peters doubles (10) on a line drive to right fielder Austin Martin.,Double,,1,0,1,0,S,Strike,foul,False,F,FF,4-Seam Fastball,Foul,96.1,87.6,3.2,1.61,6.86,0.39,11,2530,8.2,17.4,-12.1,-0.9559,3.4897,0.68,1.45,-1.01,0.68,0.68,0.37,False,False,False,False,False,-0.9559,3.4897,2,10,5,3,1,247,66.0,,,,,,,,,,,,,False,N,1
823702,2026-06-01,MIN,CWS,pitch,233fdcf7-3d5a-3314-b87b-133fab765f6b,8,68,34,2,671976,L,Tristan Peters,672782,R,Yoendrys Gómez,CWS,MIN,145,142,Double,Tristan Peters doubles (10) on a line drive to right fielder Austin Martin.,Double,,2,0,2,0,S,Strike,foul,False,F,SI,Sinker,Foul,92.5,83.9,3.2,1.61,7.26,0.41,7,2105,19.1,7.1,-25.2,-0.6158,1.9182,1.59,0.59,-2.1,1.59,1.59,0.38,True,True,False,False,False,-0.6158,1.9182,3,11,3,3,1,248,69.1,,,,,,,,,,,,,False,N,1
823702,2026-06-01,MIN,CWS,pitch,54f6c084-cdcf-3f24-b343-6c2a20ed92e4,8,68,34,2,671976,L,Tristan Peters,672782,R,Yoendrys Gómez,CWS,MIN,145,142,Double,Tristan Peters doubles (10) on a line drive to right fielder Austin Martin.,Double,"{""homeRunBallparks"": 0}",2,0,2,0,X,In Play,hit_into_play,False,D,FF,4-Seam Fastball,"In play, no out",97.0,88.5,3.2,1.61,6.84,0.39,6,2482,6.2,18.1,-11.0,0.7171,2.2898,0.52,1.51,-0.92,0.52,0.52,0.37,True,True,False,False,False,0.7171,2.2898,4,12,6,3,1,249,70.2,302.0,0.37,0,215.34,214.3,99.5,22.0,99.5,22.0,,,,True,N,1
823702,2026-06-01,MIN,CWS,pitch,8f447be0-105e-3db9-8dea-7163a31ffdd2,8,69,0,2,700337,L,Edgar Quero,672782,R,Yoendrys Gómez,CWS,MIN,145,142,Pop Out,Edgar Quero pops out to shortstop Tristan Gray.,Pop Out,,0,0,0,0,B,Ball,ball,False,B,ST,Sweeper,Ball,84.7,77.5,3.13,1.58,6.81,0.45,9,2886,15.6,4.4,-33.8,0.4893,1.5948,-1.3,0.37,-2.82,15.6,-1.3,0.42,True,True,False,True,False,0.4893,1.5948,1,13,3,4,1,250,,,,,,,,,,,,,,False,N,1
823702,2026-06-01,MIN,CWS,pitch,a8fd2d0f-33b8-3307-bfd1-f09e346675a0,8,69,0,2,700337,L,Edgar Quero,672782,R,Yoendrys Gómez,CWS,MIN,145,142,Pop Out,Edgar Quero pops out to shortstop Tristan Gray.,Pop Out,,0,1,0,1,S,Strike,called_strike,False,C,FF,4-Seam Fastball,Called Strike,96.1,87.6,3.13,1.58,6.89,0.39,5,2483,6.2,18.0,-11.8,0.0933,2.0669,0.52,1.5,-0.98,0.52,0.52,0.37,True,True,False,True,False,0.0933,2.0669,2,14,7,4,1,251,,,,,,,,,,,,,,False,N,1
823702,2026-06-01,MIN,CWS,pitch,c40a742a-09e4-3a67-ba76-d9a04399ae74,8,69,0,2,700337,L,Edgar Quero,672782,R,Yoendrys Gómez,CWS,MIN,145,142,Pop Out,Edgar Quero pops out to shortstop Tristan Gray.,Pop Out,"{""homeRunBallparks"": 0}",1,1,1,1,X,In Play,hit_into_play,False,X,FF,4-Seam Fastball,"In play, out(s)",95.6,86.8,3.13,1.58,6.96,0.4,3,2580,6.6,16.8,-13.4,0.7343,2.7744,0.55,1.4,-1.12,0.55,0.55,0.37,True,True,False,True,False,0.7343,2.7744,3,15,8,4,1,252,68.0,189.0,0.02,0,-21.36,185.96,77.5,58.0,77.5,58.0,,,,True,N,1
823702,2026-06-01,MIN,CWS,pitch,0a3fb5ca-981b-364e-9c76-3c34313df1e0,8,70,0,1,807712,R,Luke Keaschall,670950,R,Trevor Richards,MIN,CWS,142,145,Lineout,Luke Keaschall lines out to right fielder Rikuu Nishida.,Lineout,,0,0,0,0,B,Ball,ball,False,B,FF,4-Seam Fastball,Ball,91.9,83.6,3.21,1.62,6.69,0.41,14,2348,7.7,21.6,-11.2,1.0362,1.9354,0.64,1.8,-0.93,0.64,0.64,0.39,False,False,False,True,False,1.0362,1.9354,1,9,7,4,1,253,,,,,,,,,,,,,,False,N,1
823702,2026-06-01,MIN,CWS,pitch,2c46fc53-ee0a-30d6-b7b7-b865c2032e93,8,70,0,1,807712,R,Luke Keaschall,670950,R,Trevor Richards,MIN,CWS,142,145,Lineout,Luke Keaschall lines out to right fielder Rikuu Nishida.,Lineout,,0,1,0,1,S,Strike,called_strike,False,C,FF,4-Seam Fastball,Called Strike,92.4,84.3,3.21,1.62,6.61,0.41,6,2335,7.7,21.8,-10.3,0.6461,2.3576,0.64,1.82,-0.86,0.64,0.64,0.38,True,True,False,True,False,0.6461,2.3576,2,10,8,4,1,254,,,,,,,,,,,,,,False,N,1
823702,2026-06-01,MIN,CWS,pitch,929ec8a6-1e91-3324-a9ed-294886e9aae0,8,70,0,1,807712,R,Luke Keaschall,670950,R,Trevor Richards,MIN,CWS,142,145,Lineout,Luke Keaschall lines out to right fielder Rikuu Nishida.,Lineout,,1,1,1,1,B,Ball,ball,False,B,SL,Slider,Ball,84.6,78.3,3.21,1.62,6.44,0.44,11,2285,3.1,3.1,-34.8,-0.2525,3.9712,-0.26,0.26,-2.9,3.1,-0.26,0.42,False,False,False,True,False,-0.2525,3.9712,3,11,2,4,1,255,,,,,,,,,,,,,,False,N,1
823702,2026-06-01,MIN,CWS,pitch,3a644f26-6821-3dbe-b9a1-69186379cb6f,8,70,0,1,807712,R,Luke Keaschall,670950,R,Trevor Richards,MIN,CWS,142,145,Lineout,Luke Keaschall lines out to right fielder Rikuu Nishida.,Lineout,,1,2,1,2,S,Strike,called_strike,False,C,FF,4-Seam Fastball,Called Strike,91.6,83.5,3.21,1.62,6.67,0.41,7,2276,8.5,20.8,-12.1,-0.2996,1.5425,0.71,1.73,-1.01,0.71,0.71,0.39,True,True,False,True,True,-0.2996,1.5425,4,12,9,4,1,256,,,,,,,,,,,,,,False,N,1
823702,2026-06-01,MIN,CWS,pitch,7b9941e7-4788-3e1b-a5b0-096816b90551,8,70,0,1,807712,R,Luke Keaschall,670950,R,Trevor Richards,MIN,CWS,142,145,Lineout,Luke Keaschall lines out to right fielder Rikuu Nishida.,Lineout,"{""homeRunBallparks"": 0}",2,2,2,2,X,In Play,hit_into_play,False,X,FF,4-Seam Fastball,"In play, out(s)",93.0,84.6,3.21,1.62,6.54,0.41,6,2346,7.0,20.6,-11.3,0.3302,2.1581,0.58,1.72,-0.94,0.58,0.58,0.38,True,True,False,True,False,0.3302,2.1581,5,13,10,4,1,257,70.2,329.0,0.31,0,133.75,300.67,97.9,22.0,97.9,22.0,,,,True,N,1
823702,2026-06-01,MIN,CWS,pitch,f9858d79-a0e0-3ba4-97b5-645b10ba4296,8,71,0,1,656484,L,Tristan Gray,670950,R,Trevor Richards,MIN,CWS,142,145,Lineout,Tristan Gray lines out sharply to right fielder Rikuu Nishida.,Lineout,"{""homeRunBallparks"": 0}",0,0,0,0,X,In Play,hit_into_play,False,X,FF,4-Seam Fastball,"In play, out(s)",93.0,84.4,3.26,1.64,6.59,0.41,8,2348,7.1,20.4,-11.5,0.1672,2.0583,0.59,1.7,-0.96,0.59,0.59,0.38,True,True,False,True,False,0.1672,2.0583,1,14,11,5,1,258,77.4,290.0,0.69,0,104.13,270.54,104.3,14.0,104.3,14.0,,,,True,N,1
823702,2026-06-01,MIN,CWS,pitch,58eec6fa-f2b6-3091-8dd4-06273b8d8575,8,72,0,2,621439,R,Byron Buxton,670950,R,Trevor Richards,MIN,CWS,142,145,Groundout,"Byron Buxton grounds out, third baseman Miguel Vargas to first baseman Jacob Gonzalez.",Groundout,,0,0,0,0,B,Ball,ball,False,B,FF,4-Seam Fastball,Ball,93.5,85.3,3.26,1.64,6.69,0.4,14,2375,5.4,20.5,-11.0,1.2428,1.8734,0.45,1.71,-0.92,0.45,0.45,0.38,False,False,False,True,False,1.2428,1.8734,1,15,12,6,1,259,,,,,,,,,,,,,,False,N,1
823702,2026-06-01,MIN,CWS,pitch,a29ec4e0-4c7f-3fe1-babc-ef36732302a9,8,72,0,2,621439,R,Byron Buxton,670950,R,Trevor Richards,MIN,CWS,142,145,Groundout,"Byron Buxton grounds out, third baseman Miguel Vargas to first baseman Jacob Gonzalez.",Groundout,,0,1,0,1,S,Strike,called_strike,False,C,FF,4-Seam Fastball,Called Strike,92.4,84.1,3.26,1.64,6.64,0.41,9,2323,7.1,21.2,-11.2,0.4371,1.9456,0.59,1.77,-0.93,0.59,0.59,0.38,True,True,False,True,False,0.4371,1.9456,2,16,13,6,1,260,,,,,,,,,,,,,,False,N,1
823702,2026-06-01,MIN,CWS,pitch,d8069695-0042-365f-aa4d-118d7a0b5c43,8,72,0,2,621439,R,Byron Buxton,670950,R,Trevor Richards,MIN,CWS,142,145,Groundout,"Byron Buxton grounds out, third baseman Miguel Vargas to first baseman Jacob Gonzalez.",Groundout,"{""homeRunBallparks"": 0}",1,1,1,1,X,In Play,hit_into_play,False,X,SL,Slider,"In play, out(s)",83.6,76.9,3.26,1.64,6.57,0.45,14,2332,4.6,1.0,-38.3,0.8196,1.5243,-0.38,0.08,-3.19,4.6,-0.38,0.42,False,False,False,True,False,0.8196,1.5243,3,17,3,6,1,261,74.9,6.0,0.07,0,-37.1,66.02,79.6,-20.0,79.6,-20.0,,,,True,N,1
823702,2026-06-01,MIN,CWS,pitch,bb669102-fdb1-34ad-ac56-0b9b160a2dd3,9,73,0,1,807747,L,Rikuu Nishida,701519,R,Travis Adams,CWS,MIN,145,142,Groundout,Rikuu Nishida grounds out to first baseman Kody Clemens.,Groundout,,0,0,0,0,S,Strike,called_strike,False,C,FF,4-Seam Fastball,Called Strike,93.4,86.0,2.93,1.48,6.17,0.4,8,2446,7.2,15.7,-15.5,-0.187,1.7628,0.6,1.31,-1.29,0.6,0.6,0.38,True,True,False,True,False,-0.187,1.7628,1,1,1,1,1,262,,,,,,,,,,,,,,False,N,1
823702,2026-06-01,MIN,CWS,pitch,1e7cc293-3682-3df5-9dcb-fda15573ad4e,9,73,0,1,807747,L,Rikuu Nishida,701519,R,Travis Adams,CWS,MIN,145,142,Groundout,Rikuu Nishida grounds out to first baseman Kody Clemens.,Groundout,"{""homeRunBallparks"": 0}",1,0,1,0,X,In Play,hit_into_play,False,X,FF,4-Seam Fastball,"In play, out(s)",92.4,84.9,2.93,1.48,6.25,0.41,12,2485,3.2,15.0,-16.9,0.8771,2.5538,0.27,1.25,-1.41,0.27,0.27,0.38,False,False,False,True,False,0.8771,2.5538,2,2,2,1,1,263,61.3,6.0,0.07,0,55.73,72.14,93.3,-29.0,93.3,-29.0,,,,True,N,1
823702,2026-06-01,MIN,CWS,pitch,ce96417a-f46f-36cc-a442-3f038397b1e0,9,74,33,1,803011,L,Sam Antonacci,701519,R,Travis Adams,CWS,MIN,145,142,Single,Sam Antonacci singles on a sharp line drive to right fielder Austin Martin.,Single,,0,0,0,0,B,Ball,ball,False,B,FF,4-Seam Fastball,Ball,93.3,85.1,3.15,1.59,5.93,0.4,11,2432,6.4,18.1,-13.3,-0.8264,3.559,0.53,1.51,-1.11,0.53,0.53,0.38,False,False,False,False,False,-0.8264,3.559,1,3,3,2,1,264,,,,,,,,,,,,,,False,N,1
823702,2026-06-01,MIN,CWS,pitch,3e45cb3e-8f25-3d86-9b0a-18c9bd64f6eb,9,74,33,1,803011,L,Sam Antonacci,701519,R,Travis Adams,CWS,MIN,145,142,Single,Sam Antonacci singles on a sharp line drive to right fielder Austin Martin.,Single,,0,1,0,1,B,Ball,ball,False,B,FC,Cutter,Ball,90.2,83.7,3.15,1.59,6.09,0.42,9,2507,3.2,7.8,-25.4,0.8236,1.6987,-0.27,0.65,-2.12,3.2,-0.27,0.39,True,True,False,False,False,0.8236,1.6987,2,4,1,2,1,265,,,,,,,,,,,,,,False,N,1
823702,2026-06-01,MIN,CWS,pitch,33ac2e0c-7538-3cc7-a951-c34121b25225,9,74,33,1,803011,L,Sam Antonacci,701519,R,Travis Adams,CWS,MIN,145,142,Single,Sam Antonacci singles on a sharp line drive to right fielder Austin Martin.,Single,"{""homeRunBallparks"": 0}",0,2,0,2,X,In Play,hit_into_play,False,D,FF,4-Seam Fastball,"In play, no out",93.2,85.8,3.15,1.59,6.08,0.4,5,2458,6.5,17.5,-13.8,0.2244,2.2375,0.54,1.46,-1.15,0.54,0.54,0.38,True,True,False,False,False,0.2244,2.2375,3,5,4,2,1,266,75.5,183.0,0.94,0,157.42,241.69,103.3,11.0,103.3,11.0,,,,True,N,1
823702,2026-06-01,MIN,CWS,pitch,26df2e00-8319-32b8-95cd-9f27d6a13ab0,9,75,38,1,678246,R,Miguel Vargas,701519,R,Travis Adams,CWS,MIN,145,142,Home Run,Miguel Vargas homers (15) on a line drive to left field. Sam Antonacci scores.,Home Run,,0,0,0,0,S,Strike,foul_tip,True,T,FF,4-Seam Fastball,Foul Tip,94.0,86.4,3.29,1.66,6.22,0.4,12,2557,6.1,15.6,-15.4,0.8615,2.8982,0.51,1.3,-1.28,0.51,0.51,0.38,False,False,False,False,False,0.8615,2.8982,1,6,5,3,1,267,74.6,,,,,,,,,,True,,,False,N,1
823702,2026-06-01,MIN,CWS,pitch,fdd804c8-f755-3662-a267-fbc286f86852,9,75,38,1,678246,R,Miguel Vargas,701519,R,Travis Adams,CWS,MIN,145,142,Home Run,Miguel Vargas homers (15) on a line drive to left field. Sam Antonacci scores.,Home Run,,1,0,1,0,S,Strike,called_strike,False,C,FC,Cutter,Called Strike,90.7,83.9,3.29,1.66,6.01,0.41,1,2554,3.1,10.8,-22.1,-0.6398,3.114,-0.26,0.9,-1.84,3.1,-0.26,0.39,True,True,False,False,False,-0.6398,3.114,2,7,2,3,1,268,,,,,,,,,,,True,,,False,N,1
823702,2026-06-01,MIN,CWS,pitch,f015341b-9755-32b4-bd53-02a893758c9f,9,75,38,1,678246,R,Miguel Vargas,701519,R,Travis Adams,CWS,MIN,145,142,Home Run,Miguel Vargas homers (15) on a line drive to left field. Sam Antonacci scores.,Home Run,"{""homeRunBallparks"": 9}",2,0,2,0,X,In Play,hit_into_play,False,E,FC,Cutter,"In play, run(s)",90.9,83.4,3.29,1.66,6.13,0.41,12,2577,1.9,7.9,-25.2,0.546,3.4962,0.16,0.66,-2.1,0.16,0.16,0.39,False,False,False,False,False,0.546,3.4962,3,8,3,3,1,269,75.1,363.0,0.54,0,-173.91,326.19,102.9,20.0,102.9,20.0,True,,,True,N,1
823702,2026-06-01,MIN,CWS,pitch,2748dd46-dac6-3255-a88f-3b7fde4b0e32,9,76,0,1,643217,L,Andrew Benintendi,701519,R,Travis Adams,CWS,MIN,145,142,Groundout,"Andrew Benintendi grounds out, shortstop Tristan Gray to first baseman Kody Clemens.",Groundout,,0,0,0,0,S,Strike,foul,False,F,CH,Changeup,Foul,87.7,80.3,3.07,1.55,6.17,0.43,4,2116,15.7,4.2,-31.4,-0.3405,2.0719,1.31,0.35,-2.62,1.31,1.31,0.4,True,True,False,True,False,-0.3405,2.0719,1,9,1,4,1,270,64.7,,,,,,,,,,,,,False,N,1
823702,2026-06-01,MIN,CWS,pitch,1133ce2d-cf61-3098-8abd-9ccd31718ef6,9,76,0,1,643217,L,Andrew Benintendi,701519,R,Travis Adams,CWS,MIN,145,142,Groundout,"Andrew Benintendi grounds out, shortstop Tristan Gray to first baseman Kody Clemens.",Groundout,,1,0,1,0,B,Ball,ball,False,B,CH,Changeup,Ball,86.1,79.4,3.07,1.55,6.08,0.44,14,1924,13.0,5.5,-31.4,0.1712,0.5034,1.08,0.46,-2.62,1.08,1.08,0.41,False,False,False,True,False,0.1712,0.5034,2,10,2,4,1,271,,,,,,,,,,,,,,False,N,1
823702,2026-06-01,MIN,CWS,pitch,247efc90-e16c-3386-8478-7e4850286525,9,76,0,1,643217,L,Andrew Benintendi,701519,R,Travis Adams,CWS,MIN,145,142,Groundout,"Andrew Benintendi grounds out, shortstop Tristan Gray to first baseman Kody Clemens.",Groundout,,1,1,1,1,S,Strike,foul,False,F,FC,Cutter,Foul,91.3,84.5,3.07,1.55,6.06,0.41,2,2505,3.6,7.7,-24.8,0.1387,2.7614,-0.3,0.64,-2.07,3.6,-0.3,0.38,True,True,False,True,False,0.1387,2.7614,3,11,4,4,1,272,71.4,,,,,,,,,,,,,False,N,1
823702,2026-06-01,MIN,CWS,pitch,6dc91020-8dc7-33f5-80ee-29325e8e2fd5,9,76,0,1,643217,L,Andrew Benintendi,701519,R,Travis Adams,CWS,MIN,145,142,Groundout,"Andrew Benintendi grounds out, shortstop Tristan Gray to first baseman Kody Clemens.",Groundout,,2,1,2,1,B,Ball,ball,False,B,CH,Changeup,Ball,84.6,78.1,3.07,1.55,6.11,0.44,13,1923,14.5,6.7,-31.4,-0.3033,0.6226,1.21,0.56,-2.62,1.21,1.21,0.42,False,False,False,True,False,-0.3033,0.6226,4,12,3,4,1,273,,,,,,,,,,,,,,False,N,1
823702,2026-06-01,MIN,CWS,pitch,6c806668-4a31-3c17-9e30-876d9981212c,9,76,0,1,643217,L,Andrew Benintendi,701519,R,Travis Adams,CWS,MIN,145,142,Groundout,"Andrew Benintendi grounds out, shortstop Tristan Gray to first baseman Kody Clemens.",Groundout,"{""homeRunBallparks"": 0}",2,2,2,2,X,In Play,hit_into_play,False,X,FF,4-Seam Fastball,"In play, out(s)",94.6,86.9,3.07,1.55,6.11,0.4,7,2468,4.7,16.9,-13.6,-0.6332,1.8221,0.39,1.41,-1.13,0.39,0.39,0.37,True,True,False,True,False,-0.6332,1.8221,5,13,6,4,1,274,61.6,6.0,0.14,0,-7.98,152.29,96.5,-19.0,96.5,-19.0,,,,True,N,1
823702,2026-06-01,MIN,CWS,pitch,f23a7339-84e9-3a10-9ccd-118e3acffc17,9,77,14,2,695657,L,Colson Montgomery,701519,R,Travis Adams,CWS,MIN,145,142,Strikeout,Colson Montgomery strikes out swinging.,Strikeout,,0,0,0,0,B,Ball,ball,False,B,FF,4-Seam Fastball,Ball,93.8,86.5,3.34,1.69,6.28,0.4,14,2439,1.8,14.4,-16.6,0.4581,1.3046,0.15,1.2,-1.38,0.15,0.15,0.38,False,False,False,False,False,0.4581,1.3046,1,14,7,5,1,275,,,,,,,,,,,,,,False,N,1
823702,2026-06-01,MIN,CWS,pitch,676d5338-c269-3012-8ce6-f72100f76aec,9,77,14,2,695657,L,Colson Montgomery,701519,R,Travis Adams,CWS,MIN,145,142,Strikeout,Colson Montgomery strikes out swinging.,Strikeout,,0,1,0,1,B,Ball,ball,False,B,CH,Changeup,Ball,86.1,79.5,3.34,1.69,6.09,0.44,14,2113,14.8,1.0,-35.8,0.5084,1.2593,1.23,0.08,-2.98,1.23,1.23,0.41,False,False,False,False,False,0.5084,1.2593,2,15,4,5,1,276,,,,,,,,,,,,,,False,N,1
823702,2026-06-01,MIN,CWS,pitch,e90a4f78-754e-327b-abae-46a6251e7c1d,9,77,14,2,695657,L,Colson Montgomery,701519,R,Travis Adams,CWS,MIN,145,142,Strikeout,Colson Montgomery strikes out swinging.,Strikeout,,0,2,0,2,S,Strike,foul,False,F,FF,4-Seam Fastball,Foul,94.8,87.1,3.34,1.69,6.14,0.4,6,2615,7.2,16.7,-13.7,0.812,2.3139,0.6,1.39,-1.14,0.6,0.6,0.37,True,True,False,False,False,0.812,2.3139,3,16,8,5,1,277,79.1,,,,,,,,,,,,,False,N,1
823702,2026-06-01,MIN,CWS,pitch,3f581826-16be-378d-a3cc-b7ddf822ec8e,9,77,14,2,695657,L,Colson Montgomery,701519,R,Travis Adams,CWS,MIN,145,142,Strikeout,Colson Montgomery strikes out swinging.,Strikeout,,1,2,1,2,B,Ball,ball,False,B,FF,4-Seam Fastball,Ball,94.9,87.3,3.34,1.69,6.2,0.4,13,2394,6.2,16.6,-13.7,-1.0147,2.0894,0.52,1.38,-1.14,0.52,0.52,0.37,False,False,False,False,False,-1.0147,2.0894,4,17,9,5,1,278,,,,,,,,,,,,,,False,N,1
823702,2026-06-01,MIN,CWS,pitch,4000d454-f611-3b75-9953-eb2522202449,9,77,14,2,695657,L,Colson Montgomery,701519,R,Travis Adams,CWS,MIN,145,142,Strikeout,Colson Montgomery strikes out swinging.,Strikeout,,1,3,1,3,S,Strike,foul,False,F,FF,4-Seam Fastball,Foul,94.2,86.2,3.34,1.69,6.09,0.4,5,2362,7.7,15.6,-15.2,0.0196,2.776,0.64,1.3,-1.27,0.64,0.64,0.37,True,True,False,False,False,0.0196,2.776,5,18,10,5,1,279,79.7,,,,,,,,,,,,,False,N,1
823702,2026-06-01,MIN,CWS,pitch,1508097a-1756-3bbd-8d92-c59732b20e08,9,77,14,2,695657,L,Colson Montgomery,701519,R,Travis Adams,CWS,MIN,145,142,Strikeout,Colson Montgomery strikes out swinging.,Strikeout,,2,3,2,3,S,Strike,swinging_strike,True,S,FC,Cutter,Swinging Strike,92.6,85.8,3.34,1.69,6.06,0.4,14,2580,3.6,9.5,-22.2,0.1628,1.1267,-0.3,0.79,-1.85,3.6,-0.3,0.38,False,False,False,False,False,0.1628,1.1267,6,19,5,5,1,280,78.8,,,,,,,,,,,,,True,N,1
823781,2026-06-01,MIL,SF,pitch,0f92b01c-005d-32d9-a67e-471a7247cdc8,1,1,14,1,669477,R,Casey Schmitt,675660,L,Shane Drohan,SF,MIL,137,158,Strikeout,Casey Schmitt strikes out swinging.,Strikeout,,0,0,0,0,S,Strike,swinging_strike,True,S,FF,4-Seam Fastball,Swinging Strike,93.8,85.6,3.2,1.61,6.31,0.4,3,2317,13.8,13.8,-17.4,0.7607,2.8538,-1.15,1.15,-1.45,13.8,-1.15,0.38,True,True,False,False,False,0.7607,2.8538,1,1,1,1,1,1,75.7,,,,,,,,,,,,,False,N,1
823781,2026-06-01,MIL,SF,pitch,82500402-713f-386e-88e7-25e33b0d662d,1,1,14,1,669477,R,Casey Schmitt,675660,L,Shane Drohan,SF,MIL,137,158,Strikeout,Casey Schmitt strikes out swinging.,Strikeout,,1,0,1,0,S,Strike,foul,False,F,CU,Curveball,Foul,81.6,75.2,3.2,1.61,6.2,0.46,7,2949,10.3,-14.3,-55.6,-0.4861,1.5839,0.86,-1.19,-4.63,0.86,0.86,0.43,True,True,False,False,False,-0.4861,1.5839,2,2,1,1,1,2,74.6,,,,,,,,,,,,,False,N,1
823781,2026-06-01,MIL,SF,pitch,aadd4073-c0dd-35ff-a639-365d735f8cc0,1,1,14,1,669477,R,Casey Schmitt,675660,L,Shane Drohan,SF,MIL,137,158,Strikeout,Casey Schmitt strikes out swinging.,Strikeout,,2,0,2,0,B,Ball,ball,False,B,FF,4-Seam Fastball,Ball,96.3,88.2,3.2,1.61,6.22,0.39,12,2536,10.9,14.6,-14.8,0.7999,4.4581,-0.91,1.22,-1.23,10.9,-0.91,0.37,False,False,False,False,False,0.7999,4.4581,3,3,2,1,1,3,,,,,,,,,,,,,,False,N,1
823781,2026-06-01,MIL,SF,pitch,c9d0c2af-b303-322e-88ba-09e8198058fa,1,1,14,1,669477,R,Casey Schmitt,675660,L,Shane Drohan,SF,MIL,137,158,Strikeout,Casey Schmitt strikes out swinging.,Strikeout,,2,1,2,1,B,Ball,ball,False,B,FF,4-Seam Fastball,Ball,95.8,87.7,3.2,1.61,6.28,0.39,12,2407,9.7,14.3,-15.4,0.8966,3.7136,-0.81,1.19,-1.28,9.7,-0.81,0.37,False,False,False,False,False,0.8966,3.7136,4,4,3,1,1,4,,,,,,,,,,,,,,False,N,1
823781,2026-06-01,MIL,SF,pitch,33fbf87d-6b3b-3928-9172-e974b2d5b067,1,1,14,1,669477,R,Casey Schmitt,675660,L,Shane Drohan,SF,MIL,137,158,Strikeout,Casey Schmitt strikes out swinging.,Strikeout,,2,2,2,2,S,Strike,foul,False,F,SL,Slider,Foul,87.8,82.0,3.2,1.61,6.28,0.43,4,2920,4.6,-1.9,-36.8,-0.3775,2.3975,0.38,-0.16,-3.07,0.38,0.38,0.4,True,True,False,False,False,-0.3775,2.3975,5,5,1,1,1,5,76.1,,,,,,,,,,,,,False,N,1
823781,2026-06-01,MIL,SF,pitch,6ead8774-f494-3d93-bc3c-b56d37bd537e,1,1,14,1,669477,R,Casey Schmitt,675660,L,Shane Drohan,SF,MIL,137,158,Strikeout,Casey Schmitt strikes out swinging.,Strikeout,,2,2,2,2,B,Ball,ball,False,B,SL,Slider,Ball,87.6,81.7,3.2,1.61,6.34,0.43,13,2909,3.4,-2.5,-37.8,-1.0587,0.669,0.28,-0.21,-3.15,0.28,0.28,0.4,False,False,False,False,False,-1.0587,0.669,6,6,2,1,1,6,,,,,,,,,,,,,,False,N,1
823781,2026-06-01,MIL,SF,pitch,e1aa81fb-b9eb-3bf7-911a-a976164dcb44,1,1,14,1,669477,R,Casey Schmitt,675660,L,Shane Drohan,SF,MIL,137,158,Strikeout,Casey Schmitt strikes out swinging.,Strikeout,,2,3,2,3,S,Strike,foul,False,F,CU,Curveball,Foul,82.0,75.7,3.2,1.61,6.13,0.46,13,2801,8.4,-11.9,-52.7,-0.2187,1.0141,0.7,-0.99,-4.39,0.7,0.7,0.43,False,False,False,False,False,-0.2187,1.0141,7,7,2,1,1,7,68.0,,,,,,,,,,,,,False,N,1
823781,2026-06-01,MIL,SF,pitch,5119f091-f083-3256-975e-d76c4b9afb31,1,1,14,1,669477,R,Casey Schmitt,675660,L,Shane Drohan,SF,MIL,137,158,Strikeout,Casey Schmitt strikes out swinging.,Strikeout,,2,3,2,3,S,Strike,swinging_strike,True,S,FF,4-Seam Fastball,Swinging Strike,95.9,88.4,3.2,1.61,6.39,0.39,1,2525,9.1,14.5,-15.0,-0.536,2.8837,-0.76,1.21,-1.25,9.1,-0.76,0.37,True,True,True,False,False,-0.536,2.8837,8,8,4,1,1,8,47.3,,,,,,,,,,,,,True,N,1
823781,2026-06-01,MIL,SF,pitch,d10abe19-9e18-386a-bb08-2db66d9b6277,1,2,0,1,646240,L,Rafael Devers,675660,L,Shane Drohan,SF,MIL,137,158,Walk,Rafael Devers walks.,Walk,,0,0,0,0,S,Strike,swinging_strike,True,S,FF,4-Seam Fastball,Swinging Strike,96.7,88.7,3.22,1.62,6.31,0.39,5,2468,10.0,15.1,-14.0,-0.1297,2.657,-0.83,1.26,-1.17,10.0,-0.83,0.36,True,True,False,False,False,-0.1297,2.657,1,9,5,2,1,9,73.3,,,,,,,,,,,,,False,N,1
823781,2026-06-01,MIL,SF,pitch,1e6e8daf-312b-3fa0-8c86-ddaa5bc1face,1,2,0,1,646240,L,Rafael Devers,675660,L,Shane Drohan,SF,MIL,137,158,Walk,Rafael Devers walks.,Walk,,1,0,1,0,B,Ball,ball,False,B,FF,4-Seam Fastball,Ball,96.8,88.7,3.22,1.62,6.35,0.39,11,2617,11.4,15.0,-14.2,-1.2204,3.0434,-0.95,1.25,-1.18,11.4,-0.95,0.36,False,False,False,False,False,-1.2204,3.0434,2,10,6,2,1,10,,,,,,,,,,,,,,False,N,1
823781,2026-06-01,MIL,SF,pitch,b9610266-5b52-3ed5-8cdb-82ea358276be,1,2,0,1,646240,L,Rafael Devers,675660,L,Shane Drohan,SF,MIL,137,158,Walk,Rafael Devers walks.,Walk,,1,1,1,1,S,Strike,swinging_strike,True,S,FF,4-Seam Fastball,Swinging Strike,96.5,88.4,3.22,1.62,6.38,0.39,7,2501,11.3,14.9,-14.5,-0.4727,1.88,-0.94,1.24,-1.21,11.3,-0.94,0.37,True,True,False,False,False,-0.4727,1.88,3,11,7,2,1,11,74.2,,,,,,,,,,,,,False,N,1
823781,2026-06-01,MIL,SF,pitch,6c054c85-164a-38d7-82c8-b36567596e2b,1,2,0,1,646240,L,Rafael Devers,675660,L,Shane Drohan,SF,MIL,137,158,Walk,Rafael Devers walks.,Walk,,2,1,2,1,B,Ball,ball,False,B,FF,4-Seam Fastball,Ball,97.2,89.1,3.22,1.62,6.27,0.39,11,2468,12.4,14.8,-14.2,-1.0888,2.599,-1.03,1.23,-1.18,12.4,-1.03,0.36,False,False,False,False,False,-1.0888,2.599,4,12,8,2,1,12,,,,,,,,,,,,,,False,N,1
823781,2026-06-01,MIL,SF,pitch,9d638fa1-db5f-32e0-9819-dcc68f718385,1,2,0,1,646240,L,Rafael Devers,675660,L,Shane Drohan,SF,MIL,137,158,Walk,Rafael Devers walks.,Walk,,2,2,2,2,B,Ball,ball,False,B,FF,4-Seam Fastball,Ball,96.7,88.2,3.22,1.62,6.26,0.39,11,2472,10.2,15.1,-14.2,-0.204,3.7302,-0.85,1.26,-1.18,10.2,-0.85,0.37,False,False,False,False,False,-0.204,3.7302,5,13,9,2,1,13,,,,,,,,,,,,,,False,N,1
823781,2026-06-01,MIL,SF,pitch,e4c3353a-4bee-3be7-ba8d-10781e13a6a5,1,2,0,1,646240,L,Rafael Devers,675660,L,Shane Drohan,SF,MIL,137,158,Walk,Rafael Devers walks.,Walk,,2,3,2,3,B,Ball,ball,False,B,FF,4-Seam Fastball,Ball,94.9,87.1,3.22,1.62,6.47,0.4,13,2406,11.0,14.6,-15.6,-1.0441,2.1651,-0.92,1.22,-1.3,11.0,-0.92,0.37,False,False,False,False,False,-1.0441,2.1651,6,14,10,2,1,14,,,,,,,,,,,,,,True,N,1
823781,2026-06-01,MIL,SF,pitch,35000c00-a19d-38fc-856d-67ccbf07cd44,1,3,24,1,650333,L,Luis Arraez,675660,L,Shane Drohan,SF,MIL,137,158,GIDP,"Luis Arraez grounds into a double play, second baseman Brice Turang to shortstop David Hamilton to first baseman Andrew Vaughn. Rafael Devers out at 2nd. Luis Arraez out at 1st.",GIDP,,0,0,0,0,B,Ball,ball,False,B,FF,4-Seam Fastball,Ball,96.9,88.2,3.12,1.58,6.26,0.39,11,2480,9.6,16.3,-12.8,-0.2881,4.2491,-0.8,1.36,-1.07,9.6,-0.8,0.37,False,False,False,False,False,-0.2881,4.2491,1,15,11,3,1,15,,,,,,,,,,,True,,,False,N,1
823781,2026-06-01,MIL,SF,pitch,f287f910-1a2c-37c1-b8e0-9e3ec1504fb1,1,3,24,1,650333,L,Luis Arraez,675660,L,Shane Drohan,SF,MIL,137,158,GIDP,"Luis Arraez grounds into a double play, second baseman Brice Turang to shortstop David Hamilton to first baseman Andrew Vaughn. Rafael Devers out at 2nd. Luis Arraez out at 1st.",GIDP,,0,1,0,1,B,Ball,ball,False,B,SL,Slider,Ball,86.0,80.2,3.12,1.58,6.35,0.44,13,2995,6.6,-4.1,-40.7,-1.3254,1.1842,0.55,-0.34,-3.39,0.55,0.55,0.41,False,False,False,False,False,-1.3254,1.1842,2,16,3,3,1,16,,,,,,,,,,,True,,,False,N,1
823781,2026-06-01,MIL,SF,pitch,18e3187c-cf5a-3bf9-8548-83519a7aebf6,1,3,24,1,650333,L,Luis Arraez,675660,L,Shane Drohan,SF,MIL,137,158,GIDP,"Luis Arraez grounds into a double play, second baseman Brice Turang to shortstop David Hamilton to first baseman Andrew Vaughn. Rafael Devers out at 2nd. Luis Arraez out at 1st.",GIDP,"{""homeRunBallparks"": 0}",0,2,0,2,X,In Play,hit_into_play,False,X,SI,Sinker,"In play, out(s)",95.7,87.3,3.12,1.58,6.23,0.39,2,2337,15.2,7.9,-22.0,0.2055,2.9257,-1.27,0.66,-1.83,15.2,-1.27,0.37,True,True,False,False,False,0.2055,2.9257,3,17,1,3,1,17,65.0,56.0,0.1,0,66.57,111.21,73.8,2.0,73.8,2.0,True,,,True,N,1
823781,2026-06-01,MIL,SF,pitch,6a5e8b6f-0e63-377b-9b0c-79069041d70a,1,4,14,1,592885,L,Christian Yelich,694738,R,Landen Roupp,MIL,SF,158,137,Strikeout,Christian Yelich strikes out swinging.,Strikeout,,0,0,0,0,S,Strike,called_strike,False,C,SI,Sinker,Called Strike,94.4,86.9,3.37,1.7,6.6,0.4,1,2055,18.0,3.2,-27.2,-0.4188,2.9607,1.5,0.27,-2.27,1.5,1.5,0.37,True,True,False,False,False,-0.4188,2.9607,1,1,1,1,1,18,,,,,,,,,,,,,,False,N,1
823781,2026-06-01,MIL,SF,pitch,bf4bb2e4-3c02-32ff-8f5e-0c2c39fb854b,1,4,14,1,592885,L,Christian Yelich,694738,R,Landen Roupp,MIL,SF,158,137,Strikeout,Christian Yelich strikes out swinging.,Strikeout,,1,0,1,0,S,Strike,called_strike,False,C,SI,Sinker,Called Strike,94.2,86.5,3.37,1.7,6.51,0.4,3,2097,18.4,2.6,-28.0,0.4248,3.4193,1.53,0.22,-2.33,1.53,1.53,0.37,True,True,False,False,False,0.4248,3.4193,2,2,2,1,1,19,,,,,,,,,,,,,,False,N,1
823781,2026-06-01,MIL,SF,pitch,38d9e259-17ff-3c79-af5d-d8a87b1ef4a2,1,4,14,1,592885,L,Christian Yelich,694738,R,Landen Roupp,MIL,SF,158,137,Strikeout,Christian Yelich strikes out swinging.,Strikeout,,2,0,2,0,S,Strike,swinging_strike,True,S,CU,Curveball,Swinging Strike,77.6,71.2,3.37,1.7,6.01,0.49,14,3015,19.2,-6.2,-52.0,0.4034,1.3779,-1.6,-0.52,-4.33,19.2,-1.6,0.46,False,False,False,False,False,0.4034,1.3779,3,3,1,1,1,20,74.8,,,,,,,,,,,,,True,N,1
823781,2026-06-01,MIL,SF,pitch,849bdc06-3ea1-3f55-9235-689551dbfb8f,1,5,14,1,694192,R,Jackson Chourio,694738,R,Landen Roupp,MIL,SF,158,137,Strikeout,Jackson Chourio strikes out swinging.,Strikeout,,0,0,0,0,S,Strike,called_strike,False,C,SI,Sinker,Called Strike,94.2,86.6,3.24,1.63,6.64,0.4,2,2144,18.7,4.7,-26.0,0.1142,3.0391,1.56,0.39,-2.17,1.56,1.56,0.37,True,True,False,False,False,0.1142,3.0391,1,4,3,2,1,21,,,,,,,,,,,,,,False,N,1
823781,2026-06-01,MIL,SF,pitch,46cdcfec-3620-3e71-9e60-72d5a7ef64eb,1,5,14,1,694192,R,Jackson Chourio,694738,R,Landen Roupp,MIL,SF,158,137,Strikeout,Jackson Chourio strikes out swinging.,Strikeout,,1,0,1,0,S,Strike,swinging_strike,True,S,FC,Cutter,Swinging Strike,88.7,82.4,3.24,1.63,6.33,0.42,14,2449,5.3,2.8,-31.7,0.9452,1.2697,-0.44,0.23,-2.64,5.3,-0.44,0.4,False,False,False,False,False,0.9452,1.2697,2,5,1,2,1,22,69.3,,,,,,,,,,,,,False,N,1
823781,2026-06-01,MIL,SF,pitch,30b5642d-251c-3313-a4b0-aef4fc84d1f2,1,5,14,1,694192,R,Jackson Chourio,694738,R,Landen Roupp,MIL,SF,158,137,Strikeout,Jackson Chourio strikes out swinging.,Strikeout,,2,0,2,0,S,Strike,foul,False,F,FF,4-Seam Fastball,Foul,94.4,86.9,3.24,1.63,6.61,0.4,11,2216,13.1,9.6,-20.8,-0.2666,3.437,1.09,0.8,-1.73,1.09,1.09,0.37,False,False,False,False,False,-0.2666,3.437,3,6,1,2,1,23,70.5,,,,,,,,,,,,,False,N,1
823781,2026-06-01,MIL,SF,pitch,f90f5f72-efa4-3d50-a7e4-2b332c2ca8ed,1,5,14,1,694192,R,Jackson Chourio,694738,R,Landen Roupp,MIL,SF,158,137,Strikeout,Jackson Chourio strikes out swinging.,Strikeout,,2,0,2,0,B,Ball,ball,False,B,SI,Sinker,Ball,95.0,87.6,3.24,1.63,6.61,0.4,14,2095,19.6,1.6,-28.6,1.0534,1.7128,1.63,0.13,-2.38,1.63,1.63,0.37,False,False,False,False,False,1.0534,1.7128,4,7,4,2,1,24,,,,,,,,,,,,,,False,N,1
823781,2026-06-01,MIL,SF,pitch,8aae6a0b-4600-35d5-a9ee-8ac657f2421a,1,5,14,1,694192,R,Jackson Chourio,694738,R,Landen Roupp,MIL,SF,158,137,Strikeout,Jackson Chourio strikes out swinging.,Strikeout,,2,1,2,1,S,Strike,swinging_strike,True,S,CU,Curveball,Swinging Strike,77.5,70.6,3.24,1.63,6.05,0.49,7,3173,19.6,-9.2,-55.4,-0.62,1.6157,-1.63,-0.77,-4.62,19.6,-1.63,0.46,True,True,False,False,False,-0.62,1.6157,5,8,2,2,1,25,72.6,,,,,,,,,,,,,True,N,1
823781,2026-06-01,MIL,SF,pitch,b4538140-5c9f-3fe0-86c2-a30e8802269f,1,6,34,2,668930,L,Brice Turang,694738,R,Landen Roupp,MIL,SF,158,137,Double,Brice Turang doubles (12) on a sharp line drive to left fielder Casey Schmitt.,Double,,0,0,0,0,S,Strike,called_strike,False,C,SI,Sinker,Called Strike,94.0,86.4,3.21,1.62,6.91,0.4,2,2102,18.0,3.5,-27.4,-0.2106,3.0535,1.5,0.29,-2.28,1.5,1.5,0.38,True,True,False,False,False,-0.2106,3.0535,1,9,5,3,1,26,,,,,,,,,,,,,,False,N,1
823781,2026-06-01,MIL,SF,pitch,ad2a5070-d5bc-3b8e-81df-be6716558185,1,6,34,2,668930,L,Brice Turang,694738,R,Landen Roupp,MIL,SF,158,137,Double,Brice Turang doubles (12) on a sharp line drive to left fielder Casey Schmitt.,Double,,1,0,1,0,B,Ball,ball,False,B,CU,Curveball,Ball,77.0,70.7,3.21,1.62,6.27,0.49,14,3027,16.4,-11.5,-58.1,0.5306,1.2319,-1.37,-0.96,-4.84,16.4,-1.37,0.46,False,False,False,False,False,0.5306,1.2319,2,10,3,3,1,27,,,,,,,,,,,,,,False,N,1
823781,2026-06-01,MIL,SF,pitch,e2e186f6-166f-3cbf-8922-a720eb4a58e1,1,6,34,2,668930,L,Brice Turang,694738,R,Landen Roupp,MIL,SF,158,137,Double,Brice Turang doubles (12) on a sharp line drive to left fielder Casey Schmitt.,Double,,1,1,1,1,B,Ball,ball,False,B,SI,Sinker,Ball,93.8,86.1,3.21,1.62,6.58,0.4,11,2206,17.3,3.7,-27.2,-0.2493,3.5978,1.44,0.31,-2.27,1.44,1.44,0.38,False,False,False,False,False,-0.2493,3.5978,3,11,6,3,1,28,,,,,,,,,,,,,,False,N,1
823781,2026-06-01,MIL,SF,pitch,dc5626c5-9624-3595-afb6-313bbbdaf76c,1,6,34,2,668930,L,Brice Turang,694738,R,Landen Roupp,MIL,SF,158,137,Double,Brice Turang doubles (12) on a sharp line drive to left fielder Casey Schmitt.,Double,,1,2,1,2,B,Ball,ball,False,B,CH,Changeup,Ball,88.1,81.8,3.21,1.62,6.44,0.43,13,1712,15.6,-2.4,-37.3,-1.8948,1.5023,1.3,-0.2,-3.11,1.3,1.3,0.4,False,False,False,False,False,-1.8948,1.5023,4,12,1,3,1,29,,,,,,,,,,,,,,False,N,1
823781,2026-06-01,MIL,SF,pitch,d138d201-9abf-3b0f-bcf6-ff42b08b04ed,1,6,34,2,668930,L,Brice Turang,694738,R,Landen Roupp,MIL,SF,158,137,Double,Brice Turang doubles (12) on a sharp line drive to left fielder Casey Schmitt.,Double,,1,3,1,3,S,Strike,foul,False,F,SI,Sinker,Foul,93.1,85.6,3.21,1.62,6.66,0.4,2,2118,18.5,3.5,-28.0,-0.0546,3.1468,1.54,0.29,-2.33,1.54,1.54,0.38,True,True,False,False,False,-0.0546,3.1468,5,13,7,3,1,30,70.3,,,,,,,,,,,,,False,N,1
823781,2026-06-01,MIL,SF,pitch,78a22be9-936d-3caa-8ee5-0cc7d8203865,1,6,34,2,668930,L,Brice Turang,694738,R,Landen Roupp,MIL,SF,158,137,Double,Brice Turang doubles (12) on a sharp line drive to left fielder Casey Schmitt.,Double,"{""homeRunBallparks"": 0}",2,3,2,3,X,In Play,hit_into_play,False,D,SI,Sinker,"In play, no out",94.0,86.7,3.21,1.62,6.67,0.4,1,2048,18.5,4.2,-26.5,-0.3725,2.8606,1.54,0.35,-2.21,1.54,1.54,0.37,True,True,False,False,False,-0.3725,2.8606,6,14,8,3,1,31,66.6,254.0,0.71,0,-214.35,237.47,100.3,15.0,100.3,15.0,,,,True,N,1
823781,2026-06-01,MIL,SF,pitch,54bcba61-0e07-3525-b180-b97203afa3b0,1,7,0,2,661388,R,William Contreras,694738,R,Landen Roupp,MIL,SF,158,137,Pop Out,William Contreras pops out to second baseman Luis Arraez.,Pop Out,,0,0,0,0,B,Ball,ball,False,B,CU,Curveball,Ball,77.5,70.9,3.13,1.58,6.29,0.49,14,3077,18.2,-7.9,-53.9,1.1179,1.8868,-1.52,-0.66,-4.49,18.2,-1.52,0.46,False,False,False,True,False,1.1179,1.8868,1,15,4,4,1,32,,,,,,,,,,,,,,False,N,1
823781,2026-06-01,MIL,SF,pitch,308c2457-f663-39c4-a85e-072f6791c737,1,7,0,2,661388,R,William Contreras,694738,R,Landen Roupp,MIL,SF,158,137,Pop Out,William Contreras pops out to second baseman Luis Arraez.,Pop Out,,0,1,0,1,B,Ball,ball,False,B,SI,Sinker,Ball,94.9,87.3,3.13,1.58,6.66,0.4,14,2231,18.1,4.3,-26.0,0.8459,1.6642,1.51,0.36,-2.17,1.51,1.51,0.37,False,False,False,True,False,0.8459,1.6642,2,16,9,4,1,33,,,,,,,,,,,,,,False,N,1
823781,2026-06-01,MIL,SF,pitch,f4f07855-bb59-3fa4-a424-a7577a0f720b,1,7,0,2,661388,R,William Contreras,694738,R,Landen Roupp,MIL,SF,158,137,Pop Out,William Contreras pops out to second baseman Luis Arraez.,Pop Out,"{""homeRunBallparks"": 0}",0,2,0,2,X,In Play,hit_into_play,False,X,SI,Sinker,"In play, out(s)",94.3,86.6,3.13,1.58,6.77,0.4,4,2187,17.2,3.8,-26.9,-0.7891,2.2781,1.43,0.32,-2.24,1.43,1.43,0.37,True,True,False,True,False,-0.7891,2.2781,3,17,10,4,1,34,73.3,189.0,0.08,0,-9.76,187.38,76.2,55.0,76.2,55.0,,,,True,N,1
823781,2026-06-01,MIL,SF,pitch,5486ec50-56bd-3e91-b5aa-ee98da411c34,2,8,0,1,642715,R,Willy Adames,675660,L,Shane Drohan,SF,MIL,137,158,Groundout,"Willy Adames grounds out, third baseman Luis Rengifo to first baseman Andrew Vaughn.",Groundout,,0,0,0,0,S,Strike,called_strike,False,C,CU,Curveball,Called Strike,80.1,73.7,3.22,1.63,6.05,0.47,6,2897,13.2,-8.9,-51.6,0.6302,2.6001,1.1,-0.74,-4.3,1.1,1.1,0.44,True,True,False,True,False,0.6302,2.6001,1,18,3,4,1,35,,,,,,,,,,,,,,False,N,1
823781,2026-06-01,MIL,SF,pitch,0a5078f1-e248-32ff-9245-12e199b2d870,2,8,0,1,642715,R,Willy Adames,675660,L,Shane Drohan,SF,MIL,137,158,Groundout,"Willy Adames grounds out, third baseman Luis Rengifo to first baseman Andrew Vaughn.",Groundout,"{""homeRunBallparks"": 0}",1,0,1,0,X,In Play,hit_into_play,False,X,SL,Slider,"In play, out(s)",87.3,81.1,3.22,1.63,6.14,0.43,8,2761,4.3,2.8,-32.8,-0.1623,1.9766,0.36,0.23,-2.73,0.36,0.36,0.4,True,True,False,True,False,-0.1623,1.9766,2,19,4,4,1,36,75.9,5.0,0.13,0,-45.0,80.14,59.9,-39.0,59.9,-39.0,,,,True,N,1
823781,2026-06-01,MIL,SF,pitch,0e2b1b94-bbba-313f-a6c2-079c5407f9dd,2,9,33,1,808982,L,Jung Hoo Lee,675660,L,Shane Drohan,SF,MIL,137,158,Single,Jung Hoo Lee singles on a line drive to right fielder Sal Frelick.,Single,,0,0,0,0,B,Ball,ball,False,B,FF,4-Seam Fastball,Ball,95.5,87.3,3.22,1.63,6.18,0.39,12,2504,11.0,15.4,-14.5,1.1506,4.3462,-0.92,1.28,-1.21,11.0,-0.92,0.37,False,False,False,False,False,1.1506,4.3462,1,20,12,5,1,37,,,,,,,,,,,,,,False,N,1
823781,2026-06-01,MIL,SF,pitch,8accfa70-e94c-3fb9-b925-1e9f495d15c9,2,9,33,1,808982,L,Jung Hoo Lee,675660,L,Shane Drohan,SF,MIL,137,158,Single,Jung Hoo Lee singles on a line drive to right fielder Sal Frelick.,Single,,0,1,0,1,S,Strike,called_strike,False,C,CU,Curveball,Called Strike,80.2,73.8,3.22,1.63,6.09,0.47,9,2860,13.8,-10.4,-53.2,0.4579,1.6204,1.15,-0.87,-4.43,1.15,1.15,0.44,True,True,False,False,False,0.4579,1.6204,2,21,4,5,1,38,,,,,,,,,,,,,,False,N,1
823781,2026-06-01,MIL,SF,pitch,7b92d0e9-1eeb-35b0-b061-7116193b5f02,2,9,33,1,808982,L,Jung Hoo Lee,675660,L,Shane Drohan,SF,MIL,137,158,Single,Jung Hoo Lee singles on a line drive to right fielder Sal Frelick.,Single,,1,1,1,1,S,Strike,foul_tip,True,T,FF,4-Seam Fastball,Foul Tip,95.6,87.4,3.22,1.63,6.29,0.39,4,2466,11.2,16.4,-13.4,-0.5795,2.4523,-0.93,1.37,-1.12,11.2,-0.93,0.37,True,True,False,False,False,-0.5795,2.4523,3,22,13,5,1,39,70.7,,,,,,,,,,,,,False,N,1
823781,2026-06-01,MIL,SF,pitch,2a9b6cbd-1571-3df6-89d3-760a31b1e28b,2,9,33,1,808982,L,Jung Hoo Lee,675660,L,Shane Drohan,SF,MIL,137,158,Single,Jung Hoo Lee singles on a line drive to right fielder Sal Frelick.,Single,,2,1,2,1,B,Ball,ball,False,B,SL,Slider,Ball,88.0,82.1,3.22,1.63,6.26,0.43,13,2956,5.6,-0.2,-35.2,-0.8962,1.1921,0.47,-0.02,-2.93,0.47,0.47,0.4,False,False,False,False,False,-0.8962,1.1921,4,23,5,5,1,40,,,,,,,,,,,,,,False,N,1
823781,2026-06-01,MIL,SF,pitch,83b9267f-38de-3bb4-a09b-f639d8b93ffa,2,9,33,1,808982,L,Jung Hoo Lee,675660,L,Shane Drohan,SF,MIL,137,158,Single,Jung Hoo Lee singles on a line drive to right fielder Sal Frelick.,Single,"{""homeRunBallparks"": 0}",2,2,2,2,X,In Play,hit_into_play,False,D,SL,Slider,"In play, no out",88.3,82.5,3.22,1.63,6.26,0.42,7,2987,4.2,-0.2,-34.8,-0.7084,1.5501,0.35,-0.02,-2.9,0.35,0.35,0.4,True,True,False,False,False,-0.7084,1.5501,5,24,6,5,1,41,64.2,209.0,0.61,0,79.71,277.22,94.2,9.0,94.2,9.0,,,,True,N,1
823781,2026-06-01,MIL,SF,pitch,c352191f-6d84-34ca-9b36-51841e7b5698,2,10,75,1,656305,R,Matt Chapman,675660,L,Shane Drohan,SF,MIL,137,158,Home Run,Matt Chapman homers (2) on a fly ball to center field. Jung Hoo Lee scores.,Home Run,,0,0,0,0,S,Strike,called_strike,False,C,SI,Sinker,Called Strike,95.7,87.8,3.25,1.64,6.4,0.39,1,2283,15.8,8.6,-21.1,-0.618,2.8909,-1.32,0.72,-1.76,15.8,-1.32,0.37,True,True,False,False,False,-0.618,2.8909,1,25,2,6,1,42,,,,,,,,,,,True,,,False,N,1
823781,2026-06-01,MIL,SF,pitch,6905384f-4687-32a8-a2a0-136f5f433f53,2,10,75,1,656305,R,Matt Chapman,675660,L,Shane Drohan,SF,MIL,137,158,Home Run,Matt Chapman homers (2) on a fly ball to center field. Jung Hoo Lee scores.,Home Run,"{""homeRunBallparks"": 8}",1,0,1,0,X,In Play,hit_into_play,False,E,SI,Sinker,"In play, run(s)",95.4,87.7,3.25,1.64,6.36,0.39,5,2365,15.2,9.2,-20.8,0.0296,2.322,-1.27,0.77,-1.73,15.2,-1.27,0.37,True,True,False,False,False,0.0296,2.322,2,26,3,6,1,43,77.7,391.0,0.66,1,83.81,382.09,101.8,29.0,101.8,29.0,True,,,True,N,1
823781,2026-06-01,MIL,SF,pitch,b5202dfb-d8d2-3b95-b125-f59c438ae6f3,2,11,14,1,805811,L,Bryce Eldridge,675660,L,Shane Drohan,SF,MIL,137,158,Strikeout,Bryce Eldridge strikes out on a foul tip.,Strikeout,,0,0,0,0,S,Strike,foul,False,F,FF,4-Seam Fastball,Foul,95.3,87.2,3.54,1.79,6.27,0.39,2,2311,11.6,16.8,-13.2,0.2578,3.0062,-0.97,1.4,-1.1,11.6,-0.97,0.37,True,True,False,False,False,0.2578,3.0062,1,27,14,7,1,44,64.4,,,,,,,,,,,,,False,N,1
823781,2026-06-01,MIL,SF,pitch,92cde423-3e08-3b3f-9e76-93910f66e17f,2,11,14,1,805811,L,Bryce Eldridge,675660,L,Shane Drohan,SF,MIL,137,158,Strikeout,Bryce Eldridge strikes out on a foul tip.,Strikeout,,1,0,1,0,B,Ball,ball,False,B,FF,4-Seam Fastball,Ball,96.9,89.1,3.54,1.79,6.43,0.39,13,2484,13.9,11.6,-17.4,-1.1558,2.2176,-1.16,0.97,-1.45,13.9,-1.16,0.36,False,False,False,False,False,-1.1558,2.2176,2,28,15,7,1,45,,,,,,,,,,,,,,False,N,1
823781,2026-06-01,MIL,SF,pitch,69eb531b-a786-3217-8b4d-a8d1dbdfa4ff,2,11,14,1,805811,L,Bryce Eldridge,675660,L,Shane Drohan,SF,MIL,137,158,Strikeout,Bryce Eldridge strikes out on a foul tip.,Strikeout,,1,1,1,1,S,Strike,called_strike,False,C,SL,Slider,Called Strike,88.0,82.1,3.54,1.79,6.16,0.42,8,2909,4.8,1.3,-33.5,0.0956,2.0697,0.4,0.11,-2.79,0.4,0.4,0.4,True,True,False,False,False,0.0956,2.0697,3,29,7,7,1,46,,,,,,,,,,,,,,False,N,1
823781,2026-06-01,MIL,SF,pitch,ca05d3e3-7cca-3f0e-afb2-122089d2331b,2,11,14,1,805811,L,Bryce Eldridge,675660,L,Shane Drohan,SF,MIL,137,158,Strikeout,Bryce Eldridge strikes out on a foul tip.,Strikeout,,2,1,2,1,S,Strike,foul,False,F,FF,4-Seam Fastball,Foul,96.3,89.0,3.54,1.79,6.42,0.39,7,2491,13.9,10.7,-18.6,-0.4711,1.9473,-1.16,0.89,-1.55,13.9,-1.16,0.37,True,True,False,False,False,-0.4711,1.9473,4,30,16,7,1,47,72.8,,,,,,,,,,,,,False,N,1
823781,2026-06-01,MIL,SF,pitch,37aa8e1c-a2a8-3d65-8250-5b78b7eed6ce,2,11,14,1,805811,L,Bryce Eldridge,675660,L,Shane Drohan,SF,MIL,137,158,Strikeout,Bryce Eldridge strikes out on a foul tip.,Strikeout,,2,1,2,1,B,Ball,ball,False,B,SL,Slider,Ball,89.7,83.3,3.54,1.79,6.31,0.42,13,2837,3.7,1.3,-32.4,-0.9023,1.4828,0.31,0.11,-2.7,0.31,0.31,0.39,False,False,False,False,False,-0.9023,1.4828,5,31,8,7,1,48,,,,,,,,,,,,,,False,N,1
823781,2026-06-01,MIL,SF,pitch,7ceeba16-512f-3811-8e56-afa219af63e8,2,11,14,1,805811,L,Bryce Eldridge,675660,L,Shane Drohan,SF,MIL,137,158,Strikeout,Bryce Eldridge strikes out on a foul tip.,Strikeout,,2,2,2,2,S,Strike,foul_tip,True,T,SL,Slider,Foul Tip,87.7,81.4,3.54,1.79,6.07,0.43,13,2873,4.4,0.6,-34.7,-0.4833,1.5062,0.37,0.05,-2.89,0.37,0.37,0.4,False,False,False,False,False,-0.4833,1.5062,6,32,9,7,1,49,70.5,,,,,,,,,,,,,True,N,1
823781,2026-06-01,MIL,SF,pitch,64af547c-f068-36be-b1c8-62ec9af88348,2,12,34,2,606992,R,Eric Haase,675660,L,Shane Drohan,SF,MIL,137,158,Double,Eric Haase doubles (3) on a sharp line drive to right fielder Sal Frelick.,Double,,0,0,0,0,S,Strike,called_strike,False,C,SI,Sinker,Called Strike,96.2,88.0,3.1,1.57,6.27,0.39,5,2470,14.8,9.4,-20.2,0.2178,2.6098,-1.23,0.78,-1.68,14.8,-1.23,0.37,True,True,False,False,False,0.2178,2.6098,1,33,4,8,1,50,,,,,,,,,,,,,,False,N,1
823781,2026-06-01,MIL,SF,pitch,e620a972-4019-3bc9-9dba-c0f6a2cce98a,2,12,34,2,606992,R,Eric Haase,675660,L,Shane Drohan,SF,MIL,137,158,Double,Eric Haase doubles (3) on a sharp line drive to right fielder Sal Frelick.,Double,,1,0,1,0,B,Ball,ball,False,B,CU,Curveball,Ball,81.4,75.1,3.1,1.57,6.26,0.46,13,2893,12.5,-8.0,-49.3,-1.1081,2.0887,1.04,-0.67,-4.11,1.04,1.04,0.43,False,False,False,False,False,-1.1081,2.0887,2,34,5,8,1,51,,,,,,,,,,,,,,False,N,1
823781,2026-06-01,MIL,SF,pitch,f27e9fba-2611-3000-ae3c-0b258386ce45,2,12,34,2,606992,R,Eric Haase,675660,L,Shane Drohan,SF,MIL,137,158,Double,Eric Haase doubles (3) on a sharp line drive to right fielder Sal Frelick.,Double,,1,1,1,1,B,Ball,ball,False,B,FF,4-Seam Fastball,Ball,95.4,87.1,3.1,1.57,6.27,0.39,12,2500,7.8,14.9,-15.1,0.1975,3.5578,-0.65,1.24,-1.26,7.8,-0.65,0.37,False,False,False,False,False,0.1975,3.5578,3,35,17,8,1,52,,,,,,,,,,,,,,False,N,1
823781,2026-06-01,MIL,SF,pitch,9945d1c6-af12-3f01-bdf4-1b15b1b52e70,2,12,34,2,606992,R,Eric Haase,675660,L,Shane Drohan,SF,MIL,137,158,Double,Eric Haase doubles (3) on a sharp line drive to right fielder Sal Frelick.,Double,"{""homeRunBallparks"": 1}",1,2,1,2,X,In Play,hit_into_play,False,D,SI,Sinker,"In play, no out",94.6,86.5,3.1,1.57,6.27,0.4,8,2396,14.9,7.2,-23.5,-0.0196,1.5486,-1.24,0.6,-1.96,14.9,-1.24,0.37,True,True,False,False,False,-0.0196,1.5486,4,36,5,8,1,53,75.3,375.0,0.63,1,121.89,354.95,103.0,22.0,103.0,22.0,,,,True,N,1
823781,2026-06-01,MIL,SF,pitch,792d8bf5-b217-3c2a-a99d-ffa7ad7fe59c,2,13,14,2,813841,R,Jonah Cox,675660,L,Shane Drohan,SF,MIL,137,158,Strikeout,Jonah Cox strikes out swinging.,Strikeout,,0,0,0,0,S,Strike,swinging_strike,True,S,FF,4-Seam Fastball,Swinging Strike,95.1,86.6,3.29,1.66,6.27,0.4,2,2478,10.2,15.6,-14.8,-0.131,3.017,-0.85,1.3,-1.23,10.2,-0.85,0.37,True,True,False,False,False,-0.131,3.017,1,37,18,9,1,54,71.3,,,,,,,,,,,,,False,N,1
823781,2026-06-01,MIL,SF,pitch,3f003db5-67a9-391f-9ca5-ee96c174761d,2,13,14,2,813841,R,Jonah Cox,675660,L,Shane Drohan,SF,MIL,137,158,Strikeout,Jonah Cox strikes out swinging.,Strikeout,,1,0,1,0,S,Strike,called_strike,False,C,CU,Curveball,Called Strike,79.8,73.3,3.29,1.66,6.26,0.47,5,2838,12.2,-11.6,-54.8,-0.261,2.485,1.02,-0.97,-4.57,1.02,1.02,0.44,True,True,False,False,False,-0.261,2.485,2,38,6,9,1,55,,,,,,,,,,,,,,False,N,1
823781,2026-06-01,MIL,SF,pitch,2d3e939c-0ebe-3106-8ced-f5f892b45d04,2,13,14,2,813841,R,Jonah Cox,675660,L,Shane Drohan,SF,MIL,137,158,Strikeout,Jonah Cox strikes out swinging.,Strikeout,,2,0,2,0,S,Strike,swinging_strike,True,S,FF,4-Seam Fastball,Swinging Strike,95.2,86.7,3.29,1.66,6.16,0.4,12,2549,9.4,16.1,-14.2,0.4149,4.3015,-0.78,1.34,-1.18,9.4,-0.78,0.37,False,False,False,False,False,0.4149,4.3015,3,39,19,9,1,56,50.0,,,,,,,,,,,,,True,N,1
823781,2026-06-01,MIL,SF,pitch,142c5ec3-d7b3-31f5-8c64-6d3ea25a3704,2,14,0,0,641343,L,Jake Bauers,694738,R,Landen Roupp,MIL,SF,158,137,Walk,"Jake Bauers challenged (pitch result), call on the field was overturned: Jake Bauers walks.",Walk,,0,0,0,0,B,Ball,ball,False,B,SI,Sinker,Ball,93.7,86.0,3.22,1.62,6.53,0.4,12,2005,17.4,2.0,-29.0,0.0655,3.5956,1.45,0.17,-2.42,1.45,1.45,0.38,False,False,False,False,False,0.0655,3.5956,1,18,11,5,1,57,,,,,,,,,,,,,,False,N,1
823781,2026-06-01,MIL,SF,pitch,ee17b06e-352a-3a49-9c69-3dc93ed4e325,2,14,0,0,641343,L,Jake Bauers,694738,R,Landen Roupp,MIL,SF,158,137,Walk,"Jake Bauers challenged (pitch result), call on the field was overturned: Jake Bauers walks.",Walk,,0,1,0,1,B,Ball,ball,False,B,SI,Sinker,Ball,93.8,86.3,3.22,1.62,6.64,0.4,12,2058,17.2,2.8,-28.2,1.1108,2.824,1.43,0.23,-2.35,1.43,1.43,0.38,False,False,False,False,False,1.1108,2.824,2,19,12,5,1,58,,,,,,,,,,,,,,False,N,1
823781,2026-06-01,MIL,SF,pitch,8df7b523-9c8a-3191-ba9c-e4e0fa750263,2,14,0,0,641343,L,Jake Bauers,694738,R,Landen Roupp,MIL,SF,158,137,Walk,"Jake Bauers challenged (pitch result), call on the field was overturned: Jake Bauers walks.",Walk,,0,2,0,2,S,Strike,called_strike,False,C,SI,Sinker,Called Strike,93.2,85.6,3.22,1.62,6.82,0.4,4,2239,17.5,4.1,-27.4,-0.3608,2.2212,1.46,0.34,-2.28,1.46,1.46,0.38,True,True,False,False,False,-0.3608,2.2212,3,20,13,5,1,59,,,,,,,,,,,,,,False,N,1
823781,2026-06-01,MIL,SF,pitch,bb9236c3-18b2-317a-9b0b-e9ac245e63a1,2,14,0,0,641343,L,Jake Bauers,694738,R,Landen Roupp,MIL,SF,158,137,Walk,"Jake Bauers challenged (pitch result), call on the field was overturned: Jake Bauers walks.",Walk,,1,2,1,2,B,Ball,ball,False,B,CU,Curveball,Ball,76.7,70.0,3.22,1.62,6.16,0.49,13,2937,19.2,-6.8,-53.9,-0.8896,1.9455,-1.6,-0.57,-4.49,19.2,-1.6,0.46,False,False,False,False,False,-0.8896,1.9455,4,21,5,5,1,60,,,,,,,,,,,,,,False,N,1
823781,2026-06-01,MIL,SF,pitch,d5909028-9ec7-3997-8b4a-42deb1efb79d,2,14,0,0,641343,L,Jake Bauers,694738,R,Landen Roupp,MIL,SF,158,137,Walk,"Jake Bauers challenged (pitch result), call on the field was overturned: Jake Bauers walks.",Walk,,1,3,1,3,S,Strike,called_strike,False,C,SI,Sinker,Called Strike,92.7,85.0,3.22,1.62,6.79,0.41,1,2220,17.0,4.0,-27.8,-0.5773,2.8661,1.42,0.33,-2.32,1.42,1.42,0.38,True,True,False,False,False,-0.5773,2.8661,5,22,14,5,1,61,29.5,,,,,,,,,,,,,False,N,1
823781,2026-06-01,MIL,SF,pitch,dba51a80-a4c8-3394-be0b-21dcc226325d,2,14,0,0,641343,L,Jake Bauers,694738,R,Landen Roupp,MIL,SF,158,137,Walk,"Jake Bauers challenged (pitch result), call on the field was overturned: Jake Bauers walks.",Walk,,2,3,2,3,B,Ball,ball,False,B,CU,Curveball,Ball,76.7,69.9,3.22,1.62,6.48,0.49,13,3140,20.5,-6.5,-53.5,-0.567,1.4527,-1.71,-0.54,-4.46,20.5,-1.71,0.46,False,False,False,False,True,-0.567,1.4527,6,23,6,5,1,62,,,,,,,,,,,,,,True,N,1
823781,2026-06-01,MIL,SF,pitch,c7e43b33-177f-3fda-8ee8-2754dd98a7d1,2,15,0,1,683734,R,Andrew Vaughn,694738,R,Landen Roupp,MIL,SF,158,137,Flyout,Andrew Vaughn flies out to left fielder Casey Schmitt.,Flyout,,0,0,0,0,B,Ball,ball,False,B,SI,Sinker,Ball,93.3,85.9,3.13,1.58,6.57,0.4,13,2157,17.5,3.4,-27.8,-1.9968,2.2886,1.46,0.28,-2.32,1.46,1.46,0.38,False,False,False,True,False,-1.9968,2.2886,1,24,15,6,1,63,,,,,,,,,,,,,,False,N,1
823781,2026-06-01,MIL,SF,pitch,4e8b8ed5-1322-3f46-96e7-405f375c885e,2,15,0,1,683734,R,Andrew Vaughn,694738,R,Landen Roupp,MIL,SF,158,137,Flyout,Andrew Vaughn flies out to left fielder Casey Schmitt.,Flyout,"{""homeRunBallparks"": 0}",0,1,0,1,X,In Play,hit_into_play,False,X,SI,Sinker,"In play, out(s)",94.0,86.6,3.13,1.58,6.62,0.4,7,2239,16.9,4.2,-26.5,-0.793,1.9552,1.41,0.35,-2.21,1.41,1.41,0.37,True,True,False,True,False,-0.793,1.9552,2,25,16,6,1,64,72.1,270.0,0.02,0,-86.6,254.61,99.7,52.0,99.7,52.0,,,,True,N,1
823781,2026-06-01,MIL,SF,pitch,b89c6d1c-4010-3b79-b1f8-cb4277b307ae,2,16,34,1,686217,L,Sal Frelick,694738,R,Landen Roupp,MIL,SF,158,137,Double,Sal Frelick doubles (6) on a sharp line drive to right fielder Jung Hoo Lee. Jake Bauers scores.,Double,"{""homeRunBallparks"": 0}",0,0,0,0,X,In Play,hit_into_play,False,E,SI,Sinker,"In play, run(s)",94.4,87.3,3.06,1.55,6.63,0.4,2,2157,16.4,3.2,-27.1,-0.1044,2.6299,1.37,0.27,-2.26,1.37,1.37,0.37,True,True,False,False,False,-0.1044,2.6299,1,26,17,7,1,65,74.5,353.0,0.4,0,101.04,339.16,102.4,17.0,102.4,17.0,True,,True,True,N,1
823781,2026-06-01,MIL,SF,pitch,72d86e9f-6998-3375-9163-1fb58767bfac,2,17,70,1,650859,L,Luis Rengifo,694738,R,Landen Roupp,MIL,SF,158,137,Single,Luis Rengifo singles on a sharp line drive to center fielder Jonah Cox. Sal Frelick scores.,Single,,0,0,0,0,B,Ball,ball,False,B,CU,Curveball,Ball,77.2,70.6,3.09,1.56,5.95,0.49,13,3080,18.1,-7.8,-54.2,-0.2977,1.0808,-1.51,-0.65,-4.52,18.1,-1.51,0.46,False,False,False,False,False,-0.2977,1.0808,1,27,7,8,1,66,,,,,,,,,,,,True,,False,N,1
823781,2026-06-01,MIL,SF,pitch,cb9c5f74-3623-3dde-835b-405a7f3e8d70,2,17,70,1,650859,L,Luis Rengifo,694738,R,Landen Roupp,MIL,SF,158,137,Single,Luis Rengifo singles on a sharp line drive to center fielder Jonah Cox. Sal Frelick scores.,Single,,0,1,0,1,S,Strike,foul,False,F,CH,Changeup,Foul,87.2,80.8,3.09,1.56,6.53,0.43,8,1676,15.4,-1.3,-37.0,-0.0779,1.5299,1.28,-0.11,-3.08,1.28,1.28,0.4,True,True,False,False,False,-0.0779,1.5299,2,28,2,8,1,67,75.2,,,,,,,,,,,True,,False,N,1
823781,2026-06-01,MIL,SF,pitch,8c5fcbc0-d070-37b0-9ea5-eec9ae1c49ab,2,17,70,1,650859,L,Luis Rengifo,694738,R,Landen Roupp,MIL,SF,158,137,Single,Luis Rengifo singles on a sharp line drive to center fielder Jonah Cox. Sal Frelick scores.,Single,,1,1,1,1,B,Ball,ball,False,B,SI,Sinker,Ball,93.8,86.6,3.09,1.56,6.58,0.4,12,2152,18.7,4.8,-26.0,0.5658,3.734,1.56,0.4,-2.17,1.56,1.56,0.38,False,False,False,False,False,0.5658,3.734,3,29,18,8,1,68,,,,,,,,,,,,True,,False,N,1
823781,2026-06-01,MIL,SF,pitch,cca28757-27b0-368c-9d18-36ca4067877f,2,17,70,1,650859,L,Luis Rengifo,694738,R,Landen Roupp,MIL,SF,158,137,Single,Luis Rengifo singles on a sharp line drive to center fielder Jonah Cox. Sal Frelick scores.,Single,"{""homeRunBallparks"": 0}",1,2,1,2,X,In Play,hit_into_play,False,E,CH,Changeup,"In play, run(s)",86.2,80.0,3.09,1.56,6.41,0.43,13,1757,15.7,-1.0,-37.3,-0.8456,1.7753,1.31,-0.08,-3.11,1.31,1.31,0.41,False,False,False,False,False,-0.8456,1.7753,4,30,3,8,1,69,73.4,263.0,0.94,0,-70.04,303.39,102.1,11.0,102.1,11.0,,True,,True,N,1
823781,2026-06-01,MIL,SF,pitch,64a6d38c-1458-3b9a-bbfa-e1cb12fc136d,2,18,33,1,666152,L,David Hamilton,694738,R,Landen Roupp,MIL,SF,158,137,Single,David Hamilton singles on a soft bunt ground ball to third baseman Matt Chapman. Luis Rengifo to 2nd.,Single,"{""homeRunBallparks"": 0}",0,0,0,0,X,In Play,hit_into_play,False,D,SI,Sinker,"In play, no out",92.9,85.9,3.14,1.58,6.75,0.4,2,2083,16.3,2.9,-28.4,0.0755,3.1481,1.36,0.24,-2.37,1.36,1.36,0.38,True,True,False,False,False,0.0755,3.1481,1,31,19,9,1,70,3.0,2.0,0.3,0,-9.88,25.28,37.4,-65.0,37.4,-65.0,True,,,True,N,1
823781,2026-06-01,MIL,SF,pitch,d5f6ce3c-c553-35c4-a29e-0bc14836739d,2,19,0,1,592885,L,Christian Yelich,694738,R,Landen Roupp,MIL,SF,158,137,Walk,Christian Yelich walks. Luis Rengifo to 3rd. David Hamilton to 2nd.,Walk,,0,0,0,0,S,Strike,called_strike,False,C,CU,Curveball,Called Strike,76.5,70.2,3.37,1.7,6.1,0.49,4,3077,17.3,-8.0,-55.1,-0.4301,2.347,-1.44,-0.67,-4.59,17.3,-1.44,0.46,True,True,False,False,False,-0.4301,2.347,1,32,8,10,2,71,,,,,,,,,,,True,True,,False,N,1
823781,2026-06-01,MIL,SF,pitch,1c304cb5-1571-312e-97d0-e63c1a9b2b86,2,19,0,1,592885,L,Christian Yelich,694738,R,Landen Roupp,MIL,SF,158,137,Walk,Christian Yelich walks. Luis Rengifo to 3rd. David Hamilton to 2nd.,Walk,,1,0,1,0,B,Ball,blocked_ball,False,*B,CH,Changeup,Ball In Dirt,87.7,81.2,3.37,1.7,6.23,0.43,13,1807,17.4,-4.1,-39.5,-0.1148,0.6053,1.45,-0.34,-3.29,1.45,1.45,0.4,False,False,False,False,False,-0.1148,0.6053,2,33,4,10,2,72,,,,,,,,,,,True,True,,False,N,1
823781,2026-06-01,MIL,SF,pitch,95185611-8147-3bec-affb-f2a1e8c60133,2,19,0,1,592885,L,Christian Yelich,694738,R,Landen Roupp,MIL,SF,158,137,Walk,Christian Yelich walks. Luis Rengifo to 3rd. David Hamilton to 2nd.,Walk,,1,1,1,1,B,Ball,ball,False,B,SI,Sinker,Ball,93.4,86.8,3.37,1.7,6.35,0.4,13,2181,18.4,4.6,-26.4,-1.2334,1.5722,1.53,0.38,-2.2,1.53,1.53,0.38,False,False,False,False,False,-1.2334,1.5722,3,34,20,10,2,73,29.7,,,,,,,,,,True,True,,False,N,1
823781,2026-06-01,MIL,SF,pitch,4ecda1a4-251a-32ab-a0a2-b38b6b2e9314,2,19,0,1,592885,L,Christian Yelich,694738,R,Landen Roupp,MIL,SF,158,137,Walk,Christian Yelich walks. Luis Rengifo to 3rd. David Hamilton to 2nd.,Walk,,1,2,1,2,B,Ball,ball,False,B,CU,Curveball,Ball,76.6,70.1,3.37,1.7,6.08,0.49,13,3089,19.8,-6.4,-53.4,-1.2558,1.5946,-1.65,-0.53,-4.45,19.8,-1.65,0.46,False,False,False,False,False,-1.2558,1.5946,4,35,9,10,2,74,,,,,,,,,,,True,True,,False,N,1
823781,2026-06-01,MIL,SF,pitch,f36df024-1a67-3a73-a069-7f671e2fe806,2,19,0,1,592885,L,Christian Yelich,694738,R,Landen Roupp,MIL,SF,158,137,Walk,Christian Yelich walks. Luis Rengifo to 3rd. David Hamilton to 2nd.,Walk,,1,3,1,3,B,Ball,ball,False,B,CH,Changeup,Ball,87.6,81.5,3.37,1.7,6.48,0.43,13,1812,16.8,-0.5,-35.8,-1.244,1.3043,1.4,-0.04,-2.98,1.4,1.4,0.4,False,False,False,False,False,-1.244,1.3043,5,36,5,10,2,75,,,,,,,,,,,True,True,,True,N,1
823781,2026-06-01,MIL,SF,pitch,82422958-7bfe-331f-b47d-6cd9d72c4f56,2,20,71,1,694192,R,Jackson Chourio,694738,R,Landen Roupp,MIL,SF,158,137,Double,Jackson Chourio doubles (8) on a sharp line drive to right fielder Jung Hoo Lee. Luis Rengifo scores. David Hamilton scores. Christian Yelich to 3rd.,Double,"{""homeRunBallparks"": 0}",0,0,0,0,X,In Play,hit_into_play,False,E,SI,Sinker,"In play, run(s)",94.4,87.2,3.24,1.63,6.8,0.4,8,2244,19.2,4.8,-25.7,0.1057,2.0845,1.6,0.4,-2.14,1.6,1.6,0.37,True,True,False,False,False,0.1057,2.0845,1,37,21,11,2,76,76.9,288.0,0.7,0,251.35,224.45,107.9,14.0,107.9,14.0,True,True,True,True,N,1
823781,2026-06-01,MIL,SF,pitch,f4433039-2aa8-3415-ae31-f78b161ffbfc,2,21,35,1,668930,L,Brice Turang,694738,R,Landen Roupp,MIL,SF,158,137,Triple,Brice Turang triples (2) on a sharp fly ball to right fielder Jung Hoo Lee. Christian Yelich scores. Jackson Chourio scores.,Triple,,0,0,0,0,S,Strike,foul,False,F,FC,Cutter,Foul,90.4,84.2,3.21,1.62,6.5,0.41,6,2468,3.2,5.0,-27.8,0.7867,2.2931,-0.27,0.42,-2.32,3.2,-0.27,0.39,True,True,False,False,False,0.7867,2.2931,1,38,2,12,2,77,69.6,,,,,,,,,,,True,True,False,N,1
823781,2026-06-01,MIL,SF,pitch,f875eac9-9a82-3281-9449-1cad2677e32d,2,21,35,1,668930,L,Brice Turang,694738,R,Landen Roupp,MIL,SF,158,137,Triple,Brice Turang triples (2) on a sharp fly ball to right fielder Jung Hoo Lee. Christian Yelich scores. Jackson Chourio scores.,Triple,,1,0,1,0,B,Ball,ball,False,B,FF,4-Seam Fastball,Ball,93.9,86.6,3.21,1.62,6.82,0.4,12,2248,13.0,10.3,-20.5,1.4746,3.0352,1.08,0.86,-1.71,1.08,1.08,0.37,False,False,False,False,False,1.4746,3.0352,2,39,2,12,2,78,,,,,,,,,,,,True,True,False,N,1
823781,2026-06-01,MIL,SF,pitch,65073add-26ce-3d2e-8aec-05b6e0e23674,2,21,35,1,668930,L,Brice Turang,694738,R,Landen Roupp,MIL,SF,158,137,Triple,Brice Turang triples (2) on a sharp fly ball to right fielder Jung Hoo Lee. Christian Yelich scores. Jackson Chourio scores.,Triple,,1,1,1,1,S,Strike,swinging_strike,True,S,CU,Curveball,Swinging Strike,77.8,71.5,3.21,1.62,6.52,0.48,9,3075,16.4,-7.8,-53.2,0.6836,1.6415,-1.37,-0.65,-4.43,16.4,-1.37,0.46,True,True,False,False,False,0.6836,1.6415,3,40,10,12,2,79,73.8,,,,,,,,,,,True,True,False,N,1
823781,2026-06-01,MIL,SF,pitch,22320c59-5975-3ac3-97a6-3f2ac00cadfc,2,21,35,1,668930,L,Brice Turang,694738,R,Landen Roupp,MIL,SF,158,137,Triple,Brice Turang triples (2) on a sharp fly ball to right fielder Jung Hoo Lee. Christian Yelich scores. Jackson Chourio scores.,Triple,,2,1,2,1,B,Ball,ball,False,B,CU,Curveball,Ball,77.5,71.1,3.21,1.62,6.33,0.49,14,3153,17.3,-9.0,-55.0,0.3855,0.9708,-1.44,-0.75,-4.58,17.3,-1.44,0.46,False,False,False,False,False,0.3855,0.9708,4,41,11,12,2,80,,,,,,,,,,,,True,True,False,N,1
823781,2026-06-01,MIL,SF,pitch,c5021b73-9716-3ba1-bc98-b3a88b7160ed,2,21,35,1,668930,L,Brice Turang,694738,R,Landen Roupp,MIL,SF,158,137,Triple,Brice Turang triples (2) on a sharp fly ball to right fielder Jung Hoo Lee. Christian Yelich scores. Jackson Chourio scores.,Triple,,2,2,2,2,S,Strike,foul,False,F,SI,Sinker,Foul,93.0,85.7,3.21,1.62,6.65,0.4,11,2218,15.7,4.9,-26.4,-0.4237,3.3828,1.31,0.41,-2.2,1.31,1.31,0.38,False,False,False,False,False,-0.4237,3.3828,5,42,22,12,2,81,65.3,,,,,,,,,,,True,True,False,N,1
823781,2026-06-01,MIL,SF,pitch,11ac59f6-88f2-3e89-8374-f90543c62302,2,21,35,1,668930,L,Brice Turang,694738,R,Landen Roupp,MIL,SF,158,137,Triple,Brice Turang triples (2) on a sharp fly ball to right fielder Jung Hoo Lee. Christian Yelich scores. Jackson Chourio scores.,Triple,,2,2,2,2,B,Ball,ball,False,B,CH,Changeup,Ball,87.9,82.0,3.21,1.62,6.36,0.43,13,1705,14.2,-2.5,-37.4,-1.444,1.1584,1.18,-0.21,-3.12,1.18,1.18,0.4,False,False,False,False,False,-1.444,1.1584,6,43,6,12,2,82,,,,,,,,,,,,True,True,False,N,1
823781,2026-06-01,MIL,SF,pitch,b1c301e0-c18f-30bc-a5f3-bc13874b4d2c,2,21,35,1,668930,L,Brice Turang,694738,R,Landen Roupp,MIL,SF,158,137,Triple,Brice Turang triples (2) on a sharp fly ball to right fielder Jung Hoo Lee. Christian Yelich scores. Jackson Chourio scores.,Triple,,2,3,2,3,S,Strike,foul,False,F,CU,Curveball,Foul,76.9,70.5,3.21,1.62,6.26,0.49,13,3149,17.8,-9.1,-55.7,-0.9688,2.1761,-1.48,-0.76,-4.64,17.8,-1.48,0.46,False,False,False,False,False,-0.9688,2.1761,7,44,12,12,2,83,69.2,,,,,,,,,,,True,True,False,N,1
823781,2026-06-01,MIL,SF,pitch,f5953212-167e-329f-b2f7-cb618c479267,2,21,35,1,668930,L,Brice Turang,694738,R,Landen Roupp,MIL,SF,158,137,Triple,Brice Turang triples (2) on a sharp fly ball to right fielder Jung Hoo Lee. Christian Yelich scores. Jackson Chourio scores.,Triple,"{""homeRunBallparks"": 4}",2,3,2,3,X,In Play,hit_into_play,False,E,FC,Cutter,"In play, run(s)",86.9,80.5,3.21,1.62,6.42,0.43,8,2439,4.2,1.4,-34.4,-0.2304,1.7119,-0.35,0.12,-2.87,4.2,-0.35,0.4,True,True,False,False,False,-0.2304,1.7119,8,45,3,12,2,84,69.9,396.0,0.59,1,-65.92,390.6,100.6,26.0,100.6,26.0,,True,True,True,N,1
823781,2026-06-01,MIL,SF,pitch,07145c94-2d83-36b5-8e95-aaf04807c717,2,22,0,1,661388,R,William Contreras,694738,R,Landen Roupp,MIL,SF,158,137,Sac Fly,William Contreras out on a sacrifice fly to left fielder Casey Schmitt. Brice Turang scores.,Sac Fly,"{""homeRunBallparks"": 0}",0,0,0,0,X,In Play,hit_into_play,False,E,CU,Curveball,"In play, run(s)",78.0,71.4,3.13,1.58,6.42,0.48,5,3094,18.8,-9.2,-54.6,0.1062,2.263,-1.57,-0.77,-4.55,18.8,-1.57,0.46,True,True,False,True,False,0.1062,2.263,1,46,13,13,2,85,77.3,310.0,0.01,0,-198.73,236.38,91.7,42.0,91.7,42.0,,,True,True,N,1
823781,2026-06-01,MIL,SF,pitch,569a5bc3-4590-3004-94ef-d69c4620a5c8,2,23,14,2,641343,L,Jake Bauers,694738,R,Landen Roupp,MIL,SF,158,137,Strikeout,Jake Bauers strikes out on a foul tip.,Strikeout,,0,0,0,0,B,Ball,ball,False,B,FC,Cutter,Ball,87.3,80.9,3.22,1.62,6.48,0.43,14,2546,5.3,-1.9,-37.4,0.182,1.2738,-0.44,-0.16,-3.12,5.3,-0.44,0.4,False,False,False,False,False,0.182,1.2738,1,47,4,14,2,86,,,,,,,,,,,,,,False,N,1
823781,2026-06-01,MIL,SF,pitch,46ef324c-fb87-3192-9715-83ba6aef7ebc,2,23,14,2,641343,L,Jake Bauers,694738,R,Landen Roupp,MIL,SF,158,137,Strikeout,Jake Bauers strikes out on a foul tip.,Strikeout,,0,1,0,1,B,Ball,ball,False,B,CH,Changeup,Ball,88.5,82.1,3.22,1.62,6.36,0.42,13,1784,15.2,-4.7,-39.2,-1.0937,1.2171,1.27,-0.39,-3.27,1.27,1.27,0.4,False,False,False,False,False,-1.0937,1.2171,2,48,7,14,2,87,,,,,,,,,,,,,,False,N,1
823781,2026-06-01,MIL,SF,pitch,b54e4ba8-bc98-3328-aebf-5da67448ec88,2,23,14,2,641343,L,Jake Bauers,694738,R,Landen Roupp,MIL,SF,158,137,Strikeout,Jake Bauers strikes out on a foul tip.,Strikeout,,0,2,0,2,S,Strike,foul,False,F,SI,Sinker,Foul,94.2,87.0,3.22,1.62,6.17,0.4,7,2157,16.8,3.4,-27.2,-0.3653,1.6464,1.4,0.28,-2.27,1.4,1.4,0.37,True,True,False,False,False,-0.3653,1.6464,3,49,23,14,2,88,76.1,,,,,,,,,,,,,False,N,1
823781,2026-06-01,MIL,SF,pitch,8694b232-41c0-325a-89f9-f3a2258f1793,2,23,14,2,641343,L,Jake Bauers,694738,R,Landen Roupp,MIL,SF,158,137,Strikeout,Jake Bauers strikes out on a foul tip.,Strikeout,,1,2,1,2,S,Strike,foul,False,F,SI,Sinker,Foul,92.9,85.4,3.22,1.62,6.55,0.4,2,2260,17.3,0.5,-31.1,-0.0193,2.9318,1.44,0.04,-2.59,1.44,1.44,0.38,True,True,False,False,False,-0.0193,2.9318,4,50,24,14,2,89,79.4,,,,,,,,,,,,,False,N,1
823781,2026-06-01,MIL,SF,pitch,5a5dcecf-50b7-3a75-a630-c92d267f4cd2,2,23,14,2,641343,L,Jake Bauers,694738,R,Landen Roupp,MIL,SF,158,137,Strikeout,Jake Bauers strikes out on a foul tip.,Strikeout,,2,2,2,2,B,Ball,ball,False,B,CU,Curveball,Ball,77.1,70.3,3.22,1.62,6.09,0.49,13,3126,19.0,-7.8,-54.2,-1.1907,2.2475,-1.58,-0.65,-4.52,19.0,-1.58,0.46,False,False,False,False,False,-1.1907,2.2475,5,51,14,14,2,90,,,,,,,,,,,,,,False,N,1
823781,2026-06-01,MIL,SF,pitch,983eb6af-2e86-30fe-b340-38d3e8130c6d,2,23,14,2,641343,L,Jake Bauers,694738,R,Landen Roupp,MIL,SF,158,137,Strikeout,Jake Bauers strikes out on a foul tip.,Strikeout,,2,3,2,3,S,Strike,foul_tip,True,T,CU,Curveball,Foul Tip,76.9,70.3,3.22,1.62,6.56,0.49,14,3105,17.9,-6.6,-53.3,0.0252,1.4295,-1.49,-0.55,-4.44,17.9,-1.49,0.46,False,False,False,False,False,0.0252,1.4295,6,52,15,14,2,91,76.6,,,,,,,,,,,,,True,N,1
823781,2026-06-01,MIL,SF,pitch,df5ff7cc-edb2-327d-8e69-e755031c8c2f,3,24,0,1,669477,R,Casey Schmitt,675660,L,Shane Drohan,SF,MIL,137,158,Flyout,Casey Schmitt flies out sharply to center fielder Jackson Chourio.,Flyout,,0,0,0,0,S,Strike,called_strike,False,C,FF,4-Seam Fastball,Called Strike,95.2,87.0,3.2,1.61,6.35,0.4,7,2469,10.8,15.2,-15.0,-0.2934,1.9187,-0.9,1.27,-1.25,10.8,-0.9,0.37,True,True,False,True,False,-0.2934,1.9187,1,40,20,10,2,92,,,,,,,,,,,,,,False,N,1
823781,2026-06-01,MIL,SF,pitch,20187004-9701-3ec7-be19-867bb0a4324b,3,24,0,1,669477,R,Casey Schmitt,675660,L,Shane Drohan,SF,MIL,137,158,Flyout,Casey Schmitt flies out sharply to center fielder Jackson Chourio.,Flyout,,1,0,1,0,B,Ball,ball,False,B,FF,4-Seam Fastball,Ball,95.2,87.0,3.2,1.61,6.34,0.4,14,2443,12.6,14.9,-15.4,1.1101,1.9613,-1.05,1.24,-1.28,12.6,-1.05,0.37,False,False,False,True,False,1.1101,1.9613,2,41,21,10,2,93,,,,,,,,,,,,,,False,N,1
823781,2026-06-01,MIL,SF,pitch,aaeb70d6-7dbd-3cc4-a952-22196431008b,3,24,0,1,669477,R,Casey Schmitt,675660,L,Shane Drohan,SF,MIL,137,158,Flyout,Casey Schmitt flies out sharply to center fielder Jackson Chourio.,Flyout,,1,1,1,1,S,Strike,swinging_strike,True,S,FF,4-Seam Fastball,Swinging Strike,95.6,87.6,3.2,1.61,6.28,0.39,9,2536,13.2,15.1,-14.8,0.4252,2.0593,-1.1,1.26,-1.23,13.2,-1.1,0.37,True,True,False,True,False,0.4252,2.0593,3,42,22,10,2,94,75.5,,,,,,,,,,,,,False,N,1
823781,2026-06-01,MIL,SF,pitch,859ddd17-bd81-324f-b642-7fa57a297f68,3,24,0,1,669477,R,Casey Schmitt,675660,L,Shane Drohan,SF,MIL,137,158,Flyout,Casey Schmitt flies out sharply to center fielder Jackson Chourio.,Flyout,"{""homeRunBallparks"": 0}",2,1,2,1,X,In Play,hit_into_play,False,X,FF,4-Seam Fastball,"In play, out(s)",95.3,87.0,3.2,1.61,6.23,0.4,2,2520,14.2,14.8,-15.4,0.2552,2.8442,-1.18,1.23,-1.28,14.2,-1.18,0.37,True,True,False,True,False,0.2552,2.8442,4,43,23,10,2,95,74.1,379.0,0.41,1,24.37,378.09,102.3,36.0,102.3,36.0,,,,True,N,1
823781,2026-06-01,MIL,SF,pitch,ce7a19e8-9518-3024-8e55-feb4f37744fd,3,25,14,1,646240,L,Rafael Devers,675660,L,Shane Drohan,SF,MIL,137,158,Strikeout,Rafael Devers strikes out swinging.,Strikeout,,0,0,0,0,B,Ball,ball,False,B,FF,4-Seam Fastball,Ball,95.9,87.7,3.22,1.62,6.3,0.39,12,2431,9.2,15.6,-14.2,0.2073,3.9347,-0.77,1.3,-1.18,9.2,-0.77,0.37,False,False,False,False,False,0.2073,3.9347,1,44,24,11,2,96,,,,,,,,,,,,,,False,N,1
823781,2026-06-01,MIL,SF,pitch,20b22c1d-f376-3649-a74f-46689d2f5037,3,25,14,1,646240,L,Rafael Devers,675660,L,Shane Drohan,SF,MIL,137,158,Strikeout,Rafael Devers strikes out swinging.,Strikeout,,0,1,0,1,S,Strike,swinging_strike,True,S,SL,Slider,Swinging Strike,88.2,81.9,3.22,1.62,6.19,0.42,8,2868,4.2,1.2,-33.6,-0.2761,1.5417,0.35,0.1,-2.8,0.35,0.35,0.4,True,True,False,False,False,-0.2761,1.5417,2,45,10,11,2,97,74.0,,,,,,,,,,,,,False,N,1
823781,2026-06-01,MIL,SF,pitch,34fd8cee-34dd-3c5a-8833-f8717ff4bc26,3,25,14,1,646240,L,Rafael Devers,675660,L,Shane Drohan,SF,MIL,137,158,Strikeout,Rafael Devers strikes out swinging.,Strikeout,,1,1,1,1,S,Strike,swinging_strike,True,S,SI,Sinker,Swinging Strike,95.5,87.3,3.22,1.62,6.18,0.39,6,2477,12.8,9.1,-20.9,0.692,2.5155,-1.07,0.76,-1.74,12.8,-1.07,0.37,True,True,False,False,False,0.692,2.5155,3,46,6,11,2,98,73.6,,,,,,,,,,,,,False,N,1
823781,2026-06-01,MIL,SF,pitch,c1c4af7b-9e89-3326-84dd-0d3d38c54c2a,3,25,14,1,646240,L,Rafael Devers,675660,L,Shane Drohan,SF,MIL,137,158,Strikeout,Rafael Devers strikes out swinging.,Strikeout,,2,1,2,1,B,Ball,ball,False,B,SL,Slider,Ball,87.8,82.1,3.22,1.62,6.25,0.43,13,2990,5.6,-2.5,-37.7,-1.3673,0.173,0.47,-0.21,-3.14,0.47,0.47,0.4,False,False,False,False,False,-1.3673,0.173,4,47,11,11,2,99,,,,,,,,,,,,,,False,N,1
823781,2026-06-01,MIL,SF,pitch,22bbbae9-8d9d-3a2a-a3e9-074fe224bb75,3,25,14,1,646240,L,Rafael Devers,675660,L,Shane Drohan,SF,MIL,137,158,Strikeout,Rafael Devers strikes out swinging.,Strikeout,,2,2,2,2,B,Ball,ball,False,B,FF,4-Seam Fastball,Ball,95.9,88.8,3.22,1.62,6.29,0.39,13,2390,10.6,14.6,-14.8,-1.0733,2.1005,-0.88,1.22,-1.23,10.6,-0.88,0.37,False,False,False,False,False,-1.0733,2.1005,5,48,25,11,2,100,,,,,,,,,,,,,,False,N,1
823781,2026-06-01,MIL,SF,pitch,eb1ffd02-661c-3129-a9a5-dbca7334b24c,3,25,14,1,646240,L,Rafael Devers,675660,L,Shane Drohan,SF,MIL,137,158,Strikeout,Rafael Devers strikes out swinging.,Strikeout,,2,3,2,3,S,Strike,swinging_strike,True,S,SL,Slider,Swinging Strike,86.5,81.0,3.22,1.62,6.12,0.43,7,2913,6.2,-1.7,-37.6,-0.7409,1.6268,0.52,-0.14,-3.13,0.52,0.52,0.4,True,True,False,False,False,-0.7409,1.6268,6,49,12,11,2,101,64.8,,,,,,,,,,,,,True,N,1
823781,2026-06-01,MIL,SF,pitch,41a020d1-b315-3d6c-8d46-400586a97245,3,26,0,2,650333,L,Luis Arraez,675660,L,Shane Drohan,SF,MIL,137,158,Walk,Luis Arraez walks.,Walk,,0,0,0,0,B,Ball,ball,False,B,FF,4-Seam Fastball,Ball,95.8,88.6,3.12,1.58,6.23,0.39,11,2568,8.4,14.9,-14.6,-1.0044,3.3544,-0.7,1.24,-1.22,8.4,-0.7,0.37,False,False,False,False,False,-1.0044,3.3544,1,50,26,12,2,102,,,,,,,,,,,,,,False,N,1
823781,2026-06-01,MIL,SF,pitch,eeb9e37c-2fe7-3af1-a580-a352251d68cd,3,26,0,2,650333,L,Luis Arraez,675660,L,Shane Drohan,SF,MIL,137,158,Walk,Luis Arraez walks.,Walk,,0,1,0,1,S,Strike,called_strike,False,C,SI,Sinker,Called Strike,95.6,88.1,3.12,1.58,6.31,0.39,13,2417,13.6,8.2,-21.6,-0.4672,1.4516,-1.13,0.68,-1.8,13.6,-1.13,0.37,False,False,False,False,False,-0.4672,1.4516,2,51,7,12,2,103,,,,,,,,,,,,,,False,N,1
823781,2026-06-01,MIL,SF,pitch,6e13e81e-e51f-3d83-93b9-010e20756523,3,26,0,2,650333,L,Luis Arraez,675660,L,Shane Drohan,SF,MIL,137,158,Walk,Luis Arraez walks.,Walk,,1,1,1,1,B,Ball,ball,False,B,FF,4-Seam Fastball,Ball,95.8,88.5,3.12,1.58,6.31,0.39,13,2485,9.1,15.6,-14.2,-1.2635,1.1965,-0.76,1.3,-1.18,9.1,-0.76,0.37,False,False,False,False,False,-1.2635,1.1965,3,52,27,12,2,104,,,,,,,,,,,,,,False,N,1
823781,2026-06-01,MIL,SF,pitch,2e508f28-9a61-3f5e-8306-603467d46958,3,26,0,2,650333,L,Luis Arraez,675660,L,Shane Drohan,SF,MIL,137,158,Walk,Luis Arraez walks.,Walk,,1,2,1,2,B,Ball,ball,False,B,SL,Slider,Ball,86.2,80.6,3.12,1.58,6.18,0.43,13,2964,5.4,-4.0,-40.3,-0.4974,0.9535,0.45,-0.33,-3.36,0.45,0.45,0.41,False,False,False,False,False,-0.4974,0.9535,4,53,13,12,2,105,,,,,,,,,,,,,,False,N,1
823781,2026-06-01,MIL,SF,pitch,a8cdd2da-d9ed-34cb-9405-ffd7717c3111,3,26,0,2,650333,L,Luis Arraez,675660,L,Shane Drohan,SF,MIL,137,158,Walk,Luis Arraez walks.,Walk,,1,3,1,3,B,Ball,ball,False,B,FC,Cutter,Ball,91.3,84.7,3.12,1.58,6.14,0.41,11,2808,1.7,10.8,-21.6,-0.3704,3.4746,0.14,0.9,-1.8,0.14,0.14,0.38,False,False,False,False,False,-0.3704,3.4746,5,54,1,12,2,106,,,,,,,,,,,,,,True,N,1
823781,2026-06-01,MIL,SF,pitch,0474e44f-0e5c-3e3a-837e-8aea0c163339,3,27,0,2,642715,R,Willy Adames,675660,L,Shane Drohan,SF,MIL,137,158,Forceout,"Willy Adames grounds into a force out, shortstop David Hamilton to second baseman Brice Turang. Luis Arraez out at 2nd.",Forceout,,0,0,0,0,S,Strike,called_strike,False,C,SI,Sinker,Called Strike,95.1,87.0,3.22,1.63,6.31,0.4,7,2459,14.9,8.0,-22.2,-0.6708,1.7989,-1.24,0.67,-1.85,14.9,-1.24,0.37,True,True,False,True,False,-0.6708,1.7989,1,55,8,13,2,107,,,,,,,,,,,True,,,False,N,1
823781,2026-06-01,MIL,SF,pitch,5817e2ff-7802-3c02-9886-fe43fd9e43d9,3,27,0,2,642715,R,Willy Adames,675660,L,Shane Drohan,SF,MIL,137,158,Forceout,"Willy Adames grounds into a force out, shortstop David Hamilton to second baseman Brice Turang. Luis Arraez out at 2nd.",Forceout,,1,0,1,0,S,Strike,foul,False,F,FF,4-Seam Fastball,Foul,96.2,87.8,3.22,1.63,6.34,0.39,11,2469,10.2,16.2,-13.4,-0.9123,2.7894,-0.85,1.35,-1.12,10.2,-0.85,0.37,False,False,False,True,False,-0.9123,2.7894,2,56,28,13,2,108,68.7,,,,,,,,,,True,,,False,N,1
823781,2026-06-01,MIL,SF,pitch,b5ba5254-efc6-3d81-9c56-87835baeadd8,3,27,0,2,642715,R,Willy Adames,675660,L,Shane Drohan,SF,MIL,137,158,Forceout,"Willy Adames grounds into a force out, shortstop David Hamilton to second baseman Brice Turang. Luis Arraez out at 2nd.",Forceout,"{""homeRunBallparks"": 0}",2,0,2,0,X,In Play,hit_into_play,False,X,SL,Slider,"In play, out(s)",86.1,80.1,3.22,1.63,6.19,0.43,8,2891,5.5,-3.4,-39.8,0.2433,1.5742,0.46,-0.28,-3.32,0.46,0.46,0.41,True,True,False,True,False,0.2433,1.5742,3,57,14,13,2,109,67.3,105.0,0.54,0,-21.36,136.86,91.8,7.0,91.8,7.0,True,,,True,N,1
823781,2026-06-01,MIL,SF,pitch,2d897e93-1d2c-326f-a490-41ddf2a0ce5d,3,28,33,0,683734,R,Andrew Vaughn,694738,R,Landen Roupp,MIL,SF,158,137,Single,"Andrew Vaughn singles on a ground ball to second baseman Luis Arraez, deflected by pitcher Landen Roupp.",Single,,0,0,0,0,S,Strike,called_strike,False,C,FC,Cutter,Called Strike,87.5,81.0,3.13,1.58,6.48,0.43,6,2360,4.2,4.8,-30.5,0.3487,2.5713,-0.35,0.4,-2.54,4.2,-0.35,0.4,True,True,False,False,False,0.3487,2.5713,1,53,5,15,2,110,,,,,,,,,,,,,,False,N,1
823781,2026-06-01,MIL,SF,pitch,c960fa8d-3902-385c-9404-60888ea015ac,3,28,33,0,683734,R,Andrew Vaughn,694738,R,Landen Roupp,MIL,SF,158,137,Single,"Andrew Vaughn singles on a ground ball to second baseman Luis Arraez, deflected by pitcher Landen Roupp.",Single,,1,0,1,0,B,Ball,ball,False,B,CU,Curveball,Ball,77.4,70.8,3.13,1.58,6.18,0.49,14,3031,19.0,-6.4,-52.6,1.679,1.6405,-1.58,-0.53,-4.38,19.0,-1.58,0.46,False,False,False,False,False,1.679,1.6405,2,54,16,15,2,111,,,,,,,,,,,,,,False,N,1
823781,2026-06-01,MIL,SF,pitch,ac922952-32fe-3915-914e-b334bda4e483,3,28,33,0,683734,R,Andrew Vaughn,694738,R,Landen Roupp,MIL,SF,158,137,Single,"Andrew Vaughn singles on a ground ball to second baseman Luis Arraez, deflected by pitcher Landen Roupp.",Single,,1,1,1,1,B,Ball,ball,False,B,SI,Sinker,Ball,93.9,86.9,3.13,1.58,6.84,0.4,14,2133,16.7,6.7,-24.1,1.8728,1.0371,1.39,0.56,-2.01,1.39,1.39,0.38,False,False,False,False,False,1.8728,1.0371,3,55,25,15,2,112,,,,,,,,,,,,,,False,N,1
823781,2026-06-01,MIL,SF,pitch,dbcecdea-fea3-3ad4-9dfe-cf385f6a36b9,3,28,33,0,683734,R,Andrew Vaughn,694738,R,Landen Roupp,MIL,SF,158,137,Single,"Andrew Vaughn singles on a ground ball to second baseman Luis Arraez, deflected by pitcher Landen Roupp.",Single,,1,2,1,2,S,Strike,swinging_strike,True,S,CU,Curveball,Swinging Strike,76.8,69.9,3.13,1.58,6.54,0.49,14,3045,21.0,-3.0,-50.0,1.2236,1.885,-1.75,-0.25,-4.17,21.0,-1.75,0.46,False,False,False,False,False,1.2236,1.885,4,56,17,15,2,113,67.0,,,,,,,,,,,,,False,N,1
823781,2026-06-01,MIL,SF,pitch,7a905609-8131-3bf6-91ef-7048262c279f,3,28,33,0,683734,R,Andrew Vaughn,694738,R,Landen Roupp,MIL,SF,158,137,Single,"Andrew Vaughn singles on a ground ball to second baseman Luis Arraez, deflected by pitcher Landen Roupp.",Single,,2,2,2,2,B,Ball,ball,False,B,CU,Curveball,Ball,77.1,70.2,3.13,1.58,6.11,0.49,13,3048,20.6,-6.8,-53.4,-0.8985,1.9176,-1.72,-0.57,-4.45,20.6,-1.72,0.46,False,False,False,False,True,-0.8985,1.9176,5,57,18,15,2,114,,,,,,,,,,,,,,False,N,1
823781,2026-06-01,MIL,SF,pitch,8f2cd46a-d28b-3efd-899c-bde09aea6826,3,28,33,0,683734,R,Andrew Vaughn,694738,R,Landen Roupp,MIL,SF,158,137,Single,"Andrew Vaughn singles on a ground ball to second baseman Luis Arraez, deflected by pitcher Landen Roupp.",Single,"{""homeRunBallparks"": 0}",2,3,2,3,X,In Play,hit_into_play,False,D,FC,Cutter,"In play, no out",86.9,80.5,3.13,1.58,6.43,0.43,5,2639,6.5,0.0,-35.9,-0.0041,2.1463,-0.54,0.0,-2.99,6.5,-0.54,0.4,True,True,False,False,False,-0.0041,2.1463,6,58,6,15,2,115,70.8,10.0,0.26,0,72.7,113.67,104.4,-12.0,104.4,-12.0,,,,True,N,1
823781,2026-06-01,MIL,SF,pitch,4b53a01c-418c-314e-ba1f-813cf59bc534,3,29,24,2,686217,L,Sal Frelick,694738,R,Landen Roupp,MIL,SF,158,137,GIDP,"Sal Frelick grounds into a double play, first baseman Bryce Eldridge to shortstop Willy Adames. Andrew Vaughn out at 2nd. Sal Frelick out at 1st.",GIDP,,0,0,0,0,B,Ball,ball,False,B,CU,Curveball,Ball,76.4,69.8,3.06,1.55,6.08,0.49,13,3068,19.6,-4.7,-51.8,-1.0309,2.1211,-1.63,-0.39,-4.32,19.6,-1.63,0.46,False,False,False,False,False,-1.0309,2.1211,1,59,19,16,2,116,,,,,,,,,,,True,,,False,N,1
823781,2026-06-01,MIL,SF,pitch,74095592-a327-35af-b32c-3a443eaf3f67,3,29,24,2,686217,L,Sal Frelick,694738,R,Landen Roupp,MIL,SF,158,137,GIDP,"Sal Frelick grounds into a double play, first baseman Bryce Eldridge to shortstop Willy Adames. Andrew Vaughn out at 2nd. Sal Frelick out at 1st.",GIDP,"{""homeRunBallparks"": 0}",0,1,0,1,X,In Play,hit_into_play,False,X,CH,Changeup,"In play, out(s)",86.5,79.7,3.06,1.55,6.36,0.43,8,1901,17.2,-0.2,-36.7,-0.1548,1.7732,1.43,-0.02,-3.06,1.43,1.43,0.41,True,True,False,False,False,-0.1548,1.7732,2,60,8,16,2,117,70.4,63.0,0.3,0,72.7,67.25,82.7,4.0,82.7,4.0,True,,,True,N,1
823781,2026-06-01,MIL,SF,pitch,895e50c9-4273-3a4c-9ef6-69db5fc2eb88,3,30,0,2,650859,L,Luis Rengifo,694738,R,Landen Roupp,MIL,SF,158,137,Walk,Luis Rengifo walks.,Walk,,0,0,0,0,B,Ball,ball,False,B,SI,Sinker,Ball,93.9,86.7,3.09,1.56,6.76,0.4,14,2292,16.2,1.6,-29.3,2.1111,2.1468,1.35,0.13,-2.44,1.35,1.35,0.38,False,False,False,False,False,2.1111,2.1468,1,61,26,17,2,118,,,,,,,,,,,,,,False,N,1
823781,2026-06-01,MIL,SF,pitch,9aa1df2b-a40c-3ceb-b23d-dc33b608fcd4,3,30,0,2,650859,L,Luis Rengifo,694738,R,Landen Roupp,MIL,SF,158,137,Walk,Luis Rengifo walks.,Walk,,0,1,0,1,S,Strike,foul,False,F,FC,Cutter,Foul,86.7,80.7,3.09,1.56,6.55,0.43,8,2474,6.0,1.6,-34.3,0.204,1.7089,-0.5,0.13,-2.86,6.0,-0.5,0.4,True,True,False,False,False,0.204,1.7089,2,62,7,17,2,119,72.8,,,,,,,,,,,,,False,N,1
823781,2026-06-01,MIL,SF,pitch,7e79483f-a369-371d-a83a-ee1a362897c0,3,30,0,2,650859,L,Luis Rengifo,694738,R,Landen Roupp,MIL,SF,158,137,Walk,Luis Rengifo walks.,Walk,,1,1,1,1,S,Strike,foul_tip,True,T,FF,4-Seam Fastball,Foul Tip,92.7,85.7,3.09,1.56,6.88,0.4,2,2226,12.7,11.2,-20.3,-0.0743,2.9622,1.06,0.93,-1.69,1.06,1.06,0.38,True,True,False,False,False,-0.0743,2.9622,3,63,3,17,2,120,72.1,,,,,,,,,,,,,False,N,1
823781,2026-06-01,MIL,SF,pitch,d7365d7f-6a2a-38c3-8a1e-335406eaffd7,3,30,0,2,650859,L,Luis Rengifo,694738,R,Landen Roupp,MIL,SF,158,137,Walk,Luis Rengifo walks.,Walk,,2,1,2,1,S,Strike,foul,False,F,CU,Curveball,Foul,77.5,70.8,3.09,1.56,6.2,0.49,14,3165,17.3,-9.2,-55.3,0.5647,1.0388,-1.44,-0.77,-4.61,17.3,-1.44,0.46,False,False,False,False,False,0.5647,1.0388,4,64,20,17,2,121,72.1,,,,,,,,,,,,,False,N,1
823781,2026-06-01,MIL,SF,pitch,b17e09a0-c5fe-347d-8664-c2f6b1990c08,3,30,0,2,650859,L,Luis Rengifo,694738,R,Landen Roupp,MIL,SF,158,137,Walk,Luis Rengifo walks.,Walk,,2,1,2,1,B,Ball,ball,False,B,SI,Sinker,Ball,92.5,85.1,3.09,1.56,6.58,0.41,11,2159,17.8,1.8,-30.0,-0.6889,3.5259,1.48,0.15,-2.5,1.48,1.48,0.38,False,False,False,False,False,-0.6889,3.5259,5,65,27,17,2,122,,,,,,,,,,,,,,False,N,1
823781,2026-06-01,MIL,SF,pitch,48297bb6-bd3f-35ce-ac2d-39cdae85b8ca,3,30,0,2,650859,L,Luis Rengifo,694738,R,Landen Roupp,MIL,SF,158,137,Walk,Luis Rengifo walks.,Walk,,2,2,2,2,B,Ball,ball,False,B,FF,4-Seam Fastball,Ball,91.7,84.1,3.09,1.56,6.58,0.41,11,2226,10.3,12.7,-19.7,-0.9095,4.5356,0.86,1.06,-1.64,0.86,0.86,0.38,False,False,False,False,False,-0.9095,4.5356,6,66,4,17,2,123,,,,,,,,,,,,,,False,N,1
823781,2026-06-01,MIL,SF,pitch,1855b155-7b9e-3bf7-a1e7-4465010b5c32,3,30,0,2,650859,L,Luis Rengifo,694738,R,Landen Roupp,MIL,SF,158,137,Walk,Luis Rengifo walks.,Walk,,2,3,2,3,B,Ball,ball,False,B,SI,Sinker,Ball,92.6,85.1,3.09,1.56,6.83,0.41,14,2106,17.6,3.2,-28.6,1.4957,2.2697,1.47,0.27,-2.38,1.47,1.47,0.38,False,False,False,False,False,1.4957,2.2697,7,67,28,17,2,124,,,,,,,,,,,,,,True,N,1
823781,2026-06-01,MIL,SF,pitch,e3608de5-b3f6-32ba-b735-66ed662afb97,3,31,0,2,666152,L,David Hamilton,694738,R,Landen Roupp,MIL,SF,158,137,Flyout,David Hamilton flies out to left fielder Casey Schmitt.,Flyout,,0,0,0,0,B,Ball,ball,False,B,FF,4-Seam Fastball,Ball,92.0,84.5,3.14,1.58,6.71,0.41,11,2159,14.5,8.8,-23.4,-1.1671,3.5271,1.21,0.73,-1.95,1.21,1.21,0.38,False,False,False,True,False,-1.1671,3.5271,1,68,5,18,2,125,,,,,,,,,,,,,,False,N,1
823781,2026-06-01,MIL,SF,pitch,aa4710e2-539c-3162-a483-79c98676783c,3,31,0,2,666152,L,David Hamilton,694738,R,Landen Roupp,MIL,SF,158,137,Flyout,David Hamilton flies out to left fielder Casey Schmitt.,Flyout,,0,1,0,1,S,Strike,called_strike,False,C,FC,Cutter,Called Strike,85.8,79.2,3.14,1.58,6.4,0.44,4,2323,1.9,4.1,-32.8,-0.4954,2.5943,-0.16,0.34,-2.73,1.9,-0.16,0.41,True,True,False,True,False,-0.4954,2.5943,2,69,8,18,2,126,,,,,,,,,,,,,,False,N,1
823781,2026-06-01,MIL,SF,pitch,f2f3b198-3c87-3d47-8241-9ecadf2cf998,3,31,0,2,666152,L,David Hamilton,694738,R,Landen Roupp,MIL,SF,158,137,Flyout,David Hamilton flies out to left fielder Casey Schmitt.,Flyout,,1,1,1,1,B,Ball,ball,False,B,FF,4-Seam Fastball,Ball,91.8,84.4,3.14,1.58,6.76,0.41,11,2061,11.3,8.5,-23.8,-0.7921,3.815,0.94,0.71,-1.98,0.94,0.94,0.38,False,False,False,True,False,-0.7921,3.815,3,70,6,18,2,127,,,,,,,,,,,,,,False,N,1
823781,2026-06-01,MIL,SF,pitch,4ba8f4a3-79ce-347f-8287-590d187e5c70,3,31,0,2,666152,L,David Hamilton,694738,R,Landen Roupp,MIL,SF,158,137,Flyout,David Hamilton flies out to left fielder Casey Schmitt.,Flyout,,1,2,1,2,B,Ball,ball,False,B,CH,Changeup,Ball,87.0,80.0,3.14,1.58,6.46,0.43,13,1988,16.1,-0.6,-36.8,-0.7317,1.0378,1.34,-0.05,-3.07,1.34,1.34,0.41,False,False,False,True,False,-0.7317,1.0378,4,71,9,18,2,128,,,,,,,,,,,,,,False,N,1
823781,2026-06-01,MIL,SF,pitch,64cc6565-c324-3fde-ac64-d93fd040f6f6,3,31,0,2,666152,L,David Hamilton,694738,R,Landen Roupp,MIL,SF,158,137,Flyout,David Hamilton flies out to left fielder Casey Schmitt.,Flyout,,1,3,1,3,S,Strike,swinging_strike,True,S,SI,Sinker,Swinging Strike,92.8,85.0,3.14,1.58,6.73,0.41,5,2212,17.8,1.7,-30.1,-0.0665,2.5064,1.48,0.14,-2.51,1.48,1.48,0.38,True,True,False,True,False,-0.0665,2.5064,5,72,29,18,2,129,73.1,,,,,,,,,,,,,False,N,1
823781,2026-06-01,MIL,SF,pitch,2dc69bfb-9d54-339a-b3c0-2d9f8965307c,3,31,0,2,666152,L,David Hamilton,694738,R,Landen Roupp,MIL,SF,158,137,Flyout,David Hamilton flies out to left fielder Casey Schmitt.,Flyout,,2,3,2,3,S,Strike,foul,False,F,SI,Sinker,Foul,92.5,85.1,3.14,1.58,6.78,0.41,4,2165,17.0,1.8,-30.0,-0.7558,2.4286,1.42,0.15,-2.5,1.42,1.42,0.38,True,True,False,True,False,-0.7558,2.4286,6,73,30,18,2,130,65.5,,,,,,,,,,,,,False,N,1
823781,2026-06-01,MIL,SF,pitch,d5f15eee-a357-31e2-8aa2-49458690b225,3,31,0,2,666152,L,David Hamilton,694738,R,Landen Roupp,MIL,SF,158,137,Flyout,David Hamilton flies out to left fielder Casey Schmitt.,Flyout,"{""homeRunBallparks"": 0}",2,3,2,3,X,In Play,hit_into_play,False,X,FF,4-Seam Fastball,"In play, out(s)",91.8,84.8,3.14,1.58,6.65,0.41,4,2156,9.6,13.2,-19.0,-0.278,2.155,0.8,1.1,-1.58,0.8,0.8,0.38,True,True,False,True,False,-0.278,2.155,7,74,7,18,2,131,73.2,335.0,0.03,0,-106.85,293.22,95.0,40.0,95.0,40.0,,,,True,N,1
823781,2026-06-01,MIL,SF,pitch,d92a1b23-bd6a-3c1c-b055-1d070fcfe74b,4,32,0,1,808982,L,Jung Hoo Lee,675660,L,Shane Drohan,SF,MIL,137,158,Groundout,"Jung Hoo Lee grounds out, second baseman Brice Turang to first baseman Andrew Vaughn.",Groundout,,0,0,0,0,S,Strike,called_strike,False,C,FF,4-Seam Fastball,Called Strike,94.8,86.9,3.22,1.63,6.32,0.4,6,2386,9.5,15.6,-14.8,0.7165,2.5591,-0.79,1.3,-1.23,9.5,-0.79,0.37,True,True,False,True,False,0.7165,2.5591,1,58,29,14,2,132,,,,,,,,,,,,,,False,N,1
823781,2026-06-01,MIL,SF,pitch,e78ad4ad-9929-3776-8793-263910e30fc7,4,32,0,1,808982,L,Jung Hoo Lee,675660,L,Shane Drohan,SF,MIL,137,158,Groundout,"Jung Hoo Lee grounds out, second baseman Brice Turang to first baseman Andrew Vaughn.",Groundout,,1,0,1,0,B,Ball,ball,False,B,SI,Sinker,Ball,94.5,86.7,3.22,1.63,6.27,0.4,14,2382,16.2,7.7,-23.0,0.0561,1.4446,-1.35,0.64,-1.92,16.2,-1.35,0.37,False,False,False,True,True,0.0561,1.4446,2,59,9,14,2,133,,,,,,,,,,,,,,False,N,1
823781,2026-06-01,MIL,SF,pitch,48454223-1962-30ab-b8fa-ea2dd4423741,4,32,0,1,808982,L,Jung Hoo Lee,675660,L,Shane Drohan,SF,MIL,137,158,Groundout,"Jung Hoo Lee grounds out, second baseman Brice Turang to first baseman Andrew Vaughn.",Groundout,,1,1,1,1,S,Strike,foul,False,F,SI,Sinker,Foul,95.1,86.8,3.22,1.63,6.22,0.4,6,2469,16.6,8.3,-22.1,0.4278,2.1502,-1.38,0.69,-1.84,16.6,-1.38,0.37,True,True,False,True,False,0.4278,2.1502,3,60,10,14,2,134,70.5,,,,,,,,,,,,,False,N,1
823781,2026-06-01,MIL,SF,pitch,26fa0396-8427-3242-9c49-4fa5462685cf,4,32,0,1,808982,L,Jung Hoo Lee,675660,L,Shane Drohan,SF,MIL,137,158,Groundout,"Jung Hoo Lee grounds out, second baseman Brice Turang to first baseman Andrew Vaughn.",Groundout,"{""homeRunBallparks"": 0}",2,1,2,1,X,In Play,hit_into_play,False,X,FF,4-Seam Fastball,"In play, out(s)",94.9,86.8,3.22,1.63,6.22,0.4,2,2439,10.6,14.4,-16.0,0.1699,2.8046,-0.88,1.2,-1.33,10.6,-0.88,0.37,True,True,False,True,False,0.1699,2.8046,4,61,30,14,2,135,61.8,11.0,0.08,0,72.7,119.77,84.9,-15.0,84.9,-15.0,,,,True,N,1
823781,2026-06-01,MIL,SF,pitch,ea6e4bb9-a625-303f-8f5c-cabc4c80009e,4,33,0,1,656305,R,Matt Chapman,675660,L,Shane Drohan,SF,MIL,137,158,Flyout,Matt Chapman flies out to center fielder Jackson Chourio.,Flyout,,0,0,0,0,S,Strike,foul,False,F,FC,Cutter,Foul,92.1,85.7,3.25,1.64,6.28,0.41,11,2738,1.0,12.7,-19.1,-1.1073,2.532,0.08,1.06,-1.59,0.08,0.08,0.38,False,False,False,True,False,-1.1073,2.532,1,62,2,15,2,136,71.5,,,,,,,,,,,,,False,N,1
823781,2026-06-01,MIL,SF,pitch,83eef496-b2f8-350c-903e-ebf209913c36,4,33,0,1,656305,R,Matt Chapman,675660,L,Shane Drohan,SF,MIL,137,158,Flyout,Matt Chapman flies out to center fielder Jackson Chourio.,Flyout,"{""homeRunBallparks"": 0}",1,0,1,0,X,In Play,hit_into_play,False,X,SI,Sinker,"In play, out(s)",94.9,87.0,3.25,1.64,6.25,0.4,5,2460,14.4,7.3,-23.0,0.0193,2.2691,-1.2,0.61,-1.92,14.4,-1.2,0.37,True,True,False,True,False,0.0193,2.2691,2,63,11,15,2,137,80.4,311.0,0.01,0,-45.05,307.22,86.5,34.0,86.5,34.0,,,,True,N,1
823781,2026-06-01,MIL,SF,pitch,90c4fff2-5825-3fb5-a951-cbbdb6183afa,4,34,34,2,805811,L,Bryce Eldridge,675660,L,Shane Drohan,SF,MIL,137,158,Double,Bryce Eldridge doubles (7) on a sharp line drive to center fielder Jackson Chourio.,Double,"{""homeRunBallparks"": 0}",0,0,0,0,X,In Play,hit_into_play,False,D,SL,Slider,"In play, no out",86.2,79.7,3.54,1.79,6.17,0.44,5,2752,5.3,1.1,-35.5,-0.2578,2.5882,0.44,0.09,-2.96,0.44,0.44,0.41,True,True,False,False,False,-0.2578,2.5882,1,64,15,16,2,138,,300.0,0.69,0,61.56,293.08,107.7,15.0,107.7,15.0,,,,True,N,1
823781,2026-06-01,MIL,SF,pitch,22d9211b-0199-37ba-b446-086da0b79e37,4,35,14,2,606992,R,Eric Haase,675660,L,Shane Drohan,SF,MIL,137,158,Strikeout,Eric Haase strikes out swinging.,Strikeout,,0,0,0,0,S,Strike,foul,False,F,SI,Sinker,Foul,94.5,86.7,3.1,1.57,6.32,0.4,6,2388,13.9,8.6,-21.8,0.7126,2.4374,-1.16,0.72,-1.82,13.9,-1.16,0.37,True,True,False,False,False,0.7126,2.4374,1,65,12,17,2,139,69.9,,,,,,,,,,,,,False,N,1
823781,2026-06-01,MIL,SF,pitch,89913e5d-1e38-370d-bb2a-2198a2d48423,4,35,14,2,606992,R,Eric Haase,675660,L,Shane Drohan,SF,MIL,137,158,Strikeout,Eric Haase strikes out swinging.,Strikeout,,1,0,1,0,S,Strike,foul,False,F,SI,Sinker,Foul,95.0,86.9,3.1,1.57,6.21,0.4,6,2411,14.8,8.2,-22.2,0.363,2.3283,-1.23,0.68,-1.85,14.8,-1.23,0.37,True,True,False,False,False,0.363,2.3283,2,66,13,17,2,140,69.8,,,,,,,,,,,,,False,N,1
823781,2026-06-01,MIL,SF,pitch,76861033-df31-3abe-9527-8a87df96f753,4,35,14,2,606992,R,Eric Haase,675660,L,Shane Drohan,SF,MIL,137,158,Strikeout,Eric Haase strikes out swinging.,Strikeout,,2,0,2,0,S,Strike,foul,False,F,SL,Slider,Foul,85.6,79.9,3.1,1.57,6.25,0.44,6,2791,3.6,-3.2,-40.0,0.2841,2.3092,0.3,-0.27,-3.33,0.3,0.3,0.41,True,True,False,False,False,0.2841,2.3092,3,67,16,17,2,141,73.5,,,,,,,,,,,,,False,N,1
823781,2026-06-01,MIL,SF,pitch,97325a20-9b43-30d6-99a4-05d3b2032af5,4,35,14,2,606992,R,Eric Haase,675660,L,Shane Drohan,SF,MIL,137,158,Strikeout,Eric Haase strikes out swinging.,Strikeout,,2,0,2,0,S,Strike,swinging_strike_blocked,True,W,CU,Curveball,Swinging Strike,82.0,76.0,3.1,1.57,6.29,0.46,13,2936,10.2,-9.6,-50.4,-0.8304,-0.1128,0.85,-0.8,-4.2,0.85,0.85,0.43,False,False,True,False,False,-0.8304,-0.1128,4,68,7,17,2,142,42.5,,,,,,,,,,,,,True,N,1
823781,2026-06-01,MIL,SF,pitch,0e0f2404-5562-311e-a582-4eb18bd98834,4,36,33,0,592885,L,Christian Yelich,694738,R,Landen Roupp,MIL,SF,158,137,Single,Christian Yelich singles on a sharp line drive to center fielder Jonah Cox.,Single,,0,0,0,0,B,Ball,ball,False,B,SI,Sinker,Ball,91.7,85.0,3.37,1.7,6.88,0.41,13,2090,16.8,4.0,-28.1,-1.8942,2.1211,1.4,0.33,-2.34,1.4,1.4,0.38,False,False,False,False,False,-1.8942,2.1211,1,75,31,19,3,143,,,,,,,,,,,,,,False,N,1
823781,2026-06-01,MIL,SF,pitch,d663c111-0f2b-3896-8fc8-9fde7421679f,4,36,33,0,592885,L,Christian Yelich,694738,R,Landen Roupp,MIL,SF,158,137,Single,Christian Yelich singles on a sharp line drive to center fielder Jonah Cox.,Single,,0,1,0,1,B,Ball,ball,False,B,FC,Cutter,Ball,86.9,80.8,3.37,1.7,6.78,0.43,14,2469,4.4,4.9,-30.8,0.2324,1.3584,-0.37,0.41,-2.57,4.4,-0.37,0.4,False,False,False,False,False,0.2324,1.3584,2,76,9,19,3,144,,,,,,,,,,,,,,False,N,1
823781,2026-06-01,MIL,SF,pitch,565ade6d-586d-3aa1-afd2-905511009c9a,4,36,33,0,592885,L,Christian Yelich,694738,R,Landen Roupp,MIL,SF,158,137,Single,Christian Yelich singles on a sharp line drive to center fielder Jonah Cox.,Single,,0,2,0,2,S,Strike,called_strike,False,C,SI,Sinker,Called Strike,91.6,84.6,3.37,1.7,6.5,0.41,5,2186,16.6,3.0,-29.4,0.2378,2.658,1.38,0.25,-2.45,1.38,1.38,0.38,True,True,False,False,False,0.2378,2.658,3,77,32,19,3,145,,,,,,,,,,,,,,False,N,1
823781,2026-06-01,MIL,SF,pitch,44a9b410-e897-3468-b0a5-7b0c1270e8f4,4,36,33,0,592885,L,Christian Yelich,694738,R,Landen Roupp,MIL,SF,158,137,Single,Christian Yelich singles on a sharp line drive to center fielder Jonah Cox.,Single,,1,2,1,2,B,Ball,ball,False,B,CU,Curveball,Ball,76.1,70.0,3.37,1.7,6.41,0.5,14,3059,16.0,-8.9,-56.5,0.2799,0.6764,-1.33,-0.74,-4.71,16.0,-1.33,0.47,False,False,False,False,False,0.2799,0.6764,4,78,21,19,3,146,,,,,,,,,,,,,,False,N,1
823781,2026-06-01,MIL,SF,pitch,0eb6c1be-7e59-301d-87d7-97788026cf13,4,36,33,0,592885,L,Christian Yelich,694738,R,Landen Roupp,MIL,SF,158,137,Single,Christian Yelich singles on a sharp line drive to center fielder Jonah Cox.,Single,"{""homeRunBallparks"": 0}",1,3,1,3,X,In Play,hit_into_play,False,D,SI,Sinker,"In play, no out",91.8,85.1,3.37,1.7,6.6,0.41,5,2094,17.3,2.4,-29.8,-0.067,2.4761,1.44,0.2,-2.48,1.44,1.44,0.38,True,True,False,False,False,-0.067,2.4761,5,79,33,19,3,147,77.5,299.0,0.63,0,-63.18,335.02,107.1,16.0,107.1,16.0,,,,True,N,1
823781,2026-06-01,MIL,SF,pitch,96f88064-5e60-30cd-ae76-9f45300d27bb,4,37,0,0,694192,R,Jackson Chourio,694738,R,Landen Roupp,MIL,SF,158,137,Walk,Jackson Chourio walks. Christian Yelich to 2nd.,Walk,,0,0,0,0,S,Strike,swinging_strike,True,S,FC,Cutter,Swinging Strike,85.9,80.0,3.24,1.63,6.07,0.44,9,2479,5.4,2.9,-33.7,0.8178,1.6542,-0.45,0.24,-2.81,5.4,-0.45,0.41,True,True,False,False,False,0.8178,1.6542,1,80,10,20,3,148,54.6,,,,,,,,,,True,,,False,N,1
823781,2026-06-01,MIL,SF,pitch,da13b453-047c-36ec-933c-5b1a94b8c65d,4,37,0,0,694192,R,Jackson Chourio,694738,R,Landen Roupp,MIL,SF,158,137,Walk,Jackson Chourio walks. Christian Yelich to 2nd.,Walk,,1,0,1,0,B,Ball,ball,False,B,CU,Curveball,Ball,76.7,70.7,3.24,1.63,6.35,0.49,14,3027,16.8,-8.0,-54.8,0.7978,1.3003,-1.4,-0.67,-4.57,16.8,-1.4,0.46,False,False,False,False,False,0.7978,1.3003,2,81,22,20,3,149,21.0,,,,,,,,,,True,,,False,N,1
823781,2026-06-01,MIL,SF,pitch,913cc0d0-4d2b-334d-8bc2-d924b026cec8,4,37,0,0,694192,R,Jackson Chourio,694738,R,Landen Roupp,MIL,SF,158,137,Walk,Jackson Chourio walks. Christian Yelich to 2nd.,Walk,,1,1,1,1,B,Ball,blocked_ball,False,*B,CU,Curveball,Ball In Dirt,76.0,69.7,3.24,1.63,6.4,0.5,13,3078,16.2,-8.9,-56.8,-0.3472,0.5628,-1.35,-0.74,-4.73,16.2,-1.35,0.47,False,False,False,False,False,-0.3472,0.5628,3,82,23,20,3,150,,,,,,,,,,,True,,,False,N,1
823781,2026-06-01,MIL,SF,pitch,8b18bc40-8758-3adf-8118-895d17ae4666,4,37,0,0,694192,R,Jackson Chourio,694738,R,Landen Roupp,MIL,SF,158,137,Walk,Jackson Chourio walks. Christian Yelich to 2nd.,Walk,,1,2,1,2,S,Strike,foul,False,F,SI,Sinker,Foul,91.0,84.0,3.24,1.63,6.45,0.41,13,2166,16.8,2.3,-30.6,-0.8584,1.6315,1.4,0.19,-2.55,1.4,1.4,0.39,False,False,False,False,False,-0.8584,1.6315,4,83,34,20,3,151,78.2,,,,,,,,,,True,,,False,N,1
823781,2026-06-01,MIL,SF,pitch,f159a966-e707-3647-a1db-d8057bb536e0,4,37,0,0,694192,R,Jackson Chourio,694738,R,Landen Roupp,MIL,SF,158,137,Walk,Jackson Chourio walks. Christian Yelich to 2nd.,Walk,,2,2,2,2,B,Ball,ball,False,B,CH,Changeup,Ball,87.5,80.7,3.24,1.63,6.44,0.43,14,1904,15.5,-0.7,-36.4,0.0202,0.702,1.29,-0.06,-3.03,1.29,1.29,0.4,False,False,False,False,False,0.0202,0.702,5,84,10,20,3,152,,,,,,,,,,,True,,,False,N,1
823781,2026-06-01,MIL,SF,pitch,887299a5-a19f-3310-a39a-294bf9d665a9,4,37,0,0,694192,R,Jackson Chourio,694738,R,Landen Roupp,MIL,SF,158,137,Walk,Jackson Chourio walks. Christian Yelich to 2nd.,Walk,,2,3,2,3,B,Ball,ball,False,B,CU,Curveball,Ball,76.3,70.0,3.24,1.63,6.3,0.5,14,3106,17.8,-10.7,-58.1,1.3675,1.1546,-1.48,-0.89,-4.84,17.8,-1.48,0.47,False,False,False,False,False,1.3675,1.1546,6,85,24,20,3,153,,,,,,,,,,,True,,,True,N,1
823781,2026-06-01,MIL,SF,pitch,d169cb94-373e-33aa-8d1f-c6db4c77ca6d,4,38,0,0,668930,L,Brice Turang,694738,R,Landen Roupp,MIL,SF,158,137,Walk,Brice Turang walks. Christian Yelich to 3rd. Jackson Chourio to 2nd.,Walk,,0,0,0,0,B,Ball,ball,False,B,SI,Sinker,Ball,91.4,83.9,3.21,1.62,6.45,0.41,11,2048,15.0,0.5,-32.2,-0.6086,3.8707,1.25,0.04,-2.68,1.25,1.25,0.39,False,False,False,False,False,-0.6086,3.8707,1,86,35,21,3,154,,,,,,,,,,,True,True,,False,N,1
823781,2026-06-01,MIL,SF,pitch,9f06ec40-91cc-3eb3-9123-53114924909f,4,38,0,0,668930,L,Brice Turang,694738,R,Landen Roupp,MIL,SF,158,137,Walk,Brice Turang walks. Christian Yelich to 3rd. Jackson Chourio to 2nd.,Walk,,0,1,0,1,B,Ball,blocked_ball,False,*B,CH,Changeup,Ball In Dirt,86.5,80.2,3.21,1.62,6.43,0.43,13,1804,15.4,-1.6,-37.9,-0.6645,0.5862,1.28,-0.13,-3.16,1.28,1.28,0.41,False,False,False,False,False,-0.6645,0.5862,2,87,11,21,3,155,,,,,,,,,,,True,True,,False,N,1
823781,2026-06-01,MIL,SF,pitch,62c0ca2b-b215-3369-bbd3-5e44c2c99c7a,4,38,0,0,668930,L,Brice Turang,694738,R,Landen Roupp,MIL,SF,158,137,Walk,Brice Turang walks. Christian Yelich to 3rd. Jackson Chourio to 2nd.,Walk,,0,2,0,2,B,Ball,ball,False,B,SI,Sinker,Ball,90.8,83.8,3.21,1.62,6.4,0.41,11,1968,14.6,2.2,-30.7,-1.102,4.4366,1.22,0.18,-2.56,1.22,1.22,0.39,False,False,False,False,False,-1.102,4.4366,3,88,36,21,3,156,,,,,,,,,,,True,True,,False,N,1
823781,2026-06-01,MIL,SF,pitch,0ad31197-f369-3ba2-abf4-800fdd8306a1,4,38,0,0,668930,L,Brice Turang,694738,R,Landen Roupp,MIL,SF,158,137,Walk,Brice Turang walks. Christian Yelich to 3rd. Jackson Chourio to 2nd.,Walk,,0,3,0,3,B,Ball,ball,False,B,SI,Sinker,Ball,91.2,84.0,3.21,1.62,6.43,0.41,11,2121,15.5,1.1,-31.6,-0.1678,3.7306,1.29,0.09,-2.63,1.29,1.29,0.39,False,False,False,False,False,-0.1678,3.7306,4,89,37,21,3,157,,,,,,,,,,,True,True,,True,N,1
823781,2026-06-01,MIL,SF,pitch,21481ec2-c91e-3d7b-8243-e40a9a418048,4,39,24,2,661388,R,William Contreras,694738,R,Landen Roupp,MIL,SF,158,137,GIDP,"William Contreras grounds into a double play, shortstop Willy Adames to second baseman Luis Arraez to first baseman Bryce Eldridge. Christian Yelich scores. Jackson Chourio to 3rd. Brice Turang out at 2nd. William Contreras out at 1st.",GIDP,,0,0,0,0,B,Ball,ball,False,B,SI,Sinker,Ball,93.4,86.0,3.13,1.58,6.8,0.4,14,2111,17.5,4.4,-26.8,0.2861,1.3072,1.46,0.37,-2.23,1.46,1.46,0.38,False,False,False,False,True,0.2861,1.3072,1,90,38,22,3,158,,,,,,,,,,,True,True,True,False,N,1
823781,2026-06-01,MIL,SF,pitch,bfee8830-4822-34d7-b30e-721df5265aae,4,39,24,2,661388,R,William Contreras,694738,R,Landen Roupp,MIL,SF,158,137,GIDP,"William Contreras grounds into a double play, shortstop Willy Adames to second baseman Luis Arraez to first baseman Bryce Eldridge. Christian Yelich scores. Jackson Chourio to 3rd. Brice Turang out at 2nd. William Contreras out at 1st.",GIDP,"{""homeRunBallparks"": 0}",0,1,0,1,X,In Play,hit_into_play,False,E,SI,Sinker,"In play, run(s)",92.9,86.1,3.13,1.58,6.82,0.4,4,1993,14.9,3.4,-28.0,-0.5587,2.2156,1.24,0.28,-2.33,1.24,1.24,0.38,True,True,False,False,False,-0.5587,2.2156,2,91,39,22,3,159,72.8,7.0,0.09,0,-39.67,127.1,95.2,-21.0,95.2,-21.0,True,True,True,True,N,1
823781,2026-06-01,MIL,SF,pitch,b3da4395-c208-3101-a1c5-5eceb3a63e2e,4,40,14,2,641343,L,Jake Bauers,694738,R,Landen Roupp,MIL,SF,158,137,Strikeout,Jake Bauers strikes out swinging.,Strikeout,,0,0,0,0,S,Strike,called_strike,False,C,CU,Curveball,Called Strike,76.4,69.6,3.22,1.62,6.4,0.5,13,3066,18.1,-5.3,-52.7,-0.8887,2.4039,-1.51,-0.44,-4.39,18.1,-1.51,0.47,False,False,False,False,False,-0.8887,2.4039,1,92,25,23,3,160,,,,,,,,,,,,,,False,N,1
823781,2026-06-01,MIL,SF,pitch,5d3b40c1-38a9-36e6-9dda-6be23b19ce7d,4,40,14,2,641343,L,Jake Bauers,694738,R,Landen Roupp,MIL,SF,158,137,Strikeout,Jake Bauers strikes out swinging.,Strikeout,,1,0,1,0,B,Ball,ball,False,B,SI,Sinker,Ball,92.4,85.0,3.22,1.62,6.5,0.41,12,2126,15.0,8.3,-23.6,1.4659,3.194,1.25,0.69,-1.97,1.25,1.25,0.38,False,False,False,False,False,1.4659,3.194,2,93,40,23,3,161,,,,,,,,,,,,,,False,N,1
823781,2026-06-01,MIL,SF,pitch,ac09d5a2-21af-3709-9c75-b8ccaa7013dc,4,40,14,2,641343,L,Jake Bauers,694738,R,Landen Roupp,MIL,SF,158,137,Strikeout,Jake Bauers strikes out swinging.,Strikeout,,1,1,1,1,S,Strike,swinging_strike,True,S,SI,Sinker,Swinging Strike,92.0,84.5,3.22,1.62,6.52,0.41,12,2103,15.7,7.1,-25.1,0.6701,3.5911,1.31,0.59,-2.09,1.31,1.31,0.38,False,False,False,False,False,0.6701,3.5911,3,94,41,23,3,162,76.2,,,,,,,,,,,,,False,N,1
823781,2026-06-01,MIL,SF,pitch,cfc60356-b525-361c-bf34-02f2950ee959,4,40,14,2,641343,L,Jake Bauers,694738,R,Landen Roupp,MIL,SF,158,137,Strikeout,Jake Bauers strikes out swinging.,Strikeout,,2,1,2,1,B,Ball,ball,False,B,CH,Changeup,Ball,86.2,80.0,3.22,1.62,6.08,0.43,13,1692,15.6,-3.0,-39.5,-1.9724,0.7363,1.3,-0.25,-3.29,1.3,1.3,0.41,False,False,False,False,False,-1.9724,0.7363,4,95,12,23,3,163,,,,,,,,,,,,,,False,N,1
823781,2026-06-01,MIL,SF,pitch,de39ec26-6132-32e9-80cb-a543117ad375,4,40,14,2,641343,L,Jake Bauers,694738,R,Landen Roupp,MIL,SF,158,137,Strikeout,Jake Bauers strikes out swinging.,Strikeout,,2,2,2,2,S,Strike,swinging_strike,True,S,CU,Curveball,Swinging Strike,76.8,70.0,3.22,1.62,6.34,0.49,14,3115,19.4,-5.0,-52.2,0.8125,1.3422,-1.62,-0.42,-4.35,19.4,-1.62,0.46,False,False,False,False,False,0.8125,1.3422,5,96,26,23,3,164,79.0,,,,,,,,,,,,,True,N,1
823781,2026-06-01,MIL,SF,pitch,67fde2fb-4090-3a92-b73b-616e027c69fb,5,41,0,1,687551,L,Drew Gilbert,694477,R,Chad Patrick,SF,MIL,137,158,Flyout,Drew Gilbert flies out to center fielder Jackson Chourio.,Flyout,,0,0,0,0,S,Strike,swinging_strike,True,S,FF,4-Seam Fastball,Swinging Strike,95.5,87.4,3.06,1.54,6.03,0.39,2,2343,10.6,16.6,-13.3,-0.0656,2.955,0.88,1.38,-1.11,0.88,0.88,0.37,True,True,False,True,False,-0.0656,2.955,1,1,1,1,1,165,70.1,,,,,,,,,,,,,False,N,1
823781,2026-06-01,MIL,SF,pitch,9fe35c75-8ad1-36fc-9d5d-ce517eb3616e,5,41,0,1,687551,L,Drew Gilbert,694477,R,Chad Patrick,SF,MIL,137,158,Flyout,Drew Gilbert flies out to center fielder Jackson Chourio.,Flyout,,1,0,1,0,S,Strike,foul_tip,True,T,FF,4-Seam Fastball,Foul Tip,95.5,87.5,3.06,1.54,6.2,0.39,1,2372,10.8,17.2,-12.7,-0.4789,2.8954,0.9,1.43,-1.06,0.9,0.9,0.37,True,True,False,True,False,-0.4789,2.8954,2,2,2,1,1,166,64.0,,,,,,,,,,,,,False,N,1
823781,2026-06-01,MIL,SF,pitch,b097ae85-f2c0-34e8-afcc-ee565afe2f99,5,41,0,1,687551,L,Drew Gilbert,694477,R,Chad Patrick,SF,MIL,137,158,Flyout,Drew Gilbert flies out to center fielder Jackson Chourio.,Flyout,,2,1,2,1,B,Ball,ball,False,B,FF,4-Seam Fastball,Ball,95.4,87.5,3.06,1.54,6.13,0.39,14,2411,11.0,16.6,-13.4,1.1422,2.1851,0.92,1.38,-1.12,0.92,0.92,0.37,False,False,False,True,False,1.1422,2.1851,3,3,3,1,1,167,,,,,,,,,,,,,,False,N,1
823781,2026-06-01,MIL,SF,pitch,1d39f202-3360-3e3a-84df-a0ab73a7f254,5,41,0,1,687551,L,Drew Gilbert,694477,R,Chad Patrick,SF,MIL,137,158,Flyout,Drew Gilbert flies out to center fielder Jackson Chourio.,Flyout,,2,2,2,2,B,Ball,ball,False,B,FF,4-Seam Fastball,Ball,95.5,87.8,3.06,1.54,6.04,0.39,14,2444,9.5,16.1,-13.9,0.964,1.6959,0.79,1.34,-1.16,0.79,0.79,0.37,False,False,False,True,False,0.964,1.6959,4,4,4,1,1,168,,,,,,,,,,,,,,False,N,1
823781,2026-06-01,MIL,SF,pitch,652c4e92-7e80-323e-81d5-2d2b9f8e2dbd,5,41,0,1,687551,L,Drew Gilbert,694477,R,Chad Patrick,SF,MIL,137,158,Flyout,Drew Gilbert flies out to center fielder Jackson Chourio.,Flyout,,2,3,2,3,S,Strike,foul,False,F,FF,4-Seam Fastball,Foul,96.2,88.0,3.06,1.54,6.1,0.39,2,2419,10.3,16.8,-12.7,-0.2429,2.8812,0.86,1.4,-1.06,0.86,0.86,0.37,True,True,False,True,False,-0.2429,2.8812,5,5,5,1,1,169,67.6,,,,,,,,,,,,,False,N,1
823781,2026-06-01,MIL,SF,pitch,e5a7360b-d783-3d3b-914d-6e3f61d221ed,5,41,0,1,687551,L,Drew Gilbert,694477,R,Chad Patrick,SF,MIL,137,158,Flyout,Drew Gilbert flies out to center fielder Jackson Chourio.,Flyout,"{""homeRunBallparks"": 0}",2,3,2,3,X,In Play,hit_into_play,False,X,FC,Cutter,"In play, out(s)",88.4,81.9,3.06,1.54,6.23,0.42,5,2519,0.8,9.5,-25.2,-0.0192,2.1618,-0.07,0.79,-2.1,0.8,-0.07,0.4,True,True,False,True,False,-0.0192,2.1618,6,6,1,1,1,170,67.3,320.0,0.08,0,-11.59,294.43,86.1,26.0,86.1,26.0,,,,True,N,1
823781,2026-06-01,MIL,SF,pitch,df39b784-df2b-39d9-b962-96fa9afa77f6,5,42,0,1,669477,R,Casey Schmitt,694477,R,Chad Patrick,SF,MIL,137,158,Pop Out,Casey Schmitt pops out to shortstop David Hamilton.,Pop Out,,0,0,0,0,S,Strike,foul,False,F,FF,4-Seam Fastball,Foul,94.7,86.4,3.2,1.61,5.97,0.4,2,2309,5.4,16.7,-13.9,-0.1436,3.3035,0.45,1.39,-1.16,0.45,0.45,0.37,True,True,False,True,False,-0.1436,3.3035,1,7,6,2,1,171,69.4,,,,,,,,,,,,,False,N,1
823781,2026-06-01,MIL,SF,pitch,98558349-91b9-385b-ada9-2d701e0f9eab,5,42,0,1,669477,R,Casey Schmitt,694477,R,Chad Patrick,SF,MIL,137,158,Pop Out,Casey Schmitt pops out to shortstop David Hamilton.,Pop Out,,1,0,1,0,B,Ball,ball,False,B,FC,Cutter,Ball,89.0,81.8,3.2,1.61,6.23,0.42,14,2469,7.3,13.7,-20.8,1.0426,1.6612,-0.61,1.14,-1.73,7.3,-0.61,0.4,False,False,False,True,False,1.0426,1.6612,2,8,2,2,1,172,,,,,,,,,,,,,,False,N,1
823781,2026-06-01,MIL,SF,pitch,e37ec43d-4edb-3d79-936b-d301aae94c9d,5,42,0,1,669477,R,Casey Schmitt,694477,R,Chad Patrick,SF,MIL,137,158,Pop Out,Casey Schmitt pops out to shortstop David Hamilton.,Pop Out,"{""homeRunBallparks"": 0}",1,1,1,1,X,In Play,hit_into_play,False,X,FC,Cutter,"In play, out(s)",88.1,81.5,3.2,1.61,6.19,0.43,9,2467,4.3,11.3,-23.6,0.3484,1.7232,-0.36,0.94,-1.97,4.3,-0.36,0.4,True,True,False,True,False,0.3484,1.7232,3,9,3,2,1,173,77.2,192.0,0.04,0,-83.28,170.65,79.6,59.0,79.6,59.0,,,,True,N,1
823781,2026-06-01,MIL,SF,pitch,9ddbd17d-ba1d-3458-aab2-fa16a7675032,5,43,14,2,646240,L,Rafael Devers,694477,R,Chad Patrick,SF,MIL,137,158,Strikeout,Rafael Devers called out on strikes.,Strikeout,,0,0,0,0,B,Ball,ball,False,B,FC,Cutter,Ball,88.3,82.1,3.22,1.62,6.23,0.42,14,2456,0.7,10.3,-24.4,0.4473,0.8013,-0.06,0.86,-2.03,0.7,-0.06,0.4,False,False,False,False,False,0.4473,0.8013,1,10,4,3,1,174,,,,,,,,,,,,,,False,N,1
823781,2026-06-01,MIL,SF,pitch,bca0bdd3-947a-33f8-869c-82ab5f17b4b2,5,43,14,2,646240,L,Rafael Devers,694477,R,Chad Patrick,SF,MIL,137,158,Strikeout,Rafael Devers called out on strikes.,Strikeout,,0,1,0,1,S,Strike,called_strike,False,C,FF,4-Seam Fastball,Called Strike,94.7,86.9,3.22,1.62,6.05,0.4,1,2271,5.0,16.4,-13.9,-0.4443,2.9966,0.42,1.37,-1.16,0.42,0.42,0.37,True,True,False,False,False,-0.4443,2.9966,2,11,7,3,1,175,,,,,,,,,,,,,,False,N,1
823781,2026-06-01,MIL,SF,pitch,854402f8-3150-3b1c-bb02-663cb3929a64,5,43,14,2,646240,L,Rafael Devers,694477,R,Chad Patrick,SF,MIL,137,158,Strikeout,Rafael Devers called out on strikes.,Strikeout,,1,1,1,1,S,Strike,swinging_strike,True,S,FC,Cutter,Swinging Strike,88.6,82.0,3.22,1.62,6.17,0.42,4,2496,1.3,10.8,-23.6,-0.4407,2.7189,-0.11,0.9,-1.97,1.3,-0.11,0.4,True,True,False,False,False,-0.4407,2.7189,3,12,5,3,1,176,72.0,,,,,,,,,,,,,False,N,1
823781,2026-06-01,MIL,SF,pitch,16906861-bf57-336d-8a4a-b07c8506f163,5,43,14,2,646240,L,Rafael Devers,694477,R,Chad Patrick,SF,MIL,137,158,Strikeout,Rafael Devers called out on strikes.,Strikeout,,2,1,2,1,B,Ball,ball,False,B,FF,4-Seam Fastball,Ball,94.8,86.9,3.22,1.62,6.06,0.4,14,2409,6.7,16.6,-13.8,1.3124,2.3884,0.56,1.38,-1.15,0.56,0.56,0.37,False,False,False,False,False,1.3124,2.3884,4,13,8,3,1,177,,,,,,,,,,,,,,False,N,1
823781,2026-06-01,MIL,SF,pitch,63920324-0a70-3671-815f-2ffc8fa88121,5,43,14,2,646240,L,Rafael Devers,694477,R,Chad Patrick,SF,MIL,137,158,Strikeout,Rafael Devers called out on strikes.,Strikeout,,2,2,2,2,B,Ball,ball,False,B,FC,Cutter,Ball,88.9,82.4,3.22,1.62,6.12,0.42,11,2498,2.8,11.0,-23.0,-0.8402,2.5259,-0.23,0.92,-1.92,2.8,-0.23,0.39,False,False,False,False,False,-0.8402,2.5259,5,14,6,3,1,178,,,,,,,,,,,,,,False,N,1
823781,2026-06-01,MIL,SF,pitch,ff8ccde9-275f-3274-a353-c92a0d8f2abe,5,43,14,2,646240,L,Rafael Devers,694477,R,Chad Patrick,SF,MIL,137,158,Strikeout,Rafael Devers called out on strikes.,Strikeout,,2,3,2,3,S,Strike,called_strike,False,C,SI,Sinker,Called Strike,95.5,88.0,3.22,1.62,6.06,0.39,14,2127,12.6,7.6,-22.3,0.9359,1.9268,1.05,0.63,-1.86,1.05,1.05,0.37,False,False,False,False,False,0.9359,1.9268,6,15,1,3,1,179,,,,,,,,,,,,,,True,N,1
823781,2026-06-01,MIL,SF,pitch,53e6ba57-1fdb-31a6-bef2-bc1812a577aa,5,44,0,1,683734,R,Andrew Vaughn,678576,R,Wilkin Ramos,MIL,SF,158,137,Lineout,Andrew Vaughn lines out to first baseman Bryce Eldridge.,Lineout,,0,0,0,0,S,Strike,called_strike,False,C,SI,Sinker,Called Strike,94.5,87.0,3.13,1.58,7.57,0.4,5,2047,16.9,1.9,-28.7,0.1042,2.1908,1.41,0.16,-2.39,1.41,1.41,0.37,True,True,False,True,False,0.1042,2.1908,1,1,1,1,1,180,,,,,,,,,,,,,,False,N,1
823781,2026-06-01,MIL,SF,pitch,6eca3a28-ec38-3806-86ad-257171b4bdb4,5,44,0,1,683734,R,Andrew Vaughn,678576,R,Wilkin Ramos,MIL,SF,158,137,Lineout,Andrew Vaughn lines out to first baseman Bryce Eldridge.,Lineout,"{""homeRunBallparks"": 0}",1,0,1,0,X,In Play,hit_into_play,False,X,SI,Sinker,"In play, out(s)",94.6,86.9,3.13,1.58,7.29,0.4,1,2061,18.1,3.1,-27.4,-0.6978,3.129,1.51,0.26,-2.28,1.51,1.51,0.37,True,True,False,True,False,-0.6978,3.129,2,2,2,1,1,181,61.5,121.0,0.29,0,62.91,103.16,69.3,12.0,69.3,12.0,,,,True,N,1
823781,2026-06-01,MIL,SF,pitch,68316204-d54a-3970-9a5d-866eeb6405a5,5,45,34,1,686217,L,Sal Frelick,678576,R,Wilkin Ramos,MIL,SF,158,137,Double,Sal Frelick doubles (7) on a sharp line drive to right fielder Jung Hoo Lee.,Double,,0,0,0,0,B,Ball,ball,False,B,SI,Sinker,Ball,94.2,86.8,3.06,1.55,7.23,0.4,11,2092,17.4,6.2,-24.4,-1.1115,3.4035,1.45,0.52,-2.03,1.45,1.45,0.37,False,False,False,False,False,-1.1115,3.4035,1,3,3,2,1,182,,,,,,,,,,,,,,False,N,1
823781,2026-06-01,MIL,SF,pitch,f336c8fa-ac29-3a0d-945f-94f2deee5ed3,5,45,34,1,686217,L,Sal Frelick,678576,R,Wilkin Ramos,MIL,SF,158,137,Double,Sal Frelick doubles (7) on a sharp line drive to right fielder Jung Hoo Lee.,Double,,0,1,0,1,S,Strike,called_strike,False,C,SI,Sinker,Called Strike,93.0,86.0,3.06,1.55,7.37,0.4,4,2047,17.0,7.1,-24.4,-0.7468,2.0624,1.42,0.59,-2.03,1.42,1.42,0.38,True,True,False,False,False,-0.7468,2.0624,2,4,4,2,1,183,,,,,,,,,,,,,,False,N,1
823781,2026-06-01,MIL,SF,pitch,5a9dc75c-27c8-3309-9c11-80c8bb77e077,5,45,34,1,686217,L,Sal Frelick,678576,R,Wilkin Ramos,MIL,SF,158,137,Double,Sal Frelick doubles (7) on a sharp line drive to right fielder Jung Hoo Lee.,Double,,1,1,1,1,S,Strike,swinging_strike,True,S,CU,Curveball,Swinging Strike,76.3,71.0,3.06,1.55,7.57,0.49,14,1898,5.2,-12.4,-59.3,0.2261,0.5628,-0.43,-1.03,-4.94,5.2,-0.43,0.46,False,False,True,False,False,0.2261,0.5628,3,5,1,2,1,184,31.9,,,,,,,,,,,,,False,N,1
823781,2026-06-01,MIL,SF,pitch,70b610f5-ff12-3584-aa66-fc2aa7f32b89,5,45,34,1,686217,L,Sal Frelick,678576,R,Wilkin Ramos,MIL,SF,158,137,Double,Sal Frelick doubles (7) on a sharp line drive to right fielder Jung Hoo Lee.,Double,,2,1,2,1,B,Ball,ball,False,B,SI,Sinker,Ball,95.5,87.5,3.06,1.55,7.23,0.39,11,2254,18.4,7.3,-22.6,-0.3537,3.7985,1.53,0.61,-1.88,1.53,1.53,0.37,False,False,False,False,False,-0.3537,3.7985,4,6,5,2,1,185,,,,,,,,,,,,,,False,N,1
823781,2026-06-01,MIL,SF,pitch,d2eaf152-de62-3803-b1c9-f4028dd590a9,5,45,34,1,686217,L,Sal Frelick,678576,R,Wilkin Ramos,MIL,SF,158,137,Double,Sal Frelick doubles (7) on a sharp line drive to right fielder Jung Hoo Lee.,Double,,2,2,2,2,B,Ball,ball,False,B,SI,Sinker,Ball,96.1,88.3,3.06,1.55,7.4,0.39,11,2142,18.7,5.3,-24.2,-1.6064,3.1288,1.56,0.44,-2.02,1.56,1.56,0.37,False,False,False,False,False,-1.6064,3.1288,5,7,6,2,1,186,,,,,,,,,,,,,,False,N,1
823781,2026-06-01,MIL,SF,pitch,14309f3f-4366-3ba3-b6a2-0701019a0444,5,45,34,1,686217,L,Sal Frelick,678576,R,Wilkin Ramos,MIL,SF,158,137,Double,Sal Frelick doubles (7) on a sharp line drive to right fielder Jung Hoo Lee.,Double,"{""homeRunBallparks"": 0}",2,3,2,3,X,In Play,hit_into_play,False,D,CU,Curveball,"In play, no out",74.0,68.6,3.06,1.55,7.61,0.51,8,1800,6.7,-9.8,-59.8,0.2351,1.5279,-0.56,-0.82,-4.98,6.7,-0.56,0.48,True,True,False,False,False,0.2351,1.5279,6,8,2,2,1,187,71.0,268.0,0.59,0,185.36,244.75,101.4,16.0,101.4,16.0,,,,True,N,1
823781,2026-06-01,MIL,SF,pitch,7cb3e717-a78c-397b-90f7-8d0a8f8fd1ea,5,46,0,1,650859,L,Luis Rengifo,678576,R,Wilkin Ramos,MIL,SF,158,137,Groundout,"Luis Rengifo grounds out, shortstop Willy Adames to first baseman Bryce Eldridge. Sal Frelick to 3rd.",Groundout,,0,0,0,0,B,Ball,blocked_ball,False,*B,CU,Curveball,Ball In Dirt,74.9,69.7,3.09,1.56,7.3,0.5,13,1979,8.5,-12.4,-61.0,-0.3909,0.4659,-0.71,-1.03,-5.08,8.5,-0.71,0.47,False,False,False,True,False,-0.3909,0.4659,1,9,3,3,1,188,,,,,,,,,,,,True,,False,N,1
823781,2026-06-01,MIL,SF,pitch,fe356353-d2f3-3201-919f-996c0c95aac3,5,46,0,1,650859,L,Luis Rengifo,678576,R,Wilkin Ramos,MIL,SF,158,137,Groundout,"Luis Rengifo grounds out, shortstop Willy Adames to first baseman Bryce Eldridge. Sal Frelick to 3rd.",Groundout,,0,1,0,1,S,Strike,called_strike,False,C,SI,Sinker,Called Strike,94.4,86.6,3.09,1.56,7.6,0.4,6,2131,18.4,5.6,-25.1,0.632,2.47,1.53,0.47,-2.09,1.53,1.53,0.37,True,True,False,True,False,0.632,2.47,2,10,7,3,1,189,,,,,,,,,,,,True,,False,N,1
823781,2026-06-01,MIL,SF,pitch,9e458389-5c59-39a6-a92e-ca867936da53,5,46,0,1,650859,L,Luis Rengifo,678576,R,Wilkin Ramos,MIL,SF,158,137,Groundout,"Luis Rengifo grounds out, shortstop Willy Adames to first baseman Bryce Eldridge. Sal Frelick to 3rd.",Groundout,"{""homeRunBallparks"": 0}",1,1,1,1,X,In Play,hit_into_play,False,X,SI,Sinker,"In play, out(s)",95.0,87.0,3.09,1.56,7.67,0.4,5,2163,19.4,5.4,-25.0,-0.1098,2.5644,1.62,0.45,-2.08,1.62,1.62,0.37,True,True,False,True,False,-0.1098,2.5644,3,11,8,3,1,190,66.0,3.0,0.12,0,-21.36,114.88,98.5,-44.0,98.5,-44.0,,True,,True,N,1
823781,2026-06-01,MIL,SF,pitch,6c72ba4d-db3f-3ac5-8c51-9d5b165d399d,5,47,0,2,666152,L,David Hamilton,678576,R,Wilkin Ramos,MIL,SF,158,137,Flyout,David Hamilton flies out to left fielder Casey Schmitt.,Flyout,,0,0,0,0,S,Strike,called_strike,False,C,SI,Sinker,Called Strike,95.5,87.9,3.14,1.58,7.45,0.39,7,2160,19.0,5.4,-24.5,-0.6908,2.0319,1.58,0.45,-2.04,1.58,1.58,0.37,True,True,False,True,False,-0.6908,2.0319,1,12,9,4,1,191,40.2,,,,,,,,,,,,,False,N,1
823781,2026-06-01,MIL,SF,pitch,fcac5796-b9e2-3155-a1db-07a0b95a8a68,5,47,0,2,666152,L,David Hamilton,678576,R,Wilkin Ramos,MIL,SF,158,137,Flyout,David Hamilton flies out to left fielder Casey Schmitt.,Flyout,"{""homeRunBallparks"": 0}",1,0,1,0,X,In Play,hit_into_play,False,X,SI,Sinker,"In play, out(s)",93.8,86.2,3.14,1.58,7.47,0.4,4,2143,16.7,8.5,-22.6,-0.3049,2.3886,1.39,0.71,-1.88,1.39,1.39,0.38,True,True,False,True,False,-0.3049,2.3886,2,13,10,4,1,192,73.0,337.0,0.07,0,-176.92,285.53,95.1,38.0,95.1,38.0,,,,True,N,1
823781,2026-06-01,MIL,SF,pitch,04febad6-5c95-3246-b4ba-e2bc21f7a90a,6,48,33,0,650333,L,Luis Arraez,669084,L,DL Hall,SF,MIL,137,158,Single,Luis Arraez singles on a line drive to left fielder Jake Bauers.,Single,,0,0,0,0,S,Strike,called_strike,False,C,FF,4-Seam Fastball,Called Strike,95.1,87.5,3.12,1.58,6.98,0.4,5,2148,9.1,15.1,-15.1,-0.2393,2.4983,-0.76,1.26,-1.26,9.1,-0.76,0.37,True,True,False,False,False,-0.2393,2.4983,1,1,1,1,1,193,,,,,,,,,,,,,,False,N,1
823781,2026-06-01,MIL,SF,pitch,181da43f-6411-32b8-aada-300148f82480,6,48,33,0,650333,L,Luis Arraez,669084,L,DL Hall,SF,MIL,137,158,Single,Luis Arraez singles on a line drive to left fielder Jake Bauers.,Single,"{""homeRunBallparks"": 0}",1,0,1,0,X,In Play,hit_into_play,False,D,SI,Sinker,"In play, no out",96.4,88.3,3.12,1.58,6.96,0.39,2,2183,15.5,10.7,-18.7,0.1664,2.8986,-1.29,0.89,-1.56,15.5,-1.29,0.37,True,True,False,False,False,0.1664,2.8986,2,2,1,1,1,194,61.4,149.0,0.43,0,-172.53,171.11,86.4,9.0,86.4,9.0,,,,True,N,1
823781,2026-06-01,MIL,SF,pitch,f8b27ebb-1794-3c64-b5a6-a4131fa5ccbd,6,49,14,1,642715,R,Willy Adames,669084,L,DL Hall,SF,MIL,137,158,Strikeout,Willy Adames strikes out swinging.,Strikeout,,0,0,0,0,S,Strike,swinging_strike,True,S,SI,Sinker,Swinging Strike,95.9,88.0,3.22,1.63,6.83,0.39,6,2040,15.2,9.8,-19.9,0.4083,2.4394,-1.27,0.82,-1.66,15.2,-1.27,0.37,True,True,False,False,False,0.4083,2.4394,1,3,2,2,1,195,71.0,,,,,,,,,,,,,False,N,1
823781,2026-06-01,MIL,SF,pitch,7432793b-7e38-32a1-b155-80d9df3bf732,6,49,14,1,642715,R,Willy Adames,669084,L,DL Hall,SF,MIL,137,158,Strikeout,Willy Adames strikes out swinging.,Strikeout,,1,0,1,0,B,Ball,ball,False,B,CH,Changeup,Ball,85.3,78.0,3.22,1.63,6.87,0.44,12,2147,16.6,7.7,-30.0,2.0284,2.6899,-1.38,0.64,-2.5,16.6,-1.38,0.41,False,False,False,False,False,2.0284,2.6899,2,4,1,2,1,196,,,,,,,,,,,,,,False,N,1
823781,2026-06-01,MIL,SF,pitch,2342c8cc-ffdc-36da-93f7-5471f3264050,6,49,14,1,642715,R,Willy Adames,669084,L,DL Hall,SF,MIL,137,158,Strikeout,Willy Adames strikes out swinging.,Strikeout,,1,1,1,1,S,Strike,called_strike,False,C,SI,Sinker,Called Strike,95.0,86.7,3.22,1.63,6.87,0.4,5,2120,17.9,9.0,-21.5,-0.2606,2.2973,-1.49,0.75,-1.79,17.9,-1.49,0.37,True,True,False,False,False,-0.2606,2.2973,3,5,3,2,1,197,,,,,,,,,,,,,,False,N,1
823781,2026-06-01,MIL,SF,pitch,cf26b020-160f-3b81-8662-54ddae6d59f1,6,49,14,1,642715,R,Willy Adames,669084,L,DL Hall,SF,MIL,137,158,Strikeout,Willy Adames strikes out swinging.,Strikeout,,2,1,2,1,S,Strike,swinging_strike,True,S,CU,Curveball,Swinging Strike,83.2,76.9,3.22,1.63,6.85,0.45,13,2793,7.8,-13.1,-52.7,-0.2285,1.0501,0.65,-1.09,-4.39,0.65,0.65,0.43,False,False,False,False,False,-0.2285,1.0501,4,6,1,2,1,198,65.9,,,,,,,,,,,,,True,N,1
823781,2026-06-01,MIL,SF,pitch,ffe6fa48-0332-3dac-a2bb-3d678a06ec3b,6,50,0,1,808982,L,Jung Hoo Lee,669084,L,DL Hall,SF,MIL,137,158,Flyout,Jung Hoo Lee flies out to left fielder Jake Bauers.,Flyout,,0,0,0,0,B,Ball,ball,False,B,SI,Sinker,Ball,96.6,88.0,3.22,1.63,6.85,0.39,12,2274,16.9,10.8,-18.7,1.002,3.0985,-1.41,0.9,-1.56,16.9,-1.41,0.37,False,False,False,True,False,1.002,3.0985,1,7,4,3,1,199,,,,,,,,,,,,,,False,N,1
823781,2026-06-01,MIL,SF,pitch,31eb8f43-f2d0-3b83-93bb-52a8eb5d154b,6,50,0,1,808982,L,Jung Hoo Lee,669084,L,DL Hall,SF,MIL,137,158,Flyout,Jung Hoo Lee flies out to left fielder Jake Bauers.,Flyout,,0,1,0,1,S,Strike,called_strike,False,C,SI,Sinker,Called Strike,96.4,88.1,3.22,1.63,6.87,0.39,8,2201,17.3,9.8,-19.7,-0.0591,1.824,-1.44,0.82,-1.64,17.3,-1.44,0.37,True,True,False,True,False,-0.0591,1.824,2,8,5,3,1,200,,,,,,,,,,,,,,False,N,1
823781,2026-06-01,MIL,SF,pitch,ddc333ce-9198-3efc-87db-3656e996721e,6,50,0,1,808982,L,Jung Hoo Lee,669084,L,DL Hall,SF,MIL,137,158,Flyout,Jung Hoo Lee flies out to left fielder Jake Bauers.,Flyout,"{""homeRunBallparks"": 0}",1,1,1,1,X,In Play,hit_into_play,False,X,SL,Slider,"In play, out(s)",86.2,79.6,3.22,1.63,6.92,0.44,4,2404,5.4,0.2,-36.5,-0.4086,2.2122,0.45,0.02,-3.04,0.45,0.45,0.41,True,True,False,True,False,-0.4086,2.2122,3,9,1,3,1,201,66.5,252.0,0.01,0,-142.96,205.39,81.9,43.0,81.9,43.0,,,,True,N,1
823781,2026-06-01,MIL,SF,pitch,97ad7f03-4860-302c-b7cc-246e659e022c,6,51,0,2,656305,R,Matt Chapman,669084,L,DL Hall,SF,MIL,137,158,Walk,Matt Chapman walks. Luis Arraez to 2nd.,Walk,,0,0,0,0,S,Strike,called_strike,False,C,CU,Curveball,Called Strike,81.0,75.1,3.25,1.64,6.79,0.46,4,2562,8.6,-9.7,-51.2,-0.3267,2.4677,0.72,-0.81,-4.27,0.72,0.72,0.44,True,True,False,False,False,-0.3267,2.4677,1,10,2,4,1,202,,,,,,,,,,,True,,,False,N,1
823781,2026-06-01,MIL,SF,pitch,19b1a9f3-4d8f-3307-a2fb-609f68b153c1,6,51,0,2,656305,R,Matt Chapman,669084,L,DL Hall,SF,MIL,137,158,Walk,Matt Chapman walks. Luis Arraez to 2nd.,Walk,,1,0,1,0,B,Ball,ball,False,B,SI,Sinker,Ball,95.5,88.0,3.25,1.64,7.05,0.39,13,2057,16.7,7.0,-23.0,-0.2138,1.1238,-1.39,0.58,-1.92,16.7,-1.39,0.37,False,False,False,False,False,-0.2138,1.1238,2,11,6,4,1,203,,,,,,,,,,,True,,,False,N,1
823781,2026-06-01,MIL,SF,pitch,36d61b51-e1f0-3c07-b87e-d095eb29d073,6,51,0,2,656305,R,Matt Chapman,669084,L,DL Hall,SF,MIL,137,158,Walk,Matt Chapman walks. Luis Arraez to 2nd.,Walk,,1,1,1,1,S,Strike,foul,False,F,CH,Changeup,Foul,85.3,78.3,3.25,1.64,6.97,0.44,6,2037,12.4,8.8,-28.8,0.7579,2.2189,-1.03,0.73,-2.4,12.4,-1.03,0.41,True,True,False,False,False,0.7579,2.2189,3,12,2,4,1,204,76.5,,,,,,,,,,True,,,False,N,1
823781,2026-06-01,MIL,SF,pitch,4e9ce3c0-bbad-388d-9c32-44ebb996dd7b,6,51,0,2,656305,R,Matt Chapman,669084,L,DL Hall,SF,MIL,137,158,Walk,Matt Chapman walks. Luis Arraez to 2nd.,Walk,,2,1,2,1,S,Strike,foul,False,F,FF,4-Seam Fastball,Foul,95.3,87.8,3.25,1.64,7.02,0.39,11,2206,5.2,13.8,-16.2,-0.8753,2.9701,-0.43,1.15,-1.35,5.2,-0.43,0.37,False,False,False,False,False,-0.8753,2.9701,4,13,2,4,1,205,65.2,,,,,,,,,,True,,,False,N,1
823781,2026-06-01,MIL,SF,pitch,d13eaf13-179d-3712-a67c-05ebfa523866,6,51,0,2,656305,R,Matt Chapman,669084,L,DL Hall,SF,MIL,137,158,Walk,Matt Chapman walks. Luis Arraez to 2nd.,Walk,,2,1,2,1,B,Ball,blocked_ball,False,*B,CU,Curveball,Ball In Dirt,83.5,77.5,3.25,1.64,7.02,0.45,13,2877,11.2,-12.8,-52.1,-0.3616,0.5641,0.93,-1.07,-4.34,0.93,0.93,0.42,False,False,False,False,False,-0.3616,0.5641,5,14,3,4,1,206,,,,,,,,,,,True,,,False,N,1
823781,2026-06-01,MIL,SF,pitch,02eabba7-dd8f-3291-94c2-489a66e8c7b1,6,51,0,2,656305,R,Matt Chapman,669084,L,DL Hall,SF,MIL,137,158,Walk,Matt Chapman walks. Luis Arraez to 2nd.,Walk,,2,2,2,2,B,Ball,blocked_ball,False,*B,CH,Changeup,Ball In Dirt,86.9,79.8,3.25,1.64,6.98,0.43,13,2260,16.8,9.5,-27.0,-1.0589,0.5522,-1.4,0.79,-2.25,16.8,-1.4,0.41,False,False,False,False,False,-1.0589,0.5522,6,15,3,4,1,207,,,,,,,,,,,True,,,False,N,1
823781,2026-06-01,MIL,SF,pitch,2b5a5117-7a9d-3423-be1f-9401e74079bb,6,51,0,2,656305,R,Matt Chapman,669084,L,DL Hall,SF,MIL,137,158,Walk,Matt Chapman walks. Luis Arraez to 2nd.,Walk,,2,3,2,3,B,Ball,blocked_ball,False,*B,SL,Slider,Ball In Dirt,85.4,79.3,3.25,1.64,6.92,0.44,13,2555,6.7,-4.4,-41.9,-0.495,0.8874,0.56,-0.37,-3.49,0.56,0.56,0.41,False,False,False,False,False,-0.495,0.8874,7,16,2,4,1,208,,,,,,,,,,,True,,,True,N,1
823781,2026-06-01,MIL,SF,pitch,ed5c48ad-db56-3c33-b35e-119613d787a4,6,52,14,2,805811,L,Bryce Eldridge,669084,L,DL Hall,SF,MIL,137,158,Strikeout,Bryce Eldridge strikes out swinging.,Strikeout,,0,0,0,0,B,Ball,ball,False,B,SI,Sinker,Ball,96.3,88.8,3.54,1.79,7.18,0.39,13,2282,13.4,9.0,-20.5,-1.5149,2.0732,-1.12,0.75,-1.71,13.4,-1.12,0.37,False,False,False,False,False,-1.5149,2.0732,1,17,7,5,1,209,,,,,,,,,,,,,,False,N,1
823781,2026-06-01,MIL,SF,pitch,ca7a0f2f-6630-3c53-baf4-49400784305c,6,52,14,2,805811,L,Bryce Eldridge,669084,L,DL Hall,SF,MIL,137,158,Strikeout,Bryce Eldridge strikes out swinging.,Strikeout,,0,1,0,1,S,Strike,swinging_strike,True,S,ST,Sweeper,Swinging Strike,86.7,80.6,3.54,1.79,7.02,0.43,13,2622,11.5,0.5,-35.9,-1.7122,0.8629,0.96,0.04,-2.99,0.96,0.96,0.41,False,False,False,False,False,-1.7122,0.8629,2,18,1,5,1,210,28.2,,,,,,,,,,,,,False,N,1
823781,2026-06-01,MIL,SF,pitch,8acb9a00-afef-3b99-929e-244a51e7d8b8,6,52,14,2,805811,L,Bryce Eldridge,669084,L,DL Hall,SF,MIL,137,158,Strikeout,Bryce Eldridge strikes out swinging.,Strikeout,,1,1,1,1,S,Strike,called_strike,False,C,SI,Sinker,Called Strike,95.9,88.0,3.54,1.79,6.96,0.39,5,2385,15.7,9.0,-20.6,-0.0769,2.6116,-1.31,0.75,-1.72,15.7,-1.31,0.37,True,True,False,False,False,-0.0769,2.6116,3,19,8,5,1,211,,,,,,,,,,,,,,False,N,1
823781,2026-06-01,MIL,SF,pitch,4248af69-595c-3bdb-9cb5-4db5b55094c2,6,52,14,2,805811,L,Bryce Eldridge,669084,L,DL Hall,SF,MIL,137,158,Strikeout,Bryce Eldridge strikes out swinging.,Strikeout,,2,1,2,1,S,Strike,swinging_strike,True,S,SL,Slider,Swinging Strike,85.4,78.9,3.54,1.79,6.83,0.44,11,2716,10.9,-1.2,-38.6,-1.0924,2.8477,0.91,-0.1,-3.22,0.91,0.91,0.41,False,False,False,False,False,-1.0924,2.8477,4,20,3,5,1,212,72.1,,,,,,,,,,,,,True,N,1
823781,2026-06-01,MIL,SF,pitch,2f3f274b-abf9-31a1-94f5-eab961a8e843,6,53,14,1,592885,L,Christian Yelich,678576,R,Wilkin Ramos,MIL,SF,158,137,Strikeout,Christian Yelich strikes out swinging.,Strikeout,,0,0,0,0,S,Strike,called_strike,False,C,SI,Sinker,Called Strike,94.8,87.0,3.37,1.7,7.36,0.4,9,2126,20.2,3.4,-27.1,0.3788,1.639,1.68,0.28,-2.26,1.68,1.68,0.37,True,True,False,False,False,0.3788,1.639,1,14,11,5,1,213,,,,,,,,,,,,,,False,N,1
823781,2026-06-01,MIL,SF,pitch,36d93205-86d9-3ec7-ab9c-55f2a11fcc93,6,53,14,1,592885,L,Christian Yelich,678576,R,Wilkin Ramos,MIL,SF,158,137,Strikeout,Christian Yelich strikes out swinging.,Strikeout,,1,0,1,0,B,Ball,ball,False,B,SI,Sinker,Ball,94.7,87.0,3.37,1.7,7.03,0.4,13,2110,19.8,4.2,-26.3,-0.9581,1.3984,1.65,0.35,-2.19,1.65,1.65,0.37,False,False,False,False,False,-0.9581,1.3984,2,15,12,5,1,214,,,,,,,,,,,,,,False,N,1
823781,2026-06-01,MIL,SF,pitch,f975a583-ccf4-3e12-959f-6eb6dc59852e,6,53,14,1,592885,L,Christian Yelich,678576,R,Wilkin Ramos,MIL,SF,158,137,Strikeout,Christian Yelich strikes out swinging.,Strikeout,,1,1,1,1,B,Ball,ball,False,B,SI,Sinker,Ball,93.4,85.8,3.37,1.7,7.52,0.4,13,2130,18.0,3.7,-27.7,-0.2574,1.3388,1.5,0.31,-2.31,1.5,1.5,0.38,False,False,False,False,False,-0.2574,1.3388,3,16,13,5,1,215,,,,,,,,,,,,,,False,N,1
823781,2026-06-01,MIL,SF,pitch,fc01ad04-9ae1-3467-b643-ef96df2544f2,6,53,14,1,592885,L,Christian Yelich,678576,R,Wilkin Ramos,MIL,SF,158,137,Strikeout,Christian Yelich strikes out swinging.,Strikeout,,1,2,1,2,B,Ball,ball,False,B,SI,Sinker,Ball,96.2,88.3,3.37,1.7,7.48,0.39,14,2218,18.2,4.6,-25.3,1.3422,-0.2455,1.52,0.38,-2.11,1.52,1.52,0.37,False,False,False,False,False,1.3422,-0.2455,4,17,14,5,1,216,,,,,,,,,,,,,,False,N,1
823781,2026-06-01,MIL,SF,pitch,a46327a8-6523-3ada-a6ea-59cd67a46be0,6,53,14,1,592885,L,Christian Yelich,678576,R,Wilkin Ramos,MIL,SF,158,137,Strikeout,Christian Yelich strikes out swinging.,Strikeout,,1,3,1,3,S,Strike,swinging_strike,True,S,FF,4-Seam Fastball,Swinging Strike,95.7,87.8,3.37,1.7,7.51,0.39,5,2214,14.9,11.4,-18.4,-0.0766,2.2315,1.24,0.95,-1.53,1.24,1.24,0.37,True,True,False,False,False,-0.0766,2.2315,5,18,1,5,1,217,78.1,,,,,,,,,,,,,False,N,1
823781,2026-06-01,MIL,SF,pitch,03390390-9117-311d-9458-f198cc8af4d8,6,53,14,1,592885,L,Christian Yelich,678576,R,Wilkin Ramos,MIL,SF,158,137,Strikeout,Christian Yelich strikes out swinging.,Strikeout,,2,3,2,3,S,Strike,swinging_strike,True,S,FF,4-Seam Fastball,Swinging Strike,96.3,87.8,3.37,1.7,7.53,0.39,3,2215,14.9,11.9,-17.8,0.3544,3.4003,1.24,0.99,-1.48,1.24,1.24,0.37,True,True,False,False,False,0.3544,3.4003,6,19,2,5,1,218,68.3,,,,,,,,,,,,,True,N,1
823781,2026-06-01,MIL,SF,pitch,4cd0a8ce-667e-3ec3-ac6b-b8a8d7229294,6,54,0,1,694192,R,Jackson Chourio,678576,R,Wilkin Ramos,MIL,SF,158,137,Groundout,"Jackson Chourio grounds out, second baseman Luis Arraez to first baseman Bryce Eldridge.",Groundout,,0,0,0,0,S,Strike,called_strike,False,C,SI,Sinker,Called Strike,97.5,89.3,3.24,1.63,7.31,0.39,1,2099,18.4,0.2,-28.6,-0.7269,2.9803,1.53,0.02,-2.38,1.53,1.53,0.36,True,True,False,True,False,-0.7269,2.9803,1,20,15,6,1,219,,,,,,,,,,,,,,False,N,1
823781,2026-06-01,MIL,SF,pitch,29766c96-2b94-364c-ac1c-ecaeba9b1a2d,6,54,0,1,694192,R,Jackson Chourio,678576,R,Wilkin Ramos,MIL,SF,158,137,Groundout,"Jackson Chourio grounds out, second baseman Luis Arraez to first baseman Bryce Eldridge.",Groundout,,1,0,1,0,S,Strike,swinging_strike,True,S,FC,Cutter,Swinging Strike,91.5,84.6,3.24,1.63,7.19,0.41,13,2117,12.0,7.8,-24.5,-1.805,2.3079,1.0,0.65,-2.04,1.0,1.0,0.38,False,False,True,True,False,-1.805,2.3079,2,21,1,6,1,220,33.8,,,,,,,,,,,,,False,N,1
823781,2026-06-01,MIL,SF,pitch,f4d51fdf-3403-3c04-94b3-556e4d39dcb2,6,54,0,1,694192,R,Jackson Chourio,678576,R,Wilkin Ramos,MIL,SF,158,137,Groundout,"Jackson Chourio grounds out, second baseman Luis Arraez to first baseman Bryce Eldridge.",Groundout,"{""homeRunBallparks"": 0}",2,0,2,0,X,In Play,hit_into_play,False,X,CU,Curveball,"In play, out(s)",76.9,71.4,3.24,1.63,7.84,0.49,9,1886,10.2,-9.8,-55.9,0.7656,2.0501,-0.85,-0.82,-4.66,10.2,-0.85,0.46,True,True,False,True,False,0.7656,2.0501,3,22,4,6,1,221,66.4,147.0,0.49,0,0.02,145.15,68.0,17.0,68.0,17.0,,,,True,N,1
823781,2026-06-01,MIL,SF,pitch,38b4c59b-99d5-3aa6-b561-6b43038a7f82,6,55,0,2,668930,L,Brice Turang,678576,R,Wilkin Ramos,MIL,SF,158,137,Walk,Brice Turang walks.,Walk,,0,0,0,0,B,Ball,ball,False,B,SI,Sinker,Ball,94.8,87.3,3.21,1.62,7.57,0.4,13,2080,18.8,2.4,-28.1,-0.2321,0.9366,1.57,0.2,-2.34,1.57,1.57,0.37,False,False,False,False,False,-0.2321,0.9366,1,23,16,7,1,222,,,,,,,,,,,,,,False,N,1
823781,2026-06-01,MIL,SF,pitch,d654404f-4838-3e29-bea0-5fe4fcb3f1f5,6,55,0,2,668930,L,Brice Turang,678576,R,Wilkin Ramos,MIL,SF,158,137,Walk,Brice Turang walks.,Walk,,0,1,0,1,B,Ball,ball,False,B,SI,Sinker,Ball,95.2,87.3,3.21,1.62,7.25,0.39,11,2238,18.1,2.5,-27.6,-1.6935,3.1351,1.51,0.21,-2.3,1.51,1.51,0.37,False,False,False,False,False,-1.6935,3.1351,2,24,17,7,1,223,,,,,,,,,,,,,,False,N,1
823781,2026-06-01,MIL,SF,pitch,046ef80c-a094-3123-8e96-7fa2eeb4567e,6,55,0,2,668930,L,Brice Turang,678576,R,Wilkin Ramos,MIL,SF,158,137,Walk,Brice Turang walks.,Walk,,0,2,0,2,B,Ball,ball,False,B,FF,4-Seam Fastball,Ball,95.3,88.0,3.21,1.62,7.65,0.39,14,2215,12.6,12.5,-17.5,0.6909,0.7353,1.05,1.04,-1.46,1.05,1.05,0.37,False,False,False,False,False,0.6909,0.7353,3,25,3,7,1,224,,,,,,,,,,,,,,False,N,1
823781,2026-06-01,MIL,SF,pitch,149449b1-5f98-3fff-b073-fd45bcc5b8a4,6,55,0,2,668930,L,Brice Turang,678576,R,Wilkin Ramos,MIL,SF,158,137,Walk,Brice Turang walks.,Walk,,0,3,0,3,B,Ball,ball,False,B,FF,4-Seam Fastball,Ball,96.4,88.6,3.21,1.62,7.52,0.39,12,2262,16.2,9.7,-19.6,0.9444,2.5329,1.35,0.81,-1.63,1.35,1.35,0.37,False,False,False,False,False,0.9444,2.5329,4,26,4,7,1,225,,,,,,,,,,,,,,True,N,1
823781,2026-06-01,MIL,SF,pitch,aab76f17-79f8-3a44-bcc7-c1ffd19bda15,6,56,33,2,661388,R,William Contreras,678576,R,Wilkin Ramos,MIL,SF,158,137,Single,William Contreras singles on a fly ball to center fielder Drew Gilbert. Brice Turang to 3rd.,Single,,0,0,0,0,S,Strike,swinging_strike_blocked,True,W,CU,Curveball,Swinging Strike,70.8,65.9,3.13,1.58,7.9,0.53,13,2198,9.6,-13.4,-68.0,-0.4567,0.4832,-0.8,-1.12,-5.67,9.6,-0.8,0.5,False,False,False,False,False,-0.4567,0.4832,1,27,5,8,1,226,72.7,,,,,,,,,,True,True,,False,N,1
823781,2026-06-01,MIL,SF,pitch,3648045b-0081-3dc0-ab28-7bf5ee065cf1,6,56,33,2,661388,R,William Contreras,678576,R,Wilkin Ramos,MIL,SF,158,137,Single,William Contreras singles on a fly ball to center fielder Drew Gilbert. Brice Turang to 3rd.,Single,"{""homeRunBallparks"": 0}",1,0,1,0,X,In Play,hit_into_play,False,D,SI,Sinker,"In play, no out",93.7,86.3,3.13,1.58,7.5,0.4,1,2110,16.9,7.6,-23.4,-0.7916,2.8,1.41,0.63,-1.95,1.41,1.41,0.38,True,True,False,False,False,-0.7916,2.8,2,28,18,8,1,227,71.3,235.0,0.96,0,-37.0,254.39,70.6,27.0,70.6,27.0,True,True,,True,N,1
823781,2026-06-01,MIL,SF,pitch,e1d475ca-5e2b-3483-bcb5-f4fcda614aaf,6,57,0,2,641343,L,Jake Bauers,678576,R,Wilkin Ramos,MIL,SF,158,137,Walk,Jake Bauers walks. William Contreras to 2nd.,Walk,,0,0,0,0,B,Ball,blocked_ball,False,*B,CU,Curveball,Ball In Dirt,75.1,69.5,3.22,1.62,7.83,0.5,13,1877,9.2,-7.6,-56.0,-0.1961,0.6755,-0.77,-0.63,-4.67,9.2,-0.77,0.47,False,False,False,False,False,-0.1961,0.6755,1,29,6,9,1,228,,,,,,,,,,,True,,,False,N,1
823781,2026-06-01,MIL,SF,pitch,b6c4a8b5-a916-3556-bca8-4abd8b5d964d,6,57,0,2,641343,L,Jake Bauers,678576,R,Wilkin Ramos,MIL,SF,158,137,Walk,Jake Bauers walks. William Contreras to 2nd.,Walk,,0,1,0,1,B,Ball,ball,False,B,SI,Sinker,Ball,93.2,86.2,3.22,1.62,7.67,0.4,14,2121,18.5,4.7,-26.6,0.4328,1.4636,1.54,0.39,-2.22,1.54,1.54,0.38,False,False,False,False,False,0.4328,1.4636,2,30,19,9,1,229,,,,,,,,,,,True,,,False,N,1
823781,2026-06-01,MIL,SF,pitch,bef73923-596e-3639-bcff-e33c33599913,6,57,0,2,641343,L,Jake Bauers,678576,R,Wilkin Ramos,MIL,SF,158,137,Walk,Jake Bauers walks. William Contreras to 2nd.,Walk,,0,2,0,2,B,Ball,ball,False,B,SI,Sinker,Ball,95.4,87.5,3.22,1.62,7.6,0.39,11,2216,20.8,0.1,-30.0,-0.9861,2.5894,1.73,0.01,-2.5,1.73,1.73,0.37,False,False,False,False,False,-0.9861,2.5894,3,31,20,9,1,230,,,,,,,,,,,True,,,False,N,1
823781,2026-06-01,MIL,SF,pitch,c9271c9a-d7e7-3558-998c-5b0948675701,6,57,0,2,641343,L,Jake Bauers,678576,R,Wilkin Ramos,MIL,SF,158,137,Walk,Jake Bauers walks. William Contreras to 2nd.,Walk,,0,3,0,3,S,Strike,called_strike,False,C,SI,Sinker,Called Strike,95.0,87.4,3.22,1.62,7.6,0.4,1,2215,18.5,4.1,-26.2,-0.659,2.7609,1.54,0.34,-2.18,1.54,1.54,0.37,True,True,False,False,False,-0.659,2.7609,4,32,21,9,1,231,,,,,,,,,,,True,,,False,N,1
823781,2026-06-01,MIL,SF,pitch,f809fe5b-7f2e-32f7-ba8a-9f11a1331ea6,6,57,0,2,641343,L,Jake Bauers,678576,R,Wilkin Ramos,MIL,SF,158,137,Walk,Jake Bauers walks. William Contreras to 2nd.,Walk,,1,3,1,3,B,Ball,ball,False,B,SI,Sinker,Ball,93.9,86.3,3.22,1.62,7.56,0.4,13,2199,19.6,1.8,-29.2,-1.7962,2.2189,1.63,0.15,-2.43,1.63,1.63,0.38,False,False,False,False,False,-1.7962,2.2189,5,33,22,9,1,232,,,,,,,,,,,True,,,True,N,1
823781,2026-06-01,MIL,SF,pitch,24f96b2a-ecf6-3f6b-860a-799049390cfa,6,58,33,2,683734,R,Andrew Vaughn,678576,R,Wilkin Ramos,MIL,SF,158,137,Single,"Andrew Vaughn singles on a ground ball to right fielder Jung Hoo Lee. Brice Turang scores. William Contreras scores. Jake Bauers to 3rd. Andrew Vaughn to 2nd. Andrew Vaughn advances to 2nd, on a fielding error by right fielder Jung Hoo Lee.",Single,,0,0,0,0,B,Ball,ball,False,B,SI,Sinker,Ball,96.4,88.7,3.13,1.58,7.7,0.39,14,2300,19.1,4.2,-25.3,1.1465,1.1502,1.59,0.35,-2.11,1.59,1.59,0.37,False,False,False,False,False,1.1465,1.1502,1,34,23,10,2,233,,,,,,,,,,,True,True,True,False,N,1
823781,2026-06-01,MIL,SF,pitch,69dafb97-da02-3cb8-98e0-074bde8544f9,6,58,33,2,683734,R,Andrew Vaughn,678576,R,Wilkin Ramos,MIL,SF,158,137,Single,"Andrew Vaughn singles on a ground ball to right fielder Jung Hoo Lee. Brice Turang scores. William Contreras scores. Jake Bauers to 3rd. Andrew Vaughn to 2nd. Andrew Vaughn advances to 2nd, on a fielding error by right fielder Jung Hoo Lee.",Single,,0,1,0,1,S,Strike,foul,False,F,SI,Sinker,Foul,94.8,87.1,3.13,1.58,7.51,0.4,7,2139,20.0,-2.8,-33.2,-0.4871,1.6431,1.67,-0.23,-2.77,1.67,1.67,0.37,True,True,False,False,False,-0.4871,1.6431,2,35,24,10,2,234,73.8,,,,,,,,,,True,True,True,False,N,1
823781,2026-06-01,MIL,SF,pitch,14d72933-169e-37dc-9305-4a45cb87b8fc,6,58,33,2,683734,R,Andrew Vaughn,678576,R,Wilkin Ramos,MIL,SF,158,137,Single,"Andrew Vaughn singles on a ground ball to right fielder Jung Hoo Lee. Brice Turang scores. William Contreras scores. Jake Bauers to 3rd. Andrew Vaughn to 2nd. Andrew Vaughn advances to 2nd, on a fielding error by right fielder Jung Hoo Lee.",Single,"{""homeRunBallparks"": 0}",1,1,1,1,X,In Play,hit_into_play,False,E,SI,Sinker,"In play, run(s)",94.2,86.3,3.13,1.58,7.74,0.4,8,2152,18.8,4.4,-26.4,-0.2393,1.8048,1.57,0.37,-2.2,1.57,1.57,0.38,True,True,False,False,False,-0.2393,1.8048,3,36,25,10,2,235,71.0,34.0,0.34,0,123.99,251.69,100.5,-1.0,100.5,-1.0,True,True,True,True,N,1
823781,2026-06-01,MIL,SF,pitch,ca909652-7ce3-334b-989b-36aa81dd54b5,6,59,0,2,686217,L,Sal Frelick,678576,R,Wilkin Ramos,MIL,SF,158,137,Lineout,Sal Frelick lines out to left fielder Casey Schmitt.,Lineout,,0,0,0,0,S,Strike,called_strike,False,C,SI,Sinker,Called Strike,96.2,88.3,3.06,1.55,7.65,0.39,3,2211,18.8,1.6,-28.0,0.3705,2.981,1.57,0.13,-2.33,1.57,1.57,0.37,True,True,False,True,False,0.3705,2.981,1,37,26,11,2,236,,,,,,,,,,,,,,False,N,1
823781,2026-06-01,MIL,SF,pitch,a11fd0e3-dc8f-37ab-afd7-9e2d6400329c,6,59,0,2,686217,L,Sal Frelick,678576,R,Wilkin Ramos,MIL,SF,158,137,Lineout,Sal Frelick lines out to left fielder Casey Schmitt.,Lineout,,1,0,1,0,S,Strike,foul,False,F,CU,Curveball,Foul,76.7,71.0,3.06,1.55,7.52,0.49,8,2054,10.4,-9.8,-56.3,0.0367,1.8459,-0.87,-0.82,-4.69,10.4,-0.87,0.46,True,True,False,True,False,0.0367,1.8459,2,38,7,11,2,237,72.5,,,,,,,,,,,,,False,N,1
823781,2026-06-01,MIL,SF,pitch,c153fa27-1748-3cd7-bb56-02721c00d9ac,6,59,0,2,686217,L,Sal Frelick,678576,R,Wilkin Ramos,MIL,SF,158,137,Lineout,Sal Frelick lines out to left fielder Casey Schmitt.,Lineout,,2,0,2,0,S,Strike,foul,False,F,FF,4-Seam Fastball,Foul,95.8,87.3,3.06,1.55,7.36,0.39,1,2272,14.9,8.9,-21.1,-0.6669,2.8153,1.24,0.74,-1.76,1.24,1.24,0.37,True,True,False,True,False,-0.6669,2.8153,3,39,5,11,2,238,64.9,,,,,,,,,,,,,False,N,1
823781,2026-06-01,MIL,SF,pitch,5a250dbf-592b-3fde-a3f0-a4bca092c9f6,6,59,0,2,686217,L,Sal Frelick,678576,R,Wilkin Ramos,MIL,SF,158,137,Lineout,Sal Frelick lines out to left fielder Casey Schmitt.,Lineout,"{""homeRunBallparks"": 0}",2,0,2,0,X,In Play,hit_into_play,False,X,FF,4-Seam Fastball,"In play, out(s)",94.7,86.8,3.06,1.55,7.68,0.4,1,2226,14.3,10.4,-20.0,-0.4898,2.6359,1.19,0.87,-1.67,1.19,1.19,0.37,True,True,False,True,False,-0.4898,2.6359,4,40,6,11,2,239,64.0,268.0,0.87,0,-111.45,242.63,94.6,15.0,94.6,15.0,,,,True,N,1
823781,2026-06-01,MIL,SF,pitch,1af5bed5-9628-33ca-a76c-d65c35b633ff,7,60,0,0,606992,R,Eric Haase,669084,L,DL Hall,SF,MIL,137,158,Walk,Eric Haase walks.,Walk,,0,0,0,0,B,Ball,ball,False,B,SI,Sinker,Ball,94.9,86.8,3.1,1.57,7.02,0.4,3,2287,16.2,11.3,-19.1,0.6157,3.1839,-1.35,0.94,-1.59,16.2,-1.35,0.37,True,True,False,False,False,0.6157,3.1839,1,21,9,6,1,240,,,,,,,,,,,,,,False,N,1
823781,2026-06-01,MIL,SF,pitch,f28817ad-aa75-3e60-a2fd-66d7a44a17cf,7,60,0,0,606992,R,Eric Haase,669084,L,DL Hall,SF,MIL,137,158,Walk,Eric Haase walks.,Walk,,0,1,0,1,B,Ball,ball,False,B,SI,Sinker,Ball,95.2,87.4,3.1,1.57,7.02,0.4,13,2186,15.6,10.4,-19.9,-1.6618,1.3126,-1.3,0.87,-1.66,15.6,-1.3,0.37,False,False,False,False,False,-1.6618,1.3126,2,22,10,6,1,241,,,,,,,,,,,,,,False,N,1
823781,2026-06-01,MIL,SF,pitch,2b92fb28-1ac8-369c-9d99-ba8fd6510971,7,60,0,0,606992,R,Eric Haase,669084,L,DL Hall,SF,MIL,137,158,Walk,Eric Haase walks.,Walk,,0,2,0,2,B,Ball,ball,False,B,SI,Sinker,Ball,95.2,87.6,3.1,1.57,7.05,0.4,13,2241,15.4,10.0,-20.2,-1.3126,2.0699,-1.28,0.83,-1.68,15.4,-1.28,0.37,False,False,False,False,False,-1.3126,2.0699,3,23,11,6,1,242,,,,,,,,,,,,,,False,N,1
823781,2026-06-01,MIL,SF,pitch,18c2bacc-4db7-3eb3-8754-963129dd70f0,7,60,0,0,606992,R,Eric Haase,669084,L,DL Hall,SF,MIL,137,158,Walk,Eric Haase walks.,Walk,,0,3,0,3,B,Ball,ball,False,B,FF,4-Seam Fastball,Ball,94.2,86.1,3.1,1.57,6.84,0.4,12,2192,9.4,16.3,-14.5,0.0405,4.1683,-0.78,1.36,-1.21,9.4,-0.78,0.38,False,False,False,False,False,0.0405,4.1683,4,24,3,6,1,243,,,,,,,,,,,,,,True,N,1
823781,2026-06-01,MIL,SF,pitch,31e80e98-19a3-3348-86f2-2524fb68a818,7,61,0,1,687551,L,Drew Gilbert,669084,L,DL Hall,SF,MIL,137,158,Groundout,"Drew Gilbert grounds out, shortstop Joey Ortiz to first baseman Jake Bauers. Eric Haase to 2nd.",Groundout,,0,0,0,0,S,Strike,called_strike,False,C,SI,Sinker,Called Strike,95.5,87.5,3.06,1.54,6.93,0.39,2,2139,15.7,10.1,-19.9,0.2375,2.6,-1.31,0.84,-1.66,15.7,-1.31,0.37,True,True,False,True,False,0.2375,2.6,1,25,12,7,1,244,,,,,,,,,,,True,,,False,N,1
823781,2026-06-01,MIL,SF,pitch,a1c36ce2-c6c6-362f-ad82-55286f5285ec,7,61,0,1,687551,L,Drew Gilbert,669084,L,DL Hall,SF,MIL,137,158,Groundout,"Drew Gilbert grounds out, shortstop Joey Ortiz to first baseman Jake Bauers. Eric Haase to 2nd.",Groundout,"{""homeRunBallparks"": 0}",1,0,1,0,X,In Play,hit_into_play,False,X,SI,Sinker,"In play, out(s)",95.9,87.7,3.06,1.54,6.98,0.39,6,2191,16.0,9.6,-20.2,0.3581,2.3634,-1.33,0.8,-1.68,16.0,-1.33,0.37,True,True,False,True,False,0.3581,2.3634,2,26,13,7,1,245,71.2,49.0,0.27,,-28.68,138.09,91.1,,91.1,,True,,,True,N,1
823781,2026-06-01,MIL,SF,pitch,f07e2ab4-c5f3-339a-a14d-c4a3f8ed77d7,7,62,0,1,669477,R,Casey Schmitt,669084,L,DL Hall,SF,MIL,137,158,Pop Out,Casey Schmitt pops out to second baseman David Hamilton.,Pop Out,,0,0,0,0,S,Strike,foul,False,F,SI,Sinker,Foul,95.9,88.0,3.2,1.61,6.95,0.39,5,2235,16.3,9.6,-20.2,-0.0779,2.4847,-1.36,0.8,-1.68,16.3,-1.36,0.37,True,True,False,True,False,-0.0779,2.4847,1,27,14,8,1,246,69.6,,,,,,,,,,,,,False,N,1
823781,2026-06-01,MIL,SF,pitch,3e3e41d7-b172-34f9-b6c7-593c14855086,7,62,0,1,669477,R,Casey Schmitt,669084,L,DL Hall,SF,MIL,137,158,Pop Out,Casey Schmitt pops out to second baseman David Hamilton.,Pop Out,"{""homeRunBallparks"": 0}",1,0,1,0,X,In Play,hit_into_play,False,X,CU,Curveball,"In play, out(s)",80.2,74.5,3.2,1.61,6.86,0.47,9,2871,13.1,-10.3,-52.7,0.7314,1.6908,1.09,-0.86,-4.39,1.09,1.09,0.44,True,True,False,True,False,0.7314,1.6908,2,28,4,8,1,247,68.1,229.0,0.72,0,29.94,225.87,68.7,37.0,68.7,37.0,,,,True,N,1
823781,2026-06-01,MIL,SF,pitch,6f3dd5d4-f94c-3ab7-aa09-1716c1a050da,7,63,0,2,646240,L,Rafael Devers,669084,L,DL Hall,SF,MIL,137,158,Walk,Rafael Devers walks.,Walk,,0,0,0,0,S,Strike,swinging_strike,True,S,FF,4-Seam Fastball,Swinging Strike,94.7,87.1,3.22,1.62,7.05,0.4,5,2277,8.3,14.4,-16.0,-0.0197,2.4097,-0.69,1.2,-1.33,8.3,-0.69,0.37,True,True,False,False,False,-0.0197,2.4097,1,29,4,9,1,248,72.5,,,,,,,,,,,,,False,N,1
823781,2026-06-01,MIL,SF,pitch,0b124383-e7a1-3e81-9bdd-733fe89a45b8,7,63,0,2,646240,L,Rafael Devers,669084,L,DL Hall,SF,MIL,137,158,Walk,Rafael Devers walks.,Walk,,1,0,1,0,S,Strike,called_strike,False,C,SI,Sinker,Called Strike,95.7,87.7,3.22,1.62,6.73,0.39,6,2258,16.7,9.5,-20.4,0.5038,2.1743,-1.39,0.79,-1.7,16.7,-1.39,0.37,True,True,False,False,False,0.5038,2.1743,2,30,15,9,1,249,,,,,,,,,,,,,,False,N,1
823781,2026-06-01,MIL,SF,pitch,3e20badc-f6cf-3d7b-8bb5-b4b9684973dd,7,63,0,2,646240,L,Rafael Devers,669084,L,DL Hall,SF,MIL,137,158,Walk,Rafael Devers walks.,Walk,,2,0,2,0,B,Ball,ball,False,B,FF,4-Seam Fastball,Ball,94.2,86.5,3.22,1.62,6.92,0.4,11,2356,6.1,16.0,-14.8,-1.4325,3.0637,-0.51,1.33,-1.23,6.1,-0.51,0.38,False,False,False,False,False,-1.4325,3.0637,3,31,5,9,1,250,,,,,,,,,,,,,,False,N,1
823781,2026-06-01,MIL,SF,pitch,c5533f80-7364-3396-977c-8a85d79ffa5e,7,63,0,2,646240,L,Rafael Devers,669084,L,DL Hall,SF,MIL,137,158,Walk,Rafael Devers walks.,Walk,,2,1,2,1,B,Ball,ball,False,B,ST,Sweeper,Ball,85.7,78.6,3.22,1.62,6.76,0.44,11,2740,18.5,0.8,-36.5,-0.901,3.5329,1.54,0.07,-3.04,1.54,1.54,0.41,False,False,False,False,False,-0.901,3.5329,4,32,2,9,1,251,,,,,,,,,,,,,,False,N,1
823781,2026-06-01,MIL,SF,pitch,c8c50b68-53d5-3230-90d6-e468e6ab44d0,7,63,0,2,646240,L,Rafael Devers,669084,L,DL Hall,SF,MIL,137,158,Walk,Rafael Devers walks.,Walk,,2,2,2,2,S,Strike,foul,False,F,SI,Sinker,Foul,94.8,87.1,3.22,1.62,6.96,0.4,9,2120,13.6,11.5,-18.8,0.5924,2.0678,-1.13,0.96,-1.57,13.6,-1.13,0.37,True,True,False,False,False,0.5924,2.0678,5,33,16,9,1,252,71.3,,,,,,,,,,,,,False,N,1
823781,2026-06-01,MIL,SF,pitch,9cbb9267-28a4-3cd6-97a7-e0466611a4db,7,63,0,2,646240,L,Rafael Devers,669084,L,DL Hall,SF,MIL,137,158,Walk,Rafael Devers walks.,Walk,,2,2,2,2,B,Ball,ball,False,B,SL,Slider,Ball,84.8,78.6,3.22,1.62,6.73,0.44,12,2565,8.8,-0.1,-37.7,1.3499,3.0608,0.73,-0.01,-3.14,0.73,0.73,0.41,False,False,False,False,False,1.3499,3.0608,6,34,4,9,1,253,,,,,,,,,,,,,,False,N,1
823781,2026-06-01,MIL,SF,pitch,c7565476-2c47-3d58-af74-5cf62c759877,7,63,0,2,646240,L,Rafael Devers,669084,L,DL Hall,SF,MIL,137,158,Walk,Rafael Devers walks.,Walk,,2,3,2,3,B,Ball,ball,False,B,FF,4-Seam Fastball,Ball,94.0,86.4,3.22,1.62,6.86,0.4,12,2226,7.0,14.8,-16.1,0.7052,5.1589,-0.58,1.23,-1.34,7.0,-0.58,0.37,False,False,False,False,False,0.7052,5.1589,7,35,6,9,1,254,,,,,,,,,,,,,,True,N,1
823781,2026-06-01,MIL,SF,pitch,dd4bf5d3-b60a-3eed-8d9e-8a90f0b0e66c,7,64,0,2,650333,L,Luis Arraez,669084,L,DL Hall,SF,MIL,137,158,Forceout,"Luis Arraez grounds into a force out, pitcher DL Hall to shortstop Joey Ortiz. Rafael Devers out at 2nd.",Forceout,,0,0,0,0,S,Strike,called_strike,False,C,SL,Slider,Called Strike,86.9,80.7,3.12,1.58,6.96,0.43,4,2536,6.5,0.6,-35.3,-0.5492,2.4624,0.54,0.05,-2.94,0.54,0.54,0.4,True,True,False,True,False,-0.5492,2.4624,1,36,5,10,2,255,,,,,,,,,,,True,,,False,N,1
823781,2026-06-01,MIL,SF,pitch,1cc8ba0e-238e-3ee3-9b5a-653581bd4164,7,64,0,2,650333,L,Luis Arraez,669084,L,DL Hall,SF,MIL,137,158,Forceout,"Luis Arraez grounds into a force out, pitcher DL Hall to shortstop Joey Ortiz. Rafael Devers out at 2nd.",Forceout,,1,0,1,0,S,Strike,called_strike,False,C,SL,Slider,Called Strike,85.1,78.5,3.12,1.58,6.78,0.44,7,2610,7.7,-1.2,-38.9,-0.6088,1.9316,0.64,-0.1,-3.24,0.64,0.64,0.42,True,True,False,True,True,-0.6088,1.9316,2,37,6,10,2,256,,,,,,,,,,,True,,,False,N,1
823781,2026-06-01,MIL,SF,pitch,4faee4a1-8669-32b1-8c82-91cd116fd092,7,64,0,2,650333,L,Luis Arraez,669084,L,DL Hall,SF,MIL,137,158,Forceout,"Luis Arraez grounds into a force out, pitcher DL Hall to shortstop Joey Ortiz. Rafael Devers out at 2nd.",Forceout,,2,0,2,0,B,Ball,ball,False,B,FF,4-Seam Fastball,Ball,95.3,87.1,3.12,1.58,7.0,0.4,11,2250,5.0,15.6,-14.6,-0.4306,3.9222,-0.42,1.3,-1.22,5.0,-0.42,0.37,False,False,False,True,False,-0.4306,3.9222,3,38,7,10,2,257,23.8,,,,,,,,,,True,,,False,N,1
823781,2026-06-01,MIL,SF,pitch,cb58c298-95e6-37fe-a36e-3caf2db2ad8b,7,64,0,2,650333,L,Luis Arraez,669084,L,DL Hall,SF,MIL,137,158,Forceout,"Luis Arraez grounds into a force out, pitcher DL Hall to shortstop Joey Ortiz. Rafael Devers out at 2nd.",Forceout,,2,1,2,1,S,Strike,foul,False,F,ST,Sweeper,Foul,85.8,79.5,3.12,1.58,6.83,0.44,13,2735,18.5,0.4,-36.6,-0.9066,1.402,1.54,0.03,-3.05,1.54,1.54,0.41,False,False,False,True,False,-0.9066,1.402,4,39,3,10,2,258,62.3,,,,,,,,,,True,,,False,N,1
823781,2026-06-01,MIL,SF,pitch,328e2e92-ad80-304d-9da9-97402deaae48,7,64,0,2,650333,L,Luis Arraez,669084,L,DL Hall,SF,MIL,137,158,Forceout,"Luis Arraez grounds into a force out, pitcher DL Hall to shortstop Joey Ortiz. Rafael Devers out at 2nd.",Forceout,"{""homeRunBallparks"": 0}",2,1,2,1,X,In Play,hit_into_play,False,X,FF,4-Seam Fastball,"In play, out(s)",94.7,87.1,3.12,1.58,6.92,0.4,12,2279,6.7,14.8,-15.5,0.0904,3.3947,-0.56,1.23,-1.29,6.7,-0.56,0.37,False,False,False,True,False,0.0904,3.3947,5,40,8,10,2,259,56.8,99.0,0.41,0,0.63,113.67,90.0,4.0,90.0,4.0,True,,,True,N,1
823781,2026-06-01,MIL,SF,pitch,f39c87c4-f63f-3c9c-bba1-e56cf0eb2984,7,65,0,0,650859,R,Luis Rengifo,657424,L,Matt Gage,MIL,SF,158,137,Walk,Luis Rengifo walks.,Walk,,0,0,0,0,B,Ball,ball,False,B,FF,4-Seam Fastball,Ball,93.5,85.2,3.09,1.56,6.24,0.4,12,2095,1.9,18.4,-13.1,0.197,4.1972,-0.16,1.53,-1.09,1.9,-0.16,0.38,False,False,False,False,False,0.197,4.1972,1,1,1,1,1,260,,,,,,,,,,,,,,False,N,1
823781,2026-06-01,MIL,SF,pitch,fa62ccba-e680-3074-aa56-33e685100a5b,7,65,0,0,650859,R,Luis Rengifo,657424,L,Matt Gage,MIL,SF,158,137,Walk,Luis Rengifo walks.,Walk,,0,1,0,1,S,Strike,foul,False,F,FF,4-Seam Fastball,Foul,92.5,84.5,3.09,1.56,6.45,0.41,2,2142,4.2,17.8,-14.2,0.1327,2.7184,-0.35,1.48,-1.18,4.2,-0.35,0.38,True,True,False,False,False,0.1327,2.7184,2,2,2,1,1,261,75.7,,,,,,,,,,,,,False,N,1
823781,2026-06-01,MIL,SF,pitch,cae2ed80-7348-3967-9f40-4bcea7ecce27,7,65,0,0,650859,R,Luis Rengifo,657424,L,Matt Gage,MIL,SF,158,137,Walk,Luis Rengifo walks.,Walk,,1,1,1,1,B,Ball,ball,False,B,CH,Changeup,Ball,84.7,77.9,3.09,1.56,6.64,0.44,11,925,6.7,3.5,-34.4,-0.0263,3.3183,-0.56,0.29,-2.87,6.7,-0.56,0.42,False,False,False,False,False,-0.0263,3.3183,3,3,1,1,1,262,,,,,,,,,,,,,,False,N,1
823781,2026-06-01,MIL,SF,pitch,9db17c60-ee33-33d8-83d9-d3aeecfb250b,7,65,0,0,650859,R,Luis Rengifo,657424,L,Matt Gage,MIL,SF,158,137,Walk,Luis Rengifo walks.,Walk,,1,2,1,2,B,Ball,ball,False,B,CH,Changeup,Ball,86.1,79.7,3.09,1.56,6.44,0.43,12,1080,6.8,3.0,-33.5,1.0582,3.1146,-0.57,0.25,-2.79,6.8,-0.57,0.41,False,False,False,False,False,1.0582,3.1146,4,4,2,1,1,263,,,,,,,,,,,,,,False,N,1
823781,2026-06-01,MIL,SF,pitch,6d7812e1-0543-3153-807f-14c132ee8650,7,65,0,0,650859,R,Luis Rengifo,657424,L,Matt Gage,MIL,SF,158,137,Walk,Luis Rengifo walks.,Walk,,1,3,1,3,S,Strike,foul,False,F,SL,Slider,Foul,84.9,78.2,3.09,1.56,6.54,0.44,11,2278,7.6,1.1,-36.8,-1.1876,2.4979,0.63,0.09,-3.07,0.63,0.63,0.42,False,False,False,False,False,-1.1876,2.4979,5,5,1,1,1,264,73.1,,,,,,,,,,,,,False,N,1
823781,2026-06-01,MIL,SF,pitch,296bc699-c4c0-32e2-987c-84d0edaf8d11,7,65,0,0,650859,R,Luis Rengifo,657424,L,Matt Gage,MIL,SF,158,137,Walk,Luis Rengifo walks.,Walk,,2,3,2,3,B,Ball,ball,False,B,SI,Sinker,Ball,94.2,86.6,3.09,1.56,6.37,0.4,13,2069,14.5,12.4,-18.5,-0.4443,1.1511,-1.21,1.03,-1.54,14.5,-1.21,0.38,False,False,False,False,False,-0.4443,1.1511,6,6,1,1,1,265,,,,,,,,,,,,,,True,N,1
823781,2026-06-01,MIL,SF,pitch,c7d77d40-6791-322c-bd05-f5c5c15b63d9,7,66,33,0,666152,L,David Hamilton,657424,L,Matt Gage,MIL,SF,158,137,Single,David Hamilton singles on a line drive to right fielder Victor Bericoto. Luis Rengifo to 3rd.,Single,,0,0,0,0,S,Strike,swinging_strike,True,S,FF,4-Seam Fastball,Swinging Strike,93.1,85.6,3.14,1.58,6.48,0.4,11,2110,2.4,16.3,-15.1,-1.0249,2.5159,-0.2,1.36,-1.26,2.4,-0.2,0.38,False,False,False,False,False,-1.0249,2.5159,1,7,3,2,1,266,69.1,,,,,,,,,,True,True,,False,N,1
823781,2026-06-01,MIL,SF,pitch,52c3b729-3728-323b-a214-9091b66d6a78,7,66,33,0,666152,L,David Hamilton,657424,L,Matt Gage,MIL,SF,158,137,Single,David Hamilton singles on a line drive to right fielder Victor Bericoto. Luis Rengifo to 3rd.,Single,"{""homeRunBallparks"": 0}",1,0,1,0,X,In Play,hit_into_play,False,D,SI,Sinker,"In play, no out",94.2,86.7,3.14,1.58,6.29,0.4,14,2104,13.7,12.5,-18.2,0.9311,2.2756,-1.14,1.04,-1.52,13.7,-1.14,0.37,False,False,False,False,False,0.9311,2.2756,2,8,2,2,1,267,72.5,234.0,0.86,0,75.54,262.9,88.0,17.0,88.0,17.0,True,True,,True,N,1
823781,2026-06-01,MIL,SF,pitch,f0b02098-0cf1-3fdd-bc91-4cc5707959fe,7,67,33,0,592885,L,Christian Yelich,657424,L,Matt Gage,MIL,SF,158,137,Single,Christian Yelich singles on a line drive to center fielder Jung Hoo Lee. Luis Rengifo scores. David Hamilton to 3rd.,Single,,0,0,0,0,B,Ball,ball,False,B,SL,Slider,Ball,83.9,77.1,3.37,1.7,6.23,0.45,12,2055,5.9,-2.0,-40.8,0.4347,4.0635,0.49,-0.17,-3.4,0.49,0.49,0.42,False,False,False,False,False,0.4347,4.0635,1,9,2,3,1,268,,,,,,,,,,,True,True,True,False,N,1
823781,2026-06-01,MIL,SF,pitch,0c84ce7f-8752-31f7-ae6f-74949f097347,7,67,33,0,592885,L,Christian Yelich,657424,L,Matt Gage,MIL,SF,158,137,Single,Christian Yelich singles on a line drive to center fielder Jung Hoo Lee. Luis Rengifo scores. David Hamilton to 3rd.,Single,"{""homeRunBallparks"": 0}",0,1,0,1,X,In Play,hit_into_play,False,E,SI,Sinker,"In play, run(s)",94.1,86.2,3.37,1.7,6.28,0.4,6,2151,14.8,12.7,-18.1,0.8278,2.6841,-1.23,1.06,-1.51,14.8,-1.23,0.38,True,True,False,False,False,0.8278,2.6841,2,10,3,3,1,269,74.0,225.0,0.99,0,47.99,253.76,70.0,25.0,70.0,25.0,True,True,True,True,N,1
823781,2026-06-01,MIL,SF,pitch,87a831ca-199e-34bb-a479-f3fa0f8880ad,7,68,33,0,694192,R,Jackson Chourio,657424,L,Matt Gage,MIL,SF,158,137,Single,Jackson Chourio singles on a ground ball to right fielder Victor Bericoto. David Hamilton scores. Christian Yelich to 2nd.,Single,,0,0,0,0,S,Strike,swinging_strike,True,S,SL,Slider,Swinging Strike,85.9,79.4,3.24,1.63,6.44,0.44,13,2196,3.5,1.7,-35.4,-0.3336,0.8802,0.29,0.14,-2.95,0.29,0.29,0.41,False,False,False,False,False,-0.3336,0.8802,1,11,3,4,1,270,77.4,,,,,,,,,,True,,True,False,N,1
823781,2026-06-01,MIL,SF,pitch,9e1b05b8-558a-397e-b771-de5b63c81742,7,68,33,0,694192,R,Jackson Chourio,657424,L,Matt Gage,MIL,SF,158,137,Single,Jackson Chourio singles on a ground ball to right fielder Victor Bericoto. David Hamilton scores. Christian Yelich to 2nd.,Single,"{""homeRunBallparks"": 0}",1,0,1,0,X,In Play,hit_into_play,False,E,SI,Sinker,"In play, run(s)",94.4,86.2,3.24,1.63,6.32,0.4,5,2182,12.2,14.0,-16.8,-0.2033,2.1596,-1.02,1.17,-1.4,12.2,-1.02,0.38,True,True,False,False,False,-0.2033,2.1596,2,12,4,4,1,271,72.8,35.0,0.46,0,132.55,251.69,106.1,-2.0,106.1,-2.0,True,,True,True,N,1
823781,2026-06-01,MIL,SF,pitch,2a04cbf7-2321-3a9d-843d-c1b03a998796,7,69,14,1,687401,R,Joey Ortiz,657424,L,Matt Gage,MIL,SF,158,137,Strikeout,Joey Ortiz strikes out swinging.,Strikeout,,0,0,0,0,S,Strike,foul,False,F,FF,4-Seam Fastball,Foul,92.6,84.4,3.14,1.58,6.45,0.41,11,2239,4.1,17.9,-14.2,-1.0641,2.8349,-0.34,1.49,-1.18,4.1,-0.34,0.38,False,False,False,False,False,-1.0641,2.8349,1,13,4,5,1,272,64.7,,,,,,,,,,,,,False,N,1
823781,2026-06-01,MIL,SF,pitch,d8034721-c19e-38d6-b0a4-5c9d0a93240f,7,69,14,1,687401,R,Joey Ortiz,657424,L,Matt Gage,MIL,SF,158,137,Strikeout,Joey Ortiz strikes out swinging.,Strikeout,,1,0,1,0,B,Ball,ball,False,B,CH,Changeup,Ball,87.4,81.1,3.14,1.58,6.49,0.43,14,1117,11.6,4.2,-31.3,0.8685,0.9448,-0.97,0.35,-2.61,11.6,-0.97,0.4,False,False,False,False,False,0.8685,0.9448,2,14,3,5,1,273,,,,,,,,,,,,,,False,N,1
823781,2026-06-01,MIL,SF,pitch,afad11d9-7385-3d39-a22c-6d468254d146,7,69,14,1,687401,R,Joey Ortiz,657424,L,Matt Gage,MIL,SF,158,137,Strikeout,Joey Ortiz strikes out swinging.,Strikeout,,1,1,1,1,S,Strike,foul,False,F,CH,Changeup,Foul,86.7,80.8,3.14,1.58,6.5,0.43,13,1141,7.6,2.5,-33.5,-0.194,1.4181,-0.63,0.21,-2.79,7.6,-0.63,0.41,False,False,False,False,False,-0.194,1.4181,3,15,4,5,1,274,74.9,,,,,,,,,,,,,False,N,1
823781,2026-06-01,MIL,SF,pitch,e5edbfdf-b5dd-324e-9370-208b12300d4e,7,69,14,1,687401,R,Joey Ortiz,657424,L,Matt Gage,MIL,SF,158,137,Strikeout,Joey Ortiz strikes out swinging.,Strikeout,,2,1,2,1,S,Strike,foul,False,F,FF,4-Seam Fastball,Foul,93.2,85.6,3.14,1.58,6.2,0.4,11,2192,4.9,17.8,-13.6,-0.182,3.7316,-0.41,1.48,-1.13,4.9,-0.41,0.38,False,False,False,False,False,-0.182,3.7316,4,16,5,5,1,275,64.7,,,,,,,,,,,,,False,N,1
823781,2026-06-01,MIL,SF,pitch,e06d652a-a9b0-3384-bc78-f61facbeccfb,7,69,14,1,687401,R,Joey Ortiz,657424,L,Matt Gage,MIL,SF,158,137,Strikeout,Joey Ortiz strikes out swinging.,Strikeout,,2,1,2,1,B,Ball,blocked_ball,False,*B,SL,Slider,Ball In Dirt,85.2,79.4,3.14,1.58,6.67,0.44,13,2461,2.3,-1.8,-39.6,-1.386,-1.4195,0.19,-0.15,-3.3,0.19,0.19,0.42,False,False,False,False,False,-1.386,-1.4195,5,17,4,5,1,276,,,,,,,,,,,,,,False,N,1
823781,2026-06-01,MIL,SF,pitch,2b7c8bd1-6034-3699-af51-ab51031247c8,7,69,14,1,687401,R,Joey Ortiz,657424,L,Matt Gage,MIL,SF,158,137,Strikeout,Joey Ortiz strikes out swinging.,Strikeout,,2,2,2,2,S,Strike,swinging_strike_blocked,True,W,SL,Slider,Swinging Strike,84.6,78.4,3.14,1.58,6.45,0.44,13,2306,2.3,-0.2,-38.4,-1.4634,0.4984,0.19,-0.02,-3.2,0.19,0.19,0.42,False,False,False,False,False,-1.4634,0.4984,6,18,5,5,1,277,68.8,,,,,,,,,,,,,True,N,1
823781,2026-06-01,MIL,SF,pitch,b5ad7be4-04e2-3f0d-bf72-adf8bdb30abb,7,70,0,1,661388,R,William Contreras,657424,L,Matt Gage,MIL,SF,158,137,Pop Out,William Contreras pops out to second baseman Luis Arraez on the infield fly rule.,Pop Out,"{""homeRunBallparks"": 0}",0,0,0,0,X,In Play,hit_into_play,False,X,CH,Changeup,"In play, out(s)",85.8,79.4,3.13,1.58,6.45,0.44,3,1101,8.9,4.4,-32.4,0.4746,2.9311,-0.74,0.37,-2.7,8.9,-0.74,0.41,True,True,False,True,False,0.4746,2.9311,1,19,5,6,1,278,73.4,187.0,0.01,0,32.37,178.39,91.5,61.0,91.5,61.0,,,,True,N,1
823781,2026-06-01,MIL,SF,pitch,582e1971-f5bf-3ddb-8169-7464290a93b0,7,71,0,2,641343,L,Jake Bauers,657424,L,Matt Gage,MIL,SF,158,137,Walk,Jake Bauers walks. Christian Yelich to 3rd. Jackson Chourio to 2nd.,Walk,,0,0,0,0,S,Strike,called_strike,False,C,SI,Sinker,Called Strike,93.5,85.7,3.22,1.62,6.29,0.4,5,2040,15.0,11.8,-19.6,-0.148,2.6367,-1.25,0.98,-1.63,15.0,-1.25,0.38,True,True,False,False,False,-0.148,2.6367,1,20,5,7,1,279,,,,,,,,,,,True,True,,False,N,1
823781,2026-06-01,MIL,SF,pitch,dd447728-c050-3a2b-80ef-1d8fc6ea9b0f,7,71,0,2,641343,L,Jake Bauers,657424,L,Matt Gage,MIL,SF,158,137,Walk,Jake Bauers walks. Christian Yelich to 3rd. Jackson Chourio to 2nd.,Walk,,1,0,1,0,B,Ball,ball,False,B,SL,Slider,Ball,84.8,78.5,3.22,1.62,6.41,0.44,13,2186,2.6,1.1,-36.8,-0.8168,1.0126,0.22,0.09,-3.07,0.22,0.22,0.42,False,False,False,False,False,-0.8168,1.0126,2,21,6,7,1,280,,,,,,,,,,,True,True,,False,N,1
823781,2026-06-01,MIL,SF,pitch,e35fc17f-6950-3ab6-818a-54816f31ad4e,7,71,0,2,641343,L,Jake Bauers,657424,L,Matt Gage,MIL,SF,158,137,Walk,Jake Bauers walks. Christian Yelich to 3rd. Jackson Chourio to 2nd.,Walk,,1,1,1,1,B,Ball,ball,False,B,CH,Changeup,Ball,86.1,79.5,3.22,1.62,6.44,0.44,14,958,5.5,2.4,-34.4,0.3689,1.4051,-0.46,0.2,-2.87,5.5,-0.46,0.41,False,False,False,False,False,0.3689,1.4051,3,22,6,7,1,281,,,,,,,,,,,True,True,,False,N,1
823781,2026-06-01,MIL,SF,pitch,b4fd9336-9a64-3b8a-98ed-bf532ae477d4,7,71,0,2,641343,L,Jake Bauers,657424,L,Matt Gage,MIL,SF,158,137,Walk,Jake Bauers walks. Christian Yelich to 3rd. Jackson Chourio to 2nd.,Walk,,1,2,1,2,B,Ball,ball,False,B,FF,4-Seam Fastball,Ball,92.7,84.8,3.22,1.62,6.23,0.41,12,2035,2.3,15.6,-16.2,0.533,3.7638,-0.19,1.3,-1.35,2.3,-0.19,0.38,False,False,False,False,False,0.533,3.7638,4,23,6,7,1,282,21.7,,,,,,,,,,True,True,,False,N,1
823781,2026-06-01,MIL,SF,pitch,0e20f406-ef85-3565-ba1a-6aa735c9fc41,7,71,0,2,641343,L,Jake Bauers,657424,L,Matt Gage,MIL,SF,158,137,Walk,Jake Bauers walks. Christian Yelich to 3rd. Jackson Chourio to 2nd.,Walk,,1,3,1,3,B,Ball,ball,False,B,SL,Slider,Ball,84.9,78.4,3.22,1.62,6.39,0.44,13,2386,4.3,1.0,-37.0,-0.7605,1.5079,0.36,0.08,-3.08,0.36,0.36,0.42,False,False,False,False,False,-0.7605,1.5079,5,24,7,7,1,283,27.0,,,,,,,,,,True,True,,True,N,1
823781,2026-06-01,MIL,SF,pitch,89b920c7-2f5a-303d-9e1f-0f1620501c21,7,72,0,2,663368,R,Blake Perkins,657424,L,Matt Gage,MIL,SF,158,137,Lineout,Blake Perkins lines out to left fielder Drew Gilbert.,Lineout,,0,0,0,0,S,Strike,called_strike,False,C,FF,4-Seam Fastball,Called Strike,91.4,83.8,3.21,1.62,6.3,0.41,3,1969,2.9,15.6,-17.0,0.3498,2.9832,-0.24,1.3,-1.42,2.9,-0.24,0.39,True,True,False,True,False,0.3498,2.9832,1,25,7,8,1,284,,,,,,,,,,,,,,False,N,1
823781,2026-06-01,MIL,SF,pitch,69fe02db-01fb-32b1-96e9-2dd3a19dea7c,7,72,0,2,663368,R,Blake Perkins,657424,L,Matt Gage,MIL,SF,158,137,Lineout,Blake Perkins lines out to left fielder Drew Gilbert.,Lineout,,1,0,1,0,S,Strike,foul,False,F,CH,Changeup,Foul,86.0,79.3,3.21,1.62,6.5,0.44,6,1144,7.0,3.2,-33.6,0.3044,2.4022,-0.58,0.27,-2.8,7.0,-0.58,0.41,True,True,False,True,False,0.3044,2.4022,2,26,7,8,1,285,67.1,,,,,,,,,,,,,False,N,1
823781,2026-06-01,MIL,SF,pitch,6147936d-180b-3b5b-8151-9dc5acc4cc87,7,72,0,2,663368,R,Blake Perkins,657424,L,Matt Gage,MIL,SF,158,137,Lineout,Blake Perkins lines out to left fielder Drew Gilbert.,Lineout,"{""homeRunBallparks"": 0}",2,0,2,0,X,In Play,hit_into_play,False,X,SL,Slider,"In play, out(s)",83.6,77.6,3.21,1.62,6.37,0.45,8,2220,0.1,-2.5,-41.4,-0.1175,1.5695,-0.01,-0.21,-3.45,0.1,-0.01,0.42,True,True,False,True,False,-0.1175,1.5695,3,27,8,8,1,286,71.9,288.0,0.93,0,1.45,12.12,93.3,15.0,93.3,15.0,,,,True,N,1
823781,2026-06-01,MIL,SF,pitch,1460571e-fe67-3d0e-8aa8-e0cd664119c3,8,73,0,1,671083,R,Buddy Kennedy,681982,R,Grant Anderson,SF,MIL,137,158,Flyout,Buddy Kennedy flies out to left fielder Jackson Chourio.,Flyout,,0,0,0,0,B,Ball,ball,False,B,SI,Sinker,Ball,92.9,85.2,3.26,1.64,6.54,0.41,14,2296,16.6,3.6,-28.2,1.1089,1.7875,1.38,0.3,-2.35,1.38,1.38,0.38,False,False,False,True,False,1.1089,1.7875,1,1,1,1,1,287,,,,,,,,,,,,,,False,N,1
823781,2026-06-01,MIL,SF,pitch,2f0cca8e-b8c0-30e0-a430-db9048bee6c5,8,73,0,1,671083,R,Buddy Kennedy,681982,R,Grant Anderson,SF,MIL,137,158,Flyout,Buddy Kennedy flies out to left fielder Jackson Chourio.,Flyout,,0,1,0,1,S,Strike,foul,False,F,FF,4-Seam Fastball,Foul,93.2,85.7,3.26,1.64,6.58,0.4,5,2301,10.6,12.1,-19.2,0.2186,2.2609,0.88,1.01,-1.6,0.88,0.88,0.38,True,True,False,True,False,0.2186,2.2609,2,2,1,1,1,288,74.7,,,,,,,,,,,,,False,N,1
823781,2026-06-01,MIL,SF,pitch,32bb0695-5d71-324f-8fe1-6665f46484df,8,73,0,1,671083,R,Buddy Kennedy,681982,R,Grant Anderson,SF,MIL,137,158,Flyout,Buddy Kennedy flies out to left fielder Jackson Chourio.,Flyout,,1,1,1,1,S,Strike,foul,False,F,SI,Sinker,Foul,93.7,86.6,3.26,1.64,6.59,0.4,3,2201,15.4,1.3,-29.5,0.3923,2.9212,1.28,0.11,-2.46,1.28,1.28,0.38,True,True,False,True,False,0.3923,2.9212,3,3,2,1,1,289,68.1,,,,,,,,,,,,,False,N,1
823781,2026-06-01,MIL,SF,pitch,46836075-09df-390c-a7f7-db5c2bf14469,8,73,0,1,671083,R,Buddy Kennedy,681982,R,Grant Anderson,SF,MIL,137,158,Flyout,Buddy Kennedy flies out to left fielder Jackson Chourio.,Flyout,"{""homeRunBallparks"": 0}",2,1,2,1,X,In Play,hit_into_play,False,X,ST,Sweeper,"In play, out(s)",81.2,74.7,3.26,1.64,6.67,0.46,14,2629,15.8,1.3,-40.2,0.9999,1.5772,-1.32,0.11,-3.35,15.8,-1.32,0.44,False,False,False,True,False,0.9999,1.5772,4,4,1,1,1,290,64.1,257.0,0.61,0,-86.87,240.67,73.2,30.0,73.2,30.0,,,,True,N,1
823781,2026-06-01,MIL,SF,pitch,6ae3f94b-5b9a-30d1-91d9-8c14b68e4c25,8,74,0,1,808982,L,Jung Hoo Lee,681982,R,Grant Anderson,SF,MIL,137,158,Groundout,"Jung Hoo Lee grounds out, first baseman Jake Bauers to pitcher Grant Anderson.",Groundout,,0,0,0,0,B,Ball,ball,False,B,FF,4-Seam Fastball,Ball,94.4,87.1,3.22,1.63,6.49,0.4,8,2385,9.8,11.8,-18.7,0.1909,1.5121,0.82,0.98,-1.56,0.82,0.82,0.37,True,True,False,True,False,0.1909,1.5121,1,5,2,2,1,291,,,,,,,,,,,,,,False,N,1
823781,2026-06-01,MIL,SF,pitch,7d305283-7ca2-3a10-b040-e9c1f3c25297,8,74,0,1,808982,L,Jung Hoo Lee,681982,R,Grant Anderson,SF,MIL,137,158,Groundout,"Jung Hoo Lee grounds out, first baseman Jake Bauers to pitcher Grant Anderson.",Groundout,,0,1,0,1,S,Strike,foul,False,F,FF,4-Seam Fastball,Foul,92.6,85.3,3.22,1.63,6.48,0.41,4,2434,10.8,12.5,-19.1,-0.3583,2.6843,0.9,1.04,-1.59,0.9,0.9,0.38,True,True,False,True,False,-0.3583,2.6843,2,6,3,2,1,292,71.9,,,,,,,,,,,,,False,N,1
823781,2026-06-01,MIL,SF,pitch,9f810a03-6728-39b3-b904-545c3f7b4e83,8,74,0,1,808982,L,Jung Hoo Lee,681982,R,Grant Anderson,SF,MIL,137,158,Groundout,"Jung Hoo Lee grounds out, first baseman Jake Bauers to pitcher Grant Anderson.",Groundout,"{""homeRunBallparks"": 0}",1,1,1,1,X,In Play,hit_into_play,False,X,FF,4-Seam Fastball,"In play, out(s)",93.8,86.1,3.22,1.63,6.67,0.4,3,2356,11.5,12.4,-18.6,0.6617,3.0409,0.96,1.03,-1.55,0.96,0.96,0.38,True,True,False,True,False,0.6617,3.0409,3,7,4,2,1,293,66.5,114.0,0.23,0,100.83,126.45,66.2,12.0,66.2,12.0,,,,True,N,1
823781,2026-06-01,MIL,SF,pitch,fc4f058e-5cb2-3c89-944c-e99f3b650aa8,8,75,0,2,682674,R,Victor Bericoto,681982,R,Grant Anderson,SF,MIL,137,158,Groundout,"Victor Bericoto grounds out, shortstop Joey Ortiz to first baseman Jake Bauers.",Groundout,"{""homeRunBallparks"": 0}",0,0,0,0,X,In Play,hit_into_play,False,X,SI,Sinker,"In play, out(s)",93.7,86.6,3.26,1.64,6.59,0.4,8,2270,16.6,1.7,-29.3,0.0917,2.0102,1.38,0.14,-2.44,1.38,1.38,0.38,True,True,False,True,False,0.0917,2.0102,1,8,3,3,1,294,77.2,10.0,0.2,0,-39.67,133.2,102.1,-14.0,102.1,-14.0,,,,True,N,1
823781,2026-06-01,MIL,SF,pitch,d0803a63-f8ea-31c2-b20b-0eaaba4e5b83,8,76,0,1,686217,L,Sal Frelick,671083,R,Buddy Kennedy,MIL,SF,158,137,Flyout,Sal Frelick flies out to left fielder Drew Gilbert.,Flyout,,0,0,0,0,S,Strike,called_strike,False,C,FA,Fastball,Called Strike,67.6,62.7,3.06,1.55,4.78,0.55,5,1593,6.4,19.6,-40.0,0.1716,2.3076,0.53,1.63,-3.33,0.53,0.53,0.52,True,True,False,True,False,0.1716,2.3076,1,1,1,1,1,295,,,,,,,,,,,,,,False,N,1
823781,2026-06-01,MIL,SF,pitch,3cf4533b-81ec-3efd-b057-c70d8317f07d,8,76,0,1,686217,L,Sal Frelick,671083,R,Buddy Kennedy,MIL,SF,158,137,Flyout,Sal Frelick flies out to left fielder Drew Gilbert.,Flyout,,1,0,1,0,B,Ball,ball,False,B,FA,Fastball,Ball,63.3,59.3,3.06,1.55,4.93,0.59,13,1567,14.2,10.1,-58.1,-0.2259,-0.7728,1.18,0.84,-4.84,1.18,1.18,0.56,False,False,False,True,False,-0.2259,-0.7728,2,2,2,1,1,296,,,,,,,,,,,,,,False,N,1
823781,2026-06-01,MIL,SF,pitch,de81fb90-7612-3670-95fa-7fac7b1f7dfe,8,76,0,1,686217,L,Sal Frelick,671083,R,Buddy Kennedy,MIL,SF,158,137,Flyout,Sal Frelick flies out to left fielder Drew Gilbert.,Flyout,"{""homeRunBallparks"": 0}",1,1,1,1,X,In Play,hit_into_play,False,X,FA,Fastball,"In play, out(s)",68.6,63.2,3.06,1.55,4.57,0.55,11,1366,8.0,14.9,-43.0,-0.3,4.0259,0.67,1.24,-3.58,0.67,0.67,0.51,False,False,False,True,False,-0.3,4.0259,3,3,3,1,1,297,,226.0,0.04,0,-120.76,188.97,81.1,52.0,81.1,52.0,,,,True,N,1
823781,2026-06-01,MIL,SF,pitch,143b7013-731f-3a13-a550-49f24d5de38d,8,77,33,1,650859,L,Luis Rengifo,671083,R,Buddy Kennedy,MIL,SF,158,137,Single,Luis Rengifo singles on a ground ball to second baseman Luis Arraez.,Single,,0,0,0,0,B,Ball,ball,False,B,FA,Fastball,Ball,62.5,58.0,3.09,1.56,4.77,0.6,12,1360,6.6,14.3,-55.6,1.2172,2.3464,0.55,1.19,-4.63,0.55,0.55,0.56,False,False,False,False,False,1.2172,2.3464,1,4,4,2,1,298,,,,,,,,,,,,,,False,N,1
823781,2026-06-01,MIL,SF,pitch,b7d654f3-5381-3d16-bd15-dc4b92e8880d,8,77,33,1,650859,L,Luis Rengifo,671083,R,Buddy Kennedy,MIL,SF,158,137,Single,Luis Rengifo singles on a ground ball to second baseman Luis Arraez.,Single,,0,1,0,1,S,Strike,called_strike,False,C,FA,Fastball,Called Strike,69.7,64.6,3.09,1.56,4.64,0.54,7,1546,11.2,14.5,-41.4,-0.6833,1.4542,0.93,1.21,-3.45,0.93,0.93,0.51,True,True,False,False,False,-0.6833,1.4542,2,5,5,2,1,299,,,,,,,,,,,,,,False,N,1
823781,2026-06-01,MIL,SF,pitch,e5919206-c42a-3d1a-9368-560f7c1cd0be,8,77,33,1,650859,L,Luis Rengifo,671083,R,Buddy Kennedy,MIL,SF,158,137,Single,Luis Rengifo singles on a ground ball to second baseman Luis Arraez.,Single,,1,1,1,1,S,Strike,foul,False,F,FA,Fastball,Foul,63.8,59.4,3.09,1.56,4.92,0.59,5,1417,10.9,13.2,-53.5,-0.0992,2.2482,0.91,1.1,-4.46,0.91,0.91,0.55,True,True,False,False,False,-0.0992,2.2482,3,6,6,2,1,300,68.9,,,,,,,,,,,,,False,N,1
823781,2026-06-01,MIL,SF,pitch,48607384-1880-3c67-9c11-203f10cd9318,8,77,33,1,650859,L,Luis Rengifo,671083,R,Buddy Kennedy,MIL,SF,158,137,Single,Luis Rengifo singles on a ground ball to second baseman Luis Arraez.,Single,"{""homeRunBallparks"": 0}",2,1,2,1,X,In Play,hit_into_play,False,D,FA,Fastball,"In play, no out",63.4,58.8,3.09,1.56,4.89,0.59,8,1435,9.7,10.4,-57.6,-0.0794,1.584,0.81,0.87,-4.8,0.81,0.81,0.56,True,True,False,False,False,-0.0794,1.584,4,7,7,2,1,301,69.0,6.0,0.12,0,32.37,139.32,93.8,-23.0,93.8,-23.0,,,,True,N,1
823781,2026-06-01,MIL,SF,pitch,2e82f554-fc5f-37bd-9cfd-ad23f7c6cebf,8,78,34,1,666152,L,David Hamilton,671083,R,Buddy Kennedy,MIL,SF,158,137,Double,David Hamilton doubles (3) on a sharp fly ball to right fielder Victor Bericoto. Luis Rengifo to 3rd.,Double,"{""homeRunBallparks"": 5}",0,0,0,0,X,In Play,hit_into_play,False,D,FA,Fastball,"In play, no out",70.3,64.9,3.14,1.58,4.82,0.53,5,1558,10.7,17.3,-37.8,0.0955,2.4029,0.89,1.44,-3.15,0.89,0.89,0.5,True,True,False,False,False,0.0955,2.4029,1,8,8,3,1,302,74.1,375.0,0.51,1,146.96,346.18,100.3,27.0,100.3,27.0,True,,,True,N,1
823781,2026-06-01,MIL,SF,pitch,1ffaaba4-0786-3e02-8c89-996e1f724ed0,8,79,33,1,592885,L,Christian Yelich,671083,R,Buddy Kennedy,MIL,SF,158,137,Single,Christian Yelich singles on a ground ball to left fielder Drew Gilbert. Luis Rengifo scores. David Hamilton to 3rd.,Single,,0,0,0,0,B,Ball,ball,False,B,FA,Fastball,Ball,63.7,58.9,3.37,1.7,4.84,0.59,11,1442,11.9,10.3,-56.8,-1.2277,3.7351,0.99,0.86,-4.73,0.99,0.99,0.55,False,False,False,False,False,-1.2277,3.7351,1,9,9,4,1,303,,,,,,,,,,,,True,True,False,N,1
823781,2026-06-01,MIL,SF,pitch,2c9ff063-42ea-3aab-8cf5-c2481b3ea33e,8,79,33,1,592885,L,Christian Yelich,671083,R,Buddy Kennedy,MIL,SF,158,137,Single,Christian Yelich singles on a ground ball to left fielder Drew Gilbert. Luis Rengifo scores. David Hamilton to 3rd.,Single,,0,1,0,1,S,Strike,foul,False,F,FA,Fastball,Foul,69.6,64.3,3.37,1.7,4.67,0.54,1,1427,6.7,15.5,-40.7,-0.4615,2.8535,0.56,1.29,-3.39,0.56,0.56,0.51,True,True,False,False,False,-0.4615,2.8535,2,10,10,4,1,304,72.2,,,,,,,,,,,True,True,False,N,1
823781,2026-06-01,MIL,SF,pitch,d3c27992-9c7b-3a52-b0d4-49a23d610960,8,79,33,1,592885,L,Christian Yelich,671083,R,Buddy Kennedy,MIL,SF,158,137,Single,Christian Yelich singles on a ground ball to left fielder Drew Gilbert. Luis Rengifo scores. David Hamilton to 3rd.,Single,,1,1,1,1,B,Ball,ball,False,B,FA,Fastball,Ball,70.6,65.1,3.37,1.7,4.7,0.53,11,1421,11.0,12.2,-42.2,-1.2849,4.0278,0.92,1.02,-3.52,0.92,0.92,0.5,False,False,False,False,False,-1.2849,4.0278,3,11,11,4,1,305,,,,,,,,,,,,True,True,False,N,1
823781,2026-06-01,MIL,SF,pitch,3d887578-a413-3bb5-bf95-bc07e9934d02,8,79,33,1,592885,L,Christian Yelich,671083,R,Buddy Kennedy,MIL,SF,158,137,Single,Christian Yelich singles on a ground ball to left fielder Drew Gilbert. Luis Rengifo scores. David Hamilton to 3rd.,Single,,1,2,1,2,B,Ball,ball,False,B,FA,Fastball,Ball,61.2,57.4,3.37,1.7,4.84,0.61,13,1421,8.3,11.9,-60.4,-0.7339,1.206,0.69,0.99,-5.03,0.69,0.69,0.57,False,False,False,False,False,-0.7339,1.206,4,12,12,4,1,306,,,,,,,,,,,,True,True,False,N,1
823781,2026-06-01,MIL,SF,pitch,1ce44c87-250a-334f-a5ca-d222d28a1e95,8,79,33,1,592885,L,Christian Yelich,671083,R,Buddy Kennedy,MIL,SF,158,137,Single,Christian Yelich singles on a ground ball to left fielder Drew Gilbert. Luis Rengifo scores. David Hamilton to 3rd.,Single,"{""homeRunBallparks"": 0}",1,3,1,3,X,In Play,hit_into_play,False,E,FA,Fastball,"In play, run(s)",70.8,65.7,3.37,1.7,4.73,0.53,1,1518,9.2,14.5,-39.6,-0.532,3.2162,0.77,1.21,-3.3,0.77,0.77,0.5,True,True,False,False,False,-0.532,3.2162,5,13,13,4,1,307,,110.0,0.5,0,-82.43,228.48,97.1,4.0,97.1,4.0,,True,True,True,N,1
823781,2026-06-01,MIL,SF,pitch,859bb988-d962-3b54-81e7-488205f5544f,8,80,0,1,694192,R,Jackson Chourio,671083,R,Buddy Kennedy,MIL,SF,158,137,Walk,Jackson Chourio walks.,Walk,,0,0,0,0,S,Strike,foul,False,F,FA,Fastball,Foul,63.4,58.9,3.24,1.63,4.83,0.59,3,1479,9.8,12.8,-54.7,0.3528,3.2681,0.82,1.07,-4.56,0.82,0.82,0.56,True,True,False,False,False,0.3528,3.2681,1,14,14,5,1,308,76.0,,,,,,,,,,True,,,False,N,1
823781,2026-06-01,MIL,SF,pitch,6d646b51-4782-3a4b-9c91-b5dc0dcdc280,8,80,0,1,694192,R,Jackson Chourio,671083,R,Buddy Kennedy,MIL,SF,158,137,Walk,Jackson Chourio walks.,Walk,,1,0,1,0,B,Ball,blocked_ball,False,*B,FA,Fastball,Ball In Dirt,66.6,62.6,3.24,1.63,4.84,0.56,14,1619,2.3,9.8,-51.8,2.1152,-0.7982,0.19,0.82,-4.32,0.19,0.19,0.53,False,False,False,False,False,2.1152,-0.7982,2,15,15,5,1,309,,,,,,,,,,,True,,,False,N,1
823781,2026-06-01,MIL,SF,pitch,145bce11-0638-35b0-8339-1a8df1e292a3,8,80,0,1,694192,R,Jackson Chourio,671083,R,Buddy Kennedy,MIL,SF,158,137,Walk,Jackson Chourio walks.,Walk,,1,1,1,1,B,Ball,ball,False,B,FA,Fastball,Ball,71.6,65.5,3.24,1.63,4.69,0.53,11,1497,6.5,16.8,-36.5,-1.9945,6.6239,0.54,1.4,-3.04,0.54,0.54,0.49,False,False,False,False,False,-1.9945,6.6239,3,16,16,5,1,310,,,,,,,,,,,True,,,False,N,1
823781,2026-06-01,MIL,SF,pitch,88bf78a8-4b9a-3cc1-b01e-5870028387c5,8,80,0,1,694192,R,Jackson Chourio,671083,R,Buddy Kennedy,MIL,SF,158,137,Walk,Jackson Chourio walks.,Walk,,1,2,1,2,B,Ball,blocked_ball,False,*B,FA,Fastball,Ball In Dirt,63.9,60.0,3.24,1.63,4.81,0.59,13,1348,10.0,15.5,-50.6,-0.0568,0.9601,0.83,1.29,-4.22,0.83,0.83,0.55,False,False,False,False,False,-0.0568,0.9601,4,17,17,5,1,311,,,,,,,,,,,True,,,False,N,1
823781,2026-06-01,MIL,SF,pitch,2c9b22c5-6f26-370a-8c84-91c0ceb53426,8,80,0,1,694192,R,Jackson Chourio,671083,R,Buddy Kennedy,MIL,SF,158,137,Walk,Jackson Chourio walks.,Walk,,1,3,1,3,B,Ball,ball,False,B,FA,Fastball,Ball,62.1,57.7,3.24,1.63,4.63,0.6,11,1193,10.0,11.9,-58.4,-1.443,4.8393,0.83,0.99,-4.87,0.83,0.83,0.57,False,False,False,False,False,-1.443,4.8393,5,18,18,5,1,312,,,,,,,,,,,True,,,True,N,1
823781,2026-06-01,MIL,SF,pitch,70a37df7-4cce-3d30-8e2b-9af3dd1e3894,8,81,34,1,687401,R,Joey Ortiz,671083,R,Buddy Kennedy,MIL,SF,158,137,Double,Joey Ortiz doubles (3) on a line drive to right fielder Victor Bericoto. David Hamilton scores. Christian Yelich scores. Jackson Chourio to 3rd.,Double,,0,0,0,0,S,Strike,called_strike,False,C,FA,Fastball,Called Strike,68.7,64.1,3.14,1.58,4.77,0.54,6,1340,8.9,15.0,-42.2,0.3957,2.3853,0.74,1.25,-3.52,0.74,0.74,0.51,True,True,False,False,False,0.3957,2.3853,1,19,19,6,1,313,,,,,,,,,,,True,True,True,False,N,1
823781,2026-06-01,MIL,SF,pitch,ad8cbcf8-6d9c-33c7-a351-b3493a27e8cf,8,81,34,1,687401,R,Joey Ortiz,671083,R,Buddy Kennedy,MIL,SF,158,137,Double,Joey Ortiz doubles (3) on a line drive to right fielder Victor Bericoto. David Hamilton scores. Christian Yelich scores. Jackson Chourio to 3rd.,Double,,1,0,1,0,B,Ball,ball,False,B,FA,Fastball,Ball,63.8,59.8,3.14,1.58,5.13,0.59,14,1413,10.4,8.0,-58.7,0.7304,0.8923,0.87,0.67,-4.89,0.87,0.87,0.55,False,False,False,False,False,0.7304,0.8923,2,20,20,6,1,314,,,,,,,,,,,True,True,True,False,N,1
823781,2026-06-01,MIL,SF,pitch,4fba2b52-6462-33d0-9d4e-3af79861615b,8,81,34,1,687401,R,Joey Ortiz,671083,R,Buddy Kennedy,MIL,SF,158,137,Double,Joey Ortiz doubles (3) on a line drive to right fielder Victor Bericoto. David Hamilton scores. Christian Yelich scores. Jackson Chourio to 3rd.,Double,,1,1,1,1,S,Strike,foul,False,F,FA,Fastball,Foul,69.9,64.6,3.14,1.58,4.92,0.54,11,1397,8.0,13.8,-41.8,-0.7936,3.2804,0.67,1.15,-3.48,0.67,0.67,0.5,False,False,False,False,False,-0.7936,3.2804,3,21,21,6,1,315,60.3,,,,,,,,,,True,True,True,False,N,1
823781,2026-06-01,MIL,SF,pitch,7e9ab369-972a-3b0d-842d-2875ac6a315c,8,81,34,1,687401,R,Joey Ortiz,671083,R,Buddy Kennedy,MIL,SF,158,137,Double,Joey Ortiz doubles (3) on a line drive to right fielder Victor Bericoto. David Hamilton scores. Christian Yelich scores. Jackson Chourio to 3rd.,Double,,2,1,2,1,S,Strike,foul,False,F,FA,Fastball,Foul,71.3,65.6,3.14,1.58,4.89,0.53,12,1559,7.2,18.6,-35.0,0.6295,4.1252,0.6,1.55,-2.92,0.6,0.6,0.49,False,False,False,False,False,0.6295,4.1252,4,22,22,6,1,316,62.5,,,,,,,,,,True,True,True,False,N,1
823781,2026-06-01,MIL,SF,pitch,5469e3f5-30b6-3b54-8eca-44377670d971,8,81,34,1,687401,R,Joey Ortiz,671083,R,Buddy Kennedy,MIL,SF,158,137,Double,Joey Ortiz doubles (3) on a line drive to right fielder Victor Bericoto. David Hamilton scores. Christian Yelich scores. Jackson Chourio to 3rd.,Double,"{""homeRunBallparks"": 0}",2,1,2,1,X,In Play,hit_into_play,False,E,FA,Fastball,"In play, run(s)",65.6,61.3,3.14,1.58,4.98,0.57,13,1507,11.5,15.1,-47.8,-0.0582,1.2301,0.96,1.26,-3.98,0.96,0.96,0.54,False,False,False,False,False,-0.0582,1.2301,5,23,23,6,1,317,73.7,250.0,0.94,0,88.92,317.61,92.9,13.0,92.9,13.0,True,True,True,True,N,1
823781,2026-06-01,MIL,SF,pitch,ffe869c0-c589-3f46-aecf-055ae86c7a3c,8,82,0,1,661388,R,William Contreras,671083,R,Buddy Kennedy,MIL,SF,158,137,Sac Fly,William Contreras out on a sacrifice fly to center fielder Jung Hoo Lee. Jackson Chourio scores. Joey Ortiz to 3rd.,Sac Fly,,0,0,0,0,B,Ball,ball,False,B,FA,Fastball,Ball,64.2,60.2,3.13,1.58,4.72,0.58,14,1380,9.2,16.4,-49.3,1.1821,1.1826,0.77,1.37,-4.11,0.77,0.77,0.55,False,False,False,True,False,1.1821,1.1826,1,24,24,7,1,318,,,,,,,,,,,,True,True,False,N,1
823781,2026-06-01,MIL,SF,pitch,d872a9ac-18cf-33d9-b883-ca918edb3585,8,82,0,1,661388,R,William Contreras,671083,R,Buddy Kennedy,MIL,SF,158,137,Sac Fly,William Contreras out on a sacrifice fly to center fielder Jung Hoo Lee. Jackson Chourio scores. Joey Ortiz to 3rd.,Sac Fly,"{""homeRunBallparks"": 0}",0,1,0,1,X,In Play,hit_into_play,False,E,FA,Fastball,"In play, run(s)",58.8,55.0,3.13,1.58,4.55,0.64,9,1332,7.8,17.2,-61.6,0.7148,1.6484,0.65,1.43,-5.13,0.65,0.65,0.6,True,True,False,True,False,0.7148,1.6484,2,25,25,7,1,319,78.0,374.0,0.4,0,67.13,368.5,98.0,25.0,98.0,25.0,,True,True,True,N,1
823781,2026-06-01,MIL,SF,pitch,f9dfbaa1-9823-36c0-b4cf-2cc7da9f5f86,8,83,0,2,641343,L,Jake Bauers,671083,R,Buddy Kennedy,MIL,SF,158,137,Walk,Jake Bauers walks.,Walk,,0,0,0,0,S,Strike,foul,False,F,FA,Fastball,Foul,56.3,52.7,3.22,1.62,4.43,0.67,1,1214,7.3,15.4,-70.0,-0.6816,3.2858,0.61,1.28,-5.83,0.61,0.61,0.62,True,True,False,False,False,-0.6816,3.2858,1,26,26,8,1,320,71.1,,,,,,,,,,,,,False,N,1
823781,2026-06-01,MIL,SF,pitch,1c42e0f4-8efb-305b-8f8a-d10d5d43fe25,8,83,0,2,641343,L,Jake Bauers,671083,R,Buddy Kennedy,MIL,SF,158,137,Walk,Jake Bauers walks.,Walk,,1,0,1,0,B,Ball,ball,False,B,FA,Fastball,Ball,55.1,50.6,3.22,1.62,4.58,0.69,11,1415,11.8,17.2,-73.7,-1.1218,4.7295,0.98,1.43,-6.14,0.98,0.98,0.64,False,False,False,False,False,-1.1218,4.7295,2,27,27,8,1,321,,,,,,,,,,,,,,False,N,1
823781,2026-06-01,MIL,SF,pitch,bd6308bf-3b2f-3e48-8a3e-413fd4e4e38e,8,83,0,2,641343,L,Jake Bauers,671083,R,Buddy Kennedy,MIL,SF,158,137,Walk,Jake Bauers walks.,Walk,,1,1,1,1,S,Strike,called_strike,False,C,FA,Fastball,Called Strike,59.5,55.3,3.22,1.62,4.62,0.63,7,1373,9.2,19.1,-57.7,-0.3521,1.8951,0.77,1.59,-4.81,0.77,0.77,0.59,True,True,False,False,False,-0.3521,1.8951,3,28,28,8,1,322,,,,,,,,,,,,,,False,N,1
823781,2026-06-01,MIL,SF,pitch,89990532-6756-3b82-badf-7e8193192126,8,83,0,2,641343,L,Jake Bauers,671083,R,Buddy Kennedy,MIL,SF,158,137,Walk,Jake Bauers walks.,Walk,,2,1,2,1,B,Ball,ball,False,B,FA,Fastball,Ball,58.6,53.9,3.22,1.62,4.62,0.64,11,1416,13.2,13.8,-65.9,-3.1857,4.8795,1.1,1.15,-5.49,1.1,1.1,0.6,False,False,False,False,False,-3.1857,4.8795,4,29,29,8,1,323,,,,,,,,,,,,,,False,N,1
823781,2026-06-01,MIL,SF,pitch,a1dc46d7-d9b2-3a5c-8046-18091966d0d7,8,83,0,2,641343,L,Jake Bauers,671083,R,Buddy Kennedy,MIL,SF,158,137,Walk,Jake Bauers walks.,Walk,,2,2,2,2,B,Ball,ball,False,B,FA,Fastball,Ball,58.0,53.8,3.22,1.62,4.62,0.65,11,1296,9.4,17.5,-63.5,-1.4878,2.8867,0.78,1.46,-5.29,0.78,0.78,0.61,False,False,False,False,False,-1.4878,2.8867,5,30,30,8,1,324,,,,,,,,,,,,,,False,N,1
823781,2026-06-01,MIL,SF,pitch,2cd1e2ac-9fd0-3878-b56d-f9f897640a45,8,83,0,2,641343,L,Jake Bauers,671083,R,Buddy Kennedy,MIL,SF,158,137,Walk,Jake Bauers walks.,Walk,,2,3,2,3,S,Strike,foul,False,F,FA,Fastball,Foul,59.2,54.8,3.22,1.62,4.7,0.63,11,1485,10.6,17.3,-60.5,-0.6228,3.3441,0.88,1.44,-5.04,0.88,0.88,0.6,False,False,False,False,False,-0.6228,3.3441,6,31,31,8,1,325,77.8,,,,,,,,,,,,,False,N,1
823781,2026-06-01,MIL,SF,pitch,155862b0-f64d-3e5f-aa4e-d340ac0d878a,8,83,0,2,641343,L,Jake Bauers,671083,R,Buddy Kennedy,MIL,SF,158,137,Walk,Jake Bauers walks.,Walk,,2,3,2,3,S,Strike,foul,False,F,FA,Fastball,Foul,67.7,62.5,3.22,1.62,4.59,0.55,12,1493,6.7,18.5,-40.8,0.1236,4.607,0.56,1.54,-3.4,0.56,0.56,0.52,False,False,False,False,False,0.1236,4.607,7,32,32,8,1,326,64.3,,,,,,,,,,,,,False,N,1
823781,2026-06-01,MIL,SF,pitch,78c40f9c-8df2-3642-b00b-f7cf58fb2799,8,83,0,2,641343,L,Jake Bauers,671083,R,Buddy Kennedy,MIL,SF,158,137,Walk,Jake Bauers walks.,Walk,,2,3,2,3,B,Ball,blocked_ball,False,*B,FA,Fastball,Ball In Dirt,62.9,58.7,3.22,1.62,5.13,0.6,14,1524,14.2,13.6,-55.4,0.8749,0.3218,1.18,1.13,-4.62,1.18,1.18,0.56,False,False,False,False,False,0.8749,0.3218,8,33,33,8,1,327,,,,,,,,,,,,,,True,N,1
823781,2026-06-01,MIL,SF,pitch,496f961d-4a17-3eea-bc02-5eaba8e6b9b9,8,84,0,2,663368,R,Blake Perkins,671083,R,Buddy Kennedy,MIL,SF,158,137,Groundout,"Blake Perkins grounds out, second baseman Luis Arraez to first baseman Bryce Eldridge.",Groundout,,0,0,0,0,B,Ball,ball,False,B,FA,Fastball,Ball,66.9,62.1,3.21,1.62,4.61,0.56,11,1335,7.6,16.8,-43.6,-1.4486,5.0788,0.63,1.4,-3.63,0.63,0.63,0.52,False,False,False,True,False,-1.4486,5.0788,1,34,34,9,1,328,,,,,,,,,,,,,,False,N,1
823781,2026-06-01,MIL,SF,pitch,8a3f7e12-dc2e-3faa-9d5f-258fc8839a05,8,84,0,2,663368,R,Blake Perkins,671083,R,Buddy Kennedy,MIL,SF,158,137,Groundout,"Blake Perkins grounds out, second baseman Luis Arraez to first baseman Bryce Eldridge.",Groundout,,0,1,0,1,S,Strike,foul,False,F,FA,Fastball,Foul,59.5,55.5,3.21,1.62,4.56,0.63,11,1161,5.8,15.4,-61.2,-0.183,3.3467,0.48,1.28,-5.1,0.48,0.48,0.59,False,False,False,True,False,-0.183,3.3467,2,35,35,9,1,329,63.7,,,,,,,,,,,,,False,N,1
823781,2026-06-01,MIL,SF,pitch,4c3f6163-ffd4-33ed-8323-be182afe775d,8,84,0,2,663368,R,Blake Perkins,671083,R,Buddy Kennedy,MIL,SF,158,137,Groundout,"Blake Perkins grounds out, second baseman Luis Arraez to first baseman Bryce Eldridge.",Groundout,,1,1,1,1,B,Ball,ball,False,B,FA,Fastball,Ball,67.4,62.6,3.21,1.62,4.68,0.56,12,1312,7.2,15.2,-44.4,0.0103,4.8572,0.6,1.27,-3.7,0.6,0.6,0.52,False,False,False,True,False,0.0103,4.8572,3,36,36,9,1,330,,,,,,,,,,,,,,False,N,1
823781,2026-06-01,MIL,SF,pitch,3494ee09-c72e-3b07-b0fd-6badc0cc2c7e,8,84,0,2,663368,R,Blake Perkins,671083,R,Buddy Kennedy,MIL,SF,158,137,Groundout,"Blake Perkins grounds out, second baseman Luis Arraez to first baseman Bryce Eldridge.",Groundout,,1,2,1,2,S,Strike,swinging_strike,True,S,FA,Fastball,Swinging Strike,61.7,57.5,3.21,1.62,4.72,0.61,2,1310,6.1,15.7,-55.4,-0.0437,2.8653,0.51,1.31,-4.62,0.51,0.51,0.57,True,True,False,True,False,-0.0437,2.8653,4,37,37,9,1,331,73.3,,,,,,,,,,,,,False,N,1
823781,2026-06-01,MIL,SF,pitch,5e104136-a16b-3341-8e92-fc8564ad316f,8,84,0,2,663368,R,Blake Perkins,671083,R,Buddy Kennedy,MIL,SF,158,137,Groundout,"Blake Perkins grounds out, second baseman Luis Arraez to first baseman Bryce Eldridge.",Groundout,,2,2,2,2,B,Ball,ball,False,B,FA,Fastball,Ball,64.2,59.7,3.21,1.62,5.01,0.59,12,1412,8.4,9.6,-56.5,1.0581,2.6409,0.7,0.8,-4.71,0.7,0.7,0.55,False,False,False,True,False,1.0581,2.6409,5,38,38,9,1,332,,,,,,,,,,,,,,False,N,1
823781,2026-06-01,MIL,SF,pitch,3cf867cb-7d5a-3e6c-b78c-3cbb1a140f3b,8,84,0,2,663368,R,Blake Perkins,671083,R,Buddy Kennedy,MIL,SF,158,137,Groundout,"Blake Perkins grounds out, second baseman Luis Arraez to first baseman Bryce Eldridge.",Groundout,"{""homeRunBallparks"": 0}",2,3,2,3,X,In Play,hit_into_play,False,X,FA,Fastball,"In play, out(s)",67.1,62.3,3.21,1.62,4.94,0.56,2,1410,5.2,17.2,-43.1,-0.2328,2.7889,0.43,1.43,-3.59,0.43,0.43,0.52,True,True,False,True,False,-0.2328,2.7889,6,39,39,9,1,333,68.6,36.0,0.34,0,32.37,151.54,92.8,-2.0,92.8,-2.0,,,,True,N,1
823781,2026-06-01,MIL,SF,pitch,5f12e5df-8c7e-3915-9df2-520f0b94580c,9,85,14,1,805811,L,Bryce Eldridge,663765,R,Jake Woodford,SF,MIL,137,158,Strikeout,Bryce Eldridge called out on strikes.,Strikeout,,0,0,0,0,S,Strike,called_strike,False,C,SI,Sinker,Called Strike,93.6,86.1,3.54,1.79,6.72,0.4,6,2129,11.8,6.0,-25.1,0.5249,2.3847,0.98,0.5,-2.09,0.98,0.98,0.38,True,True,False,False,False,0.5249,2.3847,1,1,1,1,1,334,,,,,,,,,,,,,,False,N,1
823781,2026-06-01,MIL,SF,pitch,7573f358-bd71-3e44-a176-a869c28bb1ad,9,85,14,1,805811,L,Bryce Eldridge,663765,R,Jake Woodford,SF,MIL,137,158,Strikeout,Bryce Eldridge called out on strikes.,Strikeout,,1,0,1,0,B,Ball,ball,False,B,CH,Changeup,Ball,85.4,79.4,3.54,1.79,6.77,0.44,14,1100,11.0,1.2,-36.0,0.0439,0.997,0.92,0.1,-3.0,0.92,0.92,0.41,False,False,False,False,False,0.0439,0.997,2,2,1,1,1,335,,,,,,,,,,,,,,False,N,1
823781,2026-06-01,MIL,SF,pitch,eecc7d91-c99b-36c4-9268-cafe03d4e123,9,85,14,1,805811,L,Bryce Eldridge,663765,R,Jake Woodford,SF,MIL,137,158,Strikeout,Bryce Eldridge called out on strikes.,Strikeout,,1,1,1,1,S,Strike,foul,False,F,FC,Cutter,Foul,89.3,82.4,3.54,1.79,6.52,0.42,14,2356,4.3,-0.1,-34.3,0.8835,1.5464,-0.36,-0.01,-2.86,4.3,-0.36,0.4,False,False,False,False,False,0.8835,1.5464,3,3,1,1,1,336,73.3,,,,,,,,,,,,,False,N,1
823781,2026-06-01,MIL,SF,pitch,13129a99-aba9-36de-85a0-b2df057ffadb,9,85,14,1,805811,L,Bryce Eldridge,663765,R,Jake Woodford,SF,MIL,137,158,Strikeout,Bryce Eldridge called out on strikes.,Strikeout,,2,1,2,1,S,Strike,called_strike,False,C,SI,Sinker,Called Strike,93.9,86.1,3.54,1.79,6.82,0.4,9,1967,15.4,3.8,-27.2,0.5956,2.1666,1.28,0.32,-2.27,1.28,1.28,0.38,True,True,False,False,False,0.5956,2.1666,4,4,2,1,1,337,,,,,,,,,,,,,,True,N,1
823781,2026-06-01,MIL,SF,pitch,7dd4774e-aa9f-3485-ba79-7f24e8095218,9,86,14,1,606992,R,Eric Haase,663765,R,Jake Woodford,SF,MIL,137,158,Strikeout,Eric Haase strikes out swinging.,Strikeout,,0,0,0,0,B,Ball,ball,False,B,SI,Sinker,Ball,94.0,86.2,3.1,1.57,6.7,0.4,14,2111,14.0,5.2,-25.8,1.1729,1.9424,1.17,0.43,-2.15,1.17,1.17,0.38,False,False,False,False,False,1.1729,1.9424,1,5,3,2,1,338,,,,,,,,,,,,,,False,N,1
823781,2026-06-01,MIL,SF,pitch,66a466f2-ae5b-3ba7-9e9e-31cad016282d,9,86,14,1,606992,R,Eric Haase,663765,R,Jake Woodford,SF,MIL,137,158,Strikeout,Eric Haase strikes out swinging.,Strikeout,,0,1,0,1,S,Strike,called_strike,False,C,SI,Sinker,Called Strike,93.6,86.0,3.1,1.57,6.68,0.4,9,2129,13.7,5.3,-25.8,0.4946,1.958,1.14,0.44,-2.15,1.14,1.14,0.38,True,True,False,False,False,0.4946,1.958,2,6,4,2,1,339,,,,,,,,,,,,,,False,N,1
823781,2026-06-01,MIL,SF,pitch,de2049be-a46d-3d08-84a6-55a0da89e778,9,86,14,1,606992,R,Eric Haase,663765,R,Jake Woodford,SF,MIL,137,158,Strikeout,Eric Haase strikes out swinging.,Strikeout,,1,1,1,1,B,Ball,ball,False,B,SI,Sinker,Ball,93.0,85.4,3.1,1.57,6.62,0.4,12,2099,10.3,4.9,-26.6,1.0135,3.1053,0.86,0.41,-2.22,0.86,0.86,0.38,False,False,False,False,False,1.0135,3.1053,3,7,5,2,1,340,,,,,,,,,,,,,,False,N,1
823781,2026-06-01,MIL,SF,pitch,293099de-8f34-3bbe-857b-ba51fb389fe0,9,86,14,1,606992,R,Eric Haase,663765,R,Jake Woodford,SF,MIL,137,158,Strikeout,Eric Haase strikes out swinging.,Strikeout,,1,2,1,2,S,Strike,foul,False,F,FC,Cutter,Foul,91.4,84.8,3.1,1.57,6.65,0.41,14,2274,1.3,9.0,-23.3,0.1794,1.2564,-0.11,0.75,-1.94,1.3,-0.11,0.38,False,False,False,False,False,0.1794,1.2564,4,8,2,2,1,341,73.6,,,,,,,,,,,,,False,N,1
823781,2026-06-01,MIL,SF,pitch,4288c845-fe07-3ec5-9b68-5548ee64ea8f,9,86,14,1,606992,R,Eric Haase,663765,R,Jake Woodford,SF,MIL,137,158,Strikeout,Eric Haase strikes out swinging.,Strikeout,,2,2,2,2,S,Strike,foul,False,F,SI,Sinker,Foul,95.4,87.6,3.1,1.57,6.76,0.39,6,2010,16.0,7.8,-22.1,0.4622,2.3767,1.33,0.65,-1.84,1.33,1.33,0.37,True,True,False,False,False,0.4622,2.3767,5,9,6,2,1,342,71.9,,,,,,,,,,,,,False,N,1
823781,2026-06-01,MIL,SF,pitch,f7d8a2c5-e5ef-392d-9b44-4b5f74b88cb0,9,86,14,1,606992,R,Eric Haase,663765,R,Jake Woodford,SF,MIL,137,158,Strikeout,Eric Haase strikes out swinging.,Strikeout,,2,2,2,2,S,Strike,swinging_strike,True,S,ST,Sweeper,Swinging Strike,81.5,74.4,3.1,1.57,6.54,0.46,12,2578,13.6,-0.4,-41.8,1.1002,2.7156,-1.13,-0.03,-3.48,13.6,-1.13,0.44,False,False,False,False,False,1.1002,2.7156,6,10,1,2,1,343,68.2,,,,,,,,,,,,,True,N,1
823781,2026-06-01,MIL,SF,pitch,aa9e3eb2-10cc-3793-a4cd-3cabf035c837,9,87,0,2,687551,L,Drew Gilbert,663765,R,Jake Woodford,SF,MIL,137,158,Groundout,"Drew Gilbert grounds out, second baseman David Hamilton to first baseman Jake Bauers.",Groundout,,0,0,0,0,S,Strike,called_strike,False,C,SI,Sinker,Called Strike,93.2,85.1,3.06,1.54,6.83,0.4,6,2075,17.4,1.7,-29.9,0.4452,2.2574,1.45,0.14,-2.49,1.45,1.45,0.38,True,True,False,True,False,0.4452,2.2574,1,11,7,3,1,344,,,,,,,,,,,,,,False,N,1
823781,2026-06-01,MIL,SF,pitch,a3196477-f0bb-31d8-b2ac-87f5d1eb1bae,9,87,0,2,687551,L,Drew Gilbert,663765,R,Jake Woodford,SF,MIL,137,158,Groundout,"Drew Gilbert grounds out, second baseman David Hamilton to first baseman Jake Bauers.",Groundout,"{""homeRunBallparks"": 0}",1,0,1,0,X,In Play,hit_into_play,False,X,FC,Cutter,"In play, out(s)",89.0,82.3,3.06,1.54,6.58,0.42,7,2324,2.4,5.9,-28.3,-0.355,1.7108,-0.2,0.49,-2.36,2.4,-0.2,0.4,True,True,False,True,False,-0.355,1.7108,2,12,3,3,1,345,70.8,7.0,0.13,0,66.57,125.87,99.5,-16.0,99.5,-16.0,,,,True,N,1
824027,2026-06-01,LAA,COL,pitch,f6966550-6e61-3566-acd7-70e61a959ad9,1,1,0,1,664983,L,Jake McCarthy,667755,R,José Soriano,COL,LAA,115,108,Groundout,Jake McCarthy grounds out to first baseman Vaughn Grissom.,Groundout,,0,0,0,0,B,Ball,ball,False,B,SI,Sinker,Ball,96.2,87.6,3.23,1.63,6.59,0.39,11,1971,16.8,1.3,-28.4,-1.3349,2.5694,1.4,0.11,-2.37,1.4,1.4,0.37,False,False,False,True,False,-1.3349,2.5694,1,1,1,1,1,1,,,,,,,,,,,,,,False,N,1
824027,2026-06-01,LAA,COL,pitch,18912ce2-3def-3696-904e-1bdaa8c91305,1,1,0,1,664983,L,Jake McCarthy,667755,R,José Soriano,COL,LAA,115,108,Groundout,Jake McCarthy grounds out to first baseman Vaughn Grissom.,Groundout,,0,1,0,1,S,Strike,foul,False,F,FF,4-Seam Fastball,Foul,97.2,88.0,3.23,1.63,6.57,0.39,5,2086,8.3,13.9,-15.4,-0.2,2.4699,0.69,1.16,-1.28,0.69,0.69,0.37,True,True,False,True,False,-0.2,2.4699,2,2,1,1,1,2,71.1,,,,,,,,,,,,,False,N,1
824027,2026-06-01,LAA,COL,pitch,921e7ffb-9b6a-3508-ad74-a63a15e97a94,1,1,0,1,664983,L,Jake McCarthy,667755,R,José Soriano,COL,LAA,115,108,Groundout,Jake McCarthy grounds out to first baseman Vaughn Grissom.,Groundout,"{""homeRunBallparks"": 0}",1,1,1,1,X,In Play,hit_into_play,False,X,KC,Knuckle Curve,"In play, out(s)",83.9,76.3,3.23,1.63,6.66,0.45,8,2397,16.0,-5.9,-45.2,-0.1429,2.0665,-1.33,-0.49,-3.77,16.0,-1.33,0.42,True,True,False,True,False,-0.1429,2.0665,3,3,1,1,1,3,72.2,4.0,0.07,0,60.98,72.77,86.3,-32.0,86.3,-32.0,,,,True,N,1
824027,2026-06-01,LAA,COL,pitch,f2c31903-42f5-3b87-8e45-0c7903de898a,1,2,0,1,671289,R,Tyler Freeman,667755,R,José Soriano,COL,LAA,115,108,Walk,Tyler Freeman walks.,Walk,,0,0,0,0,B,Ball,ball,False,B,SI,Sinker,Ball,94.9,86.4,3.15,1.59,6.61,0.4,11,1969,15.8,-0.4,-31.0,-1.2772,2.4598,1.32,-0.03,-2.58,1.32,1.32,0.37,False,False,False,False,False,-1.2772,2.4598,1,4,2,2,1,4,,,,,,,,,,,,,,False,N,1
824027,2026-06-01,LAA,COL,pitch,25b51273-597c-3a22-a68b-21032b018d57,1,2,0,1,671289,R,Tyler Freeman,667755,R,José Soriano,COL,LAA,115,108,Walk,Tyler Freeman walks.,Walk,,0,1,0,1,B,Ball,ball,False,B,SI,Sinker,Ball,96.0,87.5,3.15,1.59,6.64,0.39,11,1978,17.6,1.1,-28.8,-1.214,2.5452,1.47,0.09,-2.4,1.47,1.47,0.37,False,False,False,False,False,-1.214,2.5452,2,5,3,2,1,5,25.7,,,,,,,,,,,,,False,N,1
824027,2026-06-01,LAA,COL,pitch,9f308f66-4188-3eac-912c-800c25f2718a,1,2,0,1,671289,R,Tyler Freeman,667755,R,José Soriano,COL,LAA,115,108,Walk,Tyler Freeman walks.,Walk,,0,2,0,2,B,Ball,ball,False,B,KC,Knuckle Curve,Ball,85.2,77.7,3.15,1.59,6.83,0.44,14,2489,9.2,-9.4,-47.5,0.0722,1.2887,-0.77,-0.78,-3.96,9.2,-0.77,0.42,False,False,False,False,False,0.0722,1.2887,3,6,2,2,1,6,,,,,,,,,,,,,,False,N,1
824027,2026-06-01,LAA,COL,pitch,6b47d436-bfe7-3fc2-ae59-3167b807f68a,1,2,0,1,671289,R,Tyler Freeman,667755,R,José Soriano,COL,LAA,115,108,Walk,Tyler Freeman walks.,Walk,,0,3,0,3,S,Strike,called_strike,False,C,FF,4-Seam Fastball,Called Strike,96.1,87.1,3.15,1.59,6.63,0.39,5,2348,7.9,16.4,-13.4,-0.1973,2.5271,0.66,1.37,-1.12,0.66,0.66,0.37,True,True,False,False,False,-0.1973,2.5271,4,7,2,2,1,7,,,,,,,,,,,,,,False,N,1
824027,2026-06-01,LAA,COL,pitch,de5302f4-51c7-30b2-9a13-278080dca860,1,2,0,1,671289,R,Tyler Freeman,667755,R,José Soriano,COL,LAA,115,108,Walk,Tyler Freeman walks.,Walk,,1,3,1,3,B,Ball,ball,False,B,SI,Sinker,Ball,96.5,88.3,3.15,1.59,6.72,0.39,14,2010,13.9,2.9,-26.8,0.9122,1.5869,1.16,0.24,-2.23,1.16,1.16,0.37,False,False,False,False,False,0.9122,1.5869,5,8,4,2,1,8,,,,,,,,,,,,,,True,N,1
824027,2026-06-01,LAA,COL,pitch,781472de-bcaf-3053-9156-f07181b7c25f,1,3,14,1,696100,R,Hunter Goodman,667755,R,José Soriano,COL,LAA,115,108,Strikeout,Hunter Goodman strikes out swinging.,Strikeout,,0,0,0,0,S,Strike,called_strike,False,C,KC,Knuckle Curve,Called Strike,84.4,76.3,3.18,1.6,6.78,0.45,9,2467,15.5,-8.6,-47.8,0.6871,2.0203,-1.29,-0.72,-3.98,15.5,-1.29,0.42,True,True,False,False,False,0.6871,2.0203,1,9,3,3,1,9,,,,,,,,,,,True,,,False,N,1
824027,2026-06-01,LAA,COL,pitch,03ceac97-d7a4-3fde-9087-e8e0088302b0,1,3,14,1,696100,R,Hunter Goodman,667755,R,José Soriano,COL,LAA,115,108,Strikeout,Hunter Goodman strikes out swinging.,Strikeout,,1,0,1,0,S,Strike,swinging_strike,True,S,KC,Knuckle Curve,Swinging Strike,84.8,76.7,3.18,1.6,6.75,0.45,14,2336,14.9,-7.2,-46.1,0.704,1.0309,-1.24,-0.6,-3.84,14.9,-1.24,0.42,False,False,False,False,False,0.704,1.0309,2,10,4,3,1,10,77.0,,,,,,,,,,True,,,False,N,1
824027,2026-06-01,LAA,COL,pitch,d049ca01-2da1-3c03-b057-82bf3edd91ad,1,3,14,1,696100,R,Hunter Goodman,667755,R,José Soriano,COL,LAA,115,108,Strikeout,Hunter Goodman strikes out swinging.,Strikeout,,2,0,2,0,S,Strike,swinging_strike,True,S,KC,Knuckle Curve,Swinging Strike,84.7,77.4,3.18,1.6,6.87,0.45,14,2409,14.3,-7.0,-45.5,0.5713,0.8208,-1.19,-0.58,-3.79,14.3,-1.19,0.42,False,False,False,False,False,0.5713,0.8208,3,11,5,3,1,11,73.2,,,,,,,,,,True,,,True,N,1
824027,2026-06-01,LAA,COL,pitch,831d951f-029f-32a9-a550-9977d408b97b,1,4,33,2,687859,L,Troy Johnston,667755,R,José Soriano,COL,LAA,115,108,Single,Troy Johnston singles on a ground ball to center fielder Mike Trout. Tyler Freeman scores.,Single,,0,0,0,0,S,Strike,called_strike,False,C,SI,Sinker,Called Strike,96.9,88.5,3.16,1.59,6.7,0.39,8,1917,13.8,1.1,-28.2,-0.0268,1.9147,1.15,0.09,-2.35,1.15,1.15,0.37,True,True,False,False,False,-0.0268,1.9147,1,12,5,4,1,12,,,,,,,,,,,,True,,False,N,1
824027,2026-06-01,LAA,COL,pitch,829f6954-5b53-3067-8b9c-d7ad44377c39,1,4,33,2,687859,L,Troy Johnston,667755,R,José Soriano,COL,LAA,115,108,Single,Troy Johnston singles on a ground ball to center fielder Mike Trout. Tyler Freeman scores.,Single,"{""homeRunBallparks"": 0}",1,0,1,0,X,In Play,hit_into_play,False,E,SI,Sinker,"In play, run(s)",96.3,87.7,3.16,1.59,6.77,0.39,13,1982,15.1,2.0,-27.8,-0.1944,1.3561,1.26,0.17,-2.32,1.26,1.26,0.37,False,False,False,False,False,-0.1944,1.3561,2,13,6,4,1,13,72.1,42.0,0.29,0,6.97,39.41,89.3,1.0,89.3,1.0,,True,,True,N,1
824027,2026-06-01,LAA,COL,pitch,1bebf535-7432-39ee-8cee-4d92f73a742c,1,5,0,2,650489,L,Willi Castro,667755,R,José Soriano,COL,LAA,115,108,Walk,Willi Castro walks. Troy Johnston to 2nd.,Walk,,0,0,0,0,B,Ball,ball,False,B,KC,Knuckle Curve,Ball,84.9,77.5,3.2,1.62,6.79,0.44,4,2356,13.1,-8.2,-46.3,-0.7982,2.5256,-1.09,-0.68,-3.86,13.1,-1.09,0.42,True,True,False,False,False,-0.7982,2.5256,1,14,6,5,1,14,,,,,,,,,,,True,,,False,N,1
824027,2026-06-01,LAA,COL,pitch,6e7f68c4-0f91-3875-ab37-3df458654788,1,5,0,2,650489,L,Willi Castro,667755,R,José Soriano,COL,LAA,115,108,Walk,Willi Castro walks. Troy Johnston to 2nd.,Walk,,0,1,0,1,B,Ball,blocked_ball,False,*B,FF,4-Seam Fastball,Ball In Dirt,96.5,88.5,3.2,1.62,6.86,0.39,14,2122,6.6,11.9,-17.8,1.329,0.3102,0.55,0.99,-1.48,0.55,0.55,0.37,False,False,False,False,False,1.329,0.3102,2,15,3,5,1,15,,,,,,,,,,,True,,,False,N,1
824027,2026-06-01,LAA,COL,pitch,2d7185a9-ba10-3392-918b-5eb1169349a2,1,5,0,2,650489,L,Willi Castro,667755,R,José Soriano,COL,LAA,115,108,Walk,Willi Castro walks. Troy Johnston to 2nd.,Walk,,0,2,0,2,B,Ball,ball,False,B,KC,Knuckle Curve,Ball,84.8,77.2,3.2,1.62,6.67,0.45,13,2430,7.8,-6.1,-44.6,-0.3971,1.465,-0.65,-0.51,-3.72,7.8,-0.65,0.42,False,False,False,False,True,-0.3971,1.465,3,16,7,5,1,16,,,,,,,,,,,True,,,False,N,1
824027,2026-06-01,LAA,COL,pitch,a48be273-bc50-3131-a935-096ea819f9a2,1,5,0,2,650489,L,Willi Castro,667755,R,José Soriano,COL,LAA,115,108,Walk,Willi Castro walks. Troy Johnston to 2nd.,Walk,,0,3,0,3,S,Strike,called_strike,False,C,FF,4-Seam Fastball,Called Strike,96.7,86.9,3.2,1.62,6.72,0.39,8,2246,10.8,15.6,-14.3,-0.0414,1.5765,0.9,1.3,-1.19,0.9,0.9,0.37,True,True,False,False,False,-0.0414,1.5765,4,17,4,5,1,17,,,,,,,,,,,True,,,False,N,1
824027,2026-06-01,LAA,COL,pitch,cd5e7c62-18bb-3f66-afe8-fe31cc890824,1,5,0,2,650489,L,Willi Castro,667755,R,José Soriano,COL,LAA,115,108,Walk,Willi Castro walks. Troy Johnston to 2nd.,Walk,,1,3,1,3,B,Ball,ball,False,B,FF,4-Seam Fastball,Ball,98.0,88.5,3.2,1.62,6.76,0.39,13,2243,10.0,12.6,-16.2,-1.0463,1.961,0.83,1.05,-1.35,0.83,0.83,0.36,False,False,False,False,False,-1.0463,1.961,5,18,5,5,1,18,,,,,,,,,,,True,,,True,N,1
824027,2026-06-01,LAA,COL,pitch,3719aa5e-b0b1-3e7f-bcb8-64eab4516c83,1,6,14,2,678662,R,Ezequiel Tovar,667755,R,José Soriano,COL,LAA,115,108,Strikeout,Ezequiel Tovar strikes out swinging.,Strikeout,,0,0,0,0,S,Strike,called_strike,False,C,SI,Sinker,Called Strike,96.0,87.5,3.22,1.62,6.76,0.39,7,2029,13.8,0.8,-29.0,-0.4154,2.0141,1.15,0.07,-2.42,1.15,1.15,0.37,True,True,False,False,False,-0.4154,2.0141,1,19,7,6,1,19,,,,,,,,,,,,,,False,N,1
824027,2026-06-01,LAA,COL,pitch,3cb7a809-6ed8-3282-8060-96d57bc09191,1,6,14,2,678662,R,Ezequiel Tovar,667755,R,José Soriano,COL,LAA,115,108,Strikeout,Ezequiel Tovar strikes out swinging.,Strikeout,,1,0,1,0,S,Strike,swinging_strike,True,S,KC,Knuckle Curve,Swinging Strike,85.7,78.2,3.22,1.62,6.92,0.44,14,2423,11.4,-8.4,-46.2,1.1948,1.2302,-0.95,-0.7,-3.85,11.4,-0.95,0.42,False,False,False,False,False,1.1948,1.2302,2,20,8,6,1,20,68.9,,,,,,,,,,,,,False,N,1
824027,2026-06-01,LAA,COL,pitch,7fd81101-f6de-37f7-9f6f-7c20a052d3ea,1,6,14,2,678662,R,Ezequiel Tovar,667755,R,José Soriano,COL,LAA,115,108,Strikeout,Ezequiel Tovar strikes out swinging.,Strikeout,,2,0,2,0,B,Ball,blocked_ball,False,*B,KC,Knuckle Curve,Ball In Dirt,85.7,78.9,3.22,1.62,7.05,0.44,14,2414,7.3,-6.4,-43.9,1.6373,0.2908,-0.61,-0.53,-3.66,7.3,-0.61,0.41,False,False,False,False,False,1.6373,0.2908,3,21,9,6,1,21,,,,,,,,,,,,,,False,N,1
824027,2026-06-01,LAA,COL,pitch,9e0b36c0-76d8-357a-871f-d9d9b9ea3fea,1,6,14,2,678662,R,Ezequiel Tovar,667755,R,José Soriano,COL,LAA,115,108,Strikeout,Ezequiel Tovar strikes out swinging.,Strikeout,,2,1,2,1,S,Strike,foul,False,F,FF,4-Seam Fastball,Foul,96.2,87.0,3.22,1.62,6.75,0.39,5,2196,9.8,13.1,-16.8,-0.0575,2.3373,0.82,1.09,-1.4,0.82,0.82,0.37,True,True,False,False,False,-0.0575,2.3373,4,22,6,6,1,22,71.7,,,,,,,,,,,,,False,N,1
824027,2026-06-01,LAA,COL,pitch,b66045d7-dbfa-3e4a-8161-0f4593810960,1,6,14,2,678662,R,Ezequiel Tovar,667755,R,José Soriano,COL,LAA,115,108,Strikeout,Ezequiel Tovar strikes out swinging.,Strikeout,,2,1,2,1,S,Strike,foul,False,F,FF,4-Seam Fastball,Foul,97.4,87.7,3.22,1.62,6.85,0.39,5,2207,9.1,14.5,-14.8,0.1394,2.5609,0.76,1.21,-1.23,0.76,0.76,0.37,True,True,False,False,False,0.1394,2.5609,5,23,7,6,1,23,68.3,,,,,,,,,,,,,False,N,1
824027,2026-06-01,LAA,COL,pitch,74d63cb8-fb89-363e-ae79-17543a366acf,1,6,14,2,678662,R,Ezequiel Tovar,667755,R,José Soriano,COL,LAA,115,108,Strikeout,Ezequiel Tovar strikes out swinging.,Strikeout,,2,1,2,1,S,Strike,swinging_strike,True,S,KC,Knuckle Curve,Swinging Strike,84.9,77.4,3.22,1.62,7.01,0.45,14,2526,14.8,-7.6,-46.1,0.6545,1.4279,-1.23,-0.63,-3.84,14.8,-1.23,0.42,False,False,False,False,False,0.6545,1.4279,6,24,10,6,1,24,72.0,,,,,,,,,,,,,True,N,1
824027,2026-06-01,LAA,COL,pitch,534ab97a-5fd1-3cf9-a012-71088e92e2ed,1,7,33,0,624585,R,Jorge Soler,607536,L,Kyle Freeland,LAA,COL,108,115,Single,Jorge Soler singles on a line drive to left fielder Troy Johnston.,Single,,0,0,0,0,B,Ball,ball,False,B,FF,4-Seam Fastball,Ball,90.2,81.3,3.35,1.69,6.51,0.42,12,2329,9.1,15.7,-18.4,1.4458,2.8132,-0.76,1.31,-1.53,9.1,-0.76,0.39,False,False,False,False,False,1.4458,2.8132,1,1,1,1,1,25,,,,,,,,,,,,,,False,N,1
824027,2026-06-01,LAA,COL,pitch,dc2866c2-cdef-3372-88aa-07f444e208ca,1,7,33,0,624585,R,Jorge Soler,607536,L,Kyle Freeland,LAA,COL,108,115,Single,Jorge Soler singles on a line drive to left fielder Troy Johnston.,Single,,0,1,0,1,S,Strike,swinging_strike,True,S,FF,4-Seam Fastball,Swinging Strike,90.8,81.9,3.35,1.69,6.39,0.42,5,2386,11.0,16.1,-17.6,-0.0489,2.609,-0.92,1.34,-1.47,11.0,-0.92,0.39,True,True,False,False,False,-0.0489,2.609,2,2,2,1,1,26,83.1,,,,,,,,,,,,,False,N,1
824027,2026-06-01,LAA,COL,pitch,3ef3a0d9-dee8-3ada-b5a5-41385c10503f,1,7,33,0,624585,R,Jorge Soler,607536,L,Kyle Freeland,LAA,COL,108,115,Single,Jorge Soler singles on a line drive to left fielder Troy Johnston.,Single,"{""homeRunBallparks"": 0}",1,1,1,1,X,In Play,hit_into_play,False,D,KC,Knuckle Curve,"In play, no out",81.0,74.4,3.35,1.69,6.41,0.47,9,2309,0.2,-6.6,-48.5,0.5049,2.1449,-0.02,-0.55,-4.04,0.2,-0.02,0.44,True,True,False,False,False,0.5049,2.1449,3,3,1,1,1,27,78.1,170.0,0.71,0,-75.76,235.15,111.6,7.0,111.6,7.0,,,,True,N,1
824027,2026-06-01,LAA,COL,pitch,a258f91b-a54e-34bc-b3b2-efeedf25529d,1,8,33,0,545361,R,Mike Trout,607536,L,Kyle Freeland,LAA,COL,108,115,Single,Mike Trout singles on a sharp line drive to center fielder Jake McCarthy. Jorge Soler to 2nd.,Single,,0,0,0,0,S,Strike,called_strike,False,C,FC,Cutter,Called Strike,83.9,76.3,3.24,1.64,6.58,0.45,7,2153,3.4,3.4,-36.0,-0.5367,1.9076,0.28,0.28,-3.0,0.28,0.28,0.42,True,True,False,False,False,-0.5367,1.9076,1,4,1,2,1,28,,,,,,,,,,,True,,,False,N,1
824027,2026-06-01,LAA,COL,pitch,e532ffb2-8d96-3971-a2b8-9d92fa72abcb,1,8,33,0,545361,R,Mike Trout,607536,L,Kyle Freeland,LAA,COL,108,115,Single,Mike Trout singles on a sharp line drive to center fielder Jake McCarthy. Jorge Soler to 2nd.,Single,,1,0,1,0,B,Ball,ball,False,B,FF,4-Seam Fastball,Ball,90.7,82.0,3.24,1.64,6.55,0.42,11,2303,6.4,15.6,-18.1,-0.7396,3.6121,-0.53,1.3,-1.51,6.4,-0.53,0.39,False,False,False,False,False,-0.7396,3.6121,2,5,3,2,1,29,,,,,,,,,,,True,,,False,N,1
824027,2026-06-01,LAA,COL,pitch,53d85198-a4dd-38aa-acfb-e87940c757ee,1,8,33,0,545361,R,Mike Trout,607536,L,Kyle Freeland,LAA,COL,108,115,Single,Mike Trout singles on a sharp line drive to center fielder Jake McCarthy. Jorge Soler to 2nd.,Single,"{""homeRunBallparks"": 0}",1,1,1,1,X,In Play,hit_into_play,False,D,CH,Changeup,"In play, no out",86.3,78.3,3.24,1.64,6.37,0.44,6,1571,11.9,5.5,-31.6,0.6867,2.1746,-0.99,0.46,-2.63,11.9,-0.99,0.41,True,True,False,False,False,0.6867,2.1746,3,6,1,2,1,30,76.3,207.0,0.75,0,20.46,284.81,102.4,9.0,102.4,9.0,True,,,True,N,1
824027,2026-06-01,LAA,COL,pitch,f5d24d31-1ed1-3591-8d30-c419c9bf0355,1,9,0,1,687093,R,Vaughn Grissom,607536,L,Kyle Freeland,LAA,COL,108,115,Flyout,Vaughn Grissom flies out to right fielder Tyler Freeman. Jorge Soler to 3rd.,Flyout,,0,0,0,0,B,Ball,ball,False,B,KC,Knuckle Curve,Ball,81.4,74.4,3.3,1.67,6.39,0.46,12,2352,4.4,-6.8,-48.4,2.1133,2.6585,0.37,-0.57,-4.03,0.37,0.37,0.44,False,False,False,True,False,2.1133,2.6585,1,7,2,3,1,31,,,,,,,,,,,,True,,False,N,1
824027,2026-06-01,LAA,COL,pitch,1406edea-44a6-3262-af93-54c807af2316,1,9,0,1,687093,R,Vaughn Grissom,607536,L,Kyle Freeland,LAA,COL,108,115,Flyout,Vaughn Grissom flies out to right fielder Tyler Freeman. Jorge Soler to 3rd.,Flyout,,0,1,0,1,S,Strike,called_strike,False,C,FC,Cutter,Called Strike,87.7,80.3,3.3,1.67,6.5,0.43,9,2335,1.3,12.0,-23.6,0.3508,1.5868,0.11,1.0,-1.97,0.11,0.11,0.4,True,True,False,True,True,0.3508,1.5868,2,8,2,3,1,32,,,,,,,,,,,,True,,False,N,1
824027,2026-06-01,LAA,COL,pitch,4e5d99d9-80b9-3776-bb4e-23b2d84f08b3,1,9,0,1,687093,R,Vaughn Grissom,607536,L,Kyle Freeland,LAA,COL,108,115,Flyout,Vaughn Grissom flies out to right fielder Tyler Freeman. Jorge Soler to 3rd.,Flyout,"{""homeRunBallparks"": 0}",1,1,1,1,X,In Play,hit_into_play,False,X,KC,Knuckle Curve,"In play, out(s)",82.0,75.2,3.3,1.67,6.49,0.46,8,2330,4.1,-7.7,-48.7,-0.0805,1.7979,0.34,-0.64,-4.06,0.34,0.34,0.43,True,True,False,True,False,-0.0805,1.7979,3,9,3,3,1,33,74.8,309.0,0.01,0,118.16,285.6,90.7,37.0,90.7,37.0,,True,,True,N,1
824027,2026-06-01,LAA,COL,pitch,8e201085-940b-3657-b1b1-7ef509c59c0e,1,10,14,1,666176,R,Jo Adell,607536,L,Kyle Freeland,LAA,COL,108,115,Strikeout,Jo Adell strikes out swinging.,Strikeout,,0,0,0,0,S,Strike,called_strike,False,C,KC,Knuckle Curve,Called Strike,81.2,74.1,3.3,1.67,6.52,0.47,3,2306,1.6,-7.0,-48.7,0.7442,2.9989,0.13,-0.58,-4.06,0.13,0.13,0.44,True,True,False,False,False,0.7442,2.9989,1,10,4,4,1,34,,,,,,,,,,,,,,False,N,1
824027,2026-06-01,LAA,COL,pitch,cd85422d-9ce5-3472-86bc-59d345c517f9,1,10,14,1,666176,R,Jo Adell,607536,L,Kyle Freeland,LAA,COL,108,115,Strikeout,Jo Adell strikes out swinging.,Strikeout,,1,0,1,0,S,Strike,foul,False,F,FF,4-Seam Fastball,Foul,92.1,83.4,3.3,1.67,6.59,0.41,4,2378,6.4,16.9,-15.7,-0.4836,2.716,-0.53,1.41,-1.31,6.4,-0.53,0.39,True,True,False,False,False,-0.4836,2.716,2,11,4,4,1,35,75.4,,,,,,,,,,,,,False,N,1
824027,2026-06-01,LAA,COL,pitch,c51564f8-3004-38d5-8fe3-c06dde68cf2a,1,10,14,1,666176,R,Jo Adell,607536,L,Kyle Freeland,LAA,COL,108,115,Strikeout,Jo Adell strikes out swinging.,Strikeout,,2,0,2,0,S,Strike,swinging_strike,True,S,FC,Cutter,Swinging Strike,85.4,78.2,3.3,1.67,6.58,0.44,13,2377,3.5,3.7,-34.2,-0.924,1.2069,0.29,0.31,-2.85,0.29,0.29,0.42,False,False,False,False,False,-0.924,1.2069,3,12,3,4,1,36,82.9,,,,,,,,,,,,,True,N,1
824027,2026-06-01,LAA,COL,pitch,7cc08018-a7d9-3b91-8e01-62a380c2c145,1,11,0,2,672724,R,Oswald Peraza,607536,L,Kyle Freeland,LAA,COL,108,115,Flyout,Oswald Peraza flies out sharply to center fielder Jake McCarthy.,Flyout,,0,0,0,0,B,Ball,blocked_ball,False,*B,KC,Knuckle Curve,Ball In Dirt,83.0,77.3,3.19,1.61,6.56,0.45,13,2457,2.9,-6.0,-45.7,-1.5689,-0.0354,0.24,-0.5,-3.81,0.24,0.24,0.43,False,False,False,True,False,-1.5689,-0.0354,1,13,5,5,1,37,,,,,,,,,,,,,,False,N,1
824027,2026-06-01,LAA,COL,pitch,0de9decf-c957-3491-8800-7bf47176b18c,1,11,0,2,672724,R,Oswald Peraza,607536,L,Kyle Freeland,LAA,COL,108,115,Flyout,Oswald Peraza flies out sharply to center fielder Jake McCarthy.,Flyout,,0,1,0,1,B,Ball,ball,False,B,FC,Cutter,Ball,88.2,80.7,3.19,1.61,6.39,0.43,13,2434,4.6,9.1,-26.3,-1.3342,2.0732,0.38,0.76,-2.19,0.38,0.38,0.4,False,False,False,True,False,-1.3342,2.0732,2,14,4,5,1,38,,,,,,,,,,,,,,False,N,1
824027,2026-06-01,LAA,COL,pitch,87d6b7b1-020e-3049-b891-7bb5a67857cc,1,11,0,2,672724,R,Oswald Peraza,607536,L,Kyle Freeland,LAA,COL,108,115,Flyout,Oswald Peraza flies out sharply to center fielder Jake McCarthy.,Flyout,,0,2,0,2,S,Strike,foul,False,F,FF,4-Seam Fastball,Foul,91.8,82.8,3.19,1.61,6.53,0.41,5,2419,7.1,18.4,-14.6,-0.0521,2.2359,-0.59,1.53,-1.22,7.1,-0.59,0.39,True,True,False,True,False,-0.0521,2.2359,3,15,5,5,1,39,73.0,,,,,,,,,,,,,False,N,1
824027,2026-06-01,LAA,COL,pitch,cb06c280-a2cb-3731-ab59-e2118c07f8f1,1,11,0,2,672724,R,Oswald Peraza,607536,L,Kyle Freeland,LAA,COL,108,115,Flyout,Oswald Peraza flies out sharply to center fielder Jake McCarthy.,Flyout,"{""homeRunBallparks"": 1}",1,2,1,2,X,In Play,hit_into_play,False,X,FC,Cutter,"In play, out(s)",87.7,80.6,3.19,1.61,6.48,0.43,8,2424,1.0,10.0,-25.7,-0.057,1.7153,0.08,0.83,-2.14,0.08,0.08,0.4,True,True,False,True,False,-0.057,1.7153,4,16,5,5,1,40,76.4,389.0,0.6,1,-56.76,384.74,100.7,29.0,100.7,29.0,,,,True,N,1
824027,2026-06-01,LAA,COL,pitch,a5b9434c-35ce-3c11-98b9-bbfbeafe6b2a,2,12,0,0,666397,L,Edouard Julien,667755,R,José Soriano,COL,LAA,115,108,Walk,Edouard Julien walks.,Walk,,0,0,0,0,B,Ball,ball,False,B,FF,4-Seam Fastball,Ball,95.6,85.8,3.24,1.63,6.68,0.4,13,2211,11.5,15.1,-15.4,-0.3085,1.0985,0.96,1.26,-1.28,0.96,0.96,0.37,False,False,False,False,False,-0.3085,1.0985,1,25,8,7,1,41,,,,,,,,,,,,,,False,N,1
824027,2026-06-01,LAA,COL,pitch,7aff8459-8944-3bee-bdbe-5799a6a3ac5f,2,12,0,0,666397,L,Edouard Julien,667755,R,José Soriano,COL,LAA,115,108,Walk,Edouard Julien walks.,Walk,,0,1,0,1,S,Strike,swinging_strike,True,S,KC,Knuckle Curve,Swinging Strike,84.1,76.2,3.24,1.63,6.83,0.45,13,2383,9.0,-5.3,-44.5,-0.028,1.4578,-0.75,-0.44,-3.71,9.0,-0.75,0.42,False,False,False,False,False,-0.028,1.4578,2,26,11,7,1,42,73.5,,,,,,,,,,,,,False,N,1
824027,2026-06-01,LAA,COL,pitch,d81d1053-44f7-3087-84a1-96012841b6fc,2,12,0,0,666397,L,Edouard Julien,667755,R,José Soriano,COL,LAA,115,108,Walk,Edouard Julien walks.,Walk,,1,1,1,1,B,Ball,ball,False,B,KC,Knuckle Curve,Ball,85.6,77.9,3.24,1.63,6.78,0.44,13,2380,14.8,-6.8,-44.6,-0.0502,1.4242,-1.23,-0.57,-3.72,14.8,-1.23,0.42,False,False,False,False,False,-0.0502,1.4242,3,27,12,7,1,43,,,,,,,,,,,,,,False,N,1
824027,2026-06-01,LAA,COL,pitch,195ccf6b-2c33-3591-9092-b241c56a1580,2,12,0,0,666397,L,Edouard Julien,667755,R,José Soriano,COL,LAA,115,108,Walk,Edouard Julien walks.,Walk,,1,2,1,2,B,Ball,ball,False,B,SI,Sinker,Ball,97.2,88.3,3.24,1.63,6.77,0.39,9,2066,16.6,1.3,-28.0,0.7344,1.5914,1.38,0.11,-2.33,1.38,1.38,0.37,True,True,False,False,False,0.7344,1.5914,4,28,8,7,1,44,,,,,,,,,,,,,,False,N,1
824027,2026-06-01,LAA,COL,pitch,482b8e73-61ed-3ddb-980c-3530da9e69cd,2,12,0,0,666397,L,Edouard Julien,667755,R,José Soriano,COL,LAA,115,108,Walk,Edouard Julien walks.,Walk,,1,3,1,3,B,Ball,ball,False,B,FF,4-Seam Fastball,Ball,98.2,88.3,3.24,1.63,6.71,0.39,13,2299,11.3,14.5,-14.5,-0.1379,0.8618,0.94,1.21,-1.21,0.94,0.94,0.36,False,False,False,False,False,-0.1379,0.8618,5,29,9,7,1,45,,,,,,,,,,,,,,True,N,1
824027,2026-06-01,LAA,COL,pitch,4c5502fa-ce3b-32db-bee4-7fc70f87209e,2,13,0,2,694514,L,Sterlin Thompson,667755,R,José Soriano,COL,LAA,115,108,Strikeout Double Play,"Sterlin Thompson strikes out swinging and Edouard Julien caught stealing 2nd, catcher Logan O'Hoppe to shortstop Oswald Peraza to catcher Logan O'Hoppe.",Strikeout Double Play,,0,0,0,0,S,Strike,foul_tip,True,T,SI,Sinker,Foul Tip,97.4,89.0,3.34,1.69,6.69,0.39,13,1997,17.6,0.8,-28.1,-1.0383,2.0883,1.47,0.07,-2.34,1.47,1.47,0.36,False,False,False,False,False,-1.0383,2.0883,1,30,9,8,1,46,76.3,,,,,,,,,,True,,,False,N,1
824027,2026-06-01,LAA,COL,pitch,a111d7c3-05d0-3609-b269-406606c65e2f,2,13,0,2,694514,L,Sterlin Thompson,667755,R,José Soriano,COL,LAA,115,108,Strikeout Double Play,"Sterlin Thompson strikes out swinging and Edouard Julien caught stealing 2nd, catcher Logan O'Hoppe to shortstop Oswald Peraza to catcher Logan O'Hoppe.",Strikeout Double Play,,1,0,1,0,B,Ball,ball,False,B,FS,Splitter,Ball,93.2,84.5,3.34,1.69,7.15,0.41,14,1800,17.3,0.7,-31.3,0.2455,1.2399,1.44,0.06,-2.61,1.44,1.44,0.38,False,False,False,False,False,0.2455,1.2399,2,31,1,8,1,47,,,,,,,,,,,True,,,False,N,1
824027,2026-06-01,LAA,COL,pitch,7e7bc303-6970-3ecb-98b3-c79966488dfa,2,13,0,2,694514,L,Sterlin Thompson,667755,R,José Soriano,COL,LAA,115,108,Strikeout Double Play,"Sterlin Thompson strikes out swinging and Edouard Julien caught stealing 2nd, catcher Logan O'Hoppe to shortstop Oswald Peraza to catcher Logan O'Hoppe.",Strikeout Double Play,,1,1,1,1,S,Strike,foul,False,F,FF,4-Seam Fastball,Foul,97.1,86.7,3.34,1.69,6.64,0.39,11,2239,8.9,16.8,-12.8,-0.8407,3.404,0.74,1.4,-1.07,0.74,0.74,0.37,False,False,False,False,False,-0.8407,3.404,3,32,10,8,1,48,74.9,,,,,,,,,,True,,,False,N,1
824027,2026-06-01,LAA,COL,pitch,d0fd6958-79e5-324e-998e-3126a1cb8fc9,2,13,0,2,694514,L,Sterlin Thompson,667755,R,José Soriano,COL,LAA,115,108,Strikeout Double Play,"Sterlin Thompson strikes out swinging and Edouard Julien caught stealing 2nd, catcher Logan O'Hoppe to shortstop Oswald Peraza to catcher Logan O'Hoppe.",Strikeout Double Play,,2,1,2,1,S,Strike,foul,False,F,KC,Knuckle Curve,Foul,84.3,76.4,3.34,1.69,7.04,0.45,14,2318,12.7,-5.3,-44.5,0.6535,1.2968,-1.06,-0.44,-3.71,12.7,-1.06,0.42,False,False,False,False,False,0.6535,1.2968,4,33,13,8,1,49,66.0,,,,,,,,,,True,,,False,N,1
824027,2026-06-01,LAA,COL,pitch,3cc50455-0042-36e3-84db-75cba7aa7ea4,2,13,0,2,694514,L,Sterlin Thompson,667755,R,José Soriano,COL,LAA,115,108,Strikeout Double Play,"Sterlin Thompson strikes out swinging and Edouard Julien caught stealing 2nd, catcher Logan O'Hoppe to shortstop Oswald Peraza to catcher Logan O'Hoppe.",Strikeout Double Play,,2,1,2,1,B,Ball,ball,False,B,FS,Splitter,Ball,91.2,83.2,3.34,1.69,6.71,0.41,11,1648,13.8,-0.7,-33.6,-1.1556,3.5139,1.15,-0.06,-2.8,1.15,1.15,0.39,False,False,False,False,False,-1.1556,3.5139,5,34,2,8,1,50,,,,,,,,,,,True,,,False,N,1
824027,2026-06-01,LAA,COL,pitch,95cde32c-927b-3f66-a0be-cf5f5a4916b9,2,13,0,2,694514,L,Sterlin Thompson,667755,R,José Soriano,COL,LAA,115,108,Strikeout Double Play,"Sterlin Thompson strikes out swinging and Edouard Julien caught stealing 2nd, catcher Logan O'Hoppe to shortstop Oswald Peraza to catcher Logan O'Hoppe.",Strikeout Double Play,,2,2,2,2,B,Ball,ball,False,B,SI,Sinker,Ball,97.4,88.9,3.34,1.69,6.86,0.39,14,1975,18.2,3.0,-26.2,0.4256,1.2035,1.52,0.25,-2.18,1.52,1.52,0.36,False,False,False,False,False,0.4256,1.2035,6,35,10,8,1,51,,,,,,,,,,,True,,,False,N,1
824027,2026-06-01,LAA,COL,pitch,4a634a2c-23cd-3194-ac2e-53a52c5bed39,2,13,0,2,694514,L,Sterlin Thompson,667755,R,José Soriano,COL,LAA,115,108,Strikeout Double Play,"Sterlin Thompson strikes out swinging and Edouard Julien caught stealing 2nd, catcher Logan O'Hoppe to shortstop Oswald Peraza to catcher Logan O'Hoppe.",Strikeout Double Play,,2,3,2,3,S,Strike,swinging_strike,True,S,KC,Knuckle Curve,Swinging Strike,84.5,77.6,3.34,1.69,6.72,0.45,5,2392,15.6,-6.4,-44.8,0.0585,2.2107,-1.3,-0.53,-3.73,15.6,-1.3,0.42,True,True,False,False,False,0.0585,2.2107,7,36,14,8,1,52,70.0,,,,,,,,,,True,,,True,N,1
824027,2026-06-01,LAA,COL,pitch,42ae3218-4881-380c-b25a-ad17da60c4f6,2,14,0,2,691720,R,Kyle Karros,667755,R,José Soriano,COL,LAA,115,108,Groundout,"Kyle Karros grounds out, third baseman Donovan Walton to first baseman Vaughn Grissom.",Groundout,,0,0,0,0,S,Strike,called_strike,False,C,FF,4-Seam Fastball,Called Strike,98.2,89.2,3.43,1.73,6.8,0.39,8,2227,11.9,14.6,-13.9,-0.1444,2.0336,0.99,1.22,-1.16,0.99,0.99,0.36,True,True,False,True,False,-0.1444,2.0336,1,37,11,9,1,53,,,,,,,,,,,,,,False,N,1
824027,2026-06-01,LAA,COL,pitch,7965bce8-0ee3-3d9c-b15a-9a4112f5d3f8,2,14,0,2,691720,R,Kyle Karros,667755,R,José Soriano,COL,LAA,115,108,Groundout,"Kyle Karros grounds out, third baseman Donovan Walton to first baseman Vaughn Grissom.",Groundout,,1,0,1,0,B,Ball,ball,False,B,KC,Knuckle Curve,Ball,84.9,77.5,3.43,1.73,6.9,0.45,14,2414,18.5,-7.4,-45.8,0.9758,1.662,-1.54,-0.62,-3.82,18.5,-1.54,0.42,False,False,False,True,False,0.9758,1.662,2,38,15,9,1,54,17.2,,,,,,,,,,,,,False,N,1
824027,2026-06-01,LAA,COL,pitch,2968b9ad-00dc-356c-80e2-f146f1a6341e,2,14,0,2,691720,R,Kyle Karros,667755,R,José Soriano,COL,LAA,115,108,Groundout,"Kyle Karros grounds out, third baseman Donovan Walton to first baseman Vaughn Grissom.",Groundout,,1,1,1,1,S,Strike,swinging_strike,True,S,SI,Sinker,Swinging Strike,97.4,89.4,3.43,1.73,6.68,0.39,13,1983,15.8,2.3,-26.6,-0.0652,1.5088,1.32,0.19,-2.22,1.32,1.32,0.36,False,False,False,True,False,-0.0652,1.5088,3,39,11,9,1,55,77.9,,,,,,,,,,,,,False,N,1
824027,2026-06-01,LAA,COL,pitch,f1b15ba3-a144-346c-9a1f-be4bb59eeb62,2,14,0,2,691720,R,Kyle Karros,667755,R,José Soriano,COL,LAA,115,108,Groundout,"Kyle Karros grounds out, third baseman Donovan Walton to first baseman Vaughn Grissom.",Groundout,"{""homeRunBallparks"": 0}",2,1,2,1,X,In Play,hit_into_play,False,X,KC,Knuckle Curve,"In play, out(s)",85.8,78.7,3.43,1.73,6.76,0.44,8,2375,11.6,-3.5,-40.8,0.1425,2.2466,-0.97,-0.29,-3.4,11.6,-0.97,0.41,True,True,False,True,False,0.1425,2.2466,4,40,16,9,1,56,65.0,5.0,0.16,0,-28.3,88.73,63.9,-44.0,63.9,-44.0,,,,True,N,1
824027,2026-06-01,LAA,COL,pitch,b281242e-c689-36d6-9ad7-90d6fd3474d6,2,15,0,1,642350,R,Jose Siri,607536,L,Kyle Freeland,LAA,COL,108,115,Flyout,Jose Siri flies out sharply to center fielder Jake McCarthy.,Flyout,"{""homeRunBallparks"": 0}",0,0,0,0,X,In Play,hit_into_play,False,X,KC,Knuckle Curve,"In play, out(s)",80.4,74.7,3.3,1.67,6.51,0.47,6,2287,2.6,-5.2,-47.2,0.2878,2.3017,0.22,-0.43,-3.93,0.22,0.22,0.44,True,True,False,True,False,0.2878,2.3017,1,17,6,6,1,57,79.4,334.0,0.06,0,-72.29,325.33,100.4,43.0,100.4,43.0,,,,True,N,1
824027,2026-06-01,LAA,COL,pitch,143437f9-3b36-3b84-95a6-4dc4417d4a4e,2,16,0,1,663611,R,Nick Madrigal,607536,L,Kyle Freeland,LAA,COL,108,115,Groundout,"Nick Madrigal grounds out, shortstop Ezequiel Tovar to first baseman Edouard Julien.",Groundout,,0,0,0,0,S,Strike,called_strike,False,C,FF,4-Seam Fastball,Called Strike,90.5,82.3,2.97,1.5,6.59,0.42,8,2436,7.2,16.1,-17.6,-0.1879,1.6967,-0.6,1.34,-1.47,7.2,-0.6,0.39,True,True,False,True,False,-0.1879,1.6967,1,18,6,7,1,58,,,,,,,,,,,,,,False,N,1
824027,2026-06-01,LAA,COL,pitch,5a220e1d-9d51-34be-8987-46271764a4f9,2,16,0,1,663611,R,Nick Madrigal,607536,L,Kyle Freeland,LAA,COL,108,115,Groundout,"Nick Madrigal grounds out, shortstop Ezequiel Tovar to first baseman Edouard Julien.",Groundout,"{""homeRunBallparks"": 0}",1,0,1,0,X,In Play,hit_into_play,False,X,CH,Changeup,"In play, out(s)",86.4,78.6,2.97,1.5,6.44,0.44,9,1893,15.7,7.0,-30.1,0.7342,1.3971,-1.31,0.58,-2.51,15.7,-1.31,0.41,True,True,False,True,False,0.7342,1.3971,2,19,2,7,1,59,68.9,5.0,0.2,0,-29.48,110.71,99.3,-18.0,99.3,-18.0,,,,True,N,1
824027,2026-06-01,LAA,COL,pitch,06da0a88-85f4-3ad5-ac3f-6eb1c62315ee,2,17,14,2,681351,R,Logan O'Hoppe,607536,L,Kyle Freeland,LAA,COL,108,115,Strikeout,Logan O'Hoppe strikes out swinging.,Strikeout,,0,0,0,0,S,Strike,called_strike,False,C,FF,4-Seam Fastball,Called Strike,90.8,81.8,3.29,1.66,6.57,0.42,2,2392,10.3,16.7,-16.9,0.2057,2.8791,-0.86,1.39,-1.41,10.3,-0.86,0.39,True,True,False,False,False,0.2057,2.8791,1,20,7,8,1,60,,,,,,,,,,,,,,False,N,1
824027,2026-06-01,LAA,COL,pitch,4d627ea6-cf7a-3be0-a096-32dfdd7d1acc,2,17,14,2,681351,R,Logan O'Hoppe,607536,L,Kyle Freeland,LAA,COL,108,115,Strikeout,Logan O'Hoppe strikes out swinging.,Strikeout,,1,0,1,0,S,Strike,foul,False,F,FF,4-Seam Fastball,Foul,91.6,82.8,3.29,1.66,6.64,0.41,4,2418,8.4,18.4,-14.6,-0.6862,2.6483,-0.7,1.53,-1.22,8.4,-0.7,0.39,True,True,False,False,False,-0.6862,2.6483,2,21,8,8,1,61,80.9,,,,,,,,,,,,,False,N,1
824027,2026-06-01,LAA,COL,pitch,b37d6473-2df8-3bba-a544-1368bc13a802,2,17,14,2,681351,R,Logan O'Hoppe,607536,L,Kyle Freeland,LAA,COL,108,115,Strikeout,Logan O'Hoppe strikes out swinging.,Strikeout,,2,0,2,0,B,Ball,ball,False,B,CH,Changeup,Ball,86.2,78.3,3.29,1.66,6.47,0.44,14,1705,14.2,8.3,-28.9,2.0097,2.1416,-1.18,0.69,-2.41,14.2,-1.18,0.41,False,False,False,False,False,2.0097,2.1416,3,22,3,8,1,62,,,,,,,,,,,,,,False,N,1
824027,2026-06-01,LAA,COL,pitch,b1f2f1a4-ee98-312b-a76a-460e07a7f1b6,2,17,14,2,681351,R,Logan O'Hoppe,607536,L,Kyle Freeland,LAA,COL,108,115,Strikeout,Logan O'Hoppe strikes out swinging.,Strikeout,,2,1,2,1,S,Strike,swinging_strike,True,S,CH,Changeup,Swinging Strike,88.0,80.2,3.29,1.66,6.47,0.43,14,1790,14.8,7.3,-28.4,0.3657,1.178,-1.23,0.61,-2.37,14.8,-1.23,0.4,False,False,False,False,False,0.3657,1.178,4,23,4,8,1,63,81.4,,,,,,,,,,,,,True,N,1
824027,2026-06-01,LAA,COL,pitch,3dac7f96-a68b-3c3c-91b4-3cad4350d6fd,3,18,75,0,664983,L,Jake McCarthy,667755,R,José Soriano,COL,LAA,115,108,Home Run,Jake McCarthy homers (4) on a fly ball to center field.,Home Run,,0,0,0,0,S,Strike,foul,False,F,FF,4-Seam Fastball,Foul,97.3,89.0,3.23,1.63,6.7,0.39,5,2264,11.2,14.4,-14.5,-0.2545,2.512,0.93,1.2,-1.21,0.93,0.93,0.36,True,True,False,False,False,-0.2545,2.512,1,41,12,10,2,64,72.1,,,,,,,,,,,,,False,N,1
824027,2026-06-01,LAA,COL,pitch,6f087dd4-2c56-3a8b-8995-0d0d66974cd8,3,18,75,0,664983,L,Jake McCarthy,667755,R,José Soriano,COL,LAA,115,108,Home Run,Jake McCarthy homers (4) on a fly ball to center field.,Home Run,,1,0,1,0,B,Ball,ball,False,B,SI,Sinker,Ball,97.8,89.2,3.23,1.63,6.64,0.39,11,2068,14.4,1.2,-27.5,-1.2232,3.0034,1.2,0.1,-2.29,1.2,1.2,0.36,False,False,False,False,False,-1.2232,3.0034,2,42,12,10,2,65,,,,,,,,,,,,,,False,N,1
824027,2026-06-01,LAA,COL,pitch,a688954b-f047-3c8b-99ab-a21633d5e072,3,18,75,0,664983,L,Jake McCarthy,667755,R,José Soriano,COL,LAA,115,108,Home Run,Jake McCarthy homers (4) on a fly ball to center field.,Home Run,"{""homeRunBallparks"": 19}",1,1,1,1,X,In Play,hit_into_play,False,E,FF,4-Seam Fastball,"In play, run(s)",97.7,88.2,3.23,1.63,6.86,0.39,5,2138,10.9,12.2,-16.8,0.1517,2.2697,0.91,1.02,-1.4,0.91,0.91,0.36,True,True,False,False,False,0.1517,2.2697,3,43,13,10,2,66,73.0,397.0,0.9,1,98.87,384.77,104.6,26.0,104.6,26.0,,,,True,N,1
824027,2026-06-01,LAA,COL,pitch,22ed3ec6-2efd-3452-b8b8-1c519ee616ce,3,19,0,1,671289,R,Tyler Freeman,667755,R,José Soriano,COL,LAA,115,108,Groundout,"Tyler Freeman grounds out, shortstop Oswald Peraza to first baseman Vaughn Grissom.",Groundout,,0,0,0,0,B,Ball,ball,False,B,KC,Knuckle Curve,Ball,85.1,77.7,3.15,1.59,6.82,0.44,11,2381,13.4,-5.8,-43.8,-0.8286,3.2749,-1.12,-0.48,-3.65,13.4,-1.12,0.42,False,False,False,True,False,-0.8286,3.2749,1,44,17,11,2,67,,,,,,,,,,,,,,False,N,1
824027,2026-06-01,LAA,COL,pitch,163833af-7b31-3c18-933d-8461d9484ab4,3,19,0,1,671289,R,Tyler Freeman,667755,R,José Soriano,COL,LAA,115,108,Groundout,"Tyler Freeman grounds out, shortstop Oswald Peraza to first baseman Vaughn Grissom.",Groundout,,0,1,0,1,S,Strike,foul,False,F,SI,Sinker,Foul,96.9,88.6,3.15,1.59,6.72,0.39,13,1950,16.4,1.7,-27.6,-0.617,1.2639,1.37,0.14,-2.3,1.37,1.37,0.37,False,False,False,True,False,-0.617,1.2639,2,45,13,11,2,68,72.9,,,,,,,,,,,,,False,N,1
824027,2026-06-01,LAA,COL,pitch,c33f17e1-e261-35fc-96ab-1b28e5780b3f,3,19,0,1,671289,R,Tyler Freeman,667755,R,José Soriano,COL,LAA,115,108,Groundout,"Tyler Freeman grounds out, shortstop Oswald Peraza to first baseman Vaughn Grissom.",Groundout,"{""homeRunBallparks"": 0}",1,1,1,1,X,In Play,hit_into_play,False,X,SL,Slider,"In play, out(s)",91.3,82.6,3.15,1.59,6.95,0.42,9,2292,1.4,5.0,-28.2,0.5553,1.7545,-0.12,0.42,-2.35,1.4,-0.12,0.39,True,True,False,True,False,0.5553,1.7545,3,46,1,11,2,69,80.5,25.0,0.37,0,-30.92,128.23,99.1,-3.0,99.1,-3.0,,,,True,N,1
824027,2026-06-01,LAA,COL,pitch,f0211bca-6062-3e96-b670-5b0221174d7d,3,20,0,1,696100,R,Hunter Goodman,667755,R,José Soriano,COL,LAA,115,108,Walk,Hunter Goodman walks.,Walk,,0,0,0,0,S,Strike,swinging_strike,True,S,SL,Slider,Swinging Strike,90.8,82.7,3.18,1.6,6.76,0.42,5,2397,2.0,3.2,-30.2,0.2629,2.3477,0.17,0.27,-2.52,0.17,0.17,0.39,True,True,False,False,False,0.2629,2.3477,1,47,2,12,2,70,80.3,,,,,,,,,,,,,False,N,1
824027,2026-06-01,LAA,COL,pitch,cf416b86-f2a3-3385-a189-f7884bc60753,3,20,0,1,696100,R,Hunter Goodman,667755,R,José Soriano,COL,LAA,115,108,Walk,Hunter Goodman walks.,Walk,,1,0,1,0,B,Ball,ball,False,B,SL,Slider,Ball,90.3,83.1,3.18,1.6,6.93,0.42,14,2472,0.2,2.5,-31.0,0.1814,0.7153,-0.02,0.21,-2.58,0.2,-0.02,0.39,False,False,False,False,False,0.1814,0.7153,2,48,3,12,2,71,,,,,,,,,,,,,,False,N,1
824027,2026-06-01,LAA,COL,pitch,b9c4362c-3a68-3f39-b73c-482c3924d801,3,20,0,1,696100,R,Hunter Goodman,667755,R,José Soriano,COL,LAA,115,108,Walk,Hunter Goodman walks.,Walk,,1,1,1,1,B,Ball,ball,False,B,KC,Knuckle Curve,Ball,84.5,77.5,3.18,1.6,7.05,0.45,14,2467,14.0,-7.9,-46.8,1.2729,0.1291,-1.17,-0.66,-3.9,14.0,-1.17,0.42,False,False,False,False,False,1.2729,0.1291,3,49,18,12,2,72,,,,,,,,,,,,,,False,N,1
824027,2026-06-01,LAA,COL,pitch,4537d964-4a38-38af-80e0-8932f0d97aef,3,20,0,1,696100,R,Hunter Goodman,667755,R,José Soriano,COL,LAA,115,108,Walk,Hunter Goodman walks.,Walk,,1,2,1,2,S,Strike,foul,False,F,SI,Sinker,Foul,97.8,89.0,3.18,1.6,6.88,0.39,7,1910,15.4,-0.5,-29.4,-0.5698,1.6823,1.28,-0.04,-2.45,1.28,1.28,0.36,True,True,False,False,False,-0.5698,1.6823,4,50,14,12,2,73,79.8,,,,,,,,,,,,,False,N,1
824027,2026-06-01,LAA,COL,pitch,c4a69106-4f3b-3012-9708-ea7ea1cc4c0c,3,20,0,1,696100,R,Hunter Goodman,667755,R,José Soriano,COL,LAA,115,108,Walk,Hunter Goodman walks.,Walk,,2,2,2,2,B,Ball,ball,False,B,KC,Knuckle Curve,Ball,86.6,78.1,3.18,1.6,6.81,0.44,13,2437,10.6,-9.0,-46.2,-0.6215,1.0495,-0.88,-0.75,-3.85,10.6,-0.88,0.41,False,False,False,False,False,-0.6215,1.0495,5,51,19,12,2,74,18.9,,,,,,,,,,,,,False,N,1
824027,2026-06-01,LAA,COL,pitch,f764061f-f592-3465-a7f2-24ce7bedc1b4,3,20,0,1,696100,R,Hunter Goodman,667755,R,José Soriano,COL,LAA,115,108,Walk,Hunter Goodman walks.,Walk,,2,3,2,3,B,Ball,ball,False,B,SL,Slider,Ball,91.1,82.7,3.18,1.6,6.92,0.42,14,2307,1.0,3.1,-30.4,1.543,2.0929,0.08,0.26,-2.53,0.08,0.08,0.39,False,False,False,False,False,1.543,2.0929,6,52,4,12,2,75,,,,,,,,,,,,,,True,N,1
824027,2026-06-01,LAA,COL,pitch,e4902dc1-6661-3922-9590-ad382cbe79c4,3,21,33,1,687859,L,Troy Johnston,667755,R,José Soriano,COL,LAA,115,108,Single,Troy Johnston singles on a line drive to center fielder Mike Trout. Hunter Goodman to 2nd.,Single,,0,0,0,0,S,Strike,called_strike,False,C,SI,Sinker,Called Strike,96.6,87.5,3.16,1.59,6.86,0.39,4,1971,16.1,3.2,-26.4,-0.3232,2.3611,1.34,0.27,-2.2,1.34,1.34,0.37,True,True,False,False,False,-0.3232,2.3611,1,53,15,13,2,76,,,,,,,,,,,True,,,False,N,1
824027,2026-06-01,LAA,COL,pitch,8d19465b-b92c-3d34-8657-b5f4b5e8d4c4,3,21,33,1,687859,L,Troy Johnston,667755,R,José Soriano,COL,LAA,115,108,Single,Troy Johnston singles on a line drive to center fielder Mike Trout. Hunter Goodman to 2nd.,Single,,1,0,1,0,S,Strike,foul,False,F,KC,Knuckle Curve,Foul,85.4,76.7,3.16,1.59,6.92,0.45,9,2371,10.7,-7.1,-45.6,0.4976,2.0534,-0.89,-0.59,-3.8,10.7,-0.89,0.42,True,True,False,False,False,0.4976,2.0534,2,54,20,13,2,77,68.7,,,,,,,,,,True,,,False,N,1
824027,2026-06-01,LAA,COL,pitch,192a475a-70f3-393d-9d8e-2835412fb132,3,21,33,1,687859,L,Troy Johnston,667755,R,José Soriano,COL,LAA,115,108,Single,Troy Johnston singles on a line drive to center fielder Mike Trout. Hunter Goodman to 2nd.,Single,,2,0,2,0,B,Ball,ball,False,B,FS,Splitter,Ball,90.9,82.9,3.16,1.59,7.02,0.42,13,1436,14.0,-0.2,-33.5,-1.7533,1.9865,1.17,-0.02,-2.79,1.17,1.17,0.39,False,False,False,False,False,-1.7533,1.9865,3,55,3,13,2,78,,,,,,,,,,,True,,,False,N,1
824027,2026-06-01,LAA,COL,pitch,9f673919-8af2-3eff-98fc-547a9e302f38,3,21,33,1,687859,L,Troy Johnston,667755,R,José Soriano,COL,LAA,115,108,Single,Troy Johnston singles on a line drive to center fielder Mike Trout. Hunter Goodman to 2nd.,Single,,2,1,2,1,B,Ball,blocked_ball,False,*B,FS,Splitter,Ball In Dirt,93.5,84.7,3.16,1.59,7.14,0.41,14,1781,21.0,-0.5,-32.5,0.5427,-0.4028,1.75,-0.04,-2.71,1.75,1.75,0.38,False,False,False,False,False,0.5427,-0.4028,4,56,4,13,2,79,,,,,,,,,,,True,,,False,N,1
824027,2026-06-01,LAA,COL,pitch,04041bac-fe12-38d7-af88-91c943fa89a3,3,21,33,1,687859,L,Troy Johnston,667755,R,José Soriano,COL,LAA,115,108,Single,Troy Johnston singles on a line drive to center fielder Mike Trout. Hunter Goodman to 2nd.,Single,"{""homeRunBallparks"": 0}",2,2,2,2,X,In Play,hit_into_play,False,D,SI,Sinker,"In play, no out",95.8,87.0,3.16,1.59,6.74,0.39,5,1891,16.9,2.5,-27.6,0.0138,2.1408,1.41,0.21,-2.3,1.41,1.41,0.37,True,True,False,False,False,0.0138,2.1408,5,57,16,13,2,80,68.8,161.0,0.6,0,-10.51,266.85,94.8,7.0,94.8,7.0,True,,,True,N,1
824027,2026-06-01,LAA,COL,pitch,ca5918b9-8702-3979-86da-4e66cb277aa6,3,22,0,1,650489,L,Willi Castro,667755,R,José Soriano,COL,LAA,115,108,Forceout,"Willi Castro grounds into a force out, second baseman Nick Madrigal to shortstop Oswald Peraza. Hunter Goodman to 3rd. Troy Johnston out at 2nd. Willi Castro to 1st.",Forceout,,0,0,0,0,B,Ball,ball,False,B,SL,Slider,Ball,89.1,80.9,3.2,1.62,6.88,0.42,13,2252,1.4,2.6,-32.3,-0.9996,2.0496,-0.12,0.22,-2.69,1.4,-0.12,0.4,False,False,False,True,False,-0.9996,2.0496,1,58,5,14,2,81,,,,,,,,,,,True,True,,False,N,1
824027,2026-06-01,LAA,COL,pitch,3d52ddd7-0bc8-36c4-918f-c49728990208,3,22,0,1,650489,L,Willi Castro,667755,R,José Soriano,COL,LAA,115,108,Forceout,"Willi Castro grounds into a force out, second baseman Nick Madrigal to shortstop Oswald Peraza. Hunter Goodman to 3rd. Troy Johnston out at 2nd. Willi Castro to 1st.",Forceout,,0,1,0,1,S,Strike,swinging_strike,True,S,FS,Splitter,Swinging Strike,90.8,82.7,3.2,1.62,6.91,0.42,13,1497,13.7,-1.3,-34.9,-0.0624,1.1266,1.14,-0.11,-2.91,1.14,1.14,0.39,False,False,False,True,False,-0.0624,1.1266,2,59,5,14,2,82,75.0,,,,,,,,,,True,True,,False,N,1
824027,2026-06-01,LAA,COL,pitch,55679199-f3af-3d54-866a-1210a6adb409,3,22,0,1,650489,L,Willi Castro,667755,R,José Soriano,COL,LAA,115,108,Forceout,"Willi Castro grounds into a force out, second baseman Nick Madrigal to shortstop Oswald Peraza. Hunter Goodman to 3rd. Troy Johnston out at 2nd. Willi Castro to 1st.",Forceout,,1,1,1,1,B,Ball,blocked_ball,False,*B,FS,Splitter,Ball In Dirt,91.3,83.3,3.2,1.62,6.94,0.41,14,1632,15.8,1.2,-32.0,0.2057,0.2923,1.32,0.1,-2.67,1.32,1.32,0.39,False,False,False,True,False,0.2057,0.2923,3,60,6,14,2,83,,,,,,,,,,,True,True,,False,N,1
824027,2026-06-01,LAA,COL,pitch,178e2fb6-3e0a-3efb-8b98-a77f0dbb5765,3,22,0,1,650489,L,Willi Castro,667755,R,José Soriano,COL,LAA,115,108,Forceout,"Willi Castro grounds into a force out, second baseman Nick Madrigal to shortstop Oswald Peraza. Hunter Goodman to 3rd. Troy Johnston out at 2nd. Willi Castro to 1st.",Forceout,,1,2,1,2,S,Strike,called_strike,False,C,KC,Knuckle Curve,Called Strike,84.8,76.5,3.2,1.62,6.92,0.45,7,2487,5.8,-5.9,-44.6,-0.7512,1.6561,-0.48,-0.49,-3.72,5.8,-0.48,0.42,True,True,False,True,True,-0.7512,1.6561,4,61,21,14,2,84,,,,,,,,,,,True,True,,False,N,1
824027,2026-06-01,LAA,COL,pitch,9aa05dc6-bf9b-37cd-aae4-57b16a5f8d4d,3,22,0,1,650489,L,Willi Castro,667755,R,José Soriano,COL,LAA,115,108,Forceout,"Willi Castro grounds into a force out, second baseman Nick Madrigal to shortstop Oswald Peraza. Hunter Goodman to 3rd. Troy Johnston out at 2nd. Willi Castro to 1st.",Forceout,"{""homeRunBallparks"": 0}",2,2,2,2,X,In Play,hit_into_play,False,X,FS,Splitter,"In play, out(s)",92.2,83.1,3.2,1.62,6.85,0.41,13,1533,16.1,1.2,-31.6,-1.2444,2.1556,1.34,0.1,-2.63,1.34,1.34,0.39,False,False,False,True,False,-1.2444,2.1556,5,62,7,14,2,85,71.7,14.0,0.07,0,20.92,66.16,76.5,-9.0,76.5,-9.0,True,True,,True,N,1
824027,2026-06-01,LAA,COL,pitch,480538c3-bdde-34a8-a6e9-d9c629329419,3,23,14,2,678662,R,Ezequiel Tovar,667755,R,José Soriano,COL,LAA,115,108,Strikeout,Ezequiel Tovar strikes out on a foul tip.,Strikeout,,0,0,0,0,S,Strike,swinging_strike,True,S,SL,Slider,Swinging Strike,88.6,81.3,3.22,1.62,6.85,0.42,11,2308,0.1,3.5,-31.3,-0.6255,3.3624,-0.01,0.29,-2.61,0.1,-0.01,0.4,False,False,False,False,False,-0.6255,3.3624,1,63,6,15,2,86,71.4,,,,,,,,,,,,,False,N,1
824027,2026-06-01,LAA,COL,pitch,b34f0fe5-12d0-39fd-bf7f-e492d1cc3ca2,3,23,14,2,678662,R,Ezequiel Tovar,667755,R,José Soriano,COL,LAA,115,108,Strikeout,Ezequiel Tovar strikes out on a foul tip.,Strikeout,,1,0,1,0,S,Strike,foul,False,F,SL,Slider,Foul,88.8,81.3,3.22,1.62,6.88,0.42,9,2336,2.8,2.9,-31.9,0.3581,1.7851,-0.23,0.24,-2.66,2.8,-0.23,0.4,True,True,False,False,False,0.3581,1.7851,2,64,7,15,2,87,73.8,,,,,,,,,,,,,False,N,1
824027,2026-06-01,LAA,COL,pitch,8a1b8ece-7873-3ec8-87a0-0112ae49ea99,3,23,14,2,678662,R,Ezequiel Tovar,667755,R,José Soriano,COL,LAA,115,108,Strikeout,Ezequiel Tovar strikes out on a foul tip.,Strikeout,,2,0,2,0,B,Ball,ball,False,B,FF,4-Seam Fastball,Ball,96.9,87.0,3.22,1.62,6.91,0.39,14,2152,8.0,14.9,-14.9,0.9157,2.2841,0.67,1.24,-1.24,0.67,0.67,0.37,False,False,False,False,False,0.9157,2.2841,3,65,14,15,2,88,,,,,,,,,,,,,,False,N,1
824027,2026-06-01,LAA,COL,pitch,ce30a13d-3978-39a2-b172-466023cc110a,3,23,14,2,678662,R,Ezequiel Tovar,667755,R,José Soriano,COL,LAA,115,108,Strikeout,Ezequiel Tovar strikes out on a foul tip.,Strikeout,,2,1,2,1,S,Strike,foul_tip,True,T,FF,4-Seam Fastball,Foul Tip,98.3,88.4,3.22,1.62,6.87,0.39,6,2211,8.2,15.5,-13.4,0.5687,2.3711,0.68,1.29,-1.12,0.68,0.68,0.36,True,True,False,False,False,0.5687,2.3711,4,66,15,15,2,89,,,,,,,,,,,,,,True,N,1
824027,2026-06-01,LAA,COL,pitch,173e00cd-2e22-3604-be19-6fb3e4938c1f,3,24,33,0,622268,L,Donovan Walton,607536,L,Kyle Freeland,LAA,COL,108,115,Single,Donovan Walton singles on a line drive to left fielder Troy Johnston.,Single,,0,0,0,0,S,Strike,swinging_strike,True,S,FC,Cutter,Swinging Strike,85.4,79.0,3.09,1.56,6.63,0.44,13,2332,2.9,8.0,-29.5,-0.9619,0.8769,0.24,0.67,-2.46,0.24,0.24,0.41,False,False,False,False,False,-0.9619,0.8769,1,24,6,9,1,90,68.8,,,,,,,,,,,,,False,N,1
824027,2026-06-01,LAA,COL,pitch,e35f895d-76da-3720-828d-2e6605eff655,3,24,33,0,622268,L,Donovan Walton,607536,L,Kyle Freeland,LAA,COL,108,115,Single,Donovan Walton singles on a line drive to left fielder Troy Johnston.,Single,,1,0,1,0,S,Strike,swinging_strike,True,S,FC,Cutter,Swinging Strike,85.9,79.5,3.09,1.56,6.61,0.44,13,2369,2.0,6.1,-30.8,-1.361,2.1748,0.17,0.51,-2.57,0.17,0.17,0.41,False,False,False,False,False,-1.361,2.1748,2,25,7,9,1,91,66.3,,,,,,,,,,,,,False,N,1
824027,2026-06-01,LAA,COL,pitch,0b17de4f-398a-36d0-a05a-64fdd3c83221,3,24,33,0,622268,L,Donovan Walton,607536,L,Kyle Freeland,LAA,COL,108,115,Single,Donovan Walton singles on a line drive to left fielder Troy Johnston.,Single,"{""homeRunBallparks"": 0}",2,0,2,0,X,In Play,hit_into_play,False,D,FC,Cutter,"In play, no out",85.1,79.1,3.09,1.56,6.63,0.44,4,2370,1.1,5.2,-32.3,-0.8012,2.2538,0.09,0.43,-2.69,0.09,0.09,0.41,True,True,False,False,False,-0.8012,2.2538,3,26,8,9,1,92,59.8,235.0,0.93,0,-123.53,240.63,90.9,16.0,90.9,16.0,,,,True,N,1
824027,2026-06-01,LAA,COL,pitch,089523a0-7015-30c5-b343-9e90ba28b793,3,25,33,0,624585,R,Jorge Soler,607536,L,Kyle Freeland,LAA,COL,108,115,Single,Jorge Soler singles on a fly ball to right fielder Tyler Freeman. Donovan Walton to 2nd.,Single,,0,0,0,0,S,Strike,called_strike,False,C,SI,Sinker,Called Strike,89.9,82.3,3.35,1.69,6.6,0.42,7,2434,16.1,7.4,-26.6,-0.3038,1.7746,-1.34,0.62,-2.22,16.1,-1.34,0.39,True,True,False,False,False,-0.3038,1.7746,1,27,1,10,2,93,,,,,,,,,,,True,,,False,N,1
824027,2026-06-01,LAA,COL,pitch,7182a1c3-0d77-39ba-904d-b3942f82794d,3,25,33,0,624585,R,Jorge Soler,607536,L,Kyle Freeland,LAA,COL,108,115,Single,Jorge Soler singles on a fly ball to right fielder Tyler Freeman. Donovan Walton to 2nd.,Single,,1,0,1,0,S,Strike,foul,False,F,FC,Cutter,Foul,88.2,81.5,3.35,1.69,6.51,0.42,11,2449,0.5,11.2,-23.8,-0.1144,3.5136,-0.04,0.93,-1.98,0.5,-0.04,0.4,False,False,False,False,False,-0.1144,3.5136,2,28,9,10,2,94,74.4,,,,,,,,,,True,,,False,N,1
824027,2026-06-01,LAA,COL,pitch,6941c659-95cd-34a5-9efb-e5fadf78cc7c,3,25,33,0,624585,R,Jorge Soler,607536,L,Kyle Freeland,LAA,COL,108,115,Single,Jorge Soler singles on a fly ball to right fielder Tyler Freeman. Donovan Walton to 2nd.,Single,,2,0,2,0,B,Ball,ball,False,B,CH,Changeup,Ball,86.4,78.6,3.35,1.69,6.42,0.44,14,1624,14.9,5.8,-31.2,1.9576,1.8819,-1.24,0.48,-2.6,14.9,-1.24,0.41,False,False,False,False,False,1.9576,1.8819,3,29,5,10,2,95,,,,,,,,,,,True,,,False,N,1
824027,2026-06-01,LAA,COL,pitch,aca31bc0-5e6f-3ebf-a499-7e10451da0b8,3,25,33,0,624585,R,Jorge Soler,607536,L,Kyle Freeland,LAA,COL,108,115,Single,Jorge Soler singles on a fly ball to right fielder Tyler Freeman. Donovan Walton to 2nd.,Single,,2,1,2,1,B,Ball,ball,False,B,FC,Cutter,Ball,84.9,77.8,3.35,1.69,6.61,0.45,13,2395,4.2,1.4,-37.0,-1.7088,0.3895,0.35,0.12,-3.08,0.35,0.35,0.42,False,False,False,False,False,-1.7088,0.3895,4,30,10,10,2,96,,,,,,,,,,,True,,,False,N,1
824027,2026-06-01,LAA,COL,pitch,4f27a7b0-e9a0-3415-a164-fbbb5434770c,3,25,33,0,624585,R,Jorge Soler,607536,L,Kyle Freeland,LAA,COL,108,115,Single,Jorge Soler singles on a fly ball to right fielder Tyler Freeman. Donovan Walton to 2nd.,Single,"{""homeRunBallparks"": 0}",2,2,2,2,X,In Play,hit_into_play,False,D,FC,Cutter,"In play, no out",85.6,78.8,3.35,1.69,6.59,0.44,5,2418,1.1,4.1,-33.1,0.0531,2.6663,0.09,0.34,-2.76,0.09,0.09,0.41,True,True,False,False,False,0.0531,2.6663,5,31,11,10,2,97,82.5,182.0,0.02,0,123.75,180.75,76.9,61.0,76.9,61.0,True,,,True,N,1
824027,2026-06-01,LAA,COL,pitch,5a4e67ca-4b3d-3c8d-ac70-3fcb7e401b64,3,26,0,1,545361,R,Mike Trout,607536,L,Kyle Freeland,LAA,COL,108,115,Lineout,Mike Trout lines out to shortstop Ezequiel Tovar.,Lineout,,0,0,0,0,S,Strike,called_strike,False,C,FC,Cutter,Called Strike,85.2,78.3,3.24,1.64,6.55,0.44,8,2386,3.0,5.8,-32.0,-0.0029,1.9548,0.25,0.48,-2.67,0.25,0.25,0.42,True,True,False,True,False,-0.0029,1.9548,1,32,12,11,2,98,,,,,,,,,,,,,,False,N,1
824027,2026-06-01,LAA,COL,pitch,cab52cfe-cc7c-3804-9f84-ddb3ee853f5a,3,26,0,1,545361,R,Mike Trout,607536,L,Kyle Freeland,LAA,COL,108,115,Lineout,Mike Trout lines out to shortstop Ezequiel Tovar.,Lineout,"{""homeRunBallparks"": 0}",1,0,1,0,X,In Play,hit_into_play,False,X,FC,Cutter,"In play, out(s)",87.7,80.9,3.24,1.64,6.49,0.43,1,2447,0.5,10.6,-24.8,-0.4758,3.1361,0.04,0.88,-2.07,0.04,0.04,0.4,True,True,False,True,False,-0.4758,3.1361,2,33,13,11,2,99,72.7,159.0,0.55,0,-66.74,142.33,75.9,14.0,75.9,14.0,,,,True,N,1
824027,2026-06-01,LAA,COL,pitch,c2ce4295-023e-3468-bfe2-a7caf83d9429,3,27,0,1,687093,R,Vaughn Grissom,607536,L,Kyle Freeland,LAA,COL,108,115,Flyout,Vaughn Grissom flies out to right fielder Tyler Freeman.,Flyout,,0,0,0,0,S,Strike,called_strike,False,C,FC,Cutter,Called Strike,88.9,81.9,3.3,1.67,6.6,0.42,4,2410,0.0,12.1,-22.3,-0.5541,2.3536,0.0,1.01,-1.86,0.0,0.0,0.4,True,True,False,True,False,-0.5541,2.3536,1,34,14,12,2,100,,,,,,,,,,,,,,False,N,1
824027,2026-06-01,LAA,COL,pitch,3c843830-57bb-32c7-b13c-5de3cc3a7c54,3,27,0,1,687093,R,Vaughn Grissom,607536,L,Kyle Freeland,LAA,COL,108,115,Flyout,Vaughn Grissom flies out to right fielder Tyler Freeman.,Flyout,,1,0,1,0,B,Ball,blocked_ball,False,*B,KC,Knuckle Curve,Ball In Dirt,82.7,76.7,3.3,1.67,6.51,0.46,13,2387,1.9,-6.4,-46.6,-0.3016,-0.4296,-0.16,-0.53,-3.88,1.9,-0.16,0.43,False,False,False,True,False,-0.3016,-0.4296,2,35,7,12,2,101,,,,,,,,,,,,,,False,N,1
824027,2026-06-01,LAA,COL,pitch,a79993d5-f2b9-32f5-8dcb-c061f4ff9319,3,27,0,1,687093,R,Vaughn Grissom,607536,L,Kyle Freeland,LAA,COL,108,115,Flyout,Vaughn Grissom flies out to right fielder Tyler Freeman.,Flyout,"{""homeRunBallparks"": 0}",1,1,1,1,X,In Play,hit_into_play,False,X,CH,Changeup,"In play, out(s)",87.1,79.0,3.3,1.67,6.56,0.43,14,1595,14.2,6.7,-29.8,0.8316,1.7713,-1.18,0.56,-2.48,14.2,-1.18,0.41,False,False,False,True,False,0.8316,1.7713,3,36,6,12,2,102,73.9,284.0,0.05,0,83.93,271.7,80.2,32.0,80.2,32.0,,,,True,N,1
824027,2026-06-01,LAA,COL,pitch,b9357bee-d3ea-35e2-a82e-d0f5ee84e54d,3,28,33,2,666176,R,Jo Adell,607536,L,Kyle Freeland,LAA,COL,108,115,Single,Jo Adell singles on a line drive to left fielder Troy Johnston. Donovan Walton scores. Jorge Soler to 2nd.,Single,"{""homeRunBallparks"": 0}",0,0,0,0,X,In Play,hit_into_play,False,E,KC,Knuckle Curve,"In play, run(s)",81.8,75.7,3.3,1.67,6.55,0.46,4,2324,2.2,-5.2,-46.0,-0.6565,2.681,0.18,-0.43,-3.83,0.18,0.18,0.43,True,True,False,False,False,-0.6565,2.681,1,37,8,13,2,103,78.2,199.0,0.99,0,-138.72,226.81,89.7,15.0,89.7,15.0,True,True,True,True,N,1
824027,2026-06-01,LAA,COL,pitch,773eff24-0e36-30ea-9bd3-072056b8df46,3,29,33,2,672724,R,Oswald Peraza,607536,L,Kyle Freeland,LAA,COL,108,115,Single,Oswald Peraza singles on a ground ball to shortstop Ezequiel Tovar. Jorge Soler to 3rd. Jo Adell to 2nd.,Single,,0,0,0,0,S,Strike,called_strike,False,C,FF,4-Seam Fastball,Called Strike,91.1,82.2,3.19,1.61,6.61,0.42,8,2316,9.0,16.3,-17.3,0.1517,1.6997,-0.75,1.36,-1.44,9.0,-0.75,0.39,True,True,False,False,False,0.1517,1.6997,1,38,9,14,2,104,,,,,,,,,,,True,True,,False,N,1
824027,2026-06-01,LAA,COL,pitch,78794223-2a54-3f3f-8bcb-6be4a3e6183a,3,29,33,2,672724,R,Oswald Peraza,607536,L,Kyle Freeland,LAA,COL,108,115,Single,Oswald Peraza singles on a ground ball to shortstop Ezequiel Tovar. Jorge Soler to 3rd. Jo Adell to 2nd.,Single,"{""homeRunBallparks"": 0}",1,0,1,0,X,In Play,hit_into_play,False,D,CH,Changeup,"In play, no out",87.8,79.8,3.19,1.61,6.48,0.43,9,1577,14.4,4.8,-31.1,0.6409,1.6398,-1.2,0.4,-2.59,14.4,-1.2,0.4,True,True,False,False,False,0.6409,1.6398,2,39,7,14,2,105,72.5,5.0,0.14,0,-29.58,164.51,109.2,-20.0,109.2,-20.0,True,True,,True,N,1
824027,2026-06-01,LAA,COL,pitch,e970ee1d-b144-3343-8eb0-b655773e41e4,3,30,95,2,642350,R,Jose Siri,607536,L,Kyle Freeland,LAA,COL,108,115,Home Run,Jose Siri hits a grand slam (2) to left center field. Jorge Soler scores. Jo Adell scores. Oswald Peraza scores.,Home Run,,0,0,0,0,S,Strike,called_strike,False,C,FF,4-Seam Fastball,Called Strike,92.3,83.6,3.3,1.67,6.57,0.41,9,2331,9.0,15.6,-16.9,0.6002,1.956,-0.75,1.3,-1.41,9.0,-0.75,0.39,True,True,False,False,False,0.6002,1.956,1,40,10,15,2,106,,,,,,,,,,,True,True,True,False,N,1
824027,2026-06-01,LAA,COL,pitch,24a7567d-c11d-35c7-a118-c4c823a5d910,3,30,95,2,642350,R,Jose Siri,607536,L,Kyle Freeland,LAA,COL,108,115,Home Run,Jose Siri hits a grand slam (2) to left center field. Jorge Soler scores. Jo Adell scores. Oswald Peraza scores.,Home Run,"{""homeRunBallparks"": 30}",1,0,1,0,X,In Play,hit_into_play,False,E,FC,Cutter,"In play, run(s)",85.8,79.6,3.3,1.67,6.61,0.44,4,2325,1.6,5.0,-31.7,-0.4341,2.2706,0.13,0.42,-2.64,0.13,0.13,0.41,True,True,False,False,False,-0.4341,2.2706,2,41,15,15,2,107,80.7,390.0,0.37,1,-178.99,345.81,99.3,31.0,99.3,31.0,True,True,True,True,N,1
824027,2026-06-01,LAA,COL,pitch,6560c972-a7aa-3fa7-b545-1f49b6d8e16c,3,31,0,2,663611,R,Nick Madrigal,607536,L,Kyle Freeland,LAA,COL,108,115,Field Error,Nick Madrigal reaches on a fielding error by second baseman Willi Castro.,Field Error,,0,0,0,0,B,Ball,ball,False,B,FF,4-Seam Fastball,Ball,93.0,84.4,2.97,1.5,6.7,0.41,11,2308,10.3,16.3,-15.7,-0.8776,2.3791,-0.86,1.36,-1.31,10.3,-0.86,0.38,False,False,False,False,False,-0.8776,2.3791,1,42,11,16,2,108,,,,,,,,,,,,,,False,N,1
824027,2026-06-01,LAA,COL,pitch,6a9fbed8-4fca-318c-8009-57c46277c442,3,31,0,2,663611,R,Nick Madrigal,607536,L,Kyle Freeland,LAA,COL,108,115,Field Error,Nick Madrigal reaches on a fielding error by second baseman Willi Castro.,Field Error,,0,1,0,1,S,Strike,called_strike,False,C,FC,Cutter,Called Strike,88.5,81.5,2.97,1.5,6.61,0.42,1,2294,1.0,11.5,-23.4,-0.3385,2.6656,-0.08,0.96,-1.95,1.0,-0.08,0.4,True,True,False,False,False,-0.3385,2.6656,2,43,16,16,2,109,,,,,,,,,,,,,,False,N,1
824027,2026-06-01,LAA,COL,pitch,ac983b49-0cdb-37cc-80d0-84554bb7a307,3,31,0,2,663611,R,Nick Madrigal,607536,L,Kyle Freeland,LAA,COL,108,115,Field Error,Nick Madrigal reaches on a fielding error by second baseman Willi Castro.,Field Error,,1,1,1,1,B,Ball,ball,False,B,KC,Knuckle Curve,Ball,81.4,75.6,2.97,1.5,6.47,0.46,13,2341,4.4,-8.4,-49.8,-0.9893,-0.0963,0.37,-0.7,-4.15,0.37,0.37,0.43,False,False,False,False,False,-0.9893,-0.0963,3,44,9,16,2,110,,,,,,,,,,,,,,False,N,1
824027,2026-06-01,LAA,COL,pitch,aaf48c4c-fcad-3a26-a597-432c8298c719,3,31,0,2,663611,R,Nick Madrigal,607536,L,Kyle Freeland,LAA,COL,108,115,Field Error,Nick Madrigal reaches on a fielding error by second baseman Willi Castro.,Field Error,"{""homeRunBallparks"": 0}",1,2,1,2,X,In Play,hit_into_play,False,D,FF,4-Seam Fastball,"In play, no out",92.5,83.8,2.97,1.5,6.51,0.41,6,2388,8.3,13.8,-18.5,0.4899,2.2638,-0.69,1.15,-1.54,8.3,-0.69,0.38,True,True,False,False,False,0.4899,2.2638,4,45,12,16,2,111,68.8,36.0,0.4,0,46.4,135.53,97.7,-2.0,97.7,-2.0,,,,True,N,1
824027,2026-06-01,LAA,COL,pitch,8fbe48a5-66c2-31d6-9a97-c3d9ccc1acc5,3,32,0,2,681351,R,Logan O'Hoppe,607536,L,Kyle Freeland,LAA,COL,108,115,Groundout,"Logan O'Hoppe grounds out, third baseman Kyle Karros to first baseman Edouard Julien.",Groundout,"{""homeRunBallparks"": 0}",0,0,0,0,X,In Play,hit_into_play,False,X,FF,4-Seam Fastball,"In play, out(s)",91.7,82.8,3.29,1.66,6.56,0.41,5,2401,7.2,16.8,-16.2,-0.0526,2.734,-0.6,1.4,-1.35,7.2,-0.6,0.39,True,True,False,True,False,-0.0526,2.734,1,46,13,17,2,112,74.6,11.0,0.11,0,-44.06,87.38,91.4,-15.0,91.4,-15.0,,,,True,N,1
824027,2026-06-01,LAA,COL,pitch,2542ac77-d4e8-3df0-89e6-947ed3db87e1,4,33,14,1,666397,L,Edouard Julien,667755,R,José Soriano,COL,LAA,115,108,Strikeout,Edouard Julien strikes out on a foul tip.,Strikeout,,0,0,0,0,S,Strike,called_strike,False,C,KC,Knuckle Curve,Called Strike,84.8,77.2,3.24,1.63,6.91,0.45,9,2429,12.8,-4.2,-42.7,0.7191,1.8716,-1.07,-0.35,-3.56,12.8,-1.07,0.42,True,True,False,False,True,0.7191,1.8716,1,67,22,16,2,113,,,,,,,,,,,,,,False,N,1
824027,2026-06-01,LAA,COL,pitch,7066b7a8-1128-339d-b102-3e556ec1131b,4,33,14,1,666397,L,Edouard Julien,667755,R,José Soriano,COL,LAA,115,108,Strikeout,Edouard Julien strikes out on a foul tip.,Strikeout,,1,0,1,0,S,Strike,swinging_strike,True,S,KC,Knuckle Curve,Swinging Strike,85.6,78.0,3.24,1.63,6.87,0.44,9,2451,14.0,-5.2,-43.0,0.6314,1.6473,-1.17,-0.43,-3.58,14.0,-1.17,0.42,True,True,False,False,False,0.6314,1.6473,2,68,23,16,2,114,74.2,,,,,,,,,,,,,False,N,1
824027,2026-06-01,LAA,COL,pitch,7dad1c41-cd94-3c73-8d6b-960ba98414ff,4,33,14,1,666397,L,Edouard Julien,667755,R,José Soriano,COL,LAA,115,108,Strikeout,Edouard Julien strikes out on a foul tip.,Strikeout,,2,0,2,0,B,Ball,ball,False,B,KC,Knuckle Curve,Ball,85.0,77.3,3.24,1.63,6.96,0.45,14,2510,13.2,-4.9,-43.3,0.3969,1.0561,-1.1,-0.41,-3.61,13.2,-1.1,0.42,False,False,False,False,False,0.3969,1.0561,3,69,24,16,2,115,,,,,,,,,,,,,,False,N,1
824027,2026-06-01,LAA,COL,pitch,6b737eae-73f2-3ec7-b963-241cc720e3ef,4,33,14,1,666397,L,Edouard Julien,667755,R,José Soriano,COL,LAA,115,108,Strikeout,Edouard Julien strikes out on a foul tip.,Strikeout,,2,1,2,1,S,Strike,foul,False,F,FS,Splitter,Foul,92.9,85.0,3.24,1.63,6.83,0.41,13,1742,16.2,2.0,-29.8,-0.246,1.2193,1.35,0.17,-2.48,1.35,1.35,0.38,False,False,False,False,False,-0.246,1.2193,4,70,8,16,2,116,68.3,,,,,,,,,,,,,False,N,1
824027,2026-06-01,LAA,COL,pitch,c90e96fe-aa68-370b-8f96-090680d8dd60,4,33,14,1,666397,L,Edouard Julien,667755,R,José Soriano,COL,LAA,115,108,Strikeout,Edouard Julien strikes out on a foul tip.,Strikeout,,2,1,2,1,B,Ball,ball,False,B,KC,Knuckle Curve,Ball,85.7,78.5,3.24,1.63,6.87,0.44,14,2323,17.5,-7.0,-44.6,0.7306,0.6614,-1.46,-0.58,-3.72,17.5,-1.46,0.42,False,False,False,False,False,0.7306,0.6614,5,71,25,16,2,117,,,,,,,,,,,,,,False,N,1
824027,2026-06-01,LAA,COL,pitch,69eeb248-a6f0-3af4-948d-60899449be6f,4,33,14,1,666397,L,Edouard Julien,667755,R,José Soriano,COL,LAA,115,108,Strikeout,Edouard Julien strikes out on a foul tip.,Strikeout,,2,2,2,2,B,Ball,ball,False,B,SI,Sinker,Ball,98.2,89.7,3.24,1.63,6.87,0.39,14,1874,12.7,-0.1,-28.8,1.2213,0.9064,1.06,-0.01,-2.4,1.06,1.06,0.36,False,False,False,False,False,1.2213,0.9064,6,72,17,16,2,118,,,,,,,,,,,,,,False,N,1
824027,2026-06-01,LAA,COL,pitch,0bfd9bad-d769-3083-a8d4-4ffa373357d6,4,33,14,1,666397,L,Edouard Julien,667755,R,José Soriano,COL,LAA,115,108,Strikeout,Edouard Julien strikes out on a foul tip.,Strikeout,,2,3,2,3,S,Strike,foul_tip,True,T,KC,Knuckle Curve,Foul Tip,86.2,77.6,3.24,1.63,6.87,0.44,1,2446,8.8,-5.4,-43.0,-0.6243,2.7603,-0.73,-0.45,-3.58,8.8,-0.73,0.41,True,True,False,False,False,-0.6243,2.7603,7,73,26,16,2,119,67.7,,,,,,,,,,,,,True,N,1
824027,2026-06-01,LAA,COL,pitch,86352401-8474-3956-8976-21efabae47e6,4,34,0,1,694514,L,Sterlin Thompson,667755,R,José Soriano,COL,LAA,115,108,Walk,Sterlin Thompson walks.,Walk,,0,0,0,0,S,Strike,swinging_strike,True,S,FS,Splitter,Swinging Strike,92.9,84.7,3.34,1.69,6.78,0.41,13,1764,14.6,-3.1,-35.0,-0.6766,1.468,1.22,-0.26,-2.92,1.22,1.22,0.38,False,False,False,False,False,-0.6766,1.468,1,74,9,17,2,120,77.0,,,,,,,,,,,,,False,N,1
824027,2026-06-01,LAA,COL,pitch,04dfd17b-4b7a-311e-8c27-de407bc54fb3,4,34,0,1,694514,L,Sterlin Thompson,667755,R,José Soriano,COL,LAA,115,108,Walk,Sterlin Thompson walks.,Walk,,1,0,1,0,B,Ball,ball,False,B,FS,Splitter,Ball,92.1,83.8,3.34,1.69,6.94,0.41,14,1796,16.0,-1.6,-34.2,0.6499,1.2766,1.33,-0.13,-2.85,1.33,1.33,0.39,False,False,False,False,False,0.6499,1.2766,2,75,10,17,2,121,,,,,,,,,,,,,,False,N,1
824027,2026-06-01,LAA,COL,pitch,b2af2e39-51fc-391d-a391-7d461a61fd77,4,34,0,1,694514,L,Sterlin Thompson,667755,R,José Soriano,COL,LAA,115,108,Walk,Sterlin Thompson walks.,Walk,,1,1,1,1,B,Ball,ball,False,B,KC,Knuckle Curve,Ball,85.8,77.6,3.34,1.69,6.98,0.44,14,2439,12.2,-6.6,-44.8,1.6526,0.2167,-1.02,-0.55,-3.73,12.2,-1.02,0.42,False,False,False,False,False,1.6526,0.2167,3,76,27,17,2,122,,,,,,,,,,,,,,False,N,1
824027,2026-06-01,LAA,COL,pitch,bc397a46-2201-3676-88f7-b174d0d4daca,4,34,0,1,694514,L,Sterlin Thompson,667755,R,José Soriano,COL,LAA,115,108,Walk,Sterlin Thompson walks.,Walk,,1,2,1,2,B,Ball,ball,False,B,SI,Sinker,Ball,95.9,87.3,3.34,1.69,6.75,0.39,11,1876,14.3,-0.6,-30.5,-1.3932,3.0847,1.19,-0.05,-2.54,1.19,1.19,0.37,False,False,False,False,False,-1.3932,3.0847,4,77,18,17,2,123,,,,,,,,,,,,,,False,N,1
824027,2026-06-01,LAA,COL,pitch,57b4f9b2-0a7f-3052-baf6-c3aba416884c,4,34,0,1,694514,L,Sterlin Thompson,667755,R,José Soriano,COL,LAA,115,108,Walk,Sterlin Thompson walks.,Walk,,1,3,1,3,B,Ball,ball,False,B,SI,Sinker,Ball,96.6,88.4,3.34,1.69,7.02,0.39,13,1880,16.7,1.3,-28.2,-0.2485,1.2057,1.39,0.11,-2.35,1.39,1.39,0.37,False,False,False,False,False,-0.2485,1.2057,5,78,19,17,2,124,,,,,,,,,,,,,,True,N,1
824027,2026-06-01,LAA,COL,pitch,ffd05420-1989-334b-aeee-a46e14d83722,4,35,11,1,691720,R,Kyle Karros,667755,R,José Soriano,COL,LAA,115,108,Hit By Pitch,Kyle Karros hit by pitch. Sterlin Thompson to 2nd.,Hit By Pitch,,0,0,0,0,S,Strike,swinging_strike,True,S,SI,Sinker,Swinging Strike,96.4,88.0,3.43,1.73,6.82,0.39,7,1916,14.5,2.5,-27.0,-0.4428,2.1312,1.21,0.21,-2.25,1.21,1.21,0.37,True,True,False,False,False,-0.4428,2.1312,1,79,20,18,2,125,78.3,,,,,,,,,,True,,,False,N,1
824027,2026-06-01,LAA,COL,pitch,62cffa1d-9745-3cfc-9499-ba1b69e265a2,4,35,11,1,691720,R,Kyle Karros,667755,R,José Soriano,COL,LAA,115,108,Hit By Pitch,Kyle Karros hit by pitch. Sterlin Thompson to 2nd.,Hit By Pitch,,1,0,1,0,S,Strike,foul,False,F,SI,Sinker,Foul,95.2,87.1,3.43,1.73,6.8,0.4,8,1937,15.7,3.1,-27.1,-0.2438,1.873,1.31,0.26,-2.26,1.31,1.31,0.37,True,True,False,False,False,-0.2438,1.873,2,80,21,18,2,126,77.4,,,,,,,,,,True,,,False,N,1
824027,2026-06-01,LAA,COL,pitch,9517a2db-97f5-3d81-9aa7-a77fc51da920,4,35,11,1,691720,R,Kyle Karros,667755,R,José Soriano,COL,LAA,115,108,Hit By Pitch,Kyle Karros hit by pitch. Sterlin Thompson to 2nd.,Hit By Pitch,,2,0,2,0,X,In Play,hit_by_pitch,False,H,SL,Slider,Hit By Pitch,89.0,80.2,3.43,1.73,6.87,0.43,11,2345,0.5,4.0,-31.0,-1.4157,4.0222,-0.04,0.33,-2.58,0.5,-0.04,0.4,False,False,False,False,False,-1.4157,4.0222,3,81,8,18,2,127,,,,,,,,,,,True,,,True,N,1
824027,2026-06-01,LAA,COL,pitch,5eefa673-ce3f-3d93-8f25-9b4dc552e7d4,4,36,0,1,664983,L,Jake McCarthy,667755,R,José Soriano,COL,LAA,115,108,Walk,Jake McCarthy walks. Sterlin Thompson to 3rd. Kyle Karros to 2nd.,Walk,,0,0,0,0,B,Ball,ball,False,B,KC,Knuckle Curve,Ball,84.1,76.4,3.23,1.63,6.76,0.45,13,2274,13.6,-6.5,-45.6,-1.1666,2.2469,-1.13,-0.54,-3.8,13.6,-1.13,0.42,False,False,False,False,False,-1.1666,2.2469,1,82,28,19,3,128,,,,,,,,,,,True,True,,False,N,1
824027,2026-06-01,LAA,COL,pitch,b0232fb0-1623-378f-b258-e13b5438d165,4,36,0,1,664983,L,Jake McCarthy,667755,R,José Soriano,COL,LAA,115,108,Walk,Jake McCarthy walks. Sterlin Thompson to 3rd. Kyle Karros to 2nd.,Walk,,0,1,0,1,B,Ball,ball,False,B,KC,Knuckle Curve,Ball,84.4,76.9,3.23,1.63,7.07,0.45,14,2371,11.6,-5.8,-44.8,1.0847,1.3857,-0.97,-0.48,-3.73,11.6,-0.97,0.42,False,False,False,False,False,1.0847,1.3857,2,83,29,19,3,129,,,,,,,,,,,True,True,,False,N,1
824027,2026-06-01,LAA,COL,pitch,77d3edf6-6aae-3b56-bc97-efdeefae645f,4,36,0,1,664983,L,Jake McCarthy,667755,R,José Soriano,COL,LAA,115,108,Walk,Jake McCarthy walks. Sterlin Thompson to 3rd. Kyle Karros to 2nd.,Walk,,0,2,0,2,B,Ball,ball,False,B,FS,Splitter,Ball,91.1,83.2,3.23,1.63,6.89,0.42,14,1820,19.1,2.0,-31.2,0.6039,0.8643,1.59,0.17,-2.6,1.59,1.59,0.39,False,False,False,False,False,0.6039,0.8643,3,84,11,19,3,130,,,,,,,,,,,True,True,,False,N,1
824027,2026-06-01,LAA,COL,pitch,d2c8db52-ca83-32d4-8cf1-9952e3d3f322,4,36,0,1,664983,L,Jake McCarthy,667755,R,José Soriano,COL,LAA,115,108,Walk,Jake McCarthy walks. Sterlin Thompson to 3rd. Kyle Karros to 2nd.,Walk,,0,3,0,3,B,Ball,ball,False,B,SI,Sinker,Ball,96.5,88.3,3.23,1.63,6.78,0.39,14,1969,17.3,4.6,-25.0,0.7299,1.3002,1.44,0.38,-2.08,1.44,1.44,0.37,False,False,False,False,False,0.7299,1.3002,4,85,22,19,3,131,,,,,,,,,,,True,True,,True,N,1
824027,2026-06-01,LAA,COL,pitch,6f685400-0df9-3f85-a14a-3cb943d7d4d2,4,37,14,1,671289,R,Tyler Freeman,667755,R,José Soriano,COL,LAA,115,108,Strikeout,Tyler Freeman strikes out swinging.,Strikeout,,0,0,0,0,S,Strike,called_strike,False,C,SI,Sinker,Called Strike,96.5,88.5,3.15,1.59,6.85,0.39,1,1927,14.2,1.8,-27.6,-0.4904,2.9588,1.18,0.15,-2.3,1.18,1.18,0.37,True,True,False,False,False,-0.4904,2.9588,1,86,23,20,3,132,,,,,,,,,,,,,,False,N,1
824027,2026-06-01,LAA,COL,pitch,8bfa790e-fd77-3cff-b69c-04bf449338ba,4,37,14,1,671289,R,Tyler Freeman,667755,R,José Soriano,COL,LAA,115,108,Strikeout,Tyler Freeman strikes out swinging.,Strikeout,,1,0,1,0,B,Ball,ball,False,B,SI,Sinker,Ball,96.3,88.2,3.15,1.59,6.94,0.39,13,1944,16.4,3.0,-26.6,-0.208,1.1868,1.37,0.25,-2.22,1.37,1.37,0.37,False,False,False,False,False,-0.208,1.1868,2,87,24,20,3,133,,,,,,,,,,,,,,False,N,1
824027,2026-06-01,LAA,COL,pitch,775aa031-3383-3eec-ba9f-f83f175cd08a,4,37,14,1,671289,R,Tyler Freeman,667755,R,José Soriano,COL,LAA,115,108,Strikeout,Tyler Freeman strikes out swinging.,Strikeout,,1,1,1,1,S,Strike,foul,False,F,KC,Knuckle Curve,Foul,84.6,77.4,3.15,1.59,6.89,0.45,5,2418,11.3,-5.0,-43.6,0.1428,2.1558,-0.94,-0.42,-3.63,11.3,-0.94,0.42,True,True,False,False,False,0.1428,2.1558,3,88,30,20,3,134,67.5,,,,,,,,,,,,,False,N,1
824027,2026-06-01,LAA,COL,pitch,351fe145-0076-3c64-bc43-672b098b2680,4,37,14,1,671289,R,Tyler Freeman,667755,R,José Soriano,COL,LAA,115,108,Strikeout,Tyler Freeman strikes out swinging.,Strikeout,,2,1,2,1,S,Strike,swinging_strike,True,S,SI,Sinker,Swinging Strike,96.4,87.5,3.15,1.59,6.88,0.39,8,1942,14.9,0.1,-29.6,-0.1661,1.7611,1.24,0.01,-2.47,1.24,1.24,0.37,True,True,False,False,False,-0.1661,1.7611,4,89,25,20,3,135,73.9,,,,,,,,,,,,,True,N,1
824027,2026-06-01,LAA,COL,pitch,281bcfe2-d574-3bfc-96c8-8e63713e8944,4,38,0,2,696100,R,Hunter Goodman,667755,R,José Soriano,COL,LAA,115,108,Lineout,Hunter Goodman lines out to right fielder Jo Adell.,Lineout,"{""homeRunBallparks"": 0}",0,0,0,0,X,In Play,hit_into_play,False,X,SL,Slider,"In play, out(s)",88.2,80.6,3.18,1.6,7.06,0.43,6,2416,0.8,1.8,-33.6,0.6265,2.2847,-0.07,0.15,-2.8,0.8,-0.07,0.4,True,True,False,True,False,0.6265,2.2847,1,90,9,21,3,136,74.6,330.0,0.37,0,123.15,307.1,99.1,22.0,99.1,22.0,,,,True,N,1
824027,2026-06-01,LAA,COL,pitch,de11aac0-e240-3d17-8210-3b81af2013c3,4,39,0,1,622268,L,Donovan Walton,607536,L,Kyle Freeland,LAA,COL,108,115,Flyout,Donovan Walton flies out to left fielder Troy Johnston in foul territory.,Flyout,,0,0,0,0,S,Strike,swinging_strike,True,S,SI,Sinker,Swinging Strike,89.2,81.6,3.09,1.56,6.54,0.42,14,2269,15.6,4.4,-30.1,0.9696,1.4646,-1.3,0.37,-2.51,15.6,-1.3,0.4,False,False,False,True,False,0.9696,1.4646,1,47,2,18,2,137,70.2,,,,,,,,,,,,,False,N,1
824027,2026-06-01,LAA,COL,pitch,c07d6285-ffbc-3cf9-a594-f85fb5b5c08c,4,39,0,1,622268,L,Donovan Walton,607536,L,Kyle Freeland,LAA,COL,108,115,Flyout,Donovan Walton flies out to left fielder Troy Johnston in foul territory.,Flyout,,1,0,1,0,B,Ball,ball,False,B,SI,Sinker,Ball,90.5,82.8,3.09,1.56,6.46,0.42,14,2298,15.2,4.7,-28.8,1.7003,2.1891,-1.27,0.39,-2.4,15.2,-1.27,0.39,False,False,False,True,False,1.7003,2.1891,2,48,3,18,2,138,,,,,,,,,,,,,,False,N,1
824027,2026-06-01,LAA,COL,pitch,0c334b21-aacb-38f1-b947-cfc8f0daadb7,4,39,0,1,622268,L,Donovan Walton,607536,L,Kyle Freeland,LAA,COL,108,115,Flyout,Donovan Walton flies out to left fielder Troy Johnston in foul territory.,Flyout,,1,1,1,1,B,Ball,ball,False,B,KC,Knuckle Curve,Ball,78.6,72.7,3.09,1.56,6.42,0.48,12,2308,0.5,-7.3,-51.4,1.1976,2.8916,-0.04,-0.61,-4.28,0.5,-0.04,0.45,False,False,False,True,False,1.1976,2.8916,3,49,10,18,2,139,,,,,,,,,,,,,,False,N,1
824027,2026-06-01,LAA,COL,pitch,7c2e5ed5-8703-3ac5-93a4-4ac46d9fc67d,4,39,0,1,622268,L,Donovan Walton,607536,L,Kyle Freeland,LAA,COL,108,115,Flyout,Donovan Walton flies out to left fielder Troy Johnston in foul territory.,Flyout,,1,2,1,2,S,Strike,called_strike,False,C,FF,4-Seam Fastball,Called Strike,90.2,82.1,3.09,1.56,6.54,0.42,7,2399,7.2,15.6,-18.2,-0.3808,1.7976,-0.6,1.3,-1.52,7.2,-0.6,0.39,True,True,False,True,False,-0.3808,1.7976,4,50,14,18,2,140,,,,,,,,,,,,,,False,N,1
824027,2026-06-01,LAA,COL,pitch,3d08824a-ca87-3be0-ad2e-0f315e17e06f,4,39,0,1,622268,L,Donovan Walton,607536,L,Kyle Freeland,LAA,COL,108,115,Flyout,Donovan Walton flies out to left fielder Troy Johnston in foul territory.,Flyout,,2,2,2,2,S,Strike,foul,False,F,FF,4-Seam Fastball,Foul,90.8,82.3,3.09,1.56,6.49,0.42,12,2349,4.9,15.8,-17.6,0.2966,3.4069,-0.41,1.32,-1.47,4.9,-0.41,0.39,False,False,False,True,False,0.2966,3.4069,5,51,15,18,2,141,54.9,,,,,,,,,,,,,False,N,1
824027,2026-06-01,LAA,COL,pitch,b94d45c9-e76c-3945-98bd-e854add08880,4,39,0,1,622268,L,Donovan Walton,607536,L,Kyle Freeland,LAA,COL,108,115,Flyout,Donovan Walton flies out to left fielder Troy Johnston in foul territory.,Flyout,,2,2,2,2,B,Ball,ball,False,B,FF,4-Seam Fastball,Ball,91.9,84.0,3.09,1.56,6.67,0.41,13,2386,6.6,15.5,-17.2,-1.2134,1.083,-0.55,1.29,-1.43,6.6,-0.55,0.39,False,False,False,True,False,-1.2134,1.083,6,52,16,18,2,142,,,,,,,,,,,,,,False,N,1
824027,2026-06-01,LAA,COL,pitch,679cd33c-039d-3bd4-ab15-efa5cff641f6,4,39,0,1,622268,L,Donovan Walton,607536,L,Kyle Freeland,LAA,COL,108,115,Flyout,Donovan Walton flies out to left fielder Troy Johnston in foul territory.,Flyout,"{""homeRunBallparks"": 0}",2,3,2,3,X,In Play,hit_into_play,False,X,FF,4-Seam Fastball,"In play, out(s)",91.8,83.2,3.09,1.56,6.62,0.41,4,2364,6.7,16.4,-16.4,-0.3691,2.2312,-0.56,1.37,-1.37,6.7,-0.56,0.39,True,True,False,True,False,-0.3691,2.2312,7,53,17,18,2,143,68.0,198.0,0.02,0,-163.71,145.73,85.3,61.0,85.3,61.0,,,,True,N,1
824027,2026-06-01,LAA,COL,pitch,d18159d8-5727-30cf-8f11-ef0125c15bcd,4,40,0,1,624585,R,Jorge Soler,607536,L,Kyle Freeland,LAA,COL,108,115,Flyout,Jorge Soler flies out to center fielder Jake McCarthy.,Flyout,,0,0,0,0,B,Ball,ball,False,B,FC,Cutter,Ball,86.9,79.8,3.35,1.69,6.5,0.43,12,2369,1.7,10.4,-25.6,1.1355,3.4457,0.14,0.87,-2.13,0.14,0.14,0.41,False,False,False,True,False,1.1355,3.4457,1,54,17,19,3,144,,,,,,,,,,,,,,False,N,1
824027,2026-06-01,LAA,COL,pitch,4033265a-0c68-34df-972c-03dcbb159f8e,4,40,0,1,624585,R,Jorge Soler,607536,L,Kyle Freeland,LAA,COL,108,115,Flyout,Jorge Soler flies out to center fielder Jake McCarthy.,Flyout,,0,1,0,1,S,Strike,foul,False,F,FC,Cutter,Foul,87.7,81.0,3.35,1.69,6.48,0.43,4,2437,0.5,11.8,-23.6,-0.6946,2.8334,-0.04,0.98,-1.97,0.5,-0.04,0.4,True,True,False,True,False,-0.6946,2.8334,2,55,18,19,3,145,78.4,,,,,,,,,,,,,False,N,1
824027,2026-06-01,LAA,COL,pitch,e461c8bf-f5d9-3dbd-8530-7068fa6c2a99,4,40,0,1,624585,R,Jorge Soler,607536,L,Kyle Freeland,LAA,COL,108,115,Flyout,Jorge Soler flies out to center fielder Jake McCarthy.,Flyout,"{""homeRunBallparks"": 0}",1,1,1,1,X,In Play,hit_into_play,False,X,CH,Changeup,"In play, out(s)",85.7,77.6,3.35,1.69,6.47,0.44,9,1644,15.6,4.3,-33.4,0.632,1.9765,-1.3,0.36,-2.78,15.6,-1.3,0.42,True,True,False,True,False,0.632,1.9765,3,56,8,19,3,146,75.3,337.0,0.03,0,-37.89,334.65,90.6,38.0,90.6,38.0,,,,True,N,1
824027,2026-06-01,LAA,COL,pitch,3871c484-a266-30f0-8ff4-a480322280ff,4,41,14,2,545361,R,Mike Trout,607536,L,Kyle Freeland,LAA,COL,108,115,Strikeout,Mike Trout strikes out swinging.,Strikeout,,0,0,0,0,B,Ball,ball,False,B,FC,Cutter,Ball,87.3,80.2,3.24,1.64,6.61,0.43,13,2436,0.1,12.1,-23.9,-1.4586,2.3523,-0.01,1.01,-1.99,0.1,-0.01,0.41,False,False,False,False,False,-1.4586,2.3523,1,57,19,20,3,147,,,,,,,,,,,,,,False,N,1
824027,2026-06-01,LAA,COL,pitch,f3f88393-4f48-32ee-9e22-70d79b27fc0d,4,41,14,2,545361,R,Mike Trout,607536,L,Kyle Freeland,LAA,COL,108,115,Strikeout,Mike Trout strikes out swinging.,Strikeout,,0,1,0,1,S,Strike,foul,False,F,FF,4-Seam Fastball,Foul,91.6,82.3,3.24,1.64,6.54,0.41,1,2378,10.0,16.6,-16.7,-0.6705,2.8576,-0.83,1.38,-1.39,10.0,-0.83,0.39,True,True,False,False,False,-0.6705,2.8576,2,58,18,20,3,148,70.0,,,,,,,,,,,,,False,N,1
824027,2026-06-01,LAA,COL,pitch,e3e6af9c-a48a-3bbe-a8b1-d9435517ac61,4,41,14,2,545361,R,Mike Trout,607536,L,Kyle Freeland,LAA,COL,108,115,Strikeout,Mike Trout strikes out swinging.,Strikeout,,1,1,1,1,S,Strike,called_strike,False,C,FF,4-Seam Fastball,Called Strike,91.9,82.6,3.24,1.64,6.67,0.41,4,2423,8.6,17.8,-15.4,-0.7835,2.6853,-0.72,1.48,-1.28,8.6,-0.72,0.39,True,True,False,False,False,-0.7835,2.6853,3,59,19,20,3,149,,,,,,,,,,,,,,False,N,1
824027,2026-06-01,LAA,COL,pitch,ee2f6d26-9a23-3732-b5b0-3125dbbbe564,4,41,14,2,545361,R,Mike Trout,607536,L,Kyle Freeland,LAA,COL,108,115,Strikeout,Mike Trout strikes out swinging.,Strikeout,,2,1,2,1,S,Strike,swinging_strike,True,S,KC,Knuckle Curve,Swinging Strike,83.4,76.5,3.24,1.64,6.44,0.45,13,2355,0.6,-5.6,-45.4,-0.3709,0.9882,-0.05,-0.47,-3.78,0.6,-0.05,0.43,False,False,False,False,False,-0.3709,0.9882,4,60,11,20,3,150,64.3,,,,,,,,,,,,,True,N,1
824027,2026-06-01,LAA,COL,pitch,14a47a0b-ad6d-3ed8-a6a2-50f0661a0dbf,5,42,0,1,687859,L,Troy Johnston,667755,R,José Soriano,COL,LAA,115,108,Lineout,Troy Johnston lines out sharply to center fielder Mike Trout.,Lineout,,0,0,0,0,B,Ball,ball,False,B,KC,Knuckle Curve,Ball,83.3,75.7,3.16,1.59,6.82,0.45,11,2232,15.6,-5.6,-45.5,-0.6602,3.9667,-1.3,-0.47,-3.79,15.6,-1.3,0.43,False,False,False,True,False,-0.6602,3.9667,1,91,31,22,3,151,,,,,,,,,,,,,,False,N,1
824027,2026-06-01,LAA,COL,pitch,a25d0322-b0af-3aad-8a56-1f7c98d0edb1,5,42,0,1,687859,L,Troy Johnston,667755,R,José Soriano,COL,LAA,115,108,Lineout,Troy Johnston lines out sharply to center fielder Mike Trout.,Lineout,,0,1,0,1,S,Strike,foul,False,F,FS,Splitter,Foul,91.0,83.5,3.16,1.59,6.71,0.41,7,1611,15.5,-1.1,-34.1,-0.7374,1.8459,1.29,-0.09,-2.84,1.29,1.29,0.39,True,True,False,True,False,-0.7374,1.8459,2,92,12,22,3,152,71.6,,,,,,,,,,,,,False,N,1
824027,2026-06-01,LAA,COL,pitch,5a9a4913-ca42-3cc0-8bc3-d0c50d77055e,5,42,0,1,687859,L,Troy Johnston,667755,R,José Soriano,COL,LAA,115,108,Lineout,Troy Johnston lines out sharply to center fielder Mike Trout.,Lineout,,1,1,1,1,S,Strike,called_strike,False,C,KC,Knuckle Curve,Called Strike,83.9,76.2,3.16,1.59,6.84,0.45,4,2409,9.2,-6.2,-45.6,-0.7292,2.1089,-0.77,-0.52,-3.8,9.2,-0.77,0.42,True,True,False,True,False,-0.7292,2.1089,3,93,32,22,3,153,,,,,,,,,,,,,,False,N,1
824027,2026-06-01,LAA,COL,pitch,0c4d5d0a-abf2-3791-ad8c-3cb0215e0d23,5,42,0,1,687859,L,Troy Johnston,667755,R,José Soriano,COL,LAA,115,108,Lineout,Troy Johnston lines out sharply to center fielder Mike Trout.,Lineout,"{""homeRunBallparks"": 0}",2,1,2,1,X,In Play,hit_into_play,False,X,FS,Splitter,"In play, out(s)",90.5,83.0,3.16,1.59,7.02,0.42,4,1430,10.1,-4.0,-37.4,-0.4464,2.1462,0.84,-0.33,-3.12,0.84,0.84,0.39,True,True,False,True,False,-0.4464,2.1462,4,94,13,22,3,154,73.0,364.0,0.54,0,-54.21,359.89,103.3,20.0,103.3,20.0,,,,True,N,1
824027,2026-06-01,LAA,COL,pitch,e9eb2f86-2900-347a-bee7-8b5ec114e5c9,5,43,11,1,650489,L,Willi Castro,667755,R,José Soriano,COL,LAA,115,108,Hit By Pitch,Willi Castro hit by pitch.,Hit By Pitch,,0,0,0,0,B,Ball,ball,False,B,FF,4-Seam Fastball,Ball,94.7,86.2,3.2,1.62,6.73,0.4,11,2196,6.5,14.2,-16.3,-0.7839,4.1461,0.54,1.18,-1.36,0.54,0.54,0.37,False,False,False,False,False,-0.7839,4.1461,1,95,16,23,3,155,,,,,,,,,,,,,,False,N,1
824027,2026-06-01,LAA,COL,pitch,bf2e3b5d-820d-3815-9ab7-b49fbb736db8,5,43,11,1,650489,L,Willi Castro,667755,R,José Soriano,COL,LAA,115,108,Hit By Pitch,Willi Castro hit by pitch.,Hit By Pitch,,0,1,0,1,S,Strike,swinging_strike,True,S,FS,Splitter,Swinging Strike,91.5,83.9,3.2,1.62,6.95,0.41,13,1487,12.6,-3.0,-35.9,-0.3738,1.4868,1.05,-0.25,-2.99,1.05,1.05,0.39,False,False,False,False,False,-0.3738,1.4868,2,96,14,23,3,156,80.3,,,,,,,,,,,,,False,N,1
824027,2026-06-01,LAA,COL,pitch,83e3db88-fc16-3874-9db1-42fa17eb8195,5,43,11,1,650489,L,Willi Castro,667755,R,José Soriano,COL,LAA,115,108,Hit By Pitch,Willi Castro hit by pitch.,Hit By Pitch,,1,1,1,1,B,Ball,ball,False,B,FF,4-Seam Fastball,Ball,96.9,88.6,3.2,1.62,6.89,0.39,9,2346,8.2,13.9,-15.4,0.7777,1.7529,0.68,1.16,-1.28,0.68,0.68,0.37,True,True,False,False,False,0.7777,1.7529,3,97,17,23,3,157,,,,,,,,,,,,,,False,N,1
824027,2026-06-01,LAA,COL,pitch,c243b166-bdad-38da-b4ce-18e341a64b2a,5,43,11,1,650489,L,Willi Castro,667755,R,José Soriano,COL,LAA,115,108,Hit By Pitch,Willi Castro hit by pitch.,Hit By Pitch,,1,2,1,2,X,In Play,hit_by_pitch,False,H,KC,Knuckle Curve,Hit By Pitch,85.2,78.4,3.2,1.62,7.05,0.44,14,2356,13.7,-4.8,-43.0,2.3678,0.4628,-1.14,-0.4,-3.58,13.7,-1.14,0.42,False,False,False,False,False,2.3678,0.4628,4,98,33,23,3,158,,,,,,,,,,,,,,True,N,1
824027,2026-06-01,LAA,COL,pitch,d836784b-9540-341b-a58e-87b168cabf04,5,44,14,1,678662,R,Ezequiel Tovar,667755,R,José Soriano,COL,LAA,115,108,Strikeout,Ezequiel Tovar strikes out swinging.,Strikeout,,0,0,0,0,S,Strike,foul,False,F,SI,Sinker,Foul,94.5,86.3,3.22,1.62,7.04,0.4,13,2091,15.0,1.8,-29.0,-0.0838,1.1045,1.25,0.15,-2.42,1.25,1.25,0.38,False,False,False,False,False,-0.0838,1.1045,1,99,26,24,3,159,72.9,,,,,,,,,,,,,False,N,1
824027,2026-06-01,LAA,COL,pitch,422dc6f5-4d69-306a-9571-d159cb32e6b7,5,44,14,1,678662,R,Ezequiel Tovar,667755,R,José Soriano,COL,LAA,115,108,Strikeout,Ezequiel Tovar strikes out swinging.,Strikeout,,1,0,1,0,S,Strike,swinging_strike,True,S,SL,Slider,Swinging Strike,88.1,80.6,3.22,1.62,7.14,0.43,14,2395,1.3,3.0,-32.5,1.3202,1.0786,-0.11,0.25,-2.71,1.3,-0.11,0.4,False,False,False,False,False,1.3202,1.0786,2,100,10,24,3,160,70.1,,,,,,,,,,,,,False,N,1
824027,2026-06-01,LAA,COL,pitch,66d53af8-934a-3445-97dd-5a63d9d9e723,5,44,14,1,678662,R,Ezequiel Tovar,667755,R,José Soriano,COL,LAA,115,108,Strikeout,Ezequiel Tovar strikes out swinging.,Strikeout,,2,0,2,0,S,Strike,foul,False,F,FF,4-Seam Fastball,Foul,94.2,84.6,3.22,1.62,6.99,0.4,14,2263,9.7,15.0,-16.4,1.1407,1.914,0.81,1.25,-1.37,0.81,0.81,0.38,False,False,False,False,False,1.1407,1.914,3,101,18,24,3,161,63.6,,,,,,,,,,,,,False,N,1
824027,2026-06-01,LAA,COL,pitch,30657838-b5d0-3ac0-a4d6-e2423c45ea0a,5,44,14,1,678662,R,Ezequiel Tovar,667755,R,José Soriano,COL,LAA,115,108,Strikeout,Ezequiel Tovar strikes out swinging.,Strikeout,,2,0,2,0,S,Strike,swinging_strike,True,S,SL,Slider,Swinging Strike,87.9,80.5,3.22,1.62,7.08,0.43,14,2394,1.1,0.1,-35.6,1.2035,0.6427,-0.09,0.01,-2.97,1.1,-0.09,0.4,False,False,True,False,False,1.2035,0.6427,4,102,11,24,3,162,48.4,,,,,,,,,,,,,True,N,1
824027,2026-06-01,LAA,COL,pitch,5af35b9a-a776-3d6c-b084-24f4d2c6726b,5,45,0,2,666397,L,Edouard Julien,667755,R,José Soriano,COL,LAA,115,108,Walk,Edouard Julien walks. Willi Castro to 2nd.,Walk,,0,0,0,0,B,Ball,ball,False,B,KC,Knuckle Curve,Ball,84.1,75.9,3.24,1.63,6.88,0.45,13,2420,15.1,-7.4,-46.9,-1.098,2.0826,-1.26,-0.62,-3.91,15.1,-1.26,0.42,False,False,False,False,False,-1.098,2.0826,1,103,34,25,3,163,,,,,,,,,,,True,,,False,N,1
824027,2026-06-01,LAA,COL,pitch,60427f13-e01c-3351-bd2e-422a296dda93,5,45,0,2,666397,L,Edouard Julien,667755,R,José Soriano,COL,LAA,115,108,Walk,Edouard Julien walks. Willi Castro to 2nd.,Walk,,0,1,0,1,S,Strike,swinging_strike,True,S,FS,Splitter,Swinging Strike,90.7,82.1,3.24,1.63,6.93,0.42,8,1823,18.2,1.8,-32.0,-0.2019,1.6265,1.52,0.15,-2.67,1.52,1.52,0.39,True,True,False,False,False,-0.2019,1.6265,2,104,15,25,3,164,73.1,,,,,,,,,,True,,,False,N,1
824027,2026-06-01,LAA,COL,pitch,840905b9-2d30-3454-a0e8-2db22708f098,5,45,0,2,666397,L,Edouard Julien,667755,R,José Soriano,COL,LAA,115,108,Walk,Edouard Julien walks. Willi Castro to 2nd.,Walk,,1,1,1,1,B,Ball,ball,False,B,FF,4-Seam Fastball,Ball,95.6,86.5,3.24,1.63,6.97,0.4,14,2263,8.6,14.5,-16.0,1.1909,1.3684,0.72,1.21,-1.33,0.72,0.72,0.37,False,False,False,False,False,1.1909,1.3684,3,105,19,25,3,165,,,,,,,,,,,True,,,False,N,1
824027,2026-06-01,LAA,COL,pitch,7c9460c6-1a2b-3d4d-97f6-c10d59d85b51,5,45,0,2,666397,L,Edouard Julien,667755,R,José Soriano,COL,LAA,115,108,Walk,Edouard Julien walks. Willi Castro to 2nd.,Walk,,1,2,1,2,S,Strike,swinging_strike,True,S,KC,Knuckle Curve,Swinging Strike,84.7,76.5,3.24,1.63,6.78,0.45,8,2466,14.9,-6.8,-45.8,-0.1049,1.6087,-1.24,-0.57,-3.82,14.9,-1.24,0.42,True,True,False,False,False,-0.1049,1.6087,4,106,35,25,3,166,75.8,,,,,,,,,,True,,,False,N,1
824027,2026-06-01,LAA,COL,pitch,8bbd547c-f763-390f-a81f-a37987cd6019,5,45,0,2,666397,L,Edouard Julien,667755,R,José Soriano,COL,LAA,115,108,Walk,Edouard Julien walks. Willi Castro to 2nd.,Walk,,2,2,2,2,B,Ball,blocked_ball,False,*B,KC,Knuckle Curve,Ball In Dirt,86.3,78.2,3.24,1.63,6.94,0.44,13,2354,6.6,-3.1,-40.6,-0.4384,0.6464,-0.55,-0.26,-3.38,6.6,-0.55,0.41,False,False,False,False,False,-0.4384,0.6464,5,107,36,25,3,167,,,,,,,,,,,True,,,False,N,1
824027,2026-06-01,LAA,COL,pitch,ee8ec4e4-6794-3880-9277-0632d618e7e0,5,45,0,2,666397,L,Edouard Julien,667755,R,José Soriano,COL,LAA,115,108,Walk,Edouard Julien walks. Willi Castro to 2nd.,Walk,,2,3,2,3,B,Ball,ball,False,B,FS,Splitter,Ball,90.3,82.1,3.24,1.63,6.78,0.42,11,1626,14.0,1.3,-32.4,-1.386,3.3649,1.17,0.11,-2.7,1.17,1.17,0.39,False,False,False,False,False,-1.386,3.3649,6,108,16,25,3,168,,,,,,,,,,,True,,,True,N,1
824027,2026-06-01,LAA,COL,pitch,206bd936-7d5d-3927-95fc-cb38bf454161,5,46,33,2,694514,L,Sterlin Thompson,681217,R,Chase Silseth,COL,LAA,115,108,Single,Sterlin Thompson singles on a line drive to right fielder Jo Adell. Willi Castro scores. Edouard Julien to 3rd.,Single,,0,0,0,0,S,Strike,swinging_strike,True,S,FS,Splitter,Swinging Strike,87.0,78.7,3.34,1.69,5.94,0.44,7,1099,13.2,4.1,-32.6,-0.8008,2.1598,1.1,0.34,-2.72,1.1,1.1,0.41,True,True,False,False,False,-0.8008,2.1598,1,1,1,1,1,169,70.4,,,,,,,,,,True,True,True,False,N,1
824027,2026-06-01,LAA,COL,pitch,48038a0a-a0ef-3593-88a5-824cd4bfc750,5,46,33,2,694514,L,Sterlin Thompson,681217,R,Chase Silseth,COL,LAA,115,108,Single,Sterlin Thompson singles on a line drive to right fielder Jo Adell. Willi Castro scores. Edouard Julien to 3rd.,Single,,1,0,1,0,B,Ball,ball,False,B,FS,Splitter,Ball,89.0,81.2,3.34,1.69,5.86,0.42,13,1065,10.6,-0.5,-35.3,-0.7741,1.3544,0.88,-0.04,-2.94,0.88,0.88,0.4,False,False,False,False,False,-0.7741,1.3544,2,2,2,1,1,170,22.2,,,,,,,,,,True,True,True,False,N,1
824027,2026-06-01,LAA,COL,pitch,d22c084d-744b-38b8-9f15-695cf4b56a8d,5,46,33,2,694514,L,Sterlin Thompson,681217,R,Chase Silseth,COL,LAA,115,108,Single,Sterlin Thompson singles on a line drive to right fielder Jo Adell. Willi Castro scores. Edouard Julien to 3rd.,Single,,1,1,1,1,B,Ball,ball,False,B,FF,4-Seam Fastball,Ball,97.1,87.8,3.34,1.69,6.04,0.39,12,2561,7.8,18.8,-10.6,1.0625,2.7931,0.65,1.57,-0.88,0.65,0.65,0.37,False,False,False,False,False,1.0625,2.7931,3,3,1,1,1,171,,,,,,,,,,,True,True,True,False,N,1
824027,2026-06-01,LAA,COL,pitch,3fce8773-da06-3b46-886d-c13b3fe6ea45,5,46,33,2,694514,L,Sterlin Thompson,681217,R,Chase Silseth,COL,LAA,115,108,Single,Sterlin Thompson singles on a line drive to right fielder Jo Adell. Willi Castro scores. Edouard Julien to 3rd.,Single,"{""homeRunBallparks"": 0}",1,2,1,2,X,In Play,hit_into_play,False,E,FS,Splitter,"In play, run(s)",88.6,80.2,3.34,1.69,5.99,0.43,7,952,12.4,1.7,-33.7,-0.4681,2.1372,1.03,0.14,-2.81,1.03,1.03,0.4,True,True,False,False,False,-0.4681,2.1372,4,4,3,1,1,172,73.8,256.0,0.6,0,144.72,211.8,86.6,20.0,86.6,20.0,True,True,True,True,N,1
824027,2026-06-01,LAA,COL,pitch,454c63cc-6abc-3f31-8bf3-a3b10167255f,5,47,0,2,691720,R,Kyle Karros,681217,R,Chase Silseth,COL,LAA,115,108,Groundout,"Kyle Karros grounds out, third baseman Donovan Walton to first baseman Vaughn Grissom.",Groundout,,0,0,0,0,S,Strike,foul,False,F,SI,Sinker,Foul,97.0,88.5,3.43,1.73,5.95,0.39,1,2284,14.8,11.3,-17.9,-0.7997,2.9775,1.23,0.94,-1.49,1.23,1.23,0.36,True,True,False,True,False,-0.7997,2.9775,1,5,1,2,1,173,65.3,,,,,,,,,,,,,False,N,1
824027,2026-06-01,LAA,COL,pitch,4706a518-6bd3-3754-8c9b-484f665220c7,5,47,0,2,691720,R,Kyle Karros,681217,R,Chase Silseth,COL,LAA,115,108,Groundout,"Kyle Karros grounds out, third baseman Donovan Walton to first baseman Vaughn Grissom.",Groundout,"{""homeRunBallparks"": 0}",1,0,1,0,X,In Play,hit_into_play,False,X,SI,Sinker,"In play, out(s)",97.0,88.5,3.43,1.73,6.09,0.39,1,2298,13.2,11.3,-17.9,-0.5171,3.1876,1.1,0.94,-1.49,1.1,1.1,0.36,True,True,False,True,False,-0.5171,3.1876,2,6,2,2,1,174,73.5,14.0,0.12,0,-42.62,91.74,92.7,-14.0,92.7,-14.0,,,,True,N,1
824027,2026-06-01,LAA,COL,pitch,d647abb8-222c-328a-a259-fee89be1d229,5,48,0,0,687093,R,Vaughn Grissom,607536,L,Kyle Freeland,LAA,COL,108,115,Walk,Vaughn Grissom walks.,Walk,,0,0,0,0,B,Ball,ball,False,B,FF,4-Seam Fastball,Ball,88.3,80.5,3.3,1.67,6.43,0.43,12,2349,8.6,16.3,-18.8,1.0085,3.7745,-0.72,1.36,-1.57,8.6,-0.72,0.4,False,False,False,False,False,1.0085,3.7745,1,61,20,21,3,175,,,,,,,,,,,,,,False,N,1
824027,2026-06-01,LAA,COL,pitch,06632363-b2b7-36ef-bae9-522e4567bf61,5,48,0,0,687093,R,Vaughn Grissom,607536,L,Kyle Freeland,LAA,COL,108,115,Walk,Vaughn Grissom walks.,Walk,,0,1,0,1,S,Strike,called_strike,False,C,CH,Changeup,Called Strike,82.5,75.2,3.3,1.67,6.24,0.46,5,1699,13.4,10.1,-30.4,0.1017,2.7487,-1.12,0.84,-2.53,13.4,-1.12,0.43,True,True,False,False,False,0.1017,2.7487,2,62,9,21,3,176,,,,,,,,,,,,,,False,N,1
824027,2026-06-01,LAA,COL,pitch,9f654f1e-04ce-3b07-96ee-88b31ba4ae3c,5,48,0,0,687093,R,Vaughn Grissom,607536,L,Kyle Freeland,LAA,COL,108,115,Walk,Vaughn Grissom walks.,Walk,,1,1,1,1,B,Ball,ball,False,B,FF,4-Seam Fastball,Ball,88.5,80.4,3.3,1.67,6.57,0.43,13,2345,9.4,16.7,-18.7,-0.9583,1.9192,-0.78,1.39,-1.56,9.4,-0.78,0.4,False,False,False,False,False,-0.9583,1.9192,3,63,21,21,3,177,,,,,,,,,,,,,,False,N,1
824027,2026-06-01,LAA,COL,pitch,1381991f-f8bb-354c-bf66-86d5e0a29a82,5,48,0,0,687093,R,Vaughn Grissom,607536,L,Kyle Freeland,LAA,COL,108,115,Walk,Vaughn Grissom walks.,Walk,,1,2,1,2,B,Ball,ball,False,B,FF,4-Seam Fastball,Ball,90.3,81.9,3.3,1.67,6.49,0.42,13,2409,11.0,15.2,-18.8,-0.8574,2.127,-0.92,1.27,-1.57,11.0,-0.92,0.39,False,False,False,False,False,-0.8574,2.127,4,64,22,21,3,178,,,,,,,,,,,,,,False,N,1
824027,2026-06-01,LAA,COL,pitch,6c64bd88-10e0-3301-95d3-ab0f8191ce97,5,48,0,0,687093,R,Vaughn Grissom,607536,L,Kyle Freeland,LAA,COL,108,115,Walk,Vaughn Grissom walks.,Walk,,1,3,1,3,B,Ball,ball,False,B,SI,Sinker,Ball,89.9,81.4,3.3,1.67,6.47,0.42,12,2295,14.9,12.5,-21.7,1.3578,2.832,-1.24,1.04,-1.81,14.9,-1.24,0.4,False,False,False,False,False,1.3578,2.832,5,65,4,21,3,179,,,,,,,,,,,,,,True,N,1
824027,2026-06-01,LAA,COL,pitch,73cd44c8-618d-39e0-9981-6dd5e398cdd6,5,49,0,1,666176,R,Jo Adell,607536,L,Kyle Freeland,LAA,COL,108,115,Flyout,Jo Adell flies out to right fielder Tyler Freeman.,Flyout,,0,0,0,0,S,Strike,called_strike,False,C,SI,Sinker,Called Strike,89.5,81.5,3.3,1.67,6.38,0.42,12,2335,12.7,7.7,-26.6,0.8864,3.0063,-1.06,0.64,-2.22,12.7,-1.06,0.4,False,False,False,True,False,0.8864,3.0063,1,66,5,22,3,180,,,,,,,,,,,,,,False,N,1
824027,2026-06-01,LAA,COL,pitch,713fcc4c-65ef-3bb6-9bab-50316327d6f9,5,49,0,1,666176,R,Jo Adell,607536,L,Kyle Freeland,LAA,COL,108,115,Flyout,Jo Adell flies out to right fielder Tyler Freeman.,Flyout,"{""homeRunBallparks"": 0}",1,0,1,0,X,In Play,hit_into_play,False,X,CH,Changeup,"In play, out(s)",85.5,77.7,3.3,1.67,6.39,0.44,5,1689,13.4,8.0,-29.8,0.0211,2.5437,-1.12,0.67,-2.48,13.4,-1.12,0.42,True,True,False,True,False,0.0211,2.5437,2,67,10,22,3,181,86.7,243.0,0.02,0,83.01,228.5,92.5,57.0,92.5,57.0,,,,True,N,1
824027,2026-06-01,LAA,COL,pitch,ced906c4-1f24-3fdc-99e9-6819b47cb63d,5,50,9,1,672724,R,Oswald Peraza,607536,L,Kyle Freeland,LAA,COL,108,115,Fielders Choice,"Oswald Peraza reaches on a fielder's choice, fielded by pitcher Kyle Freeland. Vaughn Grissom to 2nd. Vaughn Grissom advances to 2nd, on a throwing error by pitcher Kyle Freeland.",Fielders Choice,,0,0,0,0,S,Strike,swinging_strike,True,S,FC,Cutter,Swinging Strike,86.2,79.2,3.19,1.61,6.64,0.44,11,2331,0.6,11.0,-25.7,-0.8503,3.5129,0.05,0.92,-2.14,0.05,0.05,0.41,False,False,False,True,False,-0.8503,3.5129,1,68,20,23,3,182,32.5,,,,,,,,,,True,,,False,N,1
824027,2026-06-01,LAA,COL,pitch,aa3cc02e-df01-303b-a279-ffbb6c1deee2,5,50,9,1,672724,R,Oswald Peraza,607536,L,Kyle Freeland,LAA,COL,108,115,Fielders Choice,"Oswald Peraza reaches on a fielder's choice, fielded by pitcher Kyle Freeland. Vaughn Grissom to 2nd. Vaughn Grissom advances to 2nd, on a throwing error by pitcher Kyle Freeland.",Fielders Choice,,1,0,1,0,S,Strike,swinging_strike,True,S,CH,Changeup,Swinging Strike,85.7,78.4,3.19,1.61,6.33,0.44,14,1594,17.6,2.8,-34.7,1.377,1.363,-1.47,0.23,-2.89,17.6,-1.47,0.41,False,False,False,True,False,1.377,1.363,2,69,11,23,3,183,71.3,,,,,,,,,,True,,,False,N,1
824027,2026-06-01,LAA,COL,pitch,7b29551f-dfbe-30af-9f13-2405c3ec8b94,5,50,9,1,672724,R,Oswald Peraza,607536,L,Kyle Freeland,LAA,COL,108,115,Fielders Choice,"Oswald Peraza reaches on a fielder's choice, fielded by pitcher Kyle Freeland. Vaughn Grissom to 2nd. Vaughn Grissom advances to 2nd, on a throwing error by pitcher Kyle Freeland.",Fielders Choice,,2,0,2,0,B,Ball,ball,False,B,CH,Changeup,Ball,86.6,79.2,3.19,1.61,6.43,0.44,13,1656,14.3,6.7,-30.0,-0.4041,1.4109,-1.19,0.56,-2.5,14.3,-1.19,0.41,False,False,False,True,False,-0.4041,1.4109,3,70,12,23,3,184,,,,,,,,,,,True,,,False,N,1
824027,2026-06-01,LAA,COL,pitch,7ad52aca-68f1-370e-ab9f-0028ef37d0be,5,50,9,1,672724,R,Oswald Peraza,607536,L,Kyle Freeland,LAA,COL,108,115,Fielders Choice,"Oswald Peraza reaches on a fielder's choice, fielded by pitcher Kyle Freeland. Vaughn Grissom to 2nd. Vaughn Grissom advances to 2nd, on a throwing error by pitcher Kyle Freeland.",Fielders Choice,"{""homeRunBallparks"": 0}",2,1,2,1,X,In Play,hit_into_play,False,D,FC,Cutter,"In play, no out",84.4,77.5,3.19,1.61,6.66,0.45,3,2461,2.8,2.8,-35.6,0.3031,2.7283,0.23,0.23,-2.97,0.23,0.23,0.42,True,True,False,True,False,0.3031,2.7283,4,71,21,23,3,185,67.1,24.0,0.31,0,-6.1,82.8,94.6,-5.0,94.6,-5.0,True,,,True,N,1
824027,2026-06-01,LAA,COL,pitch,8c7ef3c3-fa4d-3cd4-b994-36abbbbbe321,5,51,0,1,642350,R,Jose Siri,607536,L,Kyle Freeland,LAA,COL,108,115,Flyout,Jose Siri flies out to center fielder Jake McCarthy. Vaughn Grissom to 3rd.,Flyout,,0,0,0,0,S,Strike,foul,False,F,SI,Sinker,Foul,91.2,83.5,3.3,1.67,6.68,0.41,9,2293,16.6,5.9,-27.1,0.3296,2.0742,-1.38,0.49,-2.26,16.6,-1.38,0.39,True,True,False,True,False,0.3296,2.0742,1,72,6,24,3,186,75.4,,,,,,,,,,,True,,False,N,1
824027,2026-06-01,LAA,COL,pitch,e04e5772-4ba4-39b1-a308-207716f1bcbf,5,51,0,1,642350,R,Jose Siri,607536,L,Kyle Freeland,LAA,COL,108,115,Flyout,Jose Siri flies out to center fielder Jake McCarthy. Vaughn Grissom to 3rd.,Flyout,,1,0,1,0,S,Strike,foul,False,F,KC,Knuckle Curve,Foul,82.4,76.5,3.3,1.67,6.62,0.46,7,2362,2.2,-5.2,-45.2,-0.6436,1.5818,0.18,-0.43,-3.77,0.18,0.18,0.43,True,True,False,True,False,-0.6436,1.5818,2,73,12,24,3,187,72.7,,,,,,,,,,,True,,False,N,1
824027,2026-06-01,LAA,COL,pitch,15cb679b-b758-367d-8001-c2ad848a874a,5,51,0,1,642350,R,Jose Siri,607536,L,Kyle Freeland,LAA,COL,108,115,Flyout,Jose Siri flies out to center fielder Jake McCarthy. Vaughn Grissom to 3rd.,Flyout,,2,0,2,0,S,Strike,foul,False,F,FF,4-Seam Fastball,Foul,91.7,83.4,3.3,1.67,6.68,0.41,4,2322,11.0,13.9,-18.8,-0.5845,2.2089,-0.92,1.16,-1.57,11.0,-0.92,0.39,True,True,False,True,False,-0.5845,2.2089,3,74,23,24,3,188,77.5,,,,,,,,,,,True,,False,N,1
824027,2026-06-01,LAA,COL,pitch,6cafd993-36c4-32e4-b1f6-884dcde50434,5,51,0,1,642350,R,Jose Siri,607536,L,Kyle Freeland,LAA,COL,108,115,Flyout,Jose Siri flies out to center fielder Jake McCarthy. Vaughn Grissom to 3rd.,Flyout,,2,0,2,0,B,Ball,ball,False,B,CH,Changeup,Ball,85.3,77.8,3.3,1.67,6.46,0.44,14,1590,13.3,7.3,-30.6,1.1421,0.8983,-1.11,0.61,-2.55,13.3,-1.11,0.42,False,False,False,True,False,1.1421,0.8983,4,75,13,24,3,189,,,,,,,,,,,,True,,False,N,1
824027,2026-06-01,LAA,COL,pitch,d075ad02-d1fb-32f1-994b-ffa3ad92462b,5,51,0,1,642350,R,Jose Siri,607536,L,Kyle Freeland,LAA,COL,108,115,Flyout,Jose Siri flies out to center fielder Jake McCarthy. Vaughn Grissom to 3rd.,Flyout,"{""homeRunBallparks"": 0}",2,1,2,1,X,In Play,hit_into_play,False,X,KC,Knuckle Curve,"In play, out(s)",83.7,76.7,3.3,1.67,6.67,0.45,13,2383,0.7,-2.6,-42.0,-0.0804,1.0819,0.06,-0.22,-3.5,0.06,0.06,0.42,False,False,False,True,False,-0.0804,1.0819,5,76,13,24,3,190,70.4,361.0,0.53,0,14.29,348.56,99.7,24.0,99.7,24.0,,True,,True,N,1
824027,2026-06-01,LAA,COL,pitch,a212f3e4-83de-3e65-ab32-de779e4cb672,5,52,0,2,663611,R,Nick Madrigal,607536,L,Kyle Freeland,LAA,COL,108,115,Lineout,Nick Madrigal lines out to left fielder Troy Johnston.,Lineout,,0,0,0,0,B,Ball,ball,False,B,FC,Cutter,Ball,86.7,79.9,2.97,1.5,6.42,0.43,11,2404,1.2,9.2,-26.9,-0.2433,4.2162,0.1,0.77,-2.24,0.1,0.1,0.41,False,False,False,True,False,-0.2433,4.2162,1,77,22,25,3,191,,,,,,,,,,,True,True,True,False,N,1
824027,2026-06-01,LAA,COL,pitch,af086515-e1fd-3334-8392-0e5248eae17f,5,52,0,2,663611,R,Nick Madrigal,607536,L,Kyle Freeland,LAA,COL,108,115,Lineout,Nick Madrigal lines out to left fielder Troy Johnston.,Lineout,"{""homeRunBallparks"": 0}",0,1,0,1,X,In Play,hit_into_play,False,X,FC,Cutter,"In play, out(s)",87.1,80.5,2.97,1.5,6.65,0.43,2,2272,1.4,10.2,-25.7,-0.2735,2.6419,-0.12,0.85,-2.14,1.4,-0.12,0.4,True,True,False,True,False,-0.2735,2.6419,2,78,23,25,3,192,69.7,310.0,0.23,0,-182.56,248.68,94.9,21.0,94.9,21.0,True,True,True,True,N,1
824027,2026-06-01,LAA,COL,pitch,a35e0803-2d80-395f-b500-bf3c8d5f64b1,6,53,14,1,664983,L,Jake McCarthy,681217,R,Chase Silseth,COL,LAA,115,108,Strikeout,Jake McCarthy called out on strikes.,Strikeout,,0,0,0,0,B,Ball,ball,False,B,FF,4-Seam Fastball,Ball,95.8,87.9,3.23,1.63,5.9,0.39,11,2313,10.4,16.8,-12.8,-1.1143,2.4469,0.87,1.4,-1.07,0.87,0.87,0.37,False,False,False,False,False,-1.1143,2.4469,1,7,2,3,1,193,,,,,,,,,,,,,,False,N,1
824027,2026-06-01,LAA,COL,pitch,75141bff-2bf4-3397-98c3-228c664e81e4,6,53,14,1,664983,L,Jake McCarthy,681217,R,Chase Silseth,COL,LAA,115,108,Strikeout,Jake McCarthy called out on strikes.,Strikeout,,0,1,0,1,B,Ball,ball,False,B,FS,Splitter,Ball,88.6,81.0,3.23,1.63,6.11,0.43,14,1048,10.6,13.3,-21.7,0.2047,0.6449,0.88,1.11,-1.81,0.88,0.88,0.4,False,False,False,False,False,0.2047,0.6449,2,8,4,3,1,194,,,,,,,,,,,,,,False,N,1
824027,2026-06-01,LAA,COL,pitch,55434194-f6b9-3976-a1ac-5a336d293012,6,53,14,1,664983,L,Jake McCarthy,681217,R,Chase Silseth,COL,LAA,115,108,Strikeout,Jake McCarthy called out on strikes.,Strikeout,,0,2,0,2,B,Ball,ball,False,B,FF,4-Seam Fastball,Ball,95.7,86.9,3.23,1.63,5.93,0.39,12,2286,5.4,17.0,-13.0,0.903,3.7029,0.45,1.42,-1.08,0.45,0.45,0.37,False,False,False,False,False,0.903,3.7029,3,9,3,3,1,195,,,,,,,,,,,,,,False,N,1
824027,2026-06-01,LAA,COL,pitch,e913ce0d-ee67-3398-95ad-1e4be9620871,6,53,14,1,664983,L,Jake McCarthy,681217,R,Chase Silseth,COL,LAA,115,108,Strikeout,Jake McCarthy called out on strikes.,Strikeout,,0,3,0,3,S,Strike,called_strike,False,C,FF,4-Seam Fastball,Called Strike,96.2,87.0,3.23,1.63,6.07,0.39,5,2292,7.2,16.9,-13.0,0.0633,2.1972,0.6,1.41,-1.08,0.6,0.6,0.37,True,True,False,False,False,0.0633,2.1972,4,10,4,3,1,196,,,,,,,,,,,,,,False,N,1
824027,2026-06-01,LAA,COL,pitch,3feac12d-63c6-3b2b-a50c-b4ed5f7a6ca8,6,53,14,1,664983,L,Jake McCarthy,681217,R,Chase Silseth,COL,LAA,115,108,Strikeout,Jake McCarthy called out on strikes.,Strikeout,,1,3,1,3,S,Strike,foul,False,F,SI,Sinker,Foul,96.0,87.5,3.23,1.63,5.9,0.39,8,2209,16.4,7.8,-22.1,-0.2295,1.5242,1.37,0.65,-1.84,1.37,1.37,0.37,True,True,False,False,False,-0.2295,1.5242,5,11,3,3,1,197,77.2,,,,,,,,,,,,,False,N,1
824027,2026-06-01,LAA,COL,pitch,93beeddf-5d18-3f5e-83d6-92fc55290623,6,53,14,1,664983,L,Jake McCarthy,681217,R,Chase Silseth,COL,LAA,115,108,Strikeout,Jake McCarthy called out on strikes.,Strikeout,,2,3,2,3,S,Strike,called_strike,False,C,FF,4-Seam Fastball,Called Strike,96.9,87.2,3.23,1.63,6.05,0.39,8,2410,7.7,17.4,-12.2,0.0596,1.8441,0.64,1.45,-1.02,0.64,0.64,0.37,True,True,False,False,False,0.0596,1.8441,6,12,5,3,1,198,,,,,,,,,,,,,,True,N,1
824027,2026-06-01,LAA,COL,pitch,45c9fa89-25ca-3170-b357-52c3ea10687c,6,54,0,1,671289,R,Tyler Freeman,681217,R,Chase Silseth,COL,LAA,115,108,Groundout,"Tyler Freeman grounds out, third baseman Donovan Walton to first baseman Vaughn Grissom.",Groundout,,0,0,0,0,B,Ball,ball,False,B,SI,Sinker,Ball,96.1,87.5,3.15,1.59,5.92,0.39,11,2309,14.9,9.4,-20.4,-0.919,3.2715,1.24,0.78,-1.7,1.24,1.24,0.37,False,False,False,True,False,-0.919,3.2715,1,13,4,4,1,199,,,,,,,,,,,,,,False,N,1
824027,2026-06-01,LAA,COL,pitch,63a00047-00f8-31df-8191-bfc2aa4d6fd1,6,54,0,1,671289,R,Tyler Freeman,681217,R,Chase Silseth,COL,LAA,115,108,Groundout,"Tyler Freeman grounds out, third baseman Donovan Walton to first baseman Vaughn Grissom.",Groundout,,0,1,0,1,B,Ball,ball,False,B,SI,Sinker,Ball,95.4,87.2,3.15,1.59,5.98,0.4,13,2312,12.1,8.0,-22.2,-0.238,1.1052,1.01,0.67,-1.85,1.01,1.01,0.37,False,False,False,True,False,-0.238,1.1052,2,14,5,4,1,200,,,,,,,,,,,,,,False,N,1
824027,2026-06-01,LAA,COL,pitch,d4a9a104-1ae4-3ea4-87e1-f958fd0173b7,6,54,0,1,671289,R,Tyler Freeman,681217,R,Chase Silseth,COL,LAA,115,108,Groundout,"Tyler Freeman grounds out, third baseman Donovan Walton to first baseman Vaughn Grissom.",Groundout,,0,2,0,2,S,Strike,foul,False,F,FF,4-Seam Fastball,Foul,95.3,85.9,3.15,1.59,6.11,0.4,8,2354,7.0,17.9,-12.7,0.0362,1.9446,0.58,1.49,-1.06,0.58,0.58,0.37,True,True,False,True,False,0.0362,1.9446,3,15,6,4,1,201,73.8,,,,,,,,,,,,,False,N,1
824027,2026-06-01,LAA,COL,pitch,5dbc9074-4bea-3d0e-bfc6-6bcd913ccbe9,6,54,0,1,671289,R,Tyler Freeman,681217,R,Chase Silseth,COL,LAA,115,108,Groundout,"Tyler Freeman grounds out, third baseman Donovan Walton to first baseman Vaughn Grissom.",Groundout,"{""homeRunBallparks"": 0}",1,2,1,2,X,In Play,hit_into_play,False,X,ST,Sweeper,"In play, out(s)",86.8,79.1,3.15,1.59,5.85,0.43,1,2683,5.3,2.2,-34.3,-0.3267,2.8885,-0.44,0.18,-2.86,5.3,-0.44,0.41,True,True,False,True,False,-0.3267,2.8885,4,16,1,4,1,202,63.6,3.0,0.22,0,-35.6,72.19,74.8,-52.0,74.8,-52.0,,,,True,N,1
824027,2026-06-01,LAA,COL,pitch,a02edf72-bf7d-3569-8390-ea6343ef6635,6,55,0,2,696100,R,Hunter Goodman,681217,R,Chase Silseth,COL,LAA,115,108,Flyout,Hunter Goodman flies out sharply to right fielder Jo Adell.,Flyout,,0,0,0,0,S,Strike,called_strike,False,C,ST,Sweeper,Called Strike,86.1,78.6,3.18,1.6,5.92,0.44,6,2914,11.4,-0.4,-37.4,0.3858,2.2316,-0.95,-0.03,-3.12,11.4,-0.95,0.41,True,True,False,True,False,0.3858,2.2316,1,17,2,5,1,203,,,,,,,,,,,,,,False,N,1
824027,2026-06-01,LAA,COL,pitch,c382c9c1-1f6b-33f5-9816-7e88936ded52,6,55,0,2,696100,R,Hunter Goodman,681217,R,Chase Silseth,COL,LAA,115,108,Flyout,Hunter Goodman flies out sharply to right fielder Jo Adell.,Flyout,,1,0,1,0,S,Strike,foul,False,F,ST,Sweeper,Foul,85.7,78.2,3.18,1.6,6.01,0.44,6,2946,11.9,1.4,-36.1,0.4319,2.1168,-0.99,0.12,-3.01,11.9,-0.99,0.41,True,True,False,True,False,0.4319,2.1168,2,18,3,5,1,204,76.2,,,,,,,,,,,,,False,N,1
824027,2026-06-01,LAA,COL,pitch,a97dbc6d-f8fe-3158-9311-9ea8f9a4bade,6,55,0,2,696100,R,Hunter Goodman,681217,R,Chase Silseth,COL,LAA,115,108,Flyout,Hunter Goodman flies out sharply to right fielder Jo Adell.,Flyout,,2,0,2,0,B,Ball,ball,False,B,FS,Splitter,Ball,89.9,82.1,3.18,1.6,6.2,0.42,13,1077,11.4,-0.1,-34.7,-0.1109,-1.517,0.95,-0.01,-2.89,0.95,0.95,0.4,False,False,False,True,False,-0.1109,-1.517,3,19,5,5,1,205,,,,,,,,,,,,,,False,N,1
824027,2026-06-01,LAA,COL,pitch,d3c5b6ac-3521-38e7-9cd0-a206ec7cdd51,6,55,0,2,696100,R,Hunter Goodman,681217,R,Chase Silseth,COL,LAA,115,108,Flyout,Hunter Goodman flies out sharply to right fielder Jo Adell.,Flyout,"{""homeRunBallparks"": 0}",2,1,2,1,X,In Play,hit_into_play,False,X,FF,4-Seam Fastball,"In play, out(s)",97.1,88.5,3.18,1.6,5.99,0.39,5,2447,10.6,16.0,-13.2,-0.1137,2.1762,0.88,1.33,-1.1,0.88,0.88,0.37,True,True,False,True,False,-0.1137,2.1762,4,20,7,5,1,206,79.0,373.0,0.67,1,1.93,-2.65,104.7,35.0,104.7,35.0,,,,True,N,1
824027,2026-06-01,LAA,COL,pitch,fc797cef-0b77-3d7f-920d-a28ce2670afc,6,56,14,1,681351,R,Logan O'Hoppe,607536,L,Kyle Freeland,LAA,COL,108,115,Strikeout,"Logan O'Hoppe strikes out swinging, catcher Hunter Goodman to first baseman Edouard Julien.",Strikeout,,0,0,0,0,S,Strike,foul,False,F,FF,4-Seam Fastball,Foul,89.3,81.5,3.29,1.66,6.51,0.42,8,2367,8.0,16.3,-18.2,-0.2366,1.6065,-0.67,1.36,-1.52,8.0,-0.67,0.4,True,True,False,False,False,-0.2366,1.6065,1,79,24,26,3,207,,,,,,,,,,,,,,False,N,1
824027,2026-06-01,LAA,COL,pitch,478f4e4b-d362-314f-ba57-72206b6a8bac,6,56,14,1,681351,R,Logan O'Hoppe,607536,L,Kyle Freeland,LAA,COL,108,115,Strikeout,"Logan O'Hoppe strikes out swinging, catcher Hunter Goodman to first baseman Edouard Julien.",Strikeout,,1,0,1,0,S,Strike,swinging_strike,True,S,FC,Cutter,Swinging Strike,86.9,80.4,3.29,1.66,6.34,0.43,12,2374,0.1,12.2,-23.5,1.3779,3.3044,0.01,1.02,-1.96,0.01,0.01,0.4,False,False,False,False,False,1.3779,3.3044,2,80,24,26,3,208,72.6,,,,,,,,,,,,,False,N,1
824027,2026-06-01,LAA,COL,pitch,6b5d9a0f-02e7-3e49-8663-66c48a836911,6,56,14,1,681351,R,Logan O'Hoppe,607536,L,Kyle Freeland,LAA,COL,108,115,Strikeout,"Logan O'Hoppe strikes out swinging, catcher Hunter Goodman to first baseman Edouard Julien.",Strikeout,,2,0,2,0,S,Strike,foul,False,F,CH,Changeup,Foul,85.4,78.0,3.29,1.66,6.31,0.44,8,1578,16.2,5.2,-32.6,0.2469,1.5409,-1.35,0.43,-2.72,16.2,-1.35,0.42,True,True,False,False,False,0.2469,1.5409,3,81,14,26,3,209,75.7,,,,,,,,,,,,,False,N,1
824027,2026-06-01,LAA,COL,pitch,45525c10-83f9-38ab-a361-cf3f364c5575,6,56,14,1,681351,R,Logan O'Hoppe,607536,L,Kyle Freeland,LAA,COL,108,115,Strikeout,"Logan O'Hoppe strikes out swinging, catcher Hunter Goodman to first baseman Edouard Julien.",Strikeout,,2,0,2,0,B,Ball,ball,False,B,CH,Changeup,Ball,85.9,78.7,3.29,1.66,6.4,0.44,14,1637,15.8,4.8,-32.5,1.2814,1.5922,-1.32,0.4,-2.71,15.8,-1.32,0.41,False,False,False,False,False,1.2814,1.5922,4,82,15,26,3,210,27.0,,,,,,,,,,,,,False,N,1
824027,2026-06-01,LAA,COL,pitch,b1ad9288-f3fc-3754-8dde-2b1182e45c4a,6,56,14,1,681351,R,Logan O'Hoppe,607536,L,Kyle Freeland,LAA,COL,108,115,Strikeout,"Logan O'Hoppe strikes out swinging, catcher Hunter Goodman to first baseman Edouard Julien.",Strikeout,,2,1,2,1,B,Ball,ball,False,B,FF,4-Seam Fastball,Ball,89.5,81.5,3.29,1.66,6.64,0.42,11,2352,7.6,15.4,-19.1,-1.6966,3.5288,-0.63,1.28,-1.59,7.6,-0.63,0.4,False,False,False,False,False,-1.6966,3.5288,5,83,25,26,3,211,,,,,,,,,,,,,,False,N,1
824027,2026-06-01,LAA,COL,pitch,46e84edf-909f-30f6-89cf-942c4b824b61,6,56,14,1,681351,R,Logan O'Hoppe,607536,L,Kyle Freeland,LAA,COL,108,115,Strikeout,"Logan O'Hoppe strikes out swinging, catcher Hunter Goodman to first baseman Edouard Julien.",Strikeout,,2,2,2,2,S,Strike,swinging_strike_blocked,True,W,KC,Knuckle Curve,Swinging Strike,82.1,76.0,3.29,1.66,6.52,0.46,14,2329,0.1,-5.4,-46.0,0.637,0.4814,0.01,-0.45,-3.83,0.01,0.01,0.43,False,False,True,False,False,0.637,0.4814,6,84,14,26,3,212,36.6,,,,,,,,,,,,,True,N,1
824027,2026-06-01,LAA,COL,pitch,e89a968c-f77e-3d3c-977b-d6a9b7438303,6,57,0,1,622268,L,Donovan Walton,607536,L,Kyle Freeland,LAA,COL,108,115,Groundout,"Donovan Walton grounds out, second baseman Willi Castro to first baseman Edouard Julien.",Groundout,,0,0,0,0,B,Ball,ball,False,B,FF,4-Seam Fastball,Ball,91.4,83.4,3.09,1.56,6.68,0.41,13,2419,7.4,17.8,-15.2,-0.8839,1.6122,-0.62,1.48,-1.27,7.4,-0.62,0.39,False,False,False,True,False,-0.8839,1.6122,1,85,26,27,3,213,,,,,,,,,,,,,,False,N,1
824027,2026-06-01,LAA,COL,pitch,5ea06dd0-dc71-3fdd-a3f5-2188769f7c5c,6,57,0,1,622268,L,Donovan Walton,607536,L,Kyle Freeland,LAA,COL,108,115,Groundout,"Donovan Walton grounds out, second baseman Willi Castro to first baseman Edouard Julien.",Groundout,,0,1,0,1,B,Ball,ball,False,B,FC,Cutter,Ball,85.8,78.6,3.09,1.56,6.55,0.44,13,2371,4.8,6.1,-31.3,-0.2795,0.7286,0.4,0.51,-2.61,0.4,0.4,0.41,False,False,False,True,False,-0.2795,0.7286,2,86,25,27,3,214,,,,,,,,,,,,,,False,N,1
824027,2026-06-01,LAA,COL,pitch,0f45c962-2858-35dd-b186-af709ed12389,6,57,0,1,622268,L,Donovan Walton,607536,L,Kyle Freeland,LAA,COL,108,115,Groundout,"Donovan Walton grounds out, second baseman Willi Castro to first baseman Edouard Julien.",Groundout,,0,2,0,2,S,Strike,foul,False,F,SI,Sinker,Foul,90.7,82.7,3.09,1.56,6.65,0.42,6,2269,12.1,8.5,-25.0,0.7639,2.4943,-1.01,0.71,-2.08,12.1,-1.01,0.39,True,True,False,True,False,0.7639,2.4943,3,87,7,27,3,215,67.8,,,,,,,,,,,,,False,N,1
824027,2026-06-01,LAA,COL,pitch,445bf5d3-6953-3a1f-aca6-4bb85cc260e8,6,57,0,1,622268,L,Donovan Walton,607536,L,Kyle Freeland,LAA,COL,108,115,Groundout,"Donovan Walton grounds out, second baseman Willi Castro to first baseman Edouard Julien.",Groundout,"{""homeRunBallparks"": 0}",1,2,1,2,X,In Play,hit_into_play,False,X,FC,Cutter,"In play, out(s)",85.0,77.4,3.09,1.56,6.67,0.45,7,2401,3.7,4.6,-33.7,-0.6304,1.8479,0.31,0.38,-2.81,0.31,0.31,0.42,True,True,False,True,False,-0.6304,1.8479,4,88,26,27,3,216,59.1,124.0,0.24,0,70.84,143.66,62.1,16.0,62.1,16.0,,,,True,N,1
824027,2026-06-01,LAA,COL,pitch,556ba3eb-3827-324b-83af-66f02610778f,6,58,0,2,624585,R,Jorge Soler,607536,L,Kyle Freeland,LAA,COL,108,115,Field Error,Jorge Soler reaches on a fielding error by third baseman Kyle Karros.,Field Error,,0,0,0,0,B,Ball,ball,False,B,CH,Changeup,Ball,85.6,76.9,3.35,1.69,6.42,0.44,12,1597,14.9,4.4,-33.6,1.1822,3.1257,-1.24,0.37,-2.8,14.9,-1.24,0.42,False,False,False,False,False,1.1822,3.1257,1,89,16,28,4,217,32.7,,,,,,,,,,,,,False,N,1
824027,2026-06-01,LAA,COL,pitch,bd0e3e7a-38de-346c-b55c-4480f235451a,6,58,0,2,624585,R,Jorge Soler,607536,L,Kyle Freeland,LAA,COL,108,115,Field Error,Jorge Soler reaches on a fielding error by third baseman Kyle Karros.,Field Error,,0,1,0,1,B,Ball,ball,False,B,FC,Cutter,Ball,87.5,80.2,3.35,1.69,6.6,0.43,14,2413,0.1,10.3,-25.4,1.0378,2.1911,0.01,0.86,-2.12,0.01,0.01,0.4,False,False,False,False,False,1.0378,2.1911,2,90,27,28,4,218,,,,,,,,,,,,,,False,N,1
824027,2026-06-01,LAA,COL,pitch,dad0e7f6-7b8d-37c2-8f7f-2572457c24cd,6,58,0,2,624585,R,Jorge Soler,607536,L,Kyle Freeland,LAA,COL,108,115,Field Error,Jorge Soler reaches on a fielding error by third baseman Kyle Karros.,Field Error,"{""homeRunBallparks"": 0}",0,2,0,2,X,In Play,hit_into_play,False,D,CH,Changeup,"In play, no out",85.6,77.8,3.35,1.69,6.48,0.44,14,1687,15.0,5.4,-32.4,0.1874,1.3036,-1.25,0.45,-2.7,15.0,-1.25,0.42,False,False,False,False,False,0.1874,1.3036,3,91,17,28,4,219,80.8,20.0,0.23,0,-71.18,99.5,93.6,-4.0,93.6,-4.0,,,,True,N,1
824027,2026-06-01,LAA,COL,pitch,c16f38e1-36c0-3d5d-a795-17310d34b46b,6,59,14,2,545361,R,Mike Trout,678020,R,Seth Halvorsen,LAA,COL,108,115,Strikeout,Mike Trout strikes out swinging.,Strikeout,,0,0,0,0,S,Strike,called_strike,False,C,FF,4-Seam Fastball,Called Strike,97.7,88.4,3.24,1.64,6.76,0.39,2,2347,13.7,15.0,-14.0,0.2544,2.8,1.14,1.25,-1.17,1.14,1.14,0.36,True,True,False,False,False,0.2544,2.8,1,1,1,1,1,220,,,,,,,,,,,,,,False,N,1
824027,2026-06-01,LAA,COL,pitch,accd1579-5114-33b2-97f8-b461146d7ac6,6,59,14,2,545361,R,Mike Trout,678020,R,Seth Halvorsen,LAA,COL,108,115,Strikeout,Mike Trout strikes out swinging.,Strikeout,,1,0,1,0,S,Strike,called_strike,False,C,FS,Splitter,Called Strike,88.5,81.2,3.24,1.64,6.66,0.43,4,1529,13.6,5.8,-29.3,-0.6591,2.4967,1.13,0.48,-2.44,1.13,1.13,0.4,True,True,False,False,False,-0.6591,2.4967,2,2,1,1,1,221,,,,,,,,,,,,,,False,N,1
824027,2026-06-01,LAA,COL,pitch,c08f15d2-de5d-3a20-85c0-907813e9b149,6,59,14,2,545361,R,Mike Trout,678020,R,Seth Halvorsen,LAA,COL,108,115,Strikeout,Mike Trout strikes out swinging.,Strikeout,,2,0,2,0,B,Ball,ball,False,B,FF,4-Seam Fastball,Ball,98.6,89.1,3.24,1.64,6.67,0.38,12,2332,13.0,14.2,-14.3,0.6752,3.933,1.08,1.18,-1.19,1.08,1.08,0.36,False,False,False,False,False,0.6752,3.933,3,3,2,1,1,222,,,,,,,,,,,,,,False,N,1
824027,2026-06-01,LAA,COL,pitch,9819b20a-9edd-37b7-acd8-1f96f5f32151,6,59,14,2,545361,R,Mike Trout,678020,R,Seth Halvorsen,LAA,COL,108,115,Strikeout,Mike Trout strikes out swinging.,Strikeout,,2,1,2,1,B,Ball,ball,False,B,FF,4-Seam Fastball,Ball,98.9,89.9,3.24,1.64,6.75,0.38,12,2329,8.8,16.0,-12.1,0.1716,4.1164,0.73,1.33,-1.01,0.73,0.73,0.36,False,False,False,False,False,0.1716,4.1164,4,4,3,1,1,223,,,,,,,,,,,,,,False,N,1
824027,2026-06-01,LAA,COL,pitch,70e3f856-2e70-3009-bf03-c787d3c7619e,6,59,14,2,545361,R,Mike Trout,678020,R,Seth Halvorsen,LAA,COL,108,115,Strikeout,Mike Trout strikes out swinging.,Strikeout,,2,2,2,2,S,Strike,foul,False,F,FF,4-Seam Fastball,Foul,98.8,90.0,3.24,1.64,6.85,0.38,6,2342,11.0,15.5,-12.7,0.7494,2.6857,0.92,1.29,-1.06,0.92,0.92,0.36,True,True,False,False,False,0.7494,2.6857,5,5,4,1,1,224,75.9,,,,,,,,,,,,,False,N,1
824027,2026-06-01,LAA,COL,pitch,2cc72e43-d3e9-3725-80b9-1b3a7adc0738,6,59,14,2,545361,R,Mike Trout,678020,R,Seth Halvorsen,LAA,COL,108,115,Strikeout,Mike Trout strikes out swinging.,Strikeout,,2,2,2,2,S,Strike,swinging_strike,True,S,SL,Slider,Swinging Strike,84.9,77.5,3.24,1.64,6.68,0.44,2,2441,5.3,-1.6,-39.7,0.0094,3.1496,-0.44,-0.13,-3.31,5.3,-0.44,0.42,True,True,False,False,False,0.0094,3.1496,6,6,1,1,1,225,74.7,,,,,,,,,,,,,True,N,1
824027,2026-06-01,LAA,COL,pitch,925e83b2-d2ee-3f51-844d-882686668d99,7,60,0,1,687859,L,Troy Johnston,666171,R,Ryan Zeferjahn,COL,LAA,115,108,Lineout,Troy Johnston lines out to center fielder Mike Trout.,Lineout,,0,0,0,0,S,Strike,called_strike,False,C,FF,4-Seam Fastball,Called Strike,96.5,87.0,3.16,1.59,7.07,0.39,9,2240,3.0,16.4,-13.4,0.699,1.7195,0.25,1.37,-1.12,0.25,0.25,0.37,True,True,False,True,False,0.699,1.7195,1,1,1,1,1,226,,,,,,,,,,,,,,False,N,1
824027,2026-06-01,LAA,COL,pitch,359f7966-a8c0-3daf-ba47-3a923be4b04b,7,60,0,1,687859,L,Troy Johnston,666171,R,Ryan Zeferjahn,COL,LAA,115,108,Lineout,Troy Johnston lines out to center fielder Mike Trout.,Lineout,,1,0,1,0,B,Ball,ball,False,B,FF,4-Seam Fastball,Ball,97.4,87.9,3.16,1.59,7.05,0.39,14,2417,3.8,17.2,-12.1,1.0359,2.3064,0.32,1.43,-1.01,0.32,0.32,0.37,False,False,False,True,False,1.0359,2.3064,2,2,2,1,1,227,,,,,,,,,,,,,,False,N,1
824027,2026-06-01,LAA,COL,pitch,717171f1-eda5-38e3-bc53-83b1e0021228,7,60,0,1,687859,L,Troy Johnston,666171,R,Ryan Zeferjahn,COL,LAA,115,108,Lineout,Troy Johnston lines out to center fielder Mike Trout.,Lineout,"{""homeRunBallparks"": 0}",1,1,1,1,X,In Play,hit_into_play,False,X,ST,Sweeper,"In play, out(s)",83.4,76.0,3.16,1.59,6.64,0.45,7,2753,17.0,5.3,-34.3,-0.6793,1.832,-1.42,0.44,-2.86,17.0,-1.42,0.43,True,True,False,True,False,-0.6793,1.832,3,3,1,1,1,228,69.1,317.0,0.35,0,12.7,316.36,99.1,18.0,99.1,18.0,,,,True,N,1
824027,2026-06-01,LAA,COL,pitch,c8fd2875-f1ec-30f7-bf8f-1e71a8b89361,7,61,0,1,650489,L,Willi Castro,666171,R,Ryan Zeferjahn,COL,LAA,115,108,Walk,Willi Castro walks.,Walk,,0,0,0,0,S,Strike,called_strike,False,C,FF,4-Seam Fastball,Called Strike,96.8,87.4,3.2,1.62,6.89,0.39,1,2280,1.0,17.2,-12.4,-0.5839,2.797,0.08,1.43,-1.03,0.08,0.08,0.37,True,True,False,False,False,-0.5839,2.797,1,4,3,2,1,229,,,,,,,,,,,,,,False,N,1
824027,2026-06-01,LAA,COL,pitch,4fb84acc-f831-3ae1-8abc-bfaebc6cf183,7,61,0,1,650489,L,Willi Castro,666171,R,Ryan Zeferjahn,COL,LAA,115,108,Walk,Willi Castro walks.,Walk,,1,0,1,0,B,Ball,ball,False,B,ST,Sweeper,Ball,84.0,76.3,3.2,1.62,6.77,0.45,13,2754,14.8,0.4,-39.1,-0.9705,0.3195,-1.23,0.03,-3.26,14.8,-1.23,0.42,False,False,False,False,False,-0.9705,0.3195,2,5,2,2,1,230,,,,,,,,,,,,,,False,N,1
824027,2026-06-01,LAA,COL,pitch,4997e405-653b-3ff0-be12-70392b2a72c2,7,61,0,1,650489,L,Willi Castro,666171,R,Ryan Zeferjahn,COL,LAA,115,108,Walk,Willi Castro walks.,Walk,,1,1,1,1,B,Ball,ball,False,B,ST,Sweeper,Ball,86.3,78.7,3.2,1.62,6.61,0.44,13,2654,14.6,7.0,-30.1,-0.7431,1.3124,-1.22,0.58,-2.51,14.6,-1.22,0.41,False,False,False,False,False,-0.7431,1.3124,3,6,3,2,1,231,,,,,,,,,,,,,,False,N,1
824027,2026-06-01,LAA,COL,pitch,05c5cff9-5ed2-36d2-a0af-4eb034c3da45,7,61,0,1,650489,L,Willi Castro,666171,R,Ryan Zeferjahn,COL,LAA,115,108,Walk,Willi Castro walks.,Walk,,1,2,1,2,S,Strike,swinging_strike,True,S,FF,4-Seam Fastball,Swinging Strike,96.4,87.3,3.2,1.62,6.93,0.39,13,2334,6.0,18.1,-11.6,-1.165,2.2211,0.5,1.51,-0.97,0.5,0.5,0.37,False,False,False,False,False,-1.165,2.2211,4,7,4,2,1,232,72.1,,,,,,,,,,,,,False,N,1
824027,2026-06-01,LAA,COL,pitch,110aeca2-40f5-3923-97ab-1320cebd7a05,7,61,0,1,650489,L,Willi Castro,666171,R,Ryan Zeferjahn,COL,LAA,115,108,Walk,Willi Castro walks.,Walk,,2,2,2,2,B,Ball,ball,False,B,FF,4-Seam Fastball,Ball,97.9,88.7,3.2,1.62,6.9,0.39,11,2358,3.7,17.4,-11.4,-2.4524,3.0535,0.31,1.45,-0.95,0.31,0.31,0.36,False,False,False,False,False,-2.4524,3.0535,5,8,5,2,1,233,,,,,,,,,,,,,,False,N,1
824027,2026-06-01,LAA,COL,pitch,f444ff6d-f7d2-3d5a-b421-7f25aa50d076,7,61,0,1,650489,L,Willi Castro,666171,R,Ryan Zeferjahn,COL,LAA,115,108,Walk,Willi Castro walks.,Walk,,2,3,2,3,S,Strike,foul,False,F,FF,4-Seam Fastball,Foul,98.5,89.2,3.2,1.62,7.05,0.38,4,2313,4.9,17.5,-10.9,-0.3697,2.4598,0.41,1.46,-0.91,0.41,0.41,0.36,True,True,False,False,False,-0.3697,2.4598,6,9,6,2,1,234,71.7,,,,,,,,,,,,,False,N,1
824027,2026-06-01,LAA,COL,pitch,154ad1d0-d5b4-3fda-ba01-317a3589d3c7,7,61,0,1,650489,L,Willi Castro,666171,R,Ryan Zeferjahn,COL,LAA,115,108,Walk,Willi Castro walks.,Walk,,2,3,2,3,B,Ball,ball,False,B,FF,4-Seam Fastball,Ball,98.5,88.6,3.2,1.62,6.87,0.38,11,2181,0.1,16.2,-12.4,-0.9498,3.1294,0.01,1.35,-1.03,0.01,0.01,0.36,False,False,False,False,False,-0.9498,3.1294,7,10,7,2,1,235,,,,,,,,,,,,,,True,N,1
824027,2026-06-01,LAA,COL,pitch,68036bee-3700-305d-b65e-c458c1e0bedb,7,62,14,1,678662,R,Ezequiel Tovar,666171,R,Ryan Zeferjahn,COL,LAA,115,108,Strikeout,Ezequiel Tovar strikes out swinging.,Strikeout,,0,0,0,0,S,Strike,swinging_strike,True,S,SL,Slider,Swinging Strike,87.8,80.4,3.22,1.62,6.79,0.43,3,2558,6.5,-1.4,-37.0,0.4663,2.9304,-0.54,-0.12,-3.08,6.5,-0.54,0.4,True,True,False,False,False,0.4663,2.9304,1,11,1,3,1,236,69.3,,,,,,,,,,,,,False,N,1
824027,2026-06-01,LAA,COL,pitch,cd1f329c-369b-3794-a2b5-22268397b2c2,7,62,14,1,678662,R,Ezequiel Tovar,666171,R,Ryan Zeferjahn,COL,LAA,115,108,Strikeout,Ezequiel Tovar strikes out swinging.,Strikeout,,1,0,1,0,B,Ball,ball,False,B,SL,Slider,Ball,88.9,81.8,3.22,1.62,6.86,0.42,14,2478,6.7,-1.6,-36.2,1.1262,1.5759,-0.56,-0.13,-3.02,6.7,-0.56,0.4,False,False,False,False,False,1.1262,1.5759,2,12,2,3,1,237,,,,,,,,,,,,,,False,N,1
824027,2026-06-01,LAA,COL,pitch,d709b084-d110-3746-9b0e-6d3f87db3c09,7,62,14,1,678662,R,Ezequiel Tovar,666171,R,Ryan Zeferjahn,COL,LAA,115,108,Strikeout,Ezequiel Tovar strikes out swinging.,Strikeout,,1,1,1,1,S,Strike,called_strike,False,C,SI,Sinker,Called Strike,96.0,87.0,3.22,1.62,7.08,0.39,3,2073,13.3,10.6,-19.4,0.5402,3.1642,1.11,0.88,-1.62,1.11,1.11,0.37,True,True,False,False,False,0.5402,3.1642,3,13,1,3,1,238,,,,,,,,,,,,,,False,N,1
824027,2026-06-01,LAA,COL,pitch,ea97f67f-0a2a-3f15-a9b5-6d019dfdec6a,7,62,14,1,678662,R,Ezequiel Tovar,666171,R,Ryan Zeferjahn,COL,LAA,115,108,Strikeout,Ezequiel Tovar strikes out swinging.,Strikeout,,2,1,2,1,S,Strike,foul,False,F,FF,4-Seam Fastball,Foul,97.7,88.4,3.22,1.62,6.92,0.39,3,2350,0.8,15.7,-13.2,0.389,3.0671,0.07,1.31,-1.1,0.07,0.07,0.36,True,True,False,False,False,0.389,3.0671,4,14,8,3,1,239,66.7,,,,,,,,,,,,,False,N,1
824027,2026-06-01,LAA,COL,pitch,c657c213-8e06-3e39-88f4-674d189cf3aa,7,62,14,1,678662,R,Ezequiel Tovar,666171,R,Ryan Zeferjahn,COL,LAA,115,108,Strikeout,Ezequiel Tovar strikes out swinging.,Strikeout,,2,1,2,1,S,Strike,swinging_strike,True,S,FF,4-Seam Fastball,Swinging Strike,96.9,87.9,3.22,1.62,6.93,0.39,12,2297,2.0,15.8,-13.4,0.3582,3.3723,-0.17,1.32,-1.12,2.0,-0.17,0.37,False,False,False,False,False,0.3582,3.3723,5,15,9,3,1,240,70.5,,,,,,,,,,,,,True,N,1
824027,2026-06-01,LAA,COL,pitch,12f3e92f-75d7-31ec-a516-3dd8c43d0d32,7,63,0,2,666397,L,Edouard Julien,666171,R,Ryan Zeferjahn,COL,LAA,115,108,Groundout,"Edouard Julien grounds out, second baseman Nick Madrigal to first baseman Vaughn Grissom.",Groundout,"{""homeRunBallparks"": 0}",0,0,0,0,X,In Play,hit_into_play,False,X,ST,Sweeper,"In play, out(s)",84.8,77.2,3.24,1.63,6.7,0.45,9,2562,16.8,3.1,-35.3,0.425,2.0092,-1.4,0.26,-2.94,16.8,-1.4,0.42,True,True,False,True,False,0.425,2.0092,1,16,4,4,1,241,74.7,61.0,0.48,0,40.57,132.59,93.3,3.0,93.3,3.0,,,,True,N,1
824027,2026-06-01,LAA,COL,pitch,20c9fe8f-8714-3cda-b886-2bea33cf956a,7,64,34,0,687093,R,Vaughn Grissom,678020,R,Seth Halvorsen,LAA,COL,108,115,Double,Vaughn Grissom hits a ground-rule double (9) on a fly ball down the right-field line.,Double,,0,0,0,0,B,Ball,ball,False,B,FF,4-Seam Fastball,Ball,98.1,88.8,3.3,1.67,6.87,0.39,14,2168,10.3,15.7,-13.1,1.1041,2.1121,0.86,1.31,-1.09,0.86,0.86,0.36,False,False,False,False,False,1.1041,2.1121,1,7,5,2,1,242,,,,,,,,,,,,,,False,N,1
824027,2026-06-01,LAA,COL,pitch,f054ef4f-b374-3e1e-a9ab-e34d9095e501,7,64,34,0,687093,R,Vaughn Grissom,678020,R,Seth Halvorsen,LAA,COL,108,115,Double,Vaughn Grissom hits a ground-rule double (9) on a fly ball down the right-field line.,Double,"{""homeRunBallparks"": 3}",0,1,0,1,X,In Play,hit_into_play,False,D,FF,4-Seam Fastball,"In play, no out",98.6,89.7,3.3,1.67,6.8,0.38,8,2204,9.4,15.4,-13.1,0.2156,1.7547,0.78,1.28,-1.09,0.78,0.78,0.36,True,True,False,False,False,0.2156,1.7547,2,8,6,2,1,243,76.1,328.0,0.29,0,231.25,235.23,97.8,32.0,97.8,32.0,,,,True,N,1
824027,2026-06-01,LAA,COL,pitch,24d9f7a4-bf48-3516-b237-d7bf6d1e6446,7,65,0,1,666176,R,Jo Adell,678020,R,Seth Halvorsen,LAA,COL,108,115,Flyout,Jo Adell flies out sharply to center fielder Jake McCarthy. Vaughn Grissom to 3rd.,Flyout,,0,0,0,0,S,Strike,called_strike,False,C,FS,Splitter,Called Strike,90.2,82.6,3.3,1.67,6.77,0.42,6,1552,13.9,5.4,-28.4,0.6422,2.7775,1.16,0.45,-2.37,1.16,1.16,0.39,True,True,False,True,False,0.6422,2.7775,1,9,2,3,1,244,,,,,,,,,,,,True,,False,N,1
824027,2026-06-01,LAA,COL,pitch,87283e77-f8d7-3bd8-8642-4fb15c361398,7,65,0,1,666176,R,Jo Adell,678020,R,Seth Halvorsen,LAA,COL,108,115,Flyout,Jo Adell flies out sharply to center fielder Jake McCarthy. Vaughn Grissom to 3rd.,Flyout,,1,0,1,0,B,Ball,ball,False,B,FF,4-Seam Fastball,Ball,99.7,89.7,3.3,1.67,6.67,0.38,11,2185,10.2,14.0,-13.8,-1.0975,4.3643,0.85,1.17,-1.15,0.85,0.85,0.36,False,False,False,True,False,-1.0975,4.3643,2,10,7,3,1,245,,,,,,,,,,,,True,,False,N,1
824027,2026-06-01,LAA,COL,pitch,0abec0bf-8258-354f-8b30-c56ee006f199,7,65,0,1,666176,R,Jo Adell,678020,R,Seth Halvorsen,LAA,COL,108,115,Flyout,Jo Adell flies out sharply to center fielder Jake McCarthy. Vaughn Grissom to 3rd.,Flyout,"{""homeRunBallparks"": 0}",1,1,1,1,X,In Play,hit_into_play,False,X,FS,Splitter,"In play, out(s)",90.2,82.7,3.3,1.67,6.88,0.42,9,1485,12.2,5.5,-28.2,0.3315,2.122,1.02,0.46,-2.35,1.02,1.02,0.39,True,True,False,True,False,0.3315,2.122,3,11,3,3,1,246,81.9,390.0,0.66,1,38.35,388.53,101.6,29.0,101.6,29.0,,True,,True,N,1
824027,2026-06-01,LAA,COL,pitch,e303f769-8843-3454-91d7-05eb9b29ae07,7,66,0,1,672724,R,Oswald Peraza,678020,R,Seth Halvorsen,LAA,COL,108,115,Groundout,"Oswald Peraza grounds out, second baseman Willi Castro to first baseman Edouard Julien.",Groundout,"{""homeRunBallparks"": 0}",0,0,0,0,X,In Play,hit_into_play,False,X,FF,4-Seam Fastball,"In play, out(s)",98.7,89.5,3.19,1.61,6.74,0.38,4,2230,11.4,14.9,-13.6,-0.3447,2.5958,0.95,1.24,-1.13,0.95,0.95,0.36,True,True,False,True,False,-0.3447,2.5958,1,12,8,4,1,247,69.6,20.0,0.16,0,19.62,104.27,80.5,-6.0,80.5,-6.0,,,,True,N,1
824027,2026-06-01,LAA,COL,pitch,0be8fe0d-4d4f-372f-8168-29a4994ebc5a,7,67,0,2,642350,R,Jose Siri,678020,R,Seth Halvorsen,LAA,COL,108,115,Lineout,Jose Siri lines out to first baseman Edouard Julien.,Lineout,,0,0,0,0,B,Ball,ball,False,B,SL,Slider,Ball,86.0,78.9,3.3,1.67,6.72,0.44,14,2349,5.3,-4.6,-41.8,1.1773,1.9303,-0.44,-0.38,-3.48,5.3,-0.44,0.41,False,False,False,True,False,1.1773,1.9303,1,13,2,5,1,248,,,,,,,,,,,,,,False,N,1
824027,2026-06-01,LAA,COL,pitch,d3ad2ae9-6281-3f86-aaca-a338ebedda63,7,67,0,2,642350,R,Jose Siri,678020,R,Seth Halvorsen,LAA,COL,108,115,Lineout,Jose Siri lines out to first baseman Edouard Julien.,Lineout,,0,1,0,1,S,Strike,swinging_strike,True,S,SL,Slider,Swinging Strike,85.2,78.2,3.3,1.67,6.76,0.44,9,2443,5.2,-4.7,-42.5,0.5242,1.9669,-0.43,-0.39,-3.54,5.2,-0.43,0.42,True,True,False,True,False,0.5242,1.9669,2,14,3,5,1,249,67.4,,,,,,,,,,,,,False,N,1
824027,2026-06-01,LAA,COL,pitch,b19330e1-57e3-3d07-8d12-34d68d61bb59,7,67,0,2,642350,R,Jose Siri,678020,R,Seth Halvorsen,LAA,COL,108,115,Lineout,Jose Siri lines out to first baseman Edouard Julien.,Lineout,"{""homeRunBallparks"": 0}",1,1,1,1,X,In Play,hit_into_play,False,X,FF,4-Seam Fastball,"In play, out(s)",99.7,90.5,3.3,1.67,6.88,0.38,14,2340,11.8,14.2,-13.7,1.19,2.4174,0.98,1.18,-1.14,0.98,0.98,0.36,False,False,False,True,False,1.19,2.4174,3,15,9,5,1,250,70.7,133.0,0.62,0,63.85,116.59,95.0,8.0,95.0,8.0,,,,True,N,1
824027,2026-06-01,LAA,COL,pitch,b7fa7f15-f9e2-3cec-8118-8230c76ce6ab,8,68,34,0,694514,L,Sterlin Thompson,820862,R,José Fermin,COL,LAA,115,108,Double,Sterlin Thompson doubles (2) on a sharp line drive to center fielder Mike Trout.,Double,,0,0,0,0,B,Ball,ball,False,B,FF,4-Seam Fastball,Ball,95.6,86.2,3.34,1.69,6.28,0.4,12,2318,10.4,17.5,-12.8,1.2737,3.231,0.87,1.46,-1.07,0.87,0.87,0.37,False,False,False,False,False,1.2737,3.231,1,1,1,1,1,251,,,,,,,,,,,,,,False,N,1
824027,2026-06-01,LAA,COL,pitch,241b3fd3-f37a-3dab-8c3d-78324c0ab0fe,8,68,34,0,694514,L,Sterlin Thompson,820862,R,José Fermin,COL,LAA,115,108,Double,Sterlin Thompson doubles (2) on a sharp line drive to center fielder Mike Trout.,Double,,0,1,0,1,S,Strike,called_strike,False,C,SL,Slider,Called Strike,89.4,81.5,3.34,1.69,5.81,0.42,7,2459,1.8,1.1,-33.4,-0.4637,1.9133,0.15,0.09,-2.78,0.15,0.15,0.4,True,True,False,False,False,-0.4637,1.9133,2,2,1,1,1,252,,,,,,,,,,,,,,False,N,1
824027,2026-06-01,LAA,COL,pitch,82f80c38-2593-3b34-9872-f79d04515ff1,8,68,34,0,694514,L,Sterlin Thompson,820862,R,José Fermin,COL,LAA,115,108,Double,Sterlin Thompson doubles (2) on a sharp line drive to center fielder Mike Trout.,Double,,1,1,1,1,S,Strike,called_strike,False,C,SL,Slider,Called Strike,89.6,81.0,3.34,1.69,5.72,0.42,8,2541,1.2,2.5,-32.2,-0.1379,1.5909,0.1,0.21,-2.68,0.1,0.1,0.4,True,True,False,False,True,-0.1379,1.5909,3,3,2,1,1,253,,,,,,,,,,,,,,False,N,1
824027,2026-06-01,LAA,COL,pitch,1bf9d20d-d33d-335e-b6d8-75ca709e3b5c,8,68,34,0,694514,L,Sterlin Thompson,820862,R,José Fermin,COL,LAA,115,108,Double,Sterlin Thompson doubles (2) on a sharp line drive to center fielder Mike Trout.,Double,,2,1,2,1,B,Ball,ball,False,B,CH,Changeup,Ball,92.9,84.5,3.34,1.69,6.03,0.41,14,2111,16.1,11.5,-20.5,0.3612,0.8947,1.34,0.96,-1.71,1.34,1.34,0.38,False,False,False,False,False,0.3612,0.8947,4,4,1,1,1,254,,,,,,,,,,,,,,False,N,1
824027,2026-06-01,LAA,COL,pitch,7d2de33e-f3f2-3aea-9945-63b80ed415b5,8,68,34,0,694514,L,Sterlin Thompson,820862,R,José Fermin,COL,LAA,115,108,Double,Sterlin Thompson doubles (2) on a sharp line drive to center fielder Mike Trout.,Double,"{""homeRunBallparks"": 0}",2,2,2,2,X,In Play,hit_into_play,False,D,FF,4-Seam Fastball,"In play, no out",97.0,86.8,3.34,1.69,6.07,0.39,1,2229,9.4,17.8,-11.9,-0.6737,3.3772,0.78,1.48,-0.99,0.78,0.78,0.37,True,True,False,False,False,-0.6737,3.3772,5,5,2,1,1,255,75.0,258.0,0.95,0,-90.0,310.98,107.9,11.0,107.9,11.0,,,,True,N,1
824027,2026-06-01,LAA,COL,pitch,771e18c5-6d95-376e-9b3b-10705b602172,8,69,34,0,691720,R,Kyle Karros,820862,R,José Fermin,COL,LAA,115,108,Double,Kyle Karros doubles (9) on a ground ball to left fielder Jose Siri. Sterlin Thompson scores.,Double,,0,0,0,0,B,Ball,ball,False,B,SL,Slider,Ball,89.1,81.8,3.43,1.73,5.83,0.42,11,2401,0.7,2.6,-31.8,-0.9134,3.0698,0.06,0.22,-2.65,0.06,0.06,0.4,False,False,False,False,False,-0.9134,3.0698,1,6,3,2,1,256,,,,,,,,,,,,True,True,False,N,1
824027,2026-06-01,LAA,COL,pitch,5ab28507-e2ce-3645-bb84-26cf9c697cd4,8,69,34,0,691720,R,Kyle Karros,820862,R,José Fermin,COL,LAA,115,108,Double,Kyle Karros doubles (9) on a ground ball to left fielder Jose Siri. Sterlin Thompson scores.,Double,,0,1,0,1,S,Strike,swinging_strike,True,S,SL,Slider,Swinging Strike,89.9,82.8,3.43,1.73,5.63,0.42,4,2459,2.5,5.0,-28.7,-0.5449,2.7951,0.21,0.42,-2.39,0.21,0.21,0.39,True,True,False,False,False,-0.5449,2.7951,2,7,4,2,1,257,70.2,,,,,,,,,,,True,True,False,N,1
824027,2026-06-01,LAA,COL,pitch,b990bd4f-13e4-377d-ab29-e8e613f5aef2,8,69,34,0,691720,R,Kyle Karros,820862,R,José Fermin,COL,LAA,115,108,Double,Kyle Karros doubles (9) on a ground ball to left fielder Jose Siri. Sterlin Thompson scores.,Double,,1,1,1,1,S,Strike,swinging_strike,True,S,SL,Slider,Swinging Strike,90.3,83.1,3.43,1.73,5.9,0.42,14,2422,2.8,2.4,-31.3,0.9142,1.1805,0.23,0.2,-2.61,0.23,0.23,0.39,False,False,False,False,False,0.9142,1.1805,3,8,5,2,1,258,69.0,,,,,,,,,,,True,True,False,N,1
824027,2026-06-01,LAA,COL,pitch,33bc1d08-3e44-326b-af28-9135a076ac3e,8,69,34,0,691720,R,Kyle Karros,820862,R,José Fermin,COL,LAA,115,108,Double,Kyle Karros doubles (9) on a ground ball to left fielder Jose Siri. Sterlin Thompson scores.,Double,,2,1,2,1,B,Ball,blocked_ball,False,*B,SL,Slider,Ball In Dirt,89.7,81.1,3.43,1.73,5.95,0.42,14,2626,0.6,0.7,-34.0,0.2713,0.4912,0.05,0.06,-2.83,0.05,0.05,0.4,False,False,False,False,False,0.2713,0.4912,4,9,6,2,1,259,,,,,,,,,,,,True,True,False,N,1
824027,2026-06-01,LAA,COL,pitch,841507ca-d6e5-3f74-a986-6e1d8f7cc741,8,69,34,0,691720,R,Kyle Karros,820862,R,José Fermin,COL,LAA,115,108,Double,Kyle Karros doubles (9) on a ground ball to left fielder Jose Siri. Sterlin Thompson scores.,Double,,2,2,2,2,S,Strike,foul,False,F,SI,Sinker,Foul,95.3,86.4,3.43,1.73,6.24,0.4,5,2217,14.8,12.8,-17.6,-0.2239,2.8229,1.23,1.07,-1.47,1.23,1.23,0.37,True,True,False,False,False,-0.2239,2.8229,5,10,1,2,1,260,74.1,,,,,,,,,,,True,True,False,N,1
824027,2026-06-01,LAA,COL,pitch,f2070e9b-8190-310f-a28d-f9f71c9c8d4b,8,69,34,0,691720,R,Kyle Karros,820862,R,José Fermin,COL,LAA,115,108,Double,Kyle Karros doubles (9) on a ground ball to left fielder Jose Siri. Sterlin Thompson scores.,Double,,2,2,2,2,B,Ball,blocked_ball,False,*B,SL,Slider,Ball In Dirt,89.2,81.3,3.43,1.73,5.91,0.42,13,2340,1.3,2.6,-32.3,-0.4865,0.4112,0.11,0.22,-2.69,0.11,0.11,0.4,False,False,False,False,False,-0.4865,0.4112,6,11,7,2,1,261,,,,,,,,,,,,True,True,False,N,1
824027,2026-06-01,LAA,COL,pitch,efddd45f-24f3-36d2-8427-c640c910d553,8,69,34,0,691720,R,Kyle Karros,820862,R,José Fermin,COL,LAA,115,108,Double,Kyle Karros doubles (9) on a ground ball to left fielder Jose Siri. Sterlin Thompson scores.,Double,,2,3,2,3,S,Strike,foul,False,F,SI,Sinker,Foul,96.7,87.5,3.43,1.73,6.18,0.39,6,2401,16.6,11.4,-18.2,0.468,2.672,1.38,0.95,-1.52,1.38,1.38,0.37,True,True,False,False,False,0.468,2.672,7,12,2,2,1,262,68.6,,,,,,,,,,,True,True,False,N,1
824027,2026-06-01,LAA,COL,pitch,7a3e169e-1760-37b7-b9fb-c10b36c0778e,8,69,34,0,691720,R,Kyle Karros,820862,R,José Fermin,COL,LAA,115,108,Double,Kyle Karros doubles (9) on a ground ball to left fielder Jose Siri. Sterlin Thompson scores.,Double,"{""homeRunBallparks"": 0}",2,3,2,3,X,In Play,hit_into_play,False,E,SI,Sinker,"In play, run(s)",96.2,87.7,3.43,1.73,6.14,0.39,4,2267,14.2,12.4,-17.4,-0.7199,2.3471,1.18,1.03,-1.45,1.18,1.18,0.37,True,True,False,False,False,-0.7199,2.3471,8,13,3,2,1,263,73.0,31.0,0.36,0,-230.84,249.33,101.2,-3.0,101.2,-3.0,,True,True,True,N,1
824027,2026-06-01,LAA,COL,pitch,f5da8781-08b9-3d77-9098-a1081a043fdd,8,70,0,0,664983,L,Jake McCarthy,820862,R,José Fermin,COL,LAA,115,108,Walk,Jake McCarthy walks.,Walk,,0,0,0,0,S,Strike,swinging_strike,True,S,SL,Slider,Swinging Strike,89.6,81.2,3.23,1.63,6.0,0.42,13,2410,2.4,3.2,-31.4,-0.0805,1.1421,0.2,0.27,-2.62,0.2,0.2,0.4,False,False,False,False,False,-0.0805,1.1421,1,14,8,3,1,264,71.1,,,,,,,,,,,,,False,N,1
824027,2026-06-01,LAA,COL,pitch,513d72c2-9ad4-3aee-bc42-c25c6c9372d2,8,70,0,0,664983,L,Jake McCarthy,820862,R,José Fermin,COL,LAA,115,108,Walk,Jake McCarthy walks.,Walk,,1,0,1,0,B,Ball,ball,False,B,SL,Slider,Ball,90.3,82.1,3.23,1.63,5.95,0.42,13,2567,1.3,1.7,-32.3,-0.0741,0.8222,0.11,0.14,-2.69,0.11,0.11,0.39,False,False,False,False,False,-0.0741,0.8222,2,15,9,3,1,265,,,,,,,,,,,,,,False,N,1
824027,2026-06-01,LAA,COL,pitch,ef5930e9-d871-33cb-94f7-f4e86d49c9ab,8,70,0,0,664983,L,Jake McCarthy,820862,R,José Fermin,COL,LAA,115,108,Walk,Jake McCarthy walks.,Walk,,1,1,1,1,B,Ball,ball,False,B,CH,Changeup,Ball,92.3,84.4,3.23,1.63,6.12,0.41,13,2138,15.1,10.2,-22.1,-0.4355,1.429,1.26,0.85,-1.84,1.26,1.26,0.38,False,False,False,False,True,-0.4355,1.429,3,16,2,3,1,266,,,,,,,,,,,,,,False,N,1
824027,2026-06-01,LAA,COL,pitch,9d0ff6f4-f727-3553-aed0-640203be53c2,8,70,0,0,664983,L,Jake McCarthy,820862,R,José Fermin,COL,LAA,115,108,Walk,Jake McCarthy walks.,Walk,,1,2,1,2,B,Ball,ball,False,B,SL,Slider,Ball,90.4,82.9,3.23,1.63,6.04,0.42,13,2521,4.1,4.9,-28.6,-0.6134,1.2171,0.34,0.41,-2.38,0.34,0.34,0.39,False,False,False,False,False,-0.6134,1.2171,4,17,10,3,1,267,,,,,,,,,,,,,,False,N,1
824027,2026-06-01,LAA,COL,pitch,3c575bf2-a6d4-319a-a938-8f94b920d489,8,70,0,0,664983,L,Jake McCarthy,820862,R,José Fermin,COL,LAA,115,108,Walk,Jake McCarthy walks.,Walk,,1,3,1,3,B,Ball,ball,False,B,FF,4-Seam Fastball,Ball,95.7,86.2,3.23,1.63,6.15,0.4,1,2253,4.7,19.9,-10.3,-0.6018,3.2914,0.39,1.66,-0.86,0.39,0.39,0.37,True,True,False,False,False,-0.6018,3.2914,5,18,3,3,1,268,,,,,,,,,,,,,,True,N,1
824027,2026-06-01,LAA,COL,pitch,5f4c4679-699d-3157-909e-89de11673e40,8,71,33,0,671289,R,Tyler Freeman,820862,R,José Fermin,COL,LAA,115,108,Single,Tyler Freeman singles on a ground ball to left fielder Jose Siri. Kyle Karros scores. Jake McCarthy to 2nd.,Single,,0,0,0,0,S,Strike,called_strike,False,C,SL,Slider,Called Strike,89.9,82.2,3.15,1.59,5.84,0.42,4,2448,2.6,3.4,-30.6,-0.4571,2.4208,0.22,0.28,-2.55,0.22,0.22,0.39,True,True,False,False,False,-0.4571,2.4208,1,19,11,4,1,269,,,,,,,,,,,True,True,True,False,N,1
824027,2026-06-01,LAA,COL,pitch,5f108997-ad5c-3a3d-95ab-de4cdafb379f,8,71,33,0,671289,R,Tyler Freeman,820862,R,José Fermin,COL,LAA,115,108,Single,Tyler Freeman singles on a ground ball to left fielder Jose Siri. Kyle Karros scores. Jake McCarthy to 2nd.,Single,,1,0,1,0,S,Strike,foul,False,F,SI,Sinker,Foul,95.9,87.2,3.15,1.59,6.41,0.39,4,2275,15.7,10.1,-19.9,-0.6616,2.167,1.31,0.84,-1.66,1.31,1.31,0.37,True,True,False,False,False,-0.6616,2.167,2,20,4,4,1,270,68.9,,,,,,,,,,True,True,True,False,N,1
824027,2026-06-01,LAA,COL,pitch,a95708d9-2208-3a75-8fb4-bb44c1b807f5,8,71,33,0,671289,R,Tyler Freeman,820862,R,José Fermin,COL,LAA,115,108,Single,Tyler Freeman singles on a ground ball to left fielder Jose Siri. Kyle Karros scores. Jake McCarthy to 2nd.,Single,,2,0,2,0,B,Ball,ball,False,B,SL,Slider,Ball,89.7,82.7,3.15,1.59,5.79,0.42,13,2299,2.0,1.2,-32.8,-1.6335,1.5789,0.17,0.1,-2.73,0.17,0.17,0.39,False,False,False,False,False,-1.6335,1.5789,3,21,12,4,1,271,,,,,,,,,,,True,True,True,False,N,1
824027,2026-06-01,LAA,COL,pitch,08596f2c-1f25-3866-ad91-c4ceda2b2770,8,71,33,0,671289,R,Tyler Freeman,820862,R,José Fermin,COL,LAA,115,108,Single,Tyler Freeman singles on a ground ball to left fielder Jose Siri. Kyle Karros scores. Jake McCarthy to 2nd.,Single,"{""homeRunBallparks"": 0}",2,1,2,1,X,In Play,hit_into_play,False,E,SL,Slider,"In play, run(s)",90.9,82.8,3.15,1.59,5.84,0.42,5,2477,0.4,2.2,-31.2,-0.0173,2.2338,-0.03,0.18,-2.6,0.4,-0.03,0.39,True,True,False,False,False,-0.0173,2.2338,4,22,13,4,1,272,71.7,103.0,0.61,0,-95.14,223.08,106.0,4.0,106.0,4.0,True,True,True,True,N,1
824027,2026-06-01,LAA,COL,pitch,c1bf3778-4d49-3490-b4fa-8184084adb1e,8,72,75,0,696100,R,Hunter Goodman,820862,R,José Fermin,COL,LAA,115,108,Home Run,Hunter Goodman homers (14) on a line drive to left field. Jake McCarthy scores. Tyler Freeman scores.,Home Run,,0,0,0,0,B,Ball,ball,False,B,SL,Slider,Ball,90.5,82.7,3.18,1.6,5.95,0.42,13,2465,3.7,3.6,-30.0,-1.0947,1.3375,0.31,0.3,-2.5,0.31,0.31,0.39,False,False,False,False,False,-1.0947,1.3375,1,23,14,5,1,273,,,,,,,,,,,True,True,,False,N,1
824027,2026-06-01,LAA,COL,pitch,a1a7dd14-426f-3bbf-ae2e-2312710fec69,8,72,75,0,696100,R,Hunter Goodman,820862,R,José Fermin,COL,LAA,115,108,Home Run,Hunter Goodman homers (14) on a line drive to left field. Jake McCarthy scores. Tyler Freeman scores.,Home Run,"{""homeRunBallparks"": 30}",0,1,0,1,X,In Play,hit_into_play,False,E,SL,Slider,"In play, run(s)",91.6,83.4,3.18,1.6,5.85,0.41,5,2514,4.7,5.2,-27.6,-0.2291,2.6025,0.39,0.43,-2.3,0.39,0.39,0.39,True,True,False,False,False,-0.2291,2.6025,2,24,15,5,1,274,79.5,384.0,0.96,1,-229.03,307.61,112.9,21.0,112.9,21.0,True,True,,True,N,1
824027,2026-06-01,LAA,COL,pitch,5aac32dd-e422-319a-ab36-74e6ab710c53,8,73,14,1,687859,L,Troy Johnston,820862,R,José Fermin,COL,LAA,115,108,Strikeout,Troy Johnston strikes out swinging.,Strikeout,,0,0,0,0,S,Strike,swinging_strike,True,S,FF,4-Seam Fastball,Swinging Strike,97.0,87.6,3.16,1.59,6.31,0.39,5,2348,10.0,17.6,-11.9,0.1642,2.4543,0.83,1.47,-0.99,0.83,0.83,0.37,True,True,False,False,False,0.1642,2.4543,1,25,4,6,1,275,71.1,,,,,,,,,,,,,False,N,1
824027,2026-06-01,LAA,COL,pitch,81dfffca-ba3d-3798-8343-1fd39ad3c2cc,8,73,14,1,687859,L,Troy Johnston,820862,R,José Fermin,COL,LAA,115,108,Strikeout,Troy Johnston strikes out swinging.,Strikeout,,1,0,1,0,S,Strike,foul,False,F,FF,4-Seam Fastball,Foul,96.8,87.4,3.16,1.59,6.24,0.39,8,2417,9.4,16.1,-13.4,-0.0032,2.0453,0.78,1.34,-1.12,0.78,0.78,0.37,True,True,False,False,False,-0.0032,2.0453,2,26,5,6,1,276,72.7,,,,,,,,,,,,,False,N,1
824027,2026-06-01,LAA,COL,pitch,960cc3c1-be04-3497-ac57-fcaaa84c24ea,8,73,14,1,687859,L,Troy Johnston,820862,R,José Fermin,COL,LAA,115,108,Strikeout,Troy Johnston strikes out swinging.,Strikeout,,2,0,2,0,S,Strike,swinging_strike,True,S,FF,4-Seam Fastball,Swinging Strike,96.0,86.5,3.16,1.59,6.3,0.39,2,2266,7.1,18.4,-11.8,0.2685,3.2431,0.59,1.53,-0.98,0.59,0.59,0.37,True,True,False,False,False,0.2685,3.2431,3,27,6,6,1,277,62.4,,,,,,,,,,,,,True,N,1
824027,2026-06-01,LAA,COL,pitch,304d3467-ee59-399d-b09a-64d62677018b,8,74,0,1,650489,L,Willi Castro,820862,R,José Fermin,COL,LAA,115,108,Walk,Willi Castro walks.,Walk,,0,0,0,0,S,Strike,swinging_strike,True,S,SL,Slider,Swinging Strike,91.7,84.3,3.2,1.62,5.9,0.41,14,2553,1.3,2.2,-30.5,0.3032,1.4514,0.11,0.18,-2.54,0.11,0.11,0.39,False,False,False,False,False,0.3032,1.4514,1,28,16,7,1,278,75.4,,,,,,,,,,,,,False,N,1
824027,2026-06-01,LAA,COL,pitch,b6a52b37-cab7-3ad7-a40a-96e3354031e2,8,74,0,1,650489,L,Willi Castro,820862,R,José Fermin,COL,LAA,115,108,Walk,Willi Castro walks.,Walk,,1,0,1,0,S,Strike,called_strike,False,C,CH,Changeup,Called Strike,92.5,84.3,3.2,1.62,6.04,0.41,7,2087,16.1,8.8,-23.5,-0.3661,1.6928,1.34,0.73,-1.96,1.34,1.34,0.38,True,True,False,False,False,-0.3661,1.6928,2,29,3,7,1,279,,,,,,,,,,,,,,False,N,1
824027,2026-06-01,LAA,COL,pitch,5d0b3f99-041d-3190-9bf4-fdc4de2d0dc2,8,74,0,1,650489,L,Willi Castro,820862,R,José Fermin,COL,LAA,115,108,Walk,Willi Castro walks.,Walk,,2,0,2,0,S,Strike,foul,False,F,FF,4-Seam Fastball,Foul,96.7,87.5,3.2,1.62,6.15,0.39,1,2347,7.4,17.0,-12.5,-0.5209,3.3198,0.62,1.42,-1.04,0.62,0.62,0.37,True,True,False,False,False,-0.5209,3.3198,3,30,7,7,1,280,64.3,,,,,,,,,,,,,False,N,1
824027,2026-06-01,LAA,COL,pitch,6bda8ff1-628c-3c77-b6de-021ea403d809,8,74,0,1,650489,L,Willi Castro,820862,R,José Fermin,COL,LAA,115,108,Walk,Willi Castro walks.,Walk,,2,0,2,0,B,Ball,ball,False,B,SL,Slider,Ball,89.9,82.3,3.2,1.62,5.84,0.42,11,2498,1.7,2.3,-31.6,-1.5388,3.6202,0.14,0.19,-2.63,0.14,0.14,0.39,False,False,False,False,False,-1.5388,3.6202,4,31,17,7,1,281,,,,,,,,,,,,,,False,N,1
824027,2026-06-01,LAA,COL,pitch,eb4718fb-1765-373f-861a-24e8b3743feb,8,74,0,1,650489,L,Willi Castro,820862,R,José Fermin,COL,LAA,115,108,Walk,Willi Castro walks.,Walk,,2,1,2,1,B,Ball,ball,False,B,SL,Slider,Ball,90.8,82.7,3.2,1.62,6.08,0.42,13,2501,3.6,3.6,-30.0,-0.6041,0.3311,0.3,0.3,-2.5,0.3,0.3,0.39,False,False,False,False,False,-0.6041,0.3311,5,32,18,7,1,282,,,,,,,,,,,,,,False,N,1
824027,2026-06-01,LAA,COL,pitch,e92acbc2-ea1e-33fb-9140-9eecef4202a1,8,74,0,1,650489,L,Willi Castro,820862,R,José Fermin,COL,LAA,115,108,Walk,Willi Castro walks.,Walk,,2,2,2,2,B,Ball,ball,False,B,CH,Changeup,Ball,93.2,84.6,3.2,1.62,6.2,0.41,14,2171,14.6,11.2,-20.9,0.0356,0.2028,1.22,0.93,-1.74,1.22,1.22,0.38,False,False,False,False,False,0.0356,0.2028,6,33,4,7,1,283,,,,,,,,,,,,,,False,N,1
824027,2026-06-01,LAA,COL,pitch,29629950-efa6-3f90-8311-383a8f541ae6,8,74,0,1,650489,L,Willi Castro,820862,R,José Fermin,COL,LAA,115,108,Walk,Willi Castro walks.,Walk,,2,3,2,3,B,Ball,ball,False,B,FF,4-Seam Fastball,Ball,96.9,87.1,3.2,1.62,6.09,0.39,11,2278,6.4,16.8,-12.7,-0.5377,3.807,0.53,1.4,-1.06,0.53,0.53,0.37,False,False,False,False,False,-0.5377,3.807,7,34,8,7,1,284,,,,,,,,,,,,,,True,N,1
824027,2026-06-01,LAA,COL,pitch,8c2953be-a6f8-36e7-b3b9-ac5430a57651,8,75,14,1,678662,R,Ezequiel Tovar,820862,R,José Fermin,COL,LAA,115,108,Strikeout,Ezequiel Tovar strikes out swinging.,Strikeout,,0,0,0,0,S,Strike,called_strike,False,C,SL,Slider,Called Strike,91.4,83.1,3.22,1.62,5.94,0.41,2,2439,2.8,3.8,-29.3,-0.0367,2.7652,0.23,0.32,-2.44,0.23,0.23,0.39,True,True,False,False,False,-0.0367,2.7652,1,35,19,8,1,285,,,,,,,,,,,True,,,False,N,1
824027,2026-06-01,LAA,COL,pitch,66db0cbf-7fd6-351b-9691-62cf9f1779a3,8,75,14,1,678662,R,Ezequiel Tovar,820862,R,José Fermin,COL,LAA,115,108,Strikeout,Ezequiel Tovar strikes out swinging.,Strikeout,,1,0,1,0,B,Ball,ball,False,B,SL,Slider,Ball,90.3,83.0,3.22,1.62,5.97,0.42,13,2395,5.0,3.1,-30.6,-0.7275,0.1123,0.42,0.26,-2.55,0.42,0.42,0.39,False,False,False,False,False,-0.7275,0.1123,2,36,20,8,1,286,,,,,,,,,,,True,,,False,N,1
824027,2026-06-01,LAA,COL,pitch,ffac8321-6244-35e3-ba52-b5b38a79e452,8,75,14,1,678662,R,Ezequiel Tovar,820862,R,José Fermin,COL,LAA,115,108,Strikeout,Ezequiel Tovar strikes out swinging.,Strikeout,,1,1,1,1,S,Strike,foul,False,F,SL,Slider,Foul,89.6,81.1,3.22,1.62,5.93,0.42,5,2374,3.6,3.7,-31.0,0.2744,2.3223,0.3,0.31,-2.58,0.3,0.3,0.4,True,True,False,False,False,0.2744,2.3223,3,37,21,8,1,287,73.6,,,,,,,,,,True,,,False,N,1
824027,2026-06-01,LAA,COL,pitch,7e797628-8485-3e49-89b3-ea2dcea2bb7b,8,75,14,1,678662,R,Ezequiel Tovar,820862,R,José Fermin,COL,LAA,115,108,Strikeout,Ezequiel Tovar strikes out swinging.,Strikeout,,2,1,2,1,S,Strike,foul,False,F,SI,Sinker,Foul,96.6,86.9,3.22,1.62,6.15,0.39,2,2287,11.0,17.3,-12.5,0.0699,3.3099,0.92,1.44,-1.04,0.92,0.92,0.37,True,True,False,False,False,0.0699,3.3099,4,38,5,8,1,288,70.4,,,,,,,,,,True,,,False,N,1
824027,2026-06-01,LAA,COL,pitch,2f4c947a-4ee9-31cf-9091-7354ca406aee,8,75,14,1,678662,R,Ezequiel Tovar,820862,R,José Fermin,COL,LAA,115,108,Strikeout,Ezequiel Tovar strikes out swinging.,Strikeout,,2,1,2,1,S,Strike,swinging_strike,True,S,SL,Slider,Swinging Strike,89.5,82.4,3.22,1.62,6.33,0.42,13,2517,3.6,3.1,-31.2,-0.0375,0.9439,0.3,0.26,-2.6,0.3,0.3,0.4,False,False,False,False,False,-0.0375,0.9439,5,39,22,8,1,289,70.7,,,,,,,,,,True,,,True,N,1
824027,2026-06-01,LAA,COL,pitch,d5005df1-00c9-3a7a-9cce-399d0d25f971,8,76,0,2,677060,R,Chad Stevens,608718,L,Brent Suter,COL,LAA,115,108,Flyout,Chad Stevens flies out to left fielder Jose Siri.,Flyout,,0,0,0,0,S,Strike,foul,False,F,FF,4-Seam Fastball,Foul,86.8,79.1,3.36,1.7,7.48,0.44,1,2117,0.7,17.4,-19.2,-0.5282,3.0405,-0.06,1.45,-1.6,0.7,-0.06,0.41,True,True,False,True,False,-0.5282,3.0405,1,1,1,1,1,290,68.6,,,,,,,,,,,,,False,N,1
824027,2026-06-01,LAA,COL,pitch,dae13ad5-b0fc-3180-8dd3-f5724b9cfe7e,8,76,0,2,677060,R,Chad Stevens,608718,L,Brent Suter,COL,LAA,115,108,Flyout,Chad Stevens flies out to left fielder Jose Siri.,Flyout,,1,0,1,0,B,Ball,ball,False,B,FF,4-Seam Fastball,Ball,87.3,79.7,3.36,1.7,7.4,0.43,11,2232,0.7,17.5,-18.5,-0.0733,4.3906,0.06,1.46,-1.54,0.06,0.06,0.41,False,False,False,True,False,-0.0733,4.3906,2,2,2,1,1,291,,,,,,,,,,,,,,False,N,1
824027,2026-06-01,LAA,COL,pitch,387c7edf-233c-399f-9deb-fcb2bd672316,8,76,0,2,677060,R,Chad Stevens,608718,L,Brent Suter,COL,LAA,115,108,Flyout,Chad Stevens flies out to left fielder Jose Siri.,Flyout,"{""homeRunBallparks"": 0}",1,1,1,1,X,In Play,hit_into_play,False,X,CH,Changeup,"In play, out(s)",76.2,69.7,3.36,1.7,7.2,0.5,3,1526,13.6,10.6,-36.7,0.4492,2.9429,-1.13,0.88,-3.06,13.6,-1.13,0.47,True,True,False,True,False,0.4492,2.9429,3,3,1,1,1,292,69.8,296.0,0.07,0,-103.89,274.15,87.7,27.0,87.7,27.0,,,,True,N,1
824027,2026-06-01,LAA,COL,pitch,595cbf3b-f5eb-3860-8da6-adc24d14b667,8,77,0,0,624428,L,Adam Frazier,677955,R,Jaden Hill,LAA,COL,108,115,Walk,Adam Frazier walks.,Walk,,0,0,0,0,B,Ball,ball,False,B,FF,4-Seam Fastball,Ball,96.7,87.3,3.11,1.57,5.65,0.39,11,2317,11.2,14.9,-14.6,-2.3067,3.7211,0.93,1.24,-1.22,0.93,0.93,0.37,False,False,False,False,False,-2.3067,3.7211,1,1,1,1,1,293,,,,,,,,,,,,,,False,N,1
824027,2026-06-01,LAA,COL,pitch,ec387149-e9d0-31d5-8028-03d92840fbab,8,77,0,0,624428,L,Adam Frazier,677955,R,Jaden Hill,LAA,COL,108,115,Walk,Adam Frazier walks.,Walk,,0,1,0,1,B,Ball,ball,False,B,CH,Changeup,Ball,85.5,77.8,3.11,1.57,6.23,0.44,11,1663,13.9,2.8,-34.8,-1.0921,3.4146,1.16,0.23,-2.9,1.16,1.16,0.41,False,False,False,False,False,-1.0921,3.4146,2,2,1,1,1,294,,,,,,,,,,,,,,False,N,1
824027,2026-06-01,LAA,COL,pitch,15d6aae8-60b4-3c00-8328-30b7778e58d2,8,77,0,0,624428,L,Adam Frazier,677955,R,Jaden Hill,LAA,COL,108,115,Walk,Adam Frazier walks.,Walk,,0,2,0,2,S,Strike,called_strike,False,C,FF,4-Seam Fastball,Called Strike,96.3,87.2,3.11,1.57,5.83,0.39,2,2395,10.7,15.0,-14.8,0.109,2.6757,0.89,1.25,-1.23,0.89,0.89,0.37,True,True,False,False,False,0.109,2.6757,3,3,2,1,1,295,,,,,,,,,,,,,,False,N,1
824027,2026-06-01,LAA,COL,pitch,d2908815-b70e-3403-9ead-bc49daca3139,8,77,0,0,624428,L,Adam Frazier,677955,R,Jaden Hill,LAA,COL,108,115,Walk,Adam Frazier walks.,Walk,,1,2,1,2,B,Ball,ball,False,B,FF,4-Seam Fastball,Ball,96.2,87.3,3.11,1.57,5.6,0.39,11,2376,11.0,13.3,-16.4,-0.8812,3.1498,0.92,1.11,-1.37,0.92,0.92,0.37,False,False,False,False,False,-0.8812,3.1498,4,4,3,1,1,296,,,,,,,,,,,,,,False,N,1
824027,2026-06-01,LAA,COL,pitch,0568e841-9acc-3918-92b0-c14cc915ad32,8,77,0,0,624428,L,Adam Frazier,677955,R,Jaden Hill,LAA,COL,108,115,Walk,Adam Frazier walks.,Walk,,1,3,1,3,S,Strike,swinging_strike,True,S,FF,4-Seam Fastball,Swinging Strike,96.4,87.6,3.11,1.57,5.65,0.39,1,2393,10.6,15.8,-13.8,-0.4121,2.9195,0.88,1.32,-1.15,0.88,0.88,0.37,True,True,False,False,False,-0.4121,2.9195,5,5,4,1,1,297,67.4,,,,,,,,,,,,,False,N,1
824027,2026-06-01,LAA,COL,pitch,65221659-5986-33b7-8092-8810ed0c92bc,8,77,0,0,624428,L,Adam Frazier,677955,R,Jaden Hill,LAA,COL,108,115,Walk,Adam Frazier walks.,Walk,,2,3,2,3,S,Strike,foul,False,F,FF,4-Seam Fastball,Foul,96.7,87.8,3.11,1.57,5.79,0.39,5,2412,10.6,15.4,-14.2,-0.0972,2.199,0.88,1.28,-1.18,0.88,0.88,0.37,True,True,False,False,False,-0.0972,2.199,6,6,5,1,1,298,67.8,,,,,,,,,,,,,False,N,1
824027,2026-06-01,LAA,COL,pitch,81b33a64-6e0c-3735-9c8d-7e6c018e438e,8,77,0,0,624428,L,Adam Frazier,677955,R,Jaden Hill,LAA,COL,108,115,Walk,Adam Frazier walks.,Walk,,2,3,2,3,B,Ball,ball,False,B,SL,Slider,Ball,88.1,80.6,3.11,1.57,5.63,0.43,11,2321,0.2,0.6,-34.7,-0.9813,3.5325,-0.02,0.05,-2.89,0.2,-0.02,0.4,False,False,False,False,False,-0.9813,3.5325,7,7,1,1,1,299,,,,,,,,,,,,,,True,N,1
824027,2026-06-01,LAA,COL,pitch,0d8532ef-8141-3abe-a89b-879cbeb277af,8,78,0,1,681351,R,Logan O'Hoppe,677955,R,Jaden Hill,LAA,COL,108,115,Groundout,"Logan O'Hoppe grounds out, second baseman Chad Stevens to first baseman TJ Rumfield. Adam Frazier to 2nd.",Groundout,,0,0,0,0,B,Ball,ball,False,B,SI,Sinker,Ball,97.1,88.3,3.29,1.66,5.86,0.39,13,2344,18.1,8.2,-21.1,-1.1331,2.2221,1.51,0.68,-1.76,1.51,1.51,0.37,False,False,False,True,False,-1.1331,2.2221,1,8,1,2,1,300,,,,,,,,,,,True,,,False,N,1
824027,2026-06-01,LAA,COL,pitch,f5edbbda-0b8d-3ccf-bab0-c044bee39966,8,78,0,1,681351,R,Logan O'Hoppe,677955,R,Jaden Hill,LAA,COL,108,115,Groundout,"Logan O'Hoppe grounds out, second baseman Chad Stevens to first baseman TJ Rumfield. Adam Frazier to 2nd.",Groundout,,0,1,0,1,S,Strike,called_strike,False,C,SI,Sinker,Called Strike,96.4,87.6,3.29,1.66,5.66,0.39,6,2450,18.4,7.3,-22.3,0.5898,2.7174,1.53,0.61,-1.86,1.53,1.53,0.37,True,True,False,True,False,0.5898,2.7174,2,9,2,2,1,301,,,,,,,,,,,True,,,False,N,1
824027,2026-06-01,LAA,COL,pitch,a5cd4af7-68fc-3588-8fc2-521541df1bfa,8,78,0,1,681351,R,Logan O'Hoppe,677955,R,Jaden Hill,LAA,COL,108,115,Groundout,"Logan O'Hoppe grounds out, second baseman Chad Stevens to first baseman TJ Rumfield. Adam Frazier to 2nd.",Groundout,"{""homeRunBallparks"": 0}",1,1,1,1,X,In Play,hit_into_play,False,X,SL,Slider,"In play, out(s)",89.5,81.9,3.29,1.66,6.11,0.42,14,2395,1.3,1.4,-32.8,1.3498,2.0515,-0.11,0.12,-2.73,1.3,-0.11,0.4,False,False,False,True,False,1.3498,2.0515,3,10,2,2,1,302,78.2,43.0,0.19,0,52.23,150.12,76.2,1.0,76.2,1.0,True,,,True,N,1
824027,2026-06-01,LAA,COL,pitch,873a798c-2ec0-3acb-abba-21c66dade970,8,79,0,1,622268,L,Donovan Walton,677955,R,Jaden Hill,LAA,COL,108,115,Walk,Donovan Walton walks.,Walk,,0,0,0,0,B,Ball,ball,False,B,SL,Slider,Ball,86.1,78.7,3.09,1.56,5.5,0.44,11,2360,3.5,0.6,-36.2,-1.0197,3.3916,-0.29,0.05,-3.02,3.5,-0.29,0.41,False,False,False,False,False,-1.0197,3.3916,1,11,3,3,1,303,,,,,,,,,,,,,,False,N,1
824027,2026-06-01,LAA,COL,pitch,51955abd-0c2f-3e5d-aaf0-9395d65e322e,8,79,0,1,622268,L,Donovan Walton,677955,R,Jaden Hill,LAA,COL,108,115,Walk,Donovan Walton walks.,Walk,,0,1,0,1,B,Ball,ball,False,B,SL,Slider,Ball,88.3,80.7,3.09,1.56,5.57,0.43,14,2385,1.1,0.0,-35.3,1.1224,2.1036,-0.09,0.0,-2.94,1.1,-0.09,0.4,False,False,False,False,False,1.1224,2.1036,2,12,4,3,1,304,,,,,,,,,,,,,,False,N,1
824027,2026-06-01,LAA,COL,pitch,36dd21c8-a7d3-330f-872c-9e0fbf4e5bb6,8,79,0,1,622268,L,Donovan Walton,677955,R,Jaden Hill,LAA,COL,108,115,Walk,Donovan Walton walks.,Walk,,0,2,0,2,S,Strike,foul,False,F,FF,4-Seam Fastball,Foul,96.7,87.6,3.09,1.56,5.88,0.39,12,2416,10.6,14.5,-15.0,0.9291,2.4082,0.88,1.21,-1.25,0.88,0.88,0.37,False,False,False,False,False,0.9291,2.4082,3,13,6,3,1,305,65.4,,,,,,,,,,,,,False,N,1
824027,2026-06-01,LAA,COL,pitch,546600e3-a38a-3bd0-a0bc-ef0ccc9c0774,8,79,0,1,622268,L,Donovan Walton,677955,R,Jaden Hill,LAA,COL,108,115,Walk,Donovan Walton walks.,Walk,,1,2,1,2,S,Strike,foul,False,F,SI,Sinker,Foul,97.2,89.2,3.09,1.56,5.68,0.39,2,2264,15.8,5.4,-23.5,0.0183,3.1156,1.32,0.45,-1.96,1.32,1.32,0.36,True,True,False,False,False,0.0183,3.1156,4,14,3,3,1,306,61.6,,,,,,,,,,,,,False,N,1
824027,2026-06-01,LAA,COL,pitch,ff6634ea-f0de-3282-8099-1f3b7f39372d,8,79,0,1,622268,L,Donovan Walton,677955,R,Jaden Hill,LAA,COL,108,115,Walk,Donovan Walton walks.,Walk,,2,2,2,2,B,Ball,ball,False,B,FF,4-Seam Fastball,Ball,97.5,88.1,3.09,1.56,5.86,0.39,12,2415,9.5,16.6,-12.5,0.0022,4.1122,0.79,1.38,-1.04,0.79,0.79,0.36,False,False,False,False,False,0.0022,4.1122,5,15,7,3,1,307,,,,,,,,,,,,,,False,N,1
824027,2026-06-01,LAA,COL,pitch,0e222a40-04c3-3aa5-aa86-9c276eeeef4b,8,79,0,1,622268,L,Donovan Walton,677955,R,Jaden Hill,LAA,COL,108,115,Walk,Donovan Walton walks.,Walk,,2,3,2,3,B,Ball,ball,False,B,SI,Sinker,Ball,98.0,88.8,3.09,1.56,5.92,0.39,12,2306,17.2,8.4,-20.3,0.2385,3.6683,1.43,0.7,-1.69,1.43,1.43,0.36,False,False,False,False,False,0.2385,3.6683,6,16,4,3,1,308,,,,,,,,,,,,,,True,N,1
824027,2026-06-01,LAA,COL,pitch,beb64360-86e1-361b-b9ed-7f18add57f4a,8,80,72,1,624585,R,Jorge Soler,622608,R,Antonio Senzatela,LAA,COL,108,115,Triple,Jorge Soler triples (1) on a fly ball to right fielder Troy Johnston. Adam Frazier scores. Donovan Walton scores.,Triple,,0,0,0,0,S,Strike,called_strike,False,C,FF,4-Seam Fastball,Called Strike,98.9,89.4,3.35,1.69,6.14,0.38,4,2350,8.3,18.2,-10.1,-0.4231,2.3833,0.69,1.52,-0.84,0.69,0.69,0.36,True,True,False,False,False,-0.4231,2.3833,1,1,1,1,1,309,,,,,,,,,,,True,True,,False,N,1
824027,2026-06-01,LAA,COL,pitch,d4a9a225-4853-349e-93c3-45454aeeadc9,8,80,72,1,624585,R,Jorge Soler,622608,R,Antonio Senzatela,LAA,COL,108,115,Triple,Jorge Soler triples (1) on a fly ball to right fielder Troy Johnston. Adam Frazier scores. Donovan Walton scores.,Triple,,1,0,1,0,S,Strike,swinging_strike,True,S,FC,Cutter,Swinging Strike,91.8,84.1,3.35,1.69,5.92,0.41,11,2232,2.4,9.7,-22.7,-0.4238,4.383,-0.2,0.81,-1.89,2.4,-0.2,0.38,False,False,False,False,False,-0.4238,4.383,2,2,1,1,1,310,39.0,,,,,,,,,,True,True,,False,N,1
824027,2026-06-01,LAA,COL,pitch,90ebaacc-e542-3493-acae-7a7bd2c819aa,8,80,72,1,624585,R,Jorge Soler,622608,R,Antonio Senzatela,LAA,COL,108,115,Triple,Jorge Soler triples (1) on a fly ball to right fielder Troy Johnston. Adam Frazier scores. Donovan Walton scores.,Triple,,2,0,2,0,B,Ball,ball,False,B,FC,Cutter,Ball,93.4,85.9,3.35,1.69,6.08,0.4,12,2368,2.2,6.1,-25.3,2.021,3.0646,-0.18,0.51,-2.11,2.2,-0.18,0.38,False,False,False,False,False,2.021,3.0646,3,3,2,1,1,311,,,,,,,,,,,True,True,,False,N,1
824027,2026-06-01,LAA,COL,pitch,01c07207-2a1d-325c-8105-2f36f22e6fdb,8,80,72,1,624585,R,Jorge Soler,622608,R,Antonio Senzatela,LAA,COL,108,115,Triple,Jorge Soler triples (1) on a fly ball to right fielder Troy Johnston. Adam Frazier scores. Donovan Walton scores.,Triple,"{""homeRunBallparks"": 0}",2,1,2,1,X,In Play,hit_into_play,False,E,FF,4-Seam Fastball,"In play, run(s)",97.5,88.9,3.35,1.69,6.18,0.39,12,2343,8.5,12.2,-16.7,0.3456,3.5698,0.71,1.02,-1.39,0.71,0.71,0.36,False,False,False,False,False,0.3456,3.5698,4,4,2,1,1,312,69.0,300.0,0.03,0,214.16,211.75,88.4,31.0,88.4,31.0,True,True,,True,N,1
824027,2026-06-01,LAA,COL,pitch,82ddabd9-f25b-3008-ac1e-5b1b7c21dcd4,8,81,0,1,545361,R,Mike Trout,622608,R,Antonio Senzatela,LAA,COL,108,115,Walk,Mike Trout walks.,Walk,,0,0,0,0,B,Ball,ball,False,B,FF,4-Seam Fastball,Ball,98.0,88.6,3.24,1.64,6.34,0.39,12,2165,6.4,16.7,-12.2,1.5082,3.0015,0.53,1.39,-1.02,0.53,0.53,0.36,False,False,False,False,False,1.5082,3.0015,1,5,3,2,1,313,,,,,,,,,,,,,,False,N,1
824027,2026-06-01,LAA,COL,pitch,cfc0de66-b9de-3d14-8b83-f7ff1a07c656,8,81,0,1,545361,R,Mike Trout,622608,R,Antonio Senzatela,LAA,COL,108,115,Walk,Mike Trout walks.,Walk,,0,1,0,1,B,Ball,blocked_ball,False,*B,FC,Cutter,Ball In Dirt,94.2,86.6,3.24,1.64,6.28,0.4,14,2355,1.4,10.0,-21.2,1.7016,0.1926,-0.12,0.83,-1.77,1.4,-0.12,0.38,False,False,False,False,False,1.7016,0.1926,2,6,3,2,1,314,,,,,,,,,,,,,,False,N,1
824027,2026-06-01,LAA,COL,pitch,a1376e41-8958-3c5a-a006-031e42933bb5,8,81,0,1,545361,R,Mike Trout,622608,R,Antonio Senzatela,LAA,COL,108,115,Walk,Mike Trout walks.,Walk,,0,2,0,2,B,Ball,ball,False,B,FF,4-Seam Fastball,Ball,98.9,89.6,3.24,1.64,6.28,0.38,12,2251,5.2,17.9,-10.3,0.4375,3.716,0.43,1.49,-0.86,0.43,0.43,0.36,False,False,False,False,False,0.4375,3.716,3,7,4,2,1,315,,,,,,,,,,,,,,False,N,1
824027,2026-06-01,LAA,COL,pitch,7d42ae54-892b-3845-ad00-de169c5b5577,8,81,0,1,545361,R,Mike Trout,622608,R,Antonio Senzatela,LAA,COL,108,115,Walk,Mike Trout walks.,Walk,,0,3,0,3,S,Strike,called_strike,False,C,FC,Cutter,Called Strike,93.6,85.5,3.24,1.64,6.2,0.4,5,2123,3.8,6.6,-24.7,-0.0205,2.5024,-0.32,0.55,-2.06,3.8,-0.32,0.38,True,True,False,False,False,-0.0205,2.5024,4,8,4,2,1,316,,,,,,,,,,,,,,False,N,1
824027,2026-06-01,LAA,COL,pitch,e315c653-cb08-3c15-94ba-a9f7ca5a7974,8,81,0,1,545361,R,Mike Trout,622608,R,Antonio Senzatela,LAA,COL,108,115,Walk,Mike Trout walks.,Walk,,1,3,1,3,S,Strike,swinging_strike,True,S,FC,Cutter,Swinging Strike,93.8,86.0,3.24,1.64,6.38,0.4,12,2245,1.2,9.4,-21.7,1.1769,2.8401,-0.1,0.78,-1.81,1.2,-0.1,0.38,False,False,False,False,False,1.1769,2.8401,5,9,5,2,1,317,74.2,,,,,,,,,,,,,False,N,1
824027,2026-06-01,LAA,COL,pitch,63dd018c-ffef-374c-9b5b-de45feeae4b4,8,81,0,1,545361,R,Mike Trout,622608,R,Antonio Senzatela,LAA,COL,108,115,Walk,Mike Trout walks.,Walk,,2,3,2,3,B,Ball,ball,False,B,FF,4-Seam Fastball,Ball,99.2,89.9,3.24,1.64,6.33,0.38,12,2261,5.8,17.9,-10.2,0.0937,3.5131,0.48,1.49,-0.85,0.48,0.48,0.36,False,False,False,False,False,0.0937,3.5131,6,10,5,2,1,318,38.3,,,,,,,,,,,,,True,N,1
824027,2026-06-01,LAA,COL,pitch,1e92bbc4-9c93-3ed2-b1bf-2bc85a5fe7eb,8,82,24,1,687093,R,Vaughn Grissom,622608,R,Antonio Senzatela,LAA,COL,108,115,GIDP,"Vaughn Grissom grounds into a double play, second baseman Chad Stevens to shortstop Ezequiel Tovar to first baseman TJ Rumfield. Mike Trout out at 2nd. Vaughn Grissom out at 1st.",GIDP,"{""homeRunBallparks"": 0}",0,0,0,0,X,In Play,hit_into_play,False,X,SI,Sinker,"In play, out(s)",97.3,89.0,3.3,1.67,6.34,0.39,8,2170,14.0,8.5,-20.5,0.1014,2.118,1.17,0.71,-1.71,1.17,1.17,0.36,True,True,False,False,False,0.1014,2.118,1,11,1,3,1,319,76.7,27.0,0.42,0,43.48,129.68,102.9,-3.0,102.9,-3.0,True,,,True,N,1
824027,2026-06-01,LAA,COL,pitch,5f7d977c-4c9a-3698-bbcb-1d76f5206eef,9,83,0,1,694514,L,Sterlin Thompson,489446,R,Kirby Yates,COL,LAA,115,108,Lineout,Sterlin Thompson lines out sharply to left fielder Jose Siri.,Lineout,,0,0,0,0,S,Strike,called_strike,False,C,FF,4-Seam Fastball,Called Strike,90.3,82.0,3.34,1.69,6.22,0.42,8,2325,14.5,13.2,-20.6,-0.041,1.7491,1.21,1.1,-1.72,1.21,1.21,0.39,True,True,False,True,False,-0.041,1.7491,1,1,1,1,1,320,,,,,,,,,,,,,,False,N,1
824027,2026-06-01,LAA,COL,pitch,0ee20b21-60f3-3098-b5f1-b300838fa88b,9,83,0,1,694514,L,Sterlin Thompson,489446,R,Kirby Yates,COL,LAA,115,108,Lineout,Sterlin Thompson lines out sharply to left fielder Jose Siri.,Lineout,,1,0,1,0,S,Strike,foul,False,F,FS,Splitter,Foul,83.8,77.0,3.34,1.69,6.03,0.45,5,1311,11.4,-3.7,-42.6,-0.0818,2.2233,0.95,-0.31,-3.55,0.95,0.95,0.42,True,True,False,True,False,-0.0818,2.2233,2,2,1,1,1,321,82.1,,,,,,,,,,,,,False,N,1
824027,2026-06-01,LAA,COL,pitch,ec8e5352-08cc-3b27-8ba8-160ad14ce14a,9,83,0,1,694514,L,Sterlin Thompson,489446,R,Kirby Yates,COL,LAA,115,108,Lineout,Sterlin Thompson lines out sharply to left fielder Jose Siri.,Lineout,"{""homeRunBallparks"": 0}",2,0,2,0,X,In Play,hit_into_play,False,X,FF,4-Seam Fastball,"In play, out(s)",90.3,81.4,3.34,1.69,5.95,0.42,4,2321,13.7,15.1,-18.8,-0.8162,2.7451,1.14,1.26,-1.57,1.14,1.14,0.39,True,True,False,True,False,-0.8162,2.7451,3,3,2,1,1,322,74.5,329.0,0.38,0,-197.17,262.54,101.3,21.0,101.3,21.0,,,,True,N,1
824027,2026-06-01,LAA,COL,pitch,7d0cd326-25cd-3eb3-ba68-e69fe4c71162,9,84,33,1,691720,R,Kyle Karros,489446,R,Kirby Yates,COL,LAA,115,108,Single,Kyle Karros singles on a sharp line drive to left fielder Jose Siri.,Single,"{""homeRunBallparks"": 0}",0,0,0,0,X,In Play,hit_into_play,False,D,FS,Splitter,"In play, no out",85.2,77.8,3.43,1.73,6.13,0.44,5,1331,11.4,3.5,-34.3,-0.067,2.2773,0.95,0.29,-2.86,0.95,0.95,0.42,True,True,False,False,False,-0.067,2.2773,1,4,2,2,1,323,74.2,197.0,0.78,0,-146.33,259.26,109.1,9.0,109.1,9.0,,,,True,N,1
824027,2026-06-01,LAA,COL,pitch,607ec854-efb6-3fa5-b5ae-88bd1a2456e3,9,85,34,1,664983,L,Jake McCarthy,489446,R,Kirby Yates,COL,LAA,115,108,Double,Jake McCarthy doubles (9) on a sharp line drive to right fielder Jo Adell. Kyle Karros to 3rd.,Double,,0,0,0,0,X,In Play,foul_bunt,False,L,FF,4-Seam Fastball,Foul Bunt,90.8,82.3,3.23,1.63,6.16,0.42,2,2296,14.6,13.8,-19.7,-0.2235,2.9533,1.22,1.15,-1.64,1.22,1.22,0.39,True,True,False,False,False,-0.2235,2.9533,1,5,3,3,1,324,2.9,,,,,,,,,,True,,,False,N,1
824027,2026-06-01,LAA,COL,pitch,d26ec1f1-656a-3504-8617-ff6b2acbccaf,9,85,34,1,664983,L,Jake McCarthy,489446,R,Kirby Yates,COL,LAA,115,108,Double,Jake McCarthy doubles (9) on a sharp line drive to right fielder Jo Adell. Kyle Karros to 3rd.,Double,"{""homeRunBallparks"": 0}",1,0,1,0,X,In Play,hit_into_play,False,D,FS,Splitter,"In play, no out",84.6,78.4,3.23,1.63,6.11,0.44,14,1318,10.7,-1.6,-39.6,0.1357,1.4831,0.89,-0.13,-3.3,0.89,0.89,0.42,False,False,False,False,False,0.1357,1.4831,2,6,3,3,1,325,71.3,173.0,0.85,0,178.95,241.28,104.4,10.0,104.4,10.0,True,,,True,N,1
824027,2026-06-01,LAA,COL,pitch,2e2ed61c-ecb2-3641-b47c-a529fbfb6b05,9,86,0,1,681198,L,TJ Rumfield,489446,R,Kirby Yates,COL,LAA,115,108,Sac Fly,TJ Rumfield out on a sacrifice fly to right fielder Jo Adell. Kyle Karros scores. Jake McCarthy to 3rd.,Sac Fly,,0,0,0,0,B,Ball,ball,False,B,FF,4-Seam Fastball,Ball,91.0,81.9,3.42,1.73,6.09,0.42,13,2320,15.4,16.2,-17.3,-0.9401,2.1966,1.28,1.35,-1.44,1.28,1.28,0.39,False,False,False,True,False,-0.9401,2.1966,1,7,4,4,1,326,,,,,,,,,,,,True,True,False,N,1
824027,2026-06-01,LAA,COL,pitch,19ed0e79-2c4d-3755-ad13-f8c70ee0084a,9,86,0,1,681198,L,TJ Rumfield,489446,R,Kirby Yates,COL,LAA,115,108,Sac Fly,TJ Rumfield out on a sacrifice fly to right fielder Jo Adell. Kyle Karros scores. Jake McCarthy to 3rd.,Sac Fly,,0,1,0,1,S,Strike,foul,False,F,FF,4-Seam Fastball,Foul,91.2,82.2,3.42,1.73,6.07,0.42,1,2291,15.0,12.5,-20.8,-0.7109,2.9938,1.25,1.04,-1.73,1.25,1.25,0.39,True,True,False,True,False,-0.7109,2.9938,2,8,5,4,1,327,67.2,,,,,,,,,,,True,True,False,N,1
824027,2026-06-01,LAA,COL,pitch,d406cc21-67ae-3a5c-85a6-891285edd57a,9,86,0,1,681198,L,TJ Rumfield,489446,R,Kirby Yates,COL,LAA,115,108,Sac Fly,TJ Rumfield out on a sacrifice fly to right fielder Jo Adell. Kyle Karros scores. Jake McCarthy to 3rd.,Sac Fly,"{""homeRunBallparks"": 0}",1,1,1,1,X,In Play,hit_into_play,False,E,FF,4-Seam Fastball,"In play, run(s)",90.3,81.4,3.42,1.73,6.1,0.42,3,2179,11.5,14.0,-20.0,0.508,2.9116,0.96,1.17,-1.67,0.96,0.96,0.39,True,True,False,True,False,0.508,2.9116,3,9,6,4,1,328,67.6,304.0,0.23,0,168.97,237.66,96.5,21.0,96.5,21.0,,True,True,True,N,1
824027,2026-06-01,LAA,COL,pitch,23f0a751-f22d-3124-8838-b626fe144080,9,87,0,2,696100,R,Hunter Goodman,489446,R,Kirby Yates,COL,LAA,115,108,Groundout,"Hunter Goodman grounds out, second baseman Adam Frazier to first baseman Vaughn Grissom.",Groundout,"{""homeRunBallparks"": 0}",0,0,0,0,X,In Play,hit_into_play,False,X,FS,Splitter,"In play, out(s)",85.1,78.3,3.18,1.6,6.16,0.44,9,1387,10.9,-2.0,-39.8,0.4439,1.9271,0.91,-0.17,-3.32,0.91,0.91,0.42,True,True,False,True,False,0.4439,1.9271,1,10,4,5,1,329,71.1,8.0,0.18,0,33.26,122.4,97.8,-16.0,97.8,-16.0,,,,True,N,1
824027,2026-06-01,LAA,COL,pitch,c95aa210-a9a1-36f7-b069-aff5f70f7a03,9,88,0,1,666176,R,Jo Adell,622608,R,Antonio Senzatela,LAA,COL,108,115,Groundout,"Jo Adell grounds out, second baseman Chad Stevens to first baseman TJ Rumfield.",Groundout,"{""homeRunBallparks"": 0}",0,0,0,0,X,In Play,hit_into_play,False,X,SI,Sinker,"In play, out(s)",96.0,87.3,3.3,1.67,6.16,0.39,9,2164,14.4,8.5,-21.5,0.4909,1.8459,1.2,0.71,-1.79,1.2,1.2,0.37,True,True,False,True,False,0.4909,1.8459,1,12,2,4,1,330,81.2,5.0,0.13,0,31.82,148.65,109.9,-22.0,109.9,-22.0,,,,True,N,1
824027,2026-06-01,LAA,COL,pitch,7c1fd1c4-d0f8-35e2-9826-68e0f6fe5fda,9,89,33,1,672724,R,Oswald Peraza,622608,R,Antonio Senzatela,LAA,COL,108,115,Single,Oswald Peraza singles on a ground ball to center fielder Jake McCarthy.,Single,"{""homeRunBallparks"": 0}",0,0,0,0,X,In Play,hit_into_play,False,D,SI,Sinker,"In play, no out",96.3,88.3,3.19,1.61,6.4,0.39,8,2221,12.8,11.3,-18.2,-0.2699,2.0386,1.07,0.94,-1.52,1.07,1.07,0.37,True,True,False,False,False,-0.2699,2.0386,1,13,3,5,1,331,76.4,168.0,0.65,0,-3.93,283.02,102.4,8.0,102.4,8.0,,,,True,N,1
824027,2026-06-01,LAA,COL,pitch,986daba9-4984-39c2-99ab-a23289f79a15,9,90,24,1,642350,R,Jose Siri,622608,R,Antonio Senzatela,LAA,COL,108,115,GIDP,"Angels challenged (play at 1st), call on the field was upheld: Jose Siri grounds into a double play, shortstop Ezequiel Tovar to first baseman TJ Rumfield. Oswald Peraza out at 2nd. Jose Siri out at 1st.",GIDP,,0,0,0,0,S,Strike,called_strike,False,C,FC,Cutter,Called Strike,93.0,84.7,3.3,1.67,6.18,0.41,3,2278,1.6,10.0,-22.0,0.5786,2.908,-0.13,0.83,-1.83,1.6,-0.13,0.38,True,True,False,False,False,0.5786,2.908,1,14,6,6,1,332,,,,,,,,,,,True,,,False,N,1
824027,2026-06-01,LAA,COL,pitch,e14a430b-3e81-36bc-9225-f4176ac28e9b,9,90,24,1,642350,R,Jose Siri,622608,R,Antonio Senzatela,LAA,COL,108,115,GIDP,"Angels challenged (play at 1st), call on the field was upheld: Jose Siri grounds into a double play, shortstop Ezequiel Tovar to first baseman TJ Rumfield. Oswald Peraza out at 2nd. Jose Siri out at 1st.",GIDP,,1,0,1,0,S,Strike,swinging_strike,True,S,FF,4-Seam Fastball,Swinging Strike,98.9,89.6,3.3,1.67,6.36,0.38,6,2521,5.4,16.1,-12.2,0.522,2.6924,0.45,1.34,-1.02,0.45,0.45,0.36,True,True,False,False,False,0.522,2.6924,2,15,6,6,1,333,72.2,,,,,,,,,,True,,,False,N,1
824027,2026-06-01,LAA,COL,pitch,7726ba7b-5002-39e3-912b-5ab0aa0bc569,9,90,24,1,642350,R,Jose Siri,622608,R,Antonio Senzatela,LAA,COL,108,115,GIDP,"Angels challenged (play at 1st), call on the field was upheld: Jose Siri grounds into a double play, shortstop Ezequiel Tovar to first baseman TJ Rumfield. Oswald Peraza out at 2nd. Jose Siri out at 1st.",GIDP,,2,0,2,0,S,Strike,foul,False,F,FC,Cutter,Foul,93.6,85.7,3.3,1.67,6.39,0.4,14,2395,1.2,10.4,-21.1,1.7423,1.3379,-0.1,0.87,-1.76,1.2,-0.1,0.38,False,False,False,False,False,1.7423,1.3379,3,16,7,6,1,334,56.0,,,,,,,,,,True,,,False,N,1
824027,2026-06-01,LAA,COL,pitch,8f3ccdce-51b2-3331-b34a-16e820aa864b,9,90,24,1,642350,R,Jose Siri,622608,R,Antonio Senzatela,LAA,COL,108,115,GIDP,"Angels challenged (play at 1st), call on the field was upheld: Jose Siri grounds into a double play, shortstop Ezequiel Tovar to first baseman TJ Rumfield. Oswald Peraza out at 2nd. Jose Siri out at 1st.",GIDP,"{""homeRunBallparks"": 0}",2,0,2,0,X,In Play,hit_into_play,False,X,FC,Cutter,"In play, out(s)",93.4,85.6,3.3,1.67,6.29,0.4,14,2356,5.6,9.0,-22.6,1.1731,1.5602,-0.47,0.75,-1.88,5.6,-0.47,0.38,False,False,False,False,False,1.1731,1.5602,4,17,8,6,1,335,71.5,8.0,0.06,0,-17.81,135.53,71.1,-15.0,71.1,-15.0,True,,,True,N,1
824510,2026-06-01,CIN,KC,pitch,03a44453-319b-373a-bf31-0de4d505d89f,1,1,0,0,695600,L,Carter Jensen,680689,R,Lyon Richardson,KC,CIN,118,113,Walk,Carter Jensen walks.,Walk,,0,0,0,0,B,Ball,ball,False,B,FF,4-Seam Fastball,Ball,95.3,85.9,3.19,1.61,5.77,0.4,11,2358,11.6,14.6,-15.8,-1.164,3.3174,0.97,1.22,-1.32,0.97,0.97,0.37,False,False,False,False,False,-1.164,3.3174,1,1,1,1,1,1,,,,,,,,,,,,,,False,N,1
824510,2026-06-01,CIN,KC,pitch,08950ac8-d70f-37ff-9026-b64158f6b5df,1,1,0,0,695600,L,Carter Jensen,680689,R,Lyon Richardson,KC,CIN,118,113,Walk,Carter Jensen walks.,Walk,,0,1,0,1,B,Ball,ball,False,B,CH,Changeup,Ball,87.4,79.9,3.19,1.61,5.89,0.43,13,1852,15.5,-0.6,-36.6,-0.1472,0.8365,1.29,-0.05,-3.05,1.29,1.29,0.41,False,False,False,False,False,-0.1472,0.8365,2,2,1,1,1,2,,,,,,,,,,,,,,False,N,1
824510,2026-06-01,CIN,KC,pitch,ae78e805-b969-300c-8a4d-2ad08dc02633,1,1,0,0,695600,L,Carter Jensen,680689,R,Lyon Richardson,KC,CIN,118,113,Walk,Carter Jensen walks.,Walk,,0,2,0,2,B,Ball,ball,False,B,FF,4-Seam Fastball,Ball,96.4,86.9,3.19,1.61,5.89,0.39,11,2354,11.2,16.9,-12.7,-0.0032,4.1438,0.93,1.41,-1.06,0.93,0.93,0.37,False,False,False,False,False,-0.0032,4.1438,3,3,2,1,1,3,,,,,,,,,,,,,,False,N,1
824510,2026-06-01,CIN,KC,pitch,5a8aaae6-fd0b-3466-9aa5-9386ed373e0e,1,1,0,0,695600,L,Carter Jensen,680689,R,Lyon Richardson,KC,CIN,118,113,Walk,Carter Jensen walks.,Walk,,0,3,0,3,S,Strike,called_strike,False,C,SI,Sinker,Called Strike,95.6,87.0,3.19,1.61,5.8,0.4,13,2193,16.7,7.3,-22.8,-0.5396,1.4727,1.39,0.61,-1.9,1.39,1.39,0.37,False,False,False,False,False,-0.5396,1.4727,4,4,1,1,1,4,,,,,,,,,,,,,,False,N,1
824510,2026-06-01,CIN,KC,pitch,95def14e-db3f-3cd6-9dd1-2367b025aa7c,1,1,0,0,695600,L,Carter Jensen,680689,R,Lyon Richardson,KC,CIN,118,113,Walk,Carter Jensen walks.,Walk,,1,3,1,3,B,Ball,ball,False,B,SI,Sinker,Ball,95.4,87.2,3.19,1.61,5.73,0.39,11,2201,17.3,8.2,-21.8,-0.9122,2.8899,1.44,0.68,-1.82,1.44,1.44,0.37,False,False,False,False,False,-0.9122,2.8899,5,5,2,1,1,5,,,,,,,,,,,,,,True,N,1
824510,2026-06-01,CIN,KC,pitch,f7e70380-422d-3cc7-8b37-2d1f5e70308a,1,2,11,0,677951,R,Bobby Witt Jr.,680689,R,Lyon Richardson,KC,CIN,118,113,Hit By Pitch,Bobby Witt Jr. hit by pitch. Carter Jensen to 2nd.,Hit By Pitch,,0,0,0,0,B,Ball,ball,False,B,SI,Sinker,Ball,96.0,87.6,3.24,1.63,5.63,0.39,12,2254,18.0,9.6,-20.3,1.2287,2.6644,1.5,0.8,-1.69,1.5,1.5,0.37,False,False,False,False,False,1.2287,2.6644,1,6,3,2,1,6,,,,,,,,,,,True,,,False,N,1
824510,2026-06-01,CIN,KC,pitch,0cd2e9a8-ae08-35c8-99df-d12725d702a2,1,2,11,0,677951,R,Bobby Witt Jr.,680689,R,Lyon Richardson,KC,CIN,118,113,Hit By Pitch,Bobby Witt Jr. hit by pitch. Carter Jensen to 2nd.,Hit By Pitch,,0,1,0,1,B,Ball,ball,False,B,SL,Slider,Ball,83.3,76.1,3.24,1.63,5.6,0.45,11,2476,0.4,-0.6,-40.1,-0.1816,3.5962,-0.03,-0.05,-3.34,0.4,-0.03,0.42,False,False,False,False,False,-0.1816,3.5962,2,7,1,2,1,7,,,,,,,,,,,True,,,False,N,1
824510,2026-06-01,CIN,KC,pitch,df221745-ad07-351a-95d8-16b27a8daf43,1,2,11,0,677951,R,Bobby Witt Jr.,680689,R,Lyon Richardson,KC,CIN,118,113,Hit By Pitch,Bobby Witt Jr. hit by pitch. Carter Jensen to 2nd.,Hit By Pitch,,0,2,0,2,S,Strike,called_strike,False,C,SL,Slider,Called Strike,83.4,76.1,3.24,1.63,5.66,0.45,1,2473,0.1,0.4,-39.1,-0.3954,3.1057,0.01,0.03,-3.26,0.01,0.01,0.42,True,True,False,False,False,-0.3954,3.1057,3,8,2,2,1,8,,,,,,,,,,,True,,,False,N,1
824510,2026-06-01,CIN,KC,pitch,dbc864e7-4399-3d36-a641-deb07db66558,1,2,11,0,677951,R,Bobby Witt Jr.,680689,R,Lyon Richardson,KC,CIN,118,113,Hit By Pitch,Bobby Witt Jr. hit by pitch. Carter Jensen to 2nd.,Hit By Pitch,,1,2,1,2,B,Ball,ball,False,B,SI,Sinker,Ball,96.4,87.2,3.24,1.63,5.87,0.39,14,2316,19.4,10.2,-19.6,1.3823,1.5217,1.62,0.85,-1.63,1.62,1.62,0.37,False,False,False,False,False,1.3823,1.5217,4,9,4,2,1,9,,,,,,,,,,,True,,,False,N,1
824510,2026-06-01,CIN,KC,pitch,156d649e-6245-3864-97ff-24e54f37f435,1,2,11,0,677951,R,Bobby Witt Jr.,680689,R,Lyon Richardson,KC,CIN,118,113,Hit By Pitch,Bobby Witt Jr. hit by pitch. Carter Jensen to 2nd.,Hit By Pitch,,1,3,1,3,X,In Play,hit_by_pitch,False,H,CH,Changeup,Hit By Pitch,82.7,75.5,3.24,1.63,5.66,0.46,11,1733,17.4,2.4,-37.7,-1.5283,3.4419,1.45,0.2,-3.14,1.45,1.45,0.43,False,False,False,False,False,-1.5283,3.4419,5,10,2,2,1,10,,,,,,,,,,,True,,,True,N,1
824510,2026-06-01,CIN,KC,pitch,02eac2d3-f938-3257-8dbe-1c9b295b9a8f,1,3,0,1,686469,L,Vinnie Pasquantino,680689,R,Lyon Richardson,KC,CIN,118,113,Pop Out,Vinnie Pasquantino pops out to second baseman Edwin Arroyo on the infield fly rule.,Pop Out,,0,0,0,0,B,Ball,ball,False,B,FF,4-Seam Fastball,Ball,97.0,89.1,3.36,1.7,6.01,0.39,13,2315,10.7,14.8,-14.3,-0.3456,1.2696,0.89,1.23,-1.19,0.89,0.89,0.36,False,False,False,True,False,-0.3456,1.2696,1,11,3,3,1,11,,,,,,,,,,,,,,False,N,1
824510,2026-06-01,CIN,KC,pitch,b58343c2-9125-3eef-a6ab-8ee0322335ea,1,3,0,1,686469,L,Vinnie Pasquantino,680689,R,Lyon Richardson,KC,CIN,118,113,Pop Out,Vinnie Pasquantino pops out to second baseman Edwin Arroyo on the infield fly rule.,Pop Out,,0,1,0,1,S,Strike,called_strike,False,C,CH,Changeup,Called Strike,86.9,79.8,3.36,1.7,5.84,0.43,7,1786,17.3,3.5,-32.6,-0.7322,1.8048,1.44,0.29,-2.72,1.44,1.44,0.41,True,True,False,True,False,-0.7322,1.8048,2,12,3,3,1,12,,,,,,,,,,,,,,False,N,1
824510,2026-06-01,CIN,KC,pitch,9ec17e0f-f491-34f0-a266-33f468bd9651,1,3,0,1,686469,L,Vinnie Pasquantino,680689,R,Lyon Richardson,KC,CIN,118,113,Pop Out,Vinnie Pasquantino pops out to second baseman Edwin Arroyo on the infield fly rule.,Pop Out,,1,1,1,1,B,Ball,ball,False,B,CH,Changeup,Ball,88.6,81.1,3.36,1.7,5.86,0.43,13,1937,17.4,1.9,-33.0,-0.7295,1.5346,1.45,0.16,-2.75,1.45,1.45,0.4,False,False,False,True,True,-0.7295,1.5346,3,13,4,3,1,13,,,,,,,,,,,,,,False,N,1
824510,2026-06-01,CIN,KC,pitch,4821cc7a-0ad4-3855-8327-688f2d360586,1,3,0,1,686469,L,Vinnie Pasquantino,680689,R,Lyon Richardson,KC,CIN,118,113,Pop Out,Vinnie Pasquantino pops out to second baseman Edwin Arroyo on the infield fly rule.,Pop Out,,1,2,1,2,S,Strike,swinging_strike,True,S,CH,Changeup,Swinging Strike,87.4,80.4,3.36,1.7,5.76,0.43,7,1867,19.0,2.3,-33.5,-0.2863,1.7489,1.58,0.19,-2.79,1.58,1.58,0.4,True,True,False,True,False,-0.2863,1.7489,4,14,5,3,1,14,72.3,,,,,,,,,,,,,False,N,1
824510,2026-06-01,CIN,KC,pitch,0ff3242a-feef-350a-9195-b87bebfcafc7,1,3,0,1,686469,L,Vinnie Pasquantino,680689,R,Lyon Richardson,KC,CIN,118,113,Pop Out,Vinnie Pasquantino pops out to second baseman Edwin Arroyo on the infield fly rule.,Pop Out,"{""homeRunBallparks"": 0}",2,2,2,2,X,In Play,hit_into_play,False,X,CH,Changeup,"In play, out(s)",88.0,80.2,3.36,1.7,5.93,0.43,13,1758,18.6,4.7,-30.8,-1.0186,1.5469,1.55,0.39,-2.57,1.55,1.55,0.4,False,False,False,True,False,-1.0186,1.5469,5,15,6,3,1,15,66.0,130.0,0.0,0,43.36,139.32,65.1,61.0,65.1,61.0,,,,True,N,1
824510,2026-06-01,CIN,KC,pitch,6f5dbd11-3b9f-3f6c-bc25-b0b35a19c7c5,1,4,0,1,695506,L,Jac Caglianone,680689,R,Lyon Richardson,KC,CIN,118,113,Walk,Jac Caglianone walks. Carter Jensen to 3rd. Bobby Witt Jr. to 2nd.,Walk,,0,0,0,0,S,Strike,swinging_strike,True,S,CH,Changeup,Swinging Strike,87.7,80.3,3.4,1.72,5.93,0.43,7,1937,18.6,-0.1,-35.8,-0.5928,1.7664,1.55,-0.01,-2.98,1.55,1.55,0.4,True,True,False,False,False,-0.5928,1.7664,1,16,7,4,1,16,73.1,,,,,,,,,,True,True,,False,N,1
824510,2026-06-01,CIN,KC,pitch,5bb326cf-b0c1-389d-8316-202587a98c28,1,4,0,1,695506,L,Jac Caglianone,680689,R,Lyon Richardson,KC,CIN,118,113,Walk,Jac Caglianone walks. Carter Jensen to 3rd. Bobby Witt Jr. to 2nd.,Walk,,1,0,1,0,B,Ball,ball,False,B,SL,Slider,Ball,83.3,76.2,3.4,1.72,5.78,0.45,13,2513,0.2,-5.3,-44.9,-0.8814,2.1308,-0.02,-0.44,-3.74,0.2,-0.02,0.43,False,False,False,False,False,-0.8814,2.1308,2,17,3,4,1,17,,,,,,,,,,,True,True,,False,N,1
824510,2026-06-01,CIN,KC,pitch,98960097-18a8-3ea7-befc-42e8a0cd75cc,1,4,0,1,695506,L,Jac Caglianone,680689,R,Lyon Richardson,KC,CIN,118,113,Walk,Jac Caglianone walks. Carter Jensen to 3rd. Bobby Witt Jr. to 2nd.,Walk,,1,1,1,1,B,Ball,ball,False,B,FF,4-Seam Fastball,Ball,96.3,87.4,3.4,1.72,5.9,0.39,12,2359,12.7,15.0,-14.8,1.7462,2.9636,1.06,1.25,-1.23,1.06,1.06,0.37,False,False,False,False,False,1.7462,2.9636,3,18,4,4,1,18,,,,,,,,,,,True,True,,False,N,1
824510,2026-06-01,CIN,KC,pitch,8028effe-9033-3554-8b63-49466b2315bc,1,4,0,1,695506,L,Jac Caglianone,680689,R,Lyon Richardson,KC,CIN,118,113,Walk,Jac Caglianone walks. Carter Jensen to 3rd. Bobby Witt Jr. to 2nd.,Walk,,1,2,1,2,B,Ball,blocked_ball,False,*B,CH,Changeup,Ball In Dirt,88.4,80.4,3.4,1.72,5.97,0.43,14,2015,19.4,3.5,-31.9,0.0815,0.6674,1.62,0.29,-2.66,1.62,1.62,0.4,False,False,False,False,False,0.0815,0.6674,4,19,8,4,1,19,,,,,,,,,,,True,True,,False,N,1
824510,2026-06-01,CIN,KC,pitch,e260be65-a655-36be-91ad-d45e3541d32e,1,4,0,1,695506,L,Jac Caglianone,680689,R,Lyon Richardson,KC,CIN,118,113,Walk,Jac Caglianone walks. Carter Jensen to 3rd. Bobby Witt Jr. to 2nd.,Walk,,1,3,1,3,B,Ball,ball,False,B,CH,Changeup,Ball,88.2,80.8,3.4,1.72,5.78,0.43,13,1955,18.7,0.2,-35.2,-0.0858,0.6345,1.56,0.02,-2.93,1.56,1.56,0.4,False,False,False,False,False,-0.0858,0.6345,5,20,9,4,1,20,,,,,,,,,,,True,True,,True,N,1
824510,2026-06-01,CIN,KC,pitch,24c81f74-0525-366a-bb03-df5d84a17872,1,5,14,1,686555,L,Isaac Collins,680689,R,Lyon Richardson,KC,CIN,118,113,Strikeout,Isaac Collins strikes out swinging.,Strikeout,,0,0,0,0,S,Strike,called_strike,False,C,SI,Sinker,Called Strike,96.6,87.6,3.01,1.52,5.87,0.39,2,2332,19.0,10.7,-19.0,0.1729,2.7066,1.58,0.89,-1.58,1.58,1.58,0.37,True,True,False,False,False,0.1729,2.7066,1,21,5,5,1,21,,,,,,,,,,,,,,False,N,1
824510,2026-06-01,CIN,KC,pitch,3173af2a-bb56-34b4-b2a0-be90ac3e6654,1,5,14,1,686555,L,Isaac Collins,680689,R,Lyon Richardson,KC,CIN,118,113,Strikeout,Isaac Collins strikes out swinging.,Strikeout,,1,0,1,0,S,Strike,foul,False,F,SI,Sinker,Foul,95.7,87.4,3.01,1.52,5.77,0.39,4,2238,17.0,8.5,-21.4,-0.6551,2.2967,1.42,0.71,-1.78,1.42,1.42,0.37,True,True,False,False,False,-0.6551,2.2967,2,22,6,5,1,22,72.7,,,,,,,,,,,,,False,N,1
824510,2026-06-01,CIN,KC,pitch,83c8541c-31f8-3bf9-8ce9-bfef76889dca,1,5,14,1,686555,L,Isaac Collins,680689,R,Lyon Richardson,KC,CIN,118,113,Strikeout,Isaac Collins strikes out swinging.,Strikeout,,2,0,2,0,S,Strike,swinging_strike,True,S,CH,Changeup,Swinging Strike,89.5,82.7,3.01,1.52,5.82,0.42,13,2133,13.3,-0.5,-34.6,-0.1844,1.0103,1.11,-0.04,-2.88,1.11,1.11,0.39,False,False,False,False,False,-0.1844,1.0103,3,23,10,5,1,23,73.6,,,,,,,,,,,,,True,N,1
824510,2026-06-01,CIN,KC,pitch,34f6b655-6cbe-3cf0-9cb8-61a048a39b91,1,6,95,2,657041,R,Lane Thomas,680689,R,Lyon Richardson,KC,CIN,118,113,Home Run,Lane Thomas hits a grand slam (2) to left center field. Carter Jensen scores. Bobby Witt Jr. scores. Jac Caglianone scores.,Home Run,"{""homeRunBallparks"": 30}",0,0,0,0,X,In Play,hit_into_play,False,E,FF,4-Seam Fastball,"In play, run(s)",95.7,87.2,3.15,1.59,5.75,0.39,2,2335,7.8,14.8,-15.1,0.1908,2.6824,0.65,1.23,-1.26,0.65,0.65,0.37,True,True,False,False,False,0.1908,2.6824,1,24,5,6,1,24,75.9,409.0,0.92,1,-193.96,359.77,106.3,28.0,106.3,28.0,True,True,True,True,N,1
824510,2026-06-01,CIN,KC,pitch,e8895a39-78d4-396b-bb41-f06ffdedda64,1,7,14,2,686681,L,Michael Massey,680689,R,Lyon Richardson,KC,CIN,118,113,Strikeout,Michael Massey strikes out swinging.,Strikeout,,0,0,0,0,B,Ball,ball,False,B,SL,Slider,Ball,83.3,76.8,3.2,1.62,5.66,0.45,11,2572,2.3,-3.2,-42.5,-0.9813,3.4137,-0.19,-0.27,-3.54,2.3,-0.19,0.42,False,False,False,False,False,-0.9813,3.4137,1,25,4,7,1,25,,,,,,,,,,,,,,False,N,1
824510,2026-06-01,CIN,KC,pitch,d3fb732e-629b-3ac6-9c37-4d191c8f4a84,1,7,14,2,686681,L,Michael Massey,680689,R,Lyon Richardson,KC,CIN,118,113,Strikeout,Michael Massey strikes out swinging.,Strikeout,,0,1,0,1,S,Strike,foul,False,F,FF,4-Seam Fastball,Foul,96.0,87.6,3.2,1.62,5.78,0.39,4,2365,11.6,15.0,-14.8,-0.5344,2.4149,0.97,1.25,-1.23,0.97,0.97,0.37,True,True,False,False,False,-0.5344,2.4149,2,26,6,7,1,26,71.2,,,,,,,,,,,,,False,N,1
824510,2026-06-01,CIN,KC,pitch,ea7650e1-282f-3517-a711-2cb6c320770d,1,7,14,2,686681,L,Michael Massey,680689,R,Lyon Richardson,KC,CIN,118,113,Strikeout,Michael Massey strikes out swinging.,Strikeout,,1,1,1,1,B,Ball,ball,False,B,CH,Changeup,Ball,89.0,81.7,3.2,1.62,5.81,0.42,14,1846,18.4,-2.4,-37.1,0.2494,0.4598,1.53,-0.2,-3.09,1.53,1.53,0.4,False,False,False,False,False,0.2494,0.4598,3,27,11,7,1,27,,,,,,,,,,,,,,False,N,1
824510,2026-06-01,CIN,KC,pitch,6ce7c9f3-b1d7-3449-a803-e74fc6028765,1,7,14,2,686681,L,Michael Massey,680689,R,Lyon Richardson,KC,CIN,118,113,Strikeout,Michael Massey strikes out swinging.,Strikeout,,1,2,1,2,S,Strike,foul,False,F,CH,Changeup,Foul,87.8,80.3,3.2,1.62,5.99,0.43,9,1827,10.8,-0.7,-36.4,0.7583,1.579,0.9,-0.06,-3.03,0.9,0.9,0.4,True,True,False,False,False,0.7583,1.579,4,28,12,7,1,28,72.9,,,,,,,,,,,,,False,N,1
824510,2026-06-01,CIN,KC,pitch,c77590a4-dcf9-30ec-8505-2ed70931142d,1,7,14,2,686681,L,Michael Massey,680689,R,Lyon Richardson,KC,CIN,118,113,Strikeout,Michael Massey strikes out swinging.,Strikeout,,2,2,2,2,B,Ball,ball,False,B,SI,Sinker,Ball,95.3,86.4,3.2,1.62,5.71,0.4,11,2170,19.9,8.8,-21.6,-1.2597,3.51,1.66,0.73,-1.8,1.66,1.66,0.37,False,False,False,False,False,-1.2597,3.51,5,29,7,7,1,29,21.7,,,,,,,,,,,,,False,N,1
824510,2026-06-01,CIN,KC,pitch,2fd9ccc6-f5c6-38cc-9a05-1fbc1c5ec8d3,1,7,14,2,686681,L,Michael Massey,680689,R,Lyon Richardson,KC,CIN,118,113,Strikeout,Michael Massey strikes out swinging.,Strikeout,,2,3,2,3,S,Strike,swinging_strike,True,S,CH,Changeup,Swinging Strike,88.0,80.3,3.2,1.62,5.93,0.43,14,1902,14.9,0.5,-35.2,0.2779,1.2565,1.24,0.04,-2.93,1.24,1.24,0.4,False,False,False,False,False,0.2779,1.2565,6,30,13,7,1,30,71.5,,,,,,,,,,,,,True,N,1
824510,2026-06-01,CIN,KC,pitch,06d07a3f-830d-3262-a73e-0a441cf4f81d,1,8,0,1,694362,R,Blake Dunn,679883,R,Luinder Avila,CIN,KC,113,118,Flyout,Blake Dunn flies out to right fielder Lane Thomas.,Flyout,,0,0,0,0,S,Strike,called_strike,False,C,FF,4-Seam Fastball,Called Strike,95.2,87.1,3.09,1.56,6.74,0.4,2,2499,3.4,16.3,-13.8,0.1715,2.7652,0.28,1.36,-1.15,0.28,0.28,0.37,True,True,False,True,False,0.1715,2.7652,1,1,1,1,1,31,,,,,,,,,,,,,,False,N,1
824510,2026-06-01,CIN,KC,pitch,2ead074c-49f1-3f96-a2a2-ba24e10a2d59,1,8,0,1,694362,R,Blake Dunn,679883,R,Luinder Avila,CIN,KC,113,118,Flyout,Blake Dunn flies out to right fielder Lane Thomas.,Flyout,"{""homeRunBallparks"": 0}",1,0,1,0,X,In Play,hit_into_play,False,X,SI,Sinker,"In play, out(s)",96.0,87.7,3.09,1.56,6.81,0.39,2,2439,12.4,11.9,-17.9,-0.1426,2.6706,1.03,0.99,-1.49,1.03,1.03,0.37,True,True,False,True,False,-0.1426,2.6706,2,2,1,1,1,32,70.4,269.0,0.0,0,152.31,222.26,89.9,47.0,89.9,47.0,,,,True,N,1
824510,2026-06-01,CIN,KC,pitch,ed4750bd-abaa-3218-a240-e71d11415aa7,1,9,38,1,668709,L,JJ Bleday,679883,R,Luinder Avila,CIN,KC,113,118,Home Run,JJ Bleday homers (10) on a fly ball to right center field.,Home Run,,0,0,0,0,B,Ball,ball,False,B,FF,4-Seam Fastball,Ball,96.7,89.2,3.29,1.66,6.92,0.39,14,2529,1.9,15.1,-14.0,0.4229,1.282,0.16,1.26,-1.17,0.16,0.16,0.36,False,False,False,False,False,0.4229,1.282,1,3,2,2,1,33,,,,,,,,,,,,,,False,N,1
824510,2026-06-01,CIN,KC,pitch,8a0914bb-fcf1-32d8-af47-ebbab90293ad,1,9,38,1,668709,L,JJ Bleday,679883,R,Luinder Avila,CIN,KC,113,118,Home Run,JJ Bleday homers (10) on a fly ball to right center field.,Home Run,,0,1,0,1,B,Ball,ball,False,B,CH,Changeup,Ball,90.5,83.0,3.29,1.66,6.93,0.42,14,2176,20.2,3.4,-30.2,0.0844,0.6478,1.68,0.28,-2.52,1.68,1.68,0.39,False,False,False,False,False,0.0844,0.6478,2,4,1,2,1,34,,,,,,,,,,,,,,False,N,1
824510,2026-06-01,CIN,KC,pitch,2a897a4f-dadb-3e40-acc0-c9200d2d3808,1,9,38,1,668709,L,JJ Bleday,679883,R,Luinder Avila,CIN,KC,113,118,Home Run,JJ Bleday homers (10) on a fly ball to right center field.,Home Run,,0,2,0,2,S,Strike,foul,False,F,FF,4-Seam Fastball,Foul,97.2,88.6,3.29,1.66,6.87,0.39,14,2457,3.4,15.8,-13.3,0.8301,1.9836,0.28,1.32,-1.11,0.28,0.28,0.37,False,False,False,False,False,0.8301,1.9836,3,5,3,2,1,35,72.3,,,,,,,,,,,,,False,N,1
824510,2026-06-01,CIN,KC,pitch,521cd93c-50f2-36c3-9320-079184094482,1,9,38,1,668709,L,JJ Bleday,679883,R,Luinder Avila,CIN,KC,113,118,Home Run,JJ Bleday homers (10) on a fly ball to right center field.,Home Run,,1,2,1,2,S,Strike,swinging_strike,True,S,CU,Curveball,Swinging Strike,84.0,77.5,3.29,1.66,6.69,0.45,14,2744,5.3,-4.7,-43.6,0.2431,1.4363,-0.44,-0.39,-3.63,5.3,-0.44,0.42,False,False,False,False,False,0.2431,1.4363,4,6,1,2,1,36,68.9,,,,,,,,,,,,,False,N,1
824510,2026-06-01,CIN,KC,pitch,28c6b0ac-6a18-31a5-8d57-b91fae377d4a,1,9,38,1,668709,L,JJ Bleday,679883,R,Luinder Avila,CIN,KC,113,118,Home Run,JJ Bleday homers (10) on a fly ball to right center field.,Home Run,,2,2,2,2,B,Ball,ball,False,B,CH,Changeup,Ball,92.1,84.2,3.29,1.66,6.91,0.41,14,2237,19.8,3.4,-29.2,0.2878,0.6446,1.65,0.28,-2.43,1.65,1.65,0.39,False,False,False,False,False,0.2878,0.6446,5,7,2,2,1,37,,,,,,,,,,,,,,False,N,1
824510,2026-06-01,CIN,KC,pitch,90f07884-f713-3586-a985-a2f942636051,1,9,38,1,668709,L,JJ Bleday,679883,R,Luinder Avila,CIN,KC,113,118,Home Run,JJ Bleday homers (10) on a fly ball to right center field.,Home Run,"{""homeRunBallparks"": 8}",2,3,2,3,X,In Play,hit_into_play,False,E,FF,4-Seam Fastball,"In play, run(s)",97.9,89.1,3.29,1.66,7.05,0.39,5,2559,2.9,16.8,-11.9,0.0181,2.4356,0.24,1.4,-0.99,0.24,0.24,0.36,True,True,False,False,False,0.0181,2.4356,6,8,4,2,1,38,76.2,380.0,0.25,0,122.93,359.94,98.3,34.0,98.3,34.0,,,,True,N,1
824510,2026-06-01,CIN,KC,pitch,6a59cb44-a5a8-304d-8b47-9c7d7fccd62e,1,10,0,1,701398,R,Sal Stewart,679883,R,Luinder Avila,CIN,KC,113,118,Pop Out,Sal Stewart pops out to catcher Carter Jensen in foul territory.,Pop Out,,0,0,0,0,S,Strike,swinging_strike,True,S,FF,4-Seam Fastball,Swinging Strike,97.2,88.4,3.24,1.64,6.84,0.39,3,2472,1.1,15.7,-13.4,0.6568,2.9679,0.09,1.31,-1.12,0.09,0.09,0.36,True,True,False,True,False,0.6568,2.9679,1,9,5,3,1,39,72.9,,,,,,,,,,,,,False,N,1
824510,2026-06-01,CIN,KC,pitch,fd417299-019a-3a25-8434-28cf57f33ae6,1,10,0,1,701398,R,Sal Stewart,679883,R,Luinder Avila,CIN,KC,113,118,Pop Out,Sal Stewart pops out to catcher Carter Jensen in foul territory.,Pop Out,,1,0,1,0,B,Ball,ball,False,B,SL,Slider,Ball,87.8,80.5,3.24,1.64,6.82,0.43,13,2729,5.2,-3.2,-38.9,-0.9195,1.3343,-0.43,-0.27,-3.24,5.2,-0.43,0.4,False,False,False,True,False,-0.9195,1.3343,2,10,1,3,1,40,,,,,,,,,,,,,,False,N,1
824510,2026-06-01,CIN,KC,pitch,547e5e2a-116e-326c-8c2e-0b1e31fd699e,1,10,0,1,701398,R,Sal Stewart,679883,R,Luinder Avila,CIN,KC,113,118,Pop Out,Sal Stewart pops out to catcher Carter Jensen in foul territory.,Pop Out,,1,1,1,1,B,Ball,ball,False,B,FF,4-Seam Fastball,Ball,97.7,88.2,3.24,1.64,6.89,0.39,12,2643,1.6,16.0,-13.2,1.6183,2.5295,0.13,1.33,-1.1,0.13,0.13,0.36,False,False,False,True,False,1.6183,2.5295,3,11,6,3,1,41,12.2,,,,,,,,,,,,,False,N,1
824510,2026-06-01,CIN,KC,pitch,5e09c17f-bc98-3edc-bbfc-aa76e9701f45,1,10,0,1,701398,R,Sal Stewart,679883,R,Luinder Avila,CIN,KC,113,118,Pop Out,Sal Stewart pops out to catcher Carter Jensen in foul territory.,Pop Out,,1,2,1,2,S,Strike,foul,False,F,FF,4-Seam Fastball,Foul,97.0,87.6,3.24,1.64,6.95,0.39,1,2389,2.5,17.8,-11.8,-0.6557,2.9289,0.21,1.48,-0.98,0.21,0.21,0.37,True,True,False,True,False,-0.6557,2.9289,4,12,7,3,1,42,77.3,,,,,,,,,,,,,False,N,1
824510,2026-06-01,CIN,KC,pitch,f8c5a91a-e4f9-369a-8669-0e0d1da4a281,1,10,0,1,701398,R,Sal Stewart,679883,R,Luinder Avila,CIN,KC,113,118,Pop Out,Sal Stewart pops out to catcher Carter Jensen in foul territory.,Pop Out,"{""homeRunBallparks"": 0}",2,2,2,2,X,In Play,hit_into_play,False,X,SL,Slider,"In play, out(s)",84.7,77.2,3.24,1.64,6.72,0.45,3,2908,10.4,-3.7,-42.1,0.6731,3.314,-0.87,-0.31,-3.51,10.4,-0.87,0.42,True,True,False,True,False,0.6731,3.314,5,13,2,3,1,43,70.7,42.0,0.0,0,31.26,-32.83,81.4,85.0,81.4,85.0,,,,True,N,1
824510,2026-06-01,CIN,KC,pitch,6bbb4fe6-9e1a-3eb4-ba9c-3a5d8d49bb98,1,11,0,2,553993,R,Eugenio Suárez,679883,R,Luinder Avila,CIN,KC,113,118,Pop Out,Eugenio Suárez pops out to shortstop Bobby Witt Jr.,Pop Out,,0,0,0,0,B,Ball,ball,False,B,CU,Curveball,Ball,81.2,75.0,3.17,1.6,6.8,0.46,14,2914,8.0,-7.9,-49.6,0.2504,1.363,-0.67,-0.66,-4.13,8.0,-0.67,0.44,False,False,False,True,False,0.2504,1.363,1,14,2,4,1,44,,,,,,,,,,,,,,False,N,1
824510,2026-06-01,CIN,KC,pitch,27f2ea00-ba14-3f1e-b3c3-f8dfadfd6486,1,11,0,2,553993,R,Eugenio Suárez,679883,R,Luinder Avila,CIN,KC,113,118,Pop Out,Eugenio Suárez pops out to shortstop Bobby Witt Jr.,Pop Out,,0,1,0,1,S,Strike,called_strike,False,C,SI,Sinker,Called Strike,96.8,88.2,3.17,1.6,6.86,0.39,8,2453,13.6,13.7,-15.7,-0.0167,1.6249,1.13,1.14,-1.31,1.13,1.13,0.37,True,True,False,True,False,-0.0167,1.6249,2,15,2,4,1,45,,,,,,,,,,,,,,False,N,1
824510,2026-06-01,CIN,KC,pitch,f8787e80-1418-3ea2-88b5-8be9e987ab3a,1,11,0,2,553993,R,Eugenio Suárez,679883,R,Luinder Avila,CIN,KC,113,118,Pop Out,Eugenio Suárez pops out to shortstop Bobby Witt Jr.,Pop Out,,1,1,1,1,S,Strike,foul,False,F,SL,Slider,Foul,87.9,81.3,3.17,1.6,6.78,0.43,14,2784,4.8,-1.7,-37.0,0.2924,1.3297,-0.4,-0.14,-3.08,4.8,-0.4,0.4,False,False,False,True,False,0.2924,1.3297,3,16,3,4,1,46,71.5,,,,,,,,,,,,,False,N,1
824510,2026-06-01,CIN,KC,pitch,ab0736fd-72ec-39d9-940f-6d2e7cadbc6b,1,11,0,2,553993,R,Eugenio Suárez,679883,R,Luinder Avila,CIN,KC,113,118,Pop Out,Eugenio Suárez pops out to shortstop Bobby Witt Jr.,Pop Out,"{""homeRunBallparks"": 0}",2,1,2,1,X,In Play,hit_into_play,False,X,SI,Sinker,"In play, out(s)",97.6,89.2,3.17,1.6,6.9,0.39,11,2517,13.1,11.6,-17.2,-0.5929,3.309,1.09,0.97,-1.43,1.09,1.09,0.36,False,False,False,True,False,-0.5929,3.309,4,17,3,4,1,47,70.1,143.0,0.02,0,-8.63,141.1,57.1,53.0,57.1,53.0,,,,True,N,1
824510,2026-06-01,CIN,KC,pitch,d008a20e-df9b-3e03-9d73-6829d19eba82,2,12,0,1,679845,R,Nick Loftin,657571,L,Caleb Ferguson,KC,CIN,118,113,Groundout,"Nick Loftin grounds out, second baseman Edwin Arroyo to first baseman Nathaniel Lowe.",Groundout,,0,0,0,0,B,Ball,ball,False,B,FC,Cutter,Ball,86.4,79.3,3.18,1.61,6.1,0.44,13,2583,3.1,4.0,-32.9,-0.989,1.0606,0.26,0.33,-2.74,0.26,0.26,0.41,False,False,False,True,False,-0.989,1.0606,1,1,1,1,1,48,,,,,,,,,,,,,,False,N,1
824510,2026-06-01,CIN,KC,pitch,276f85ac-2d46-3a98-9f03-3a0fee7c7fd0,2,12,0,1,679845,R,Nick Loftin,657571,L,Caleb Ferguson,KC,CIN,118,113,Groundout,"Nick Loftin grounds out, second baseman Edwin Arroyo to first baseman Nathaniel Lowe.",Groundout,,0,1,0,1,S,Strike,foul,False,F,FF,4-Seam Fastball,Foul,91.5,83.2,3.18,1.61,6.29,0.41,4,2378,5.0,17.2,-15.8,-0.6709,2.4151,-0.42,1.43,-1.32,5.0,-0.42,0.39,True,True,False,True,False,-0.6709,2.4151,2,2,1,1,1,49,71.3,,,,,,,,,,,,,False,N,1
824510,2026-06-01,CIN,KC,pitch,45062353-ce1c-3e39-8d5c-22234dd8b236,2,12,0,1,679845,R,Nick Loftin,657571,L,Caleb Ferguson,KC,CIN,118,113,Groundout,"Nick Loftin grounds out, second baseman Edwin Arroyo to first baseman Nathaniel Lowe.",Groundout,,1,1,1,1,B,Ball,ball,False,B,SV,Slurve,Ball,79.5,73.3,3.18,1.61,6.22,0.48,13,3035,8.8,-14.3,-58.1,-1.1079,0.577,0.73,-1.19,-4.84,0.73,0.73,0.45,False,False,False,True,False,-1.1079,0.577,3,3,1,1,1,50,,,,,,,,,,,,,,False,N,1
824510,2026-06-01,CIN,KC,pitch,96ea3ed7-4cba-326e-886b-22e3355c6da6,2,12,0,1,679845,R,Nick Loftin,657571,L,Caleb Ferguson,KC,CIN,118,113,Groundout,"Nick Loftin grounds out, second baseman Edwin Arroyo to first baseman Nathaniel Lowe.",Groundout,,1,2,1,2,B,Ball,ball,False,B,FC,Cutter,Ball,86.4,79.9,3.18,1.61,6.16,0.44,14,2544,2.3,3.0,-33.5,0.1883,1.0513,0.19,0.25,-2.79,0.19,0.19,0.41,False,False,False,True,False,0.1883,1.0513,4,4,2,1,1,51,,,,,,,,,,,,,,False,N,1
824510,2026-06-01,CIN,KC,pitch,ccd5f334-803e-3e4b-bb20-f1026244e3f1,2,12,0,1,679845,R,Nick Loftin,657571,L,Caleb Ferguson,KC,CIN,118,113,Groundout,"Nick Loftin grounds out, second baseman Edwin Arroyo to first baseman Nathaniel Lowe.",Groundout,,1,3,1,3,S,Strike,called_strike,False,C,FF,4-Seam Fastball,Called Strike,91.6,83.3,3.18,1.61,6.26,0.41,8,2247,6.7,15.4,-17.5,0.1962,1.8894,-0.56,1.28,-1.46,6.7,-0.56,0.39,True,True,False,True,False,0.1962,1.8894,5,5,2,1,1,52,,,,,,,,,,,,,,False,N,1
824510,2026-06-01,CIN,KC,pitch,6c197f64-9293-3d6c-8d36-f13efc2aa6ab,2,12,0,1,679845,R,Nick Loftin,657571,L,Caleb Ferguson,KC,CIN,118,113,Groundout,"Nick Loftin grounds out, second baseman Edwin Arroyo to first baseman Nathaniel Lowe.",Groundout,"{""homeRunBallparks"": 0}",2,3,2,3,X,In Play,hit_into_play,False,X,FF,4-Seam Fastball,"In play, out(s)",91.9,84.0,3.18,1.61,6.21,0.41,12,2330,7.9,12.0,-20.5,0.9113,2.5195,-0.66,1.0,-1.71,7.9,-0.66,0.38,False,False,False,True,False,0.9113,2.5195,6,6,3,1,1,53,,97.0,0.25,0,77.57,130.76,73.3,7.0,73.3,7.0,,,,True,N,1
824510,2026-06-01,CIN,KC,pitch,f356c4a6-f366-373c-96d9-de5f15e6ae37,2,13,0,1,664728,L,Kyle Isbel,657571,L,Caleb Ferguson,KC,CIN,118,113,Groundout,"Kyle Isbel grounds out, shortstop Matt McLain to first baseman Nathaniel Lowe.",Groundout,,0,0,0,0,S,Strike,called_strike,False,C,SI,Sinker,Called Strike,91.7,83.7,3.11,1.57,6.24,0.41,2,2181,13.3,10.6,-22.0,0.1778,2.6625,-1.11,0.88,-1.83,13.3,-1.11,0.39,True,True,False,True,False,0.1778,2.6625,1,7,1,2,1,54,,,,,,,,,,,,,,False,N,1
824510,2026-06-01,CIN,KC,pitch,e049b38c-24da-3c46-bb8c-300f59dc1dee,2,13,0,1,664728,L,Kyle Isbel,657571,L,Caleb Ferguson,KC,CIN,118,113,Groundout,"Kyle Isbel grounds out, shortstop Matt McLain to first baseman Nathaniel Lowe.",Groundout,"{""homeRunBallparks"": 0}",1,0,1,0,X,In Play,hit_into_play,False,X,FC,Cutter,"In play, out(s)",87.4,80.5,3.11,1.57,6.12,0.43,5,2694,1.9,2.6,-33.1,-0.0725,2.3424,0.16,0.22,-2.76,0.16,0.16,0.4,True,True,False,True,False,-0.0725,2.3424,2,8,3,2,1,55,,65.0,0.53,0,-15.26,142.98,104.6,1.0,104.6,1.0,,,,True,N,1
824510,2026-06-01,CIN,KC,pitch,bfe67076-4c41-378a-8685-9c3332a29fbc,2,14,14,2,695600,L,Carter Jensen,657571,L,Caleb Ferguson,KC,CIN,118,113,Strikeout,Carter Jensen called out on strikes.,Strikeout,,0,0,0,0,B,Ball,ball,False,B,SI,Sinker,Ball,91.4,83.3,3.19,1.61,6.3,0.41,7,2377,13.3,7.8,-25.2,-0.4594,1.5976,-1.11,0.65,-2.1,13.3,-1.11,0.39,True,True,False,False,False,-0.4594,1.5976,1,9,2,3,1,56,,,,,,,,,,,,,,False,N,1
824510,2026-06-01,CIN,KC,pitch,60f67023-a665-3841-bebf-63836b97f90b,2,14,14,2,695600,L,Carter Jensen,657571,L,Caleb Ferguson,KC,CIN,118,113,Strikeout,Carter Jensen called out on strikes.,Strikeout,,0,1,0,1,B,Ball,ball,False,B,SI,Sinker,Ball,91.9,83.6,3.19,1.61,6.22,0.41,12,2434,11.6,8.2,-24.4,1.0052,2.6809,-0.97,0.68,-2.03,11.6,-0.97,0.39,False,False,False,False,False,1.0052,2.6809,2,10,3,3,1,57,,,,,,,,,,,,,,False,N,1
824510,2026-06-01,CIN,KC,pitch,7387f894-3141-3766-8e99-cc76263019fa,2,14,14,2,695600,L,Carter Jensen,657571,L,Caleb Ferguson,KC,CIN,118,113,Strikeout,Carter Jensen called out on strikes.,Strikeout,,0,2,0,2,B,Ball,ball,False,B,FC,Cutter,Ball,86.6,80.0,3.19,1.61,6.16,0.43,12,2685,6.6,2.8,-33.5,0.4135,3.4089,0.55,0.23,-2.79,0.55,0.55,0.41,False,False,False,False,False,0.4135,3.4089,3,11,4,3,1,58,,,,,,,,,,,,,,False,N,1
824510,2026-06-01,CIN,KC,pitch,650e627e-fe2c-36e9-a890-060dc8625e7d,2,14,14,2,695600,L,Carter Jensen,657571,L,Caleb Ferguson,KC,CIN,118,113,Strikeout,Carter Jensen called out on strikes.,Strikeout,,0,3,0,3,S,Strike,called_strike,False,C,SI,Sinker,Called Strike,91.6,83.4,3.19,1.61,6.29,0.41,2,2272,13.6,8.6,-24.1,0.1842,2.9518,-1.13,0.72,-2.01,13.6,-1.13,0.39,True,True,False,False,False,0.1842,2.9518,4,12,4,3,1,59,,,,,,,,,,,,,,False,N,1
824510,2026-06-01,CIN,KC,pitch,5fa2451b-0c6d-3b1a-8a81-fc5445c1ea21,2,14,14,2,695600,L,Carter Jensen,657571,L,Caleb Ferguson,KC,CIN,118,113,Strikeout,Carter Jensen called out on strikes.,Strikeout,,1,3,1,3,S,Strike,called_strike,False,C,FF,4-Seam Fastball,Called Strike,91.7,84.2,3.19,1.61,6.36,0.41,7,2516,2.5,16.9,-15.6,-0.4803,1.8202,-0.21,1.41,-1.3,2.5,-0.21,0.39,True,True,False,False,False,-0.4803,1.8202,5,13,4,3,1,60,,,,,,,,,,,,,,False,N,1
824510,2026-06-01,CIN,KC,pitch,1c53f6bf-2240-3124-9008-bcad1b8f3421,2,14,14,2,695600,L,Carter Jensen,657571,L,Caleb Ferguson,KC,CIN,118,113,Strikeout,Carter Jensen called out on strikes.,Strikeout,,2,3,2,3,S,Strike,called_strike,False,C,SI,Sinker,Called Strike,91.5,83.6,3.19,1.61,6.28,0.41,5,2265,12.6,7.3,-25.4,0.2108,2.0994,-1.05,0.61,-2.12,12.6,-1.05,0.39,True,True,False,False,False,0.2108,2.0994,6,14,5,3,1,61,,,,,,,,,,,,,,True,N,1
824510,2026-06-01,CIN,KC,pitch,ef4b0028-6b01-347b-b6f6-4e8815612092,2,15,0,1,663993,L,Nathaniel Lowe,679883,R,Luinder Avila,CIN,KC,113,118,Groundout,Nathaniel Lowe grounds out to first baseman Vinnie Pasquantino.,Groundout,,0,0,0,0,B,Ball,ball,False,B,FF,4-Seam Fastball,Ball,94.9,86.9,3.37,1.7,6.87,0.4,14,2393,2.0,17.6,-12.8,1.1892,1.9597,0.17,1.47,-1.07,0.17,0.17,0.37,False,False,False,True,False,1.1892,1.9597,1,18,8,5,1,62,,,,,,,,,,,,,,False,N,1
824510,2026-06-01,CIN,KC,pitch,4ce37038-ea52-3b5a-8d39-5d953b1acaaa,2,15,0,1,663993,L,Nathaniel Lowe,679883,R,Luinder Avila,CIN,KC,113,118,Groundout,Nathaniel Lowe grounds out to first baseman Vinnie Pasquantino.,Groundout,,0,1,0,1,S,Strike,called_strike,False,C,FF,4-Seam Fastball,Called Strike,95.7,87.8,3.37,1.7,6.8,0.39,9,2583,2.6,15.2,-14.6,0.7983,2.1209,-0.22,1.27,-1.22,2.6,-0.22,0.37,True,True,False,True,False,0.7983,2.1209,2,19,9,5,1,63,,,,,,,,,,,,,,False,N,1
824510,2026-06-01,CIN,KC,pitch,ede0b7e9-bf82-3d0d-8d2f-1661a384bbdf,2,15,0,1,663993,L,Nathaniel Lowe,679883,R,Luinder Avila,CIN,KC,113,118,Groundout,Nathaniel Lowe grounds out to first baseman Vinnie Pasquantino.,Groundout,"{""homeRunBallparks"": 0}",1,1,1,1,X,In Play,hit_into_play,False,X,FF,4-Seam Fastball,"In play, out(s)",96.2,88.3,3.37,1.7,6.84,0.39,12,2572,4.0,14.6,-14.9,1.0744,2.6942,-0.33,1.22,-1.24,4.0,-0.33,0.37,False,False,False,True,False,1.0744,2.6942,3,20,10,5,1,64,74.7,8.0,0.06,0,84.36,84.36,57.9,-22.0,57.9,-22.0,,,,True,N,1
824510,2026-06-01,CIN,KC,pitch,c9086dba-7508-3fdc-91ac-190cbd8f0e9a,2,16,0,1,668715,R,Spencer Steer,679883,R,Luinder Avila,CIN,KC,113,118,Walk,Spencer Steer walks.,Walk,,0,0,0,0,B,Ball,ball,False,B,CU,Curveball,Ball,82.3,75.4,3.1,1.56,6.52,0.46,11,2760,5.8,-1.8,-42.1,-1.1014,4.6805,-0.48,-0.15,-3.51,5.8,-0.48,0.43,False,False,False,False,False,-1.1014,4.6805,1,21,3,6,1,65,,,,,,,,,,,,,,False,N,1
824510,2026-06-01,CIN,KC,pitch,a8b9a148-87c5-364a-8350-fa3413b49361,2,16,0,1,668715,R,Spencer Steer,679883,R,Luinder Avila,CIN,KC,113,118,Walk,Spencer Steer walks.,Walk,,0,1,0,1,B,Ball,ball,False,B,SI,Sinker,Ball,96.6,88.0,3.1,1.56,6.76,0.39,11,2543,12.5,11.6,-17.8,-0.3464,3.6929,1.04,0.97,-1.48,1.04,1.04,0.37,False,False,False,False,False,-0.3464,3.6929,2,22,4,6,1,66,,,,,,,,,,,,,,False,N,1
824510,2026-06-01,CIN,KC,pitch,06914d86-c2f2-34df-a35f-f22137d13178,2,16,0,1,668715,R,Spencer Steer,679883,R,Luinder Avila,CIN,KC,113,118,Walk,Spencer Steer walks.,Walk,,0,2,0,2,B,Ball,ball,False,B,SI,Sinker,Ball,96.4,88.3,3.1,1.56,7.0,0.39,14,2483,13.6,10.6,-19.2,0.4782,0.022,1.13,0.88,-1.6,1.13,1.13,0.37,False,False,False,False,False,0.4782,0.022,3,23,5,6,1,67,,,,,,,,,,,,,,False,N,1
824510,2026-06-01,CIN,KC,pitch,2691fe10-ed94-3ff9-8a11-83496f96bcc8,2,16,0,1,668715,R,Spencer Steer,679883,R,Luinder Avila,CIN,KC,113,118,Walk,Spencer Steer walks.,Walk,,0,3,0,3,S,Strike,called_strike,False,C,FF,4-Seam Fastball,Called Strike,96.1,88.2,3.1,1.56,6.8,0.39,2,2581,1.2,16.0,-13.6,-0.0134,2.6607,0.1,1.33,-1.13,0.1,0.1,0.37,True,True,False,False,False,-0.0134,2.6607,4,24,11,6,1,68,,,,,,,,,,,,,,False,N,1
824510,2026-06-01,CIN,KC,pitch,19b1d4d9-c3e4-3767-94aa-04c4a6661c53,2,16,0,1,668715,R,Spencer Steer,679883,R,Luinder Avila,CIN,KC,113,118,Walk,Spencer Steer walks.,Walk,,1,3,1,3,B,Ball,ball,False,B,SI,Sinker,Ball,97.2,89.3,3.1,1.56,6.97,0.39,13,2344,12.6,11.5,-17.4,-0.2938,1.2718,1.05,0.96,-1.45,1.05,1.05,0.36,False,False,False,False,False,-0.2938,1.2718,5,25,6,6,1,69,20.4,,,,,,,,,,,,,True,N,1
824510,2026-06-01,CIN,KC,pitch,aec43877-f976-30e7-8575-79492f5972d2,2,17,14,1,663886,R,Tyler Stephenson,679883,R,Luinder Avila,CIN,KC,113,118,Strikeout,Tyler Stephenson called out on strikes.,Strikeout,,0,0,0,0,B,Ball,ball,False,B,CU,Curveball,Ball,83.5,77.0,3.36,1.7,6.7,0.45,12,2715,5.5,-6.0,-45.1,0.6159,3.5792,-0.46,-0.5,-3.76,5.5,-0.46,0.42,False,False,False,False,False,0.6159,3.5792,1,26,4,7,1,70,,,,,,,,,,,True,,,False,N,1
824510,2026-06-01,CIN,KC,pitch,c1b31adb-249f-3833-94fe-03f2c1dcfab8,2,17,14,1,663886,R,Tyler Stephenson,679883,R,Luinder Avila,CIN,KC,113,118,Strikeout,Tyler Stephenson called out on strikes.,Strikeout,,0,1,0,1,B,Ball,ball,False,B,FF,4-Seam Fastball,Ball,96.9,88.4,3.36,1.7,6.87,0.39,14,2518,0.5,15.8,-13.7,2.2489,0.2864,-0.04,1.32,-1.14,0.5,-0.04,0.37,False,False,False,False,False,2.2489,0.2864,2,27,12,7,1,71,,,,,,,,,,,True,,,False,N,1
824510,2026-06-01,CIN,KC,pitch,48b0a3ce-06f0-3bfd-bf97-fcddf9cf9b04,2,17,14,1,663886,R,Tyler Stephenson,679883,R,Luinder Avila,CIN,KC,113,118,Strikeout,Tyler Stephenson called out on strikes.,Strikeout,,0,2,0,2,S,Strike,foul,False,F,FF,4-Seam Fastball,Foul,97.3,89.2,3.36,1.7,6.84,0.39,5,2555,3.5,16.4,-12.5,-0.081,2.5518,0.29,1.37,-1.04,0.29,0.29,0.36,True,True,False,False,False,-0.081,2.5518,3,28,13,7,1,72,76.4,,,,,,,,,,True,,,False,N,1
824510,2026-06-01,CIN,KC,pitch,be873b17-4501-31c2-b811-31362c353abc,2,17,14,1,663886,R,Tyler Stephenson,679883,R,Luinder Avila,CIN,KC,113,118,Strikeout,Tyler Stephenson called out on strikes.,Strikeout,,1,2,1,2,S,Strike,called_strike,False,C,CU,Curveball,Called Strike,83.2,77.5,3.36,1.7,6.65,0.45,4,2738,5.6,-6.7,-45.8,-0.4973,2.68,-0.47,-0.56,-3.82,5.6,-0.47,0.42,True,True,False,False,False,-0.4973,2.68,4,29,5,7,1,73,,,,,,,,,,,True,,,False,N,1
824510,2026-06-01,CIN,KC,pitch,3fc8564b-0bef-370f-89ab-d755489285b2,2,17,14,1,663886,R,Tyler Stephenson,679883,R,Luinder Avila,CIN,KC,113,118,Strikeout,Tyler Stephenson called out on strikes.,Strikeout,,2,2,2,2,B,Ball,ball,False,B,SL,Slider,Ball,89.5,82.9,3.36,1.7,6.91,0.42,14,2775,5.0,0.5,-33.5,0.9981,1.3657,-0.42,0.04,-2.79,5.0,-0.42,0.39,False,False,False,False,False,0.9981,1.3657,5,30,4,7,1,74,11.8,,,,,,,,,,True,,,False,N,1
824510,2026-06-01,CIN,KC,pitch,b8142e36-21e1-3aaf-8ed1-062d1c23e32e,2,17,14,1,663886,R,Tyler Stephenson,679883,R,Luinder Avila,CIN,KC,113,118,Strikeout,Tyler Stephenson called out on strikes.,Strikeout,,2,3,2,3,S,Strike,called_strike,False,C,SL,Slider,Called Strike,86.3,79.5,3.36,1.7,6.73,0.44,7,2776,6.7,-2.2,-38.8,-0.2964,2.1351,-0.56,-0.18,-3.23,6.7,-0.56,0.41,True,True,False,False,False,-0.2964,2.1351,6,31,5,7,1,75,,,,,,,,,,,True,,,True,N,1
824510,2026-06-01,CIN,KC,pitch,ef24254f-5d52-3faa-9ac9-0ac45ca61a28,2,18,14,2,695490,L,Edwin Arroyo,679883,R,Luinder Avila,CIN,KC,113,118,Strikeout,Edwin Arroyo strikes out swinging.,Strikeout,,0,0,0,0,B,Ball,ball,False,B,CU,Curveball,Ball,83.4,77.0,3.16,1.6,6.6,0.45,11,2853,9.0,-9.8,-49.0,-1.1408,3.4302,-0.75,-0.82,-4.08,9.0,-0.75,0.42,False,False,False,False,False,-1.1408,3.4302,1,32,6,8,1,76,,,,,,,,,,,,,,False,N,1
824510,2026-06-01,CIN,KC,pitch,f6ce2d7b-df13-30e3-a5f7-bd50b1b670e3,2,18,14,2,695490,L,Edwin Arroyo,679883,R,Luinder Avila,CIN,KC,113,118,Strikeout,Edwin Arroyo strikes out swinging.,Strikeout,,0,1,0,1,S,Strike,foul,False,F,FF,4-Seam Fastball,Foul,97.8,90.0,3.16,1.6,6.87,0.38,3,2479,2.9,15.6,-12.8,0.7045,3.2265,0.24,1.3,-1.07,0.24,0.24,0.36,True,True,False,False,False,0.7045,3.2265,2,33,14,8,1,77,75.3,,,,,,,,,,,,,False,N,1
824510,2026-06-01,CIN,KC,pitch,66169d9c-b986-3e2f-8f8c-4cb574fceb8f,2,18,14,2,695490,L,Edwin Arroyo,679883,R,Luinder Avila,CIN,KC,113,118,Strikeout,Edwin Arroyo strikes out swinging.,Strikeout,,1,1,1,1,B,Ball,ball,False,B,CH,Changeup,Ball,93.1,85.7,3.16,1.6,7.01,0.4,14,2147,18.2,6.2,-25.4,0.5804,1.4346,1.52,0.52,-2.12,1.52,1.52,0.38,False,False,False,False,False,0.5804,1.4346,3,34,3,8,1,78,,,,,,,,,,,,,,False,N,1
824510,2026-06-01,CIN,KC,pitch,57ba8999-ab3c-3f2b-8850-1d672c8fc240,2,18,14,2,695490,L,Edwin Arroyo,679883,R,Luinder Avila,CIN,KC,113,118,Strikeout,Edwin Arroyo strikes out swinging.,Strikeout,,1,2,1,2,S,Strike,foul,False,F,CU,Curveball,Foul,84.6,78.1,3.16,1.6,6.73,0.44,5,2801,8.0,-4.7,-42.7,-0.1244,2.2827,-0.67,-0.39,-3.56,8.0,-0.67,0.42,True,True,False,False,False,-0.1244,2.2827,4,35,7,8,1,79,77.4,,,,,,,,,,,,,False,N,1
824510,2026-06-01,CIN,KC,pitch,30d4fc37-b03a-3b1c-b649-7d4e3506540f,2,18,14,2,695490,L,Edwin Arroyo,679883,R,Luinder Avila,CIN,KC,113,118,Strikeout,Edwin Arroyo strikes out swinging.,Strikeout,,2,2,2,2,S,Strike,swinging_strike,True,S,SL,Slider,Swinging Strike,86.0,78.9,3.16,1.6,6.86,0.44,6,2992,8.6,-4.8,-41.9,0.6433,2.2015,-0.72,-0.4,-3.49,8.6,-0.72,0.41,True,True,False,False,False,0.6433,2.2015,5,36,6,8,1,80,65.9,,,,,,,,,,,,,True,N,1
824510,2026-06-01,CIN,KC,pitch,57e7436f-a852-3d2e-8a0b-c0d5109f92dd,3,19,0,1,677951,R,Bobby Witt Jr.,657571,L,Caleb Ferguson,KC,CIN,118,113,Lineout,Bobby Witt Jr. lines out to right fielder Spencer Steer.,Lineout,"{""homeRunBallparks"": 0}",0,0,0,0,X,In Play,hit_into_play,False,X,SV,Slurve,"In play, out(s)",77.8,71.8,3.24,1.63,6.05,0.48,8,3056,12.0,-10.9,-56.3,-0.0602,1.7316,1.0,-0.91,-4.69,1.0,1.0,0.46,True,True,False,True,False,-0.0602,1.7316,1,15,2,4,1,81,76.0,313.0,0.3,0,104.37,295.22,95.7,20.0,95.7,20.0,,,,True,N,1
824510,2026-06-01,CIN,KC,pitch,5ac8a690-04cb-3e9d-b818-12b1474f9dc8,3,20,33,1,686469,L,Vinnie Pasquantino,657571,L,Caleb Ferguson,KC,CIN,118,113,Single,Vinnie Pasquantino singles on a line drive to right fielder Spencer Steer.,Single,,0,0,0,0,S,Strike,called_strike,False,C,FF,4-Seam Fastball,Called Strike,91.5,83.2,3.36,1.7,6.29,0.41,1,2435,4.9,15.1,-17.8,-0.4276,3.1707,-0.41,1.26,-1.48,4.9,-0.41,0.39,True,True,False,False,False,-0.4276,3.1707,1,16,5,5,1,82,,,,,,,,,,,,,,False,N,1
824510,2026-06-01,CIN,KC,pitch,0ef4c10a-9fa0-304a-a31d-b95011d36f74,3,20,33,1,686469,L,Vinnie Pasquantino,657571,L,Caleb Ferguson,KC,CIN,118,113,Single,Vinnie Pasquantino singles on a line drive to right fielder Spencer Steer.,Single,,1,0,1,0,B,Ball,ball,False,B,FC,Cutter,Ball,84.5,78.4,3.36,1.7,6.18,0.45,13,2620,3.2,0.1,-38.2,-1.1244,0.2475,0.27,0.01,-3.18,0.27,0.27,0.42,False,False,False,False,False,-1.1244,0.2475,2,17,5,5,1,83,,,,,,,,,,,,,,False,N,1
824510,2026-06-01,CIN,KC,pitch,cf7b6a1d-dd6a-3822-a7ad-9bd9e086c3ca,3,20,33,1,686469,L,Vinnie Pasquantino,657571,L,Caleb Ferguson,KC,CIN,118,113,Single,Vinnie Pasquantino singles on a line drive to right fielder Spencer Steer.,Single,,1,1,1,1,S,Strike,called_strike,False,C,SI,Sinker,Called Strike,92.3,83.8,3.36,1.7,6.24,0.41,7,2155,14.3,8.3,-24.1,-0.2829,2.072,-1.19,0.69,-2.01,14.3,-1.19,0.39,True,True,False,False,False,-0.2829,2.072,3,18,6,5,1,84,,,,,,,,,,,,,,False,N,1
824510,2026-06-01,CIN,KC,pitch,3856abf6-39a8-3d0e-b07d-b7a4be40878f,3,20,33,1,686469,L,Vinnie Pasquantino,657571,L,Caleb Ferguson,KC,CIN,118,113,Single,Vinnie Pasquantino singles on a line drive to right fielder Spencer Steer.,Single,"{""homeRunBallparks"": 0}",2,1,2,1,X,In Play,hit_into_play,False,D,SV,Slurve,"In play, no out",79.2,73.3,3.36,1.7,6.16,0.48,7,2892,13.1,-10.6,-54.1,-0.7001,2.2018,1.09,-0.88,-4.51,1.09,1.09,0.45,True,True,False,False,False,-0.7001,2.2018,4,19,3,5,1,85,70.2,221.0,0.96,0,94.87,256.7,85.1,15.0,85.1,15.0,,,,True,N,1
824510,2026-06-01,CIN,KC,pitch,99dd687f-f43e-33fb-959c-7b87eeaa2ed2,3,21,14,1,695506,L,Jac Caglianone,657571,L,Caleb Ferguson,KC,CIN,118,113,Strikeout,Jac Caglianone strikes out on a foul tip.,Strikeout,,0,0,0,0,S,Strike,foul,False,F,SI,Sinker,Foul,91.6,83.9,3.4,1.72,6.36,0.41,3,2170,13.3,8.4,-24.1,0.645,2.9445,-1.11,0.7,-2.01,13.3,-1.11,0.39,True,True,False,False,False,0.645,2.9445,1,20,7,6,1,86,66.3,,,,,,,,,,,,,False,N,1
824510,2026-06-01,CIN,KC,pitch,c7bfbbc3-8d97-32e2-b632-cea3ec7ccdd4,3,21,14,1,695506,L,Jac Caglianone,657571,L,Caleb Ferguson,KC,CIN,118,113,Strikeout,Jac Caglianone strikes out on a foul tip.,Strikeout,,1,0,1,0,S,Strike,called_strike,False,C,SI,Sinker,Called Strike,91.7,84.4,3.4,1.72,6.29,0.41,7,2345,12.2,10.0,-22.4,-0.4265,1.9842,-1.02,0.83,-1.87,12.2,-1.02,0.38,True,True,False,False,False,-0.4265,1.9842,2,21,8,6,1,87,,,,,,,,,,,,,,False,N,1
824510,2026-06-01,CIN,KC,pitch,5c3fa904-6f80-316f-8b2b-93d8807132fc,3,21,14,1,695506,L,Jac Caglianone,657571,L,Caleb Ferguson,KC,CIN,118,113,Strikeout,Jac Caglianone strikes out on a foul tip.,Strikeout,,2,0,2,0,B,Ball,ball,False,B,FC,Cutter,Ball,86.2,79.9,3.4,1.72,6.33,0.44,13,2479,3.0,4.3,-32.3,-1.4842,1.7399,0.25,0.36,-2.69,0.25,0.25,0.41,False,False,False,False,False,-1.4842,1.7399,3,22,6,6,1,88,,,,,,,,,,,,,,False,N,1
824510,2026-06-01,CIN,KC,pitch,db4d84c1-80e9-3848-91e6-9258b4535ab5,3,21,14,1,695506,L,Jac Caglianone,657571,L,Caleb Ferguson,KC,CIN,118,113,Strikeout,Jac Caglianone strikes out on a foul tip.,Strikeout,,2,1,2,1,S,Strike,foul,False,F,FF,4-Seam Fastball,Foul,91.9,84.5,3.4,1.72,6.29,0.41,4,2322,5.2,13.8,-18.5,-0.4191,2.245,-0.43,1.15,-1.54,5.2,-0.43,0.38,True,True,False,False,False,-0.4191,2.245,4,23,6,6,1,89,72.4,,,,,,,,,,,,,False,N,1
824510,2026-06-01,CIN,KC,pitch,7fcb2bba-279c-3e2c-9ec0-69a3ebdba360,3,21,14,1,695506,L,Jac Caglianone,657571,L,Caleb Ferguson,KC,CIN,118,113,Strikeout,Jac Caglianone strikes out on a foul tip.,Strikeout,,2,1,2,1,S,Strike,foul,False,F,FC,Cutter,Foul,87.1,80.7,3.4,1.72,6.42,0.43,13,2684,2.5,0.8,-35.0,-0.4749,1.5855,0.21,0.07,-2.92,0.21,0.21,0.4,False,False,False,False,False,-0.4749,1.5855,5,24,7,6,1,90,79.7,,,,,,,,,,,,,False,N,1
824510,2026-06-01,CIN,KC,pitch,ad1ce0d1-d9b5-3161-99d3-e6ab6647208c,3,21,14,1,695506,L,Jac Caglianone,657571,L,Caleb Ferguson,KC,CIN,118,113,Strikeout,Jac Caglianone strikes out on a foul tip.,Strikeout,,2,1,2,1,S,Strike,foul,False,F,SI,Sinker,Foul,91.6,83.4,3.4,1.72,6.39,0.41,4,2161,12.6,11.4,-21.5,-0.431,2.4806,-1.05,0.95,-1.79,12.6,-1.05,0.39,True,True,False,False,False,-0.431,2.4806,6,25,9,6,1,91,77.3,,,,,,,,,,,,,False,N,1
824510,2026-06-01,CIN,KC,pitch,26bb2878-4ea7-3e8c-a7d2-d1bc2bb711e9,3,21,14,1,695506,L,Jac Caglianone,657571,L,Caleb Ferguson,KC,CIN,118,113,Strikeout,Jac Caglianone strikes out on a foul tip.,Strikeout,,2,1,2,1,S,Strike,foul,False,F,SI,Sinker,Foul,91.8,83.6,3.4,1.72,6.24,0.41,12,2349,13.2,7.8,-24.7,0.8511,4.1702,-1.1,0.65,-2.06,13.2,-1.1,0.39,False,False,False,False,False,0.8511,4.1702,7,26,10,6,1,92,54.5,,,,,,,,,,,,,False,N,1
824510,2026-06-01,CIN,KC,pitch,5860c054-3f4a-301b-9ea0-8f88ceeab639,3,21,14,1,695506,L,Jac Caglianone,657571,L,Caleb Ferguson,KC,CIN,118,113,Strikeout,Jac Caglianone strikes out on a foul tip.,Strikeout,,2,1,2,1,S,Strike,foul_tip,True,T,SV,Slurve,Foul Tip,80.0,73.4,3.4,1.72,6.42,0.47,13,3011,11.3,-11.5,-54.8,-1.151,0.9483,0.94,-0.96,-4.57,0.94,0.94,0.44,False,False,False,False,False,-1.151,0.9483,8,27,4,6,1,93,68.7,,,,,,,,,,,,,True,N,1
824510,2026-06-01,CIN,KC,pitch,f41f6f00-3c32-3d26-aeda-54a4c415eb56,3,22,33,2,686555,R,Isaac Collins,657571,L,Caleb Ferguson,KC,CIN,118,113,Single,Isaac Collins singles on a fly ball to center fielder Blake Dunn. Vinnie Pasquantino to 3rd.,Single,,0,0,0,0,B,Ball,ball,False,B,FF,4-Seam Fastball,Ball,90.7,82.9,3.01,1.52,6.54,0.42,11,2304,6.2,13.4,-20.0,-1.4624,2.8833,-0.52,1.12,-1.67,6.2,-0.52,0.39,False,False,False,False,False,-1.4624,2.8833,1,28,7,7,1,94,,,,,,,,,,,True,True,,False,N,1
824510,2026-06-01,CIN,KC,pitch,41250d84-415c-3f10-bd42-fdb22576c978,3,22,33,2,686555,R,Isaac Collins,657571,L,Caleb Ferguson,KC,CIN,118,113,Single,Isaac Collins singles on a fly ball to center fielder Blake Dunn. Vinnie Pasquantino to 3rd.,Single,"{""homeRunBallparks"": 0}",0,1,0,1,X,In Play,hit_into_play,False,D,SI,Sinker,"In play, no out",92.0,83.4,3.01,1.52,6.4,0.41,2,2459,10.1,10.9,-21.7,-0.1378,2.7338,-0.84,0.91,-1.81,10.1,-0.84,0.39,True,True,False,False,False,-0.1378,2.7338,2,29,11,7,1,95,74.5,227.0,0.85,0,24.03,235.59,69.8,31.0,69.8,31.0,True,True,,True,N,1
824510,2026-06-01,CIN,KC,pitch,45411bf1-8dde-36bf-9d2b-968111b3d77a,3,23,0,2,657041,R,Lane Thomas,657571,L,Caleb Ferguson,KC,CIN,118,113,Flyout,Lane Thomas flies out to shortstop Matt McLain.,Flyout,,0,0,0,0,B,Ball,ball,False,B,SV,Slurve,Ball,79.0,73.2,3.15,1.59,6.31,0.48,13,2953,12.7,-11.4,-55.3,-1.1273,1.5721,1.06,-0.95,-4.61,1.06,1.06,0.45,False,False,False,True,False,-1.1273,1.5721,1,30,5,8,1,96,,,,,,,,,,,,,,False,N,1
824510,2026-06-01,CIN,KC,pitch,b45e5f14-4abb-3ff6-bf2f-6fabd1118bee,3,23,0,2,657041,R,Lane Thomas,657571,L,Caleb Ferguson,KC,CIN,118,113,Flyout,Lane Thomas flies out to shortstop Matt McLain.,Flyout,,0,1,0,1,S,Strike,called_strike,False,C,FC,Cutter,Called Strike,86.3,80.2,3.15,1.59,6.42,0.43,7,2682,3.5,2.0,-34.4,-0.804,1.6652,0.29,0.17,-2.87,0.29,0.29,0.41,True,True,False,True,False,-0.804,1.6652,2,31,8,8,1,97,,,,,,,,,,,,,,False,N,1
824510,2026-06-01,CIN,KC,pitch,abc2b925-a75e-3d66-81eb-c8ae05cb8b60,3,23,0,2,657041,R,Lane Thomas,657571,L,Caleb Ferguson,KC,CIN,118,113,Flyout,Lane Thomas flies out to shortstop Matt McLain.,Flyout,,1,1,1,1,B,Ball,ball,False,B,FF,4-Seam Fastball,Ball,92.0,84.7,3.15,1.59,6.48,0.41,13,2417,7.7,15.6,-16.7,-0.5961,0.8961,-0.64,1.3,-1.39,7.7,-0.64,0.38,False,False,False,True,False,-0.5961,0.8961,3,32,8,8,1,98,,,,,,,,,,,,,,False,N,1
824510,2026-06-01,CIN,KC,pitch,60634ffb-8e8d-3c7e-bfc2-44f95a94d565,3,23,0,2,657041,R,Lane Thomas,657571,L,Caleb Ferguson,KC,CIN,118,113,Flyout,Lane Thomas flies out to shortstop Matt McLain.,Flyout,,1,2,1,2,S,Strike,swinging_strike,True,S,FC,Cutter,Swinging Strike,85.6,80.3,3.15,1.59,6.32,0.44,13,2581,2.5,4.8,-31.9,-1.0445,1.2745,0.21,0.4,-2.66,0.21,0.21,0.41,False,False,True,True,False,-1.0445,1.2745,4,33,9,8,1,99,38.7,,,,,,,,,,,,,False,N,1
824510,2026-06-01,CIN,KC,pitch,84f4217f-03c6-3df0-90de-eefa68e4e58c,3,23,0,2,657041,R,Lane Thomas,657571,L,Caleb Ferguson,KC,CIN,118,113,Flyout,Lane Thomas flies out to shortstop Matt McLain.,Flyout,"{""homeRunBallparks"": 0}",2,2,2,2,X,In Play,hit_into_play,False,X,FF,4-Seam Fastball,"In play, out(s)",92.7,85.1,3.15,1.59,6.32,0.41,11,2379,4.0,16.2,-15.6,-0.5922,3.2694,-0.33,1.35,-1.3,4.0,-0.33,0.38,False,False,False,True,False,-0.5922,3.2694,5,34,9,8,1,100,68.3,214.0,0.08,0,-42.62,208.45,74.7,49.0,74.7,49.0,,,,True,N,1
824510,2026-06-01,CIN,KC,pitch,928bf6bb-e98c-3a52-9324-690d220c1366,3,24,0,1,680574,R,Matt McLain,679883,R,Luinder Avila,CIN,KC,113,118,Pop Out,Matt McLain pops out to third baseman Nick Loftin in foul territory.,Pop Out,"{""homeRunBallparks"": 0}",0,0,0,0,X,In Play,hit_into_play,False,X,SI,Sinker,"In play, out(s)",94.8,86.0,3.05,1.54,6.78,0.4,11,2351,15.6,10.2,-20.5,-0.8979,2.7683,1.3,0.85,-1.71,1.3,1.3,0.37,False,False,False,True,False,-0.8979,2.7683,1,37,7,9,1,101,73.6,85.0,0.0,0,-66.74,48.79,68.4,72.0,68.4,72.0,,,,True,N,1
824510,2026-06-01,CIN,KC,pitch,6ca0aa91-65b0-3cfd-beb3-044c7028b11a,3,25,0,1,694362,R,Blake Dunn,679883,R,Luinder Avila,CIN,KC,113,118,Groundout,"Blake Dunn grounds out, third baseman Nick Loftin to first baseman Vinnie Pasquantino.",Groundout,,0,0,0,0,S,Strike,called_strike,False,C,CU,Curveball,Called Strike,82.0,76.0,3.09,1.56,6.57,0.46,2,2747,6.6,-5.4,-45.8,0.0121,2.7207,-0.55,-0.45,-3.82,6.6,-0.55,0.43,True,True,False,True,False,0.0121,2.7207,1,38,8,10,2,102,,,,,,,,,,,,,,False,N,1
824510,2026-06-01,CIN,KC,pitch,eb9ba2e8-18dd-3b77-a8d1-5ff7dbe0796b,3,25,0,1,694362,R,Blake Dunn,679883,R,Luinder Avila,CIN,KC,113,118,Groundout,"Blake Dunn grounds out, third baseman Nick Loftin to first baseman Vinnie Pasquantino.",Groundout,"{""homeRunBallparks"": 0}",1,0,1,0,X,In Play,hit_into_play,False,X,SL,Slider,"In play, out(s)",87.4,81.1,3.09,1.56,6.86,0.43,13,2636,5.9,-1.1,-36.5,-0.9849,2.3186,-0.49,-0.09,-3.04,5.9,-0.49,0.4,False,False,False,True,False,-0.9849,2.3186,2,39,7,10,2,103,73.3,94.0,0.53,0,-45.8,94.12,96.0,4.0,96.0,4.0,,,,True,N,1
824510,2026-06-01,CIN,KC,pitch,50dce06b-19c2-3786-b19b-c26817104e52,3,26,0,2,668709,L,JJ Bleday,679883,R,Luinder Avila,CIN,KC,113,118,Walk,JJ Bleday walks.,Walk,,0,0,0,0,S,Strike,called_strike,False,C,CU,Curveball,Called Strike,83.0,76.6,3.29,1.66,6.84,0.45,6,2714,5.6,-5.0,-44.6,0.2975,2.5904,-0.47,-0.42,-3.72,5.6,-0.47,0.43,True,True,False,False,False,0.2975,2.5904,1,40,9,11,2,104,,,,,,,,,,,,,,False,N,1
824510,2026-06-01,CIN,KC,pitch,554e3564-89da-363b-b31b-382abca64d0d,3,26,0,2,668709,L,JJ Bleday,679883,R,Luinder Avila,CIN,KC,113,118,Walk,JJ Bleday walks.,Walk,,1,0,1,0,B,Ball,ball,False,B,CH,Changeup,Ball,90.1,82.9,3.29,1.66,6.94,0.42,14,2081,14.2,3.4,-30.6,0.4804,0.4118,1.18,0.28,-2.55,1.18,1.18,0.39,False,False,False,False,False,0.4804,0.4118,2,41,4,11,2,105,,,,,,,,,,,,,,False,N,1
824510,2026-06-01,CIN,KC,pitch,906151e7-0b4b-3aeb-8634-d50595366e1f,3,26,0,2,668709,L,JJ Bleday,679883,R,Luinder Avila,CIN,KC,113,118,Walk,JJ Bleday walks.,Walk,,1,1,1,1,B,Ball,ball,False,B,CU,Curveball,Ball,81.9,75.5,3.29,1.66,6.64,0.46,11,2844,9.0,-3.4,-43.8,-1.7897,3.9703,-0.75,-0.28,-3.65,9.0,-0.75,0.43,False,False,False,False,False,-1.7897,3.9703,3,42,10,11,2,106,,,,,,,,,,,,,,False,N,1
824510,2026-06-01,CIN,KC,pitch,85830062-6bad-31c6-b3df-2a0e792714df,3,26,0,2,668709,L,JJ Bleday,679883,R,Luinder Avila,CIN,KC,113,118,Walk,JJ Bleday walks.,Walk,,1,2,1,2,B,Ball,ball,False,B,SI,Sinker,Ball,96.1,87.6,3.29,1.66,6.92,0.39,13,2505,12.2,11.9,-18.0,-0.9293,1.6178,1.02,0.99,-1.5,1.02,1.02,0.37,False,False,False,False,False,-0.9293,1.6178,4,43,8,11,2,107,,,,,,,,,,,,,,False,N,1
824510,2026-06-01,CIN,KC,pitch,c687b3f3-1937-303c-952d-b05d65408384,3,26,0,2,668709,L,JJ Bleday,679883,R,Luinder Avila,CIN,KC,113,118,Walk,JJ Bleday walks.,Walk,,1,3,1,3,B,Ball,ball,False,B,CH,Changeup,Ball,89.6,81.7,3.29,1.66,6.84,0.42,14,2019,13.7,8.0,-26.4,1.0916,1.1845,1.14,0.67,-2.2,1.14,1.14,0.4,False,False,False,False,False,1.0916,1.1845,5,44,5,11,2,108,,,,,,,,,,,,,,True,N,1
824510,2026-06-01,CIN,KC,pitch,dbf724b4-ba06-300f-9b7c-1ba225878efa,3,27,0,2,701398,R,Sal Stewart,679883,R,Luinder Avila,CIN,KC,113,118,Flyout,Sal Stewart flies out to right fielder Lane Thomas.,Flyout,,0,0,0,0,B,Ball,blocked_ball,False,*B,FF,4-Seam Fastball,Ball In Dirt,96.5,88.3,3.24,1.64,6.84,0.39,14,2509,0.1,16.6,-13.1,0.8362,0.6159,-0.01,1.38,-1.09,0.1,-0.01,0.37,False,False,False,True,False,0.8362,0.6159,1,45,15,12,2,109,,,,,,,,,,,,,,False,N,1
824510,2026-06-01,CIN,KC,pitch,89609231-cf83-3d43-b208-73491fbdb0f9,3,27,0,2,701398,R,Sal Stewart,679883,R,Luinder Avila,CIN,KC,113,118,Flyout,Sal Stewart flies out to right fielder Lane Thomas.,Flyout,,0,1,0,1,B,Ball,blocked_ball,False,*B,SI,Sinker,Ball In Dirt,97.0,88.2,3.24,1.64,6.78,0.39,13,2496,14.5,10.8,-18.7,-0.763,0.5105,1.21,0.9,-1.56,1.21,1.21,0.37,False,False,False,True,False,-0.763,0.5105,2,46,9,12,2,110,,,,,,,,,,,,,,False,N,1
824510,2026-06-01,CIN,KC,pitch,a68bd333-21c4-3922-98b7-cbc6724cb7cb,3,27,0,2,701398,R,Sal Stewart,679883,R,Luinder Avila,CIN,KC,113,118,Flyout,Sal Stewart flies out to right fielder Lane Thomas.,Flyout,,0,2,0,2,S,Strike,called_strike,False,C,SL,Slider,Called Strike,86.7,79.5,3.24,1.64,6.67,0.44,8,2675,6.7,0.0,-36.6,0.2228,1.675,-0.56,0.0,-3.05,6.7,-0.56,0.41,True,True,False,True,False,0.2228,1.675,3,47,8,12,2,111,,,,,,,,,,,,,,False,N,1
824510,2026-06-01,CIN,KC,pitch,23937860-0570-3246-bd32-3345e015e4ec,3,27,0,2,701398,R,Sal Stewart,679883,R,Luinder Avila,CIN,KC,113,118,Flyout,Sal Stewart flies out to right fielder Lane Thomas.,Flyout,"{""homeRunBallparks"": 0}",1,2,1,2,X,In Play,hit_into_play,False,X,SL,Slider,"In play, out(s)",88.0,81.0,3.24,1.64,6.82,0.43,14,2698,5.2,0.6,-34.7,0.3191,1.451,-0.43,0.05,-2.89,5.2,-0.43,0.4,False,False,False,True,False,0.3191,1.451,4,48,9,12,2,112,70.8,321.0,0.06,0,169.06,273.36,92.5,33.0,92.5,33.0,,,,True,N,1
824510,2026-06-01,CIN,KC,pitch,5e353daf-6c27-342d-a016-35ff23ed6515,4,28,33,0,686681,L,Michael Massey,605335,L,Brandon Leibrandt,KC,CIN,118,113,Single,Michael Massey singles on a bunt ground ball to third baseman Sal Stewart.,Single,,0,0,0,0,S,Strike,called_strike,False,C,FF,4-Seam Fastball,Called Strike,88.6,79.6,3.2,1.62,6.45,0.43,5,2163,7.1,16.7,-18.7,-0.2524,2.651,-0.59,1.39,-1.56,7.1,-0.59,0.4,True,True,False,False,False,-0.2524,2.651,1,1,1,1,1,113,,,,,,,,,,,,,,False,N,1
824510,2026-06-01,CIN,KC,pitch,25f787da-4ee4-3331-b211-6b614baeb236,4,28,33,0,686681,L,Michael Massey,605335,L,Brandon Leibrandt,KC,CIN,118,113,Single,Michael Massey singles on a bunt ground ball to third baseman Sal Stewart.,Single,"{""homeRunBallparks"": 0}",1,0,1,0,X,In Play,hit_into_play,False,D,SL,Slider,"In play, no out",86.1,78.7,3.2,1.62,6.37,0.44,5,2399,5.6,7.9,-29.0,-0.1694,2.496,0.47,0.66,-2.42,0.47,0.47,0.41,True,True,False,False,False,-0.1694,2.496,2,2,1,1,1,114,,3.0,0.23,0,-28.32,53.9,43.9,-58.0,43.9,-58.0,,,,True,N,1
824510,2026-06-01,CIN,KC,pitch,7affdab2-1b9a-3c00-b607-e71f304fa70e,4,29,0,1,679845,R,Nick Loftin,605335,L,Brandon Leibrandt,KC,CIN,118,113,Groundout,"Nick Loftin grounds out, third baseman Sal Stewart to first baseman Nathaniel Lowe. Michael Massey to 2nd.",Groundout,,0,0,0,0,X,In Play,foul_bunt,False,L,SL,Slider,Foul Bunt,84.6,78.0,3.18,1.61,6.5,0.44,5,2363,6.5,7.7,-30.4,-0.0186,2.559,0.54,0.64,-2.53,0.54,0.54,0.42,True,True,False,True,False,-0.0186,2.559,1,3,2,2,1,115,16.6,,,,,,,,,,True,,,False,N,1
824510,2026-06-01,CIN,KC,pitch,2b2ea603-3f6e-339f-b8fb-71e891134e3a,4,29,0,1,679845,R,Nick Loftin,605335,L,Brandon Leibrandt,KC,CIN,118,113,Groundout,"Nick Loftin grounds out, third baseman Sal Stewart to first baseman Nathaniel Lowe. Michael Massey to 2nd.",Groundout,,1,0,1,0,S,Strike,swinging_strike,True,S,CH,Changeup,Swinging Strike,78.3,72.1,3.18,1.61,6.79,0.48,9,1327,13.4,8.2,-36.5,0.3925,1.5061,-1.12,0.68,-3.04,13.4,-1.12,0.45,True,True,False,True,False,0.3925,1.5061,2,4,1,2,1,116,66.5,,,,,,,,,,True,,,False,N,1
824510,2026-06-01,CIN,KC,pitch,872b18f5-d58f-3963-b367-0d4a47e45668,4,29,0,1,679845,R,Nick Loftin,605335,L,Brandon Leibrandt,KC,CIN,118,113,Groundout,"Nick Loftin grounds out, third baseman Sal Stewart to first baseman Nathaniel Lowe. Michael Massey to 2nd.",Groundout,"{""homeRunBallparks"": 0}",2,0,2,0,X,In Play,hit_into_play,False,X,CH,Changeup,"In play, out(s)",81.8,75.7,3.18,1.61,6.53,0.46,13,1697,10.4,6.1,-34.6,-0.4458,1.2946,-0.87,0.51,-2.88,10.4,-0.87,0.43,False,False,False,True,False,-0.4458,1.2946,3,5,2,2,1,117,65.8,8.0,0.15,0,-76.34,85.57,93.7,-12.0,93.7,-12.0,True,,,True,N,1
824510,2026-06-01,CIN,KC,pitch,116273fc-4e34-3f39-b3be-d08d5b4a6c90,4,30,0,1,664728,L,Kyle Isbel,605335,L,Brandon Leibrandt,KC,CIN,118,113,Pop Out,Kyle Isbel pops out to catcher Tyler Stephenson in foul territory.,Pop Out,,0,0,0,0,B,Ball,ball,False,B,FF,4-Seam Fastball,Ball,89.1,81.2,3.11,1.57,6.42,0.42,12,2196,3.4,17.2,-17.4,0.7419,3.7828,-0.28,1.43,-1.45,3.4,-0.28,0.4,False,False,False,True,False,0.7419,3.7828,1,6,2,3,1,118,,,,,,,,,,,,,,False,N,1
824510,2026-06-01,CIN,KC,pitch,7e221629-92a8-336a-ae38-cbd040888c04,4,30,0,1,664728,L,Kyle Isbel,605335,L,Brandon Leibrandt,KC,CIN,118,113,Pop Out,Kyle Isbel pops out to catcher Tyler Stephenson in foul territory.,Pop Out,,0,1,0,1,S,Strike,swinging_strike,True,S,SL,Slider,Swinging Strike,83.9,78.1,3.11,1.57,6.47,0.45,13,2341,5.6,6.0,-32.5,-0.3063,1.2212,0.47,0.5,-2.71,0.47,0.47,0.42,False,False,False,True,False,-0.3063,1.2212,2,7,3,3,1,119,75.5,,,,,,,,,,,,,False,N,1
824510,2026-06-01,CIN,KC,pitch,730c04d7-1d36-34d3-99fc-3a0fc225f57a,4,30,0,1,664728,L,Kyle Isbel,605335,L,Brandon Leibrandt,KC,CIN,118,113,Pop Out,Kyle Isbel pops out to catcher Tyler Stephenson in foul territory.,Pop Out,,1,1,1,1,S,Strike,foul,False,F,SL,Slider,Foul,83.6,77.2,3.11,1.57,6.42,0.45,12,2369,4.9,5.9,-32.9,0.7893,3.5087,0.41,0.49,-2.74,0.41,0.41,0.42,False,False,False,True,False,0.7893,3.5087,3,8,4,3,1,120,28.3,,,,,,,,,,,,,False,N,1
824510,2026-06-01,CIN,KC,pitch,f319845f-2c04-3144-88d9-81cfa613118f,4,30,0,1,664728,L,Kyle Isbel,605335,L,Brandon Leibrandt,KC,CIN,118,113,Pop Out,Kyle Isbel pops out to catcher Tyler Stephenson in foul territory.,Pop Out,,2,1,2,1,B,Ball,blocked_ball,False,*B,ST,Sweeper,Ball In Dirt,78.0,71.6,3.11,1.57,6.54,0.49,13,2724,18.7,-6.0,-51.6,-0.7658,0.1188,1.56,-0.5,-4.3,1.56,1.56,0.46,False,False,False,True,False,-0.7658,0.1188,4,9,1,3,1,121,,,,,,,,,,,,,,False,N,1
824510,2026-06-01,CIN,KC,pitch,2ae1cade-0ee5-3a11-8752-4438303c3ca5,4,30,0,1,664728,L,Kyle Isbel,605335,L,Brandon Leibrandt,KC,CIN,118,113,Pop Out,Kyle Isbel pops out to catcher Tyler Stephenson in foul territory.,Pop Out,"{""homeRunBallparks"": 0}",2,2,2,2,X,In Play,hit_into_play,False,X,FF,4-Seam Fastball,"In play, out(s)",88.8,80.8,3.11,1.57,6.4,0.42,11,2280,3.1,18.8,-16.0,-0.1159,3.4077,-0.26,1.57,-1.33,3.1,-0.26,0.4,False,False,False,True,False,-0.1159,3.4077,5,10,3,3,1,122,69.3,54.0,0.01,0,-43.8,-31.96,75.2,82.0,75.2,82.0,,,,True,N,1
824510,2026-06-01,CIN,KC,pitch,ccf5afa3-93ca-3dde-9bc9-b4f0ec82417c,4,31,0,2,695600,L,Carter Jensen,605335,L,Brandon Leibrandt,KC,CIN,118,113,Groundout,"Carter Jensen grounds out, pitcher Brandon Leibrandt to first baseman Nathaniel Lowe.",Groundout,,0,0,0,0,X,In Play,hit_into_play,False,X,SL,Slider,"In play, out(s)",84.6,78.0,3.19,1.61,6.58,0.45,13,2365,6.7,4.4,-33.8,-0.2895,1.0694,0.56,0.37,-2.82,0.56,0.56,0.42,False,False,False,True,False,-0.2895,1.0694,1,11,5,4,1,123,73.1,,,,-9.14,46.5,,,,,,,,True,N,1
824510,2026-06-01,CIN,KC,pitch,1e85176b-462b-363c-a9dc-626cd133da27,4,32,0,0,553993,R,Eugenio Suárez,679883,R,Luinder Avila,CIN,KC,113,118,Walk,Eugenio Suárez walks.,Walk,,0,0,0,0,S,Strike,foul,False,F,SI,Sinker,Foul,95.9,87.0,3.17,1.6,6.73,0.39,4,2441,14.0,13.7,-16.3,-0.741,2.2085,1.17,1.14,-1.36,1.17,1.17,0.37,True,True,False,False,False,-0.741,2.2085,1,49,10,13,2,124,75.7,,,,,,,,,,,,,False,N,1
824510,2026-06-01,CIN,KC,pitch,ca2ee2e6-c2e0-380c-96fa-498dd6d3de20,4,32,0,0,553993,R,Eugenio Suárez,679883,R,Luinder Avila,CIN,KC,113,118,Walk,Eugenio Suárez walks.,Walk,,1,0,1,0,B,Ball,ball,False,B,SL,Slider,Ball,88.1,81.2,3.17,1.6,6.88,0.43,14,2648,6.6,0.8,-34.4,0.8952,1.5636,-0.55,0.07,-2.87,6.6,-0.55,0.4,False,False,False,False,False,0.8952,1.5636,2,50,10,13,2,125,19.2,,,,,,,,,,,,,False,N,1
824510,2026-06-01,CIN,KC,pitch,ec26e36c-ef9e-3b92-ac13-3560bd010774,4,32,0,0,553993,R,Eugenio Suárez,679883,R,Luinder Avila,CIN,KC,113,118,Walk,Eugenio Suárez walks.,Walk,,1,1,1,1,S,Strike,called_strike,False,C,SL,Slider,Called Strike,87.1,79.6,3.17,1.6,6.83,0.43,7,2809,8.6,-2.4,-38.6,-0.3791,1.8842,-0.72,-0.2,-3.22,8.6,-0.72,0.41,True,True,False,False,False,-0.3791,1.8842,3,51,11,13,2,126,,,,,,,,,,,,,,False,N,1
824510,2026-06-01,CIN,KC,pitch,2b6d4415-9e74-3089-a338-7b5022413c58,4,32,0,0,553993,R,Eugenio Suárez,679883,R,Luinder Avila,CIN,KC,113,118,Walk,Eugenio Suárez walks.,Walk,,2,1,2,1,B,Ball,ball,False,B,SL,Slider,Ball,84.4,77.7,3.17,1.6,6.77,0.45,14,2939,8.9,-4.2,-42.7,1.1133,2.1045,-0.74,-0.35,-3.56,8.9,-0.74,0.42,False,False,False,False,False,1.1133,2.1045,4,52,12,13,2,127,,,,,,,,,,,,,,False,N,1
824510,2026-06-01,CIN,KC,pitch,0d3bca25-2df6-31ee-98f2-24db8a759d85,4,32,0,0,553993,R,Eugenio Suárez,679883,R,Luinder Avila,CIN,KC,113,118,Walk,Eugenio Suárez walks.,Walk,,2,2,2,2,B,Ball,ball,False,B,SL,Slider,Ball,88.2,81.7,3.17,1.6,6.95,0.43,13,2768,5.3,-0.8,-36.0,-0.2451,0.3687,-0.44,-0.07,-3.0,5.3,-0.44,0.4,False,False,False,False,False,-0.2451,0.3687,5,53,13,13,2,128,13.3,,,,,,,,,,,,,False,N,1
824510,2026-06-01,CIN,KC,pitch,ddc67be5-bca6-301d-b476-df3f7a4a2d04,4,32,0,0,553993,R,Eugenio Suárez,679883,R,Luinder Avila,CIN,KC,113,118,Walk,Eugenio Suárez walks.,Walk,,2,3,2,3,B,Ball,ball,False,B,SL,Slider,Ball,85.6,78.0,3.17,1.6,6.79,0.44,11,2772,6.1,-2.3,-39.8,-1.5295,2.5885,-0.51,-0.19,-3.32,6.1,-0.51,0.41,False,False,False,False,False,-1.5295,2.5885,6,54,14,13,2,129,,,,,,,,,,,,,,True,N,1
824510,2026-06-01,CIN,KC,pitch,67d97227-12ff-344e-8e04-ea43961687d2,4,33,0,1,663993,L,Nathaniel Lowe,679883,R,Luinder Avila,CIN,KC,113,118,Forceout,"Nathaniel Lowe grounds into a force out, second baseman Michael Massey to shortstop Bobby Witt Jr. Eugenio Suárez out at 2nd. Nathaniel Lowe to 1st.",Forceout,,0,0,0,0,S,Strike,called_strike,False,C,FF,4-Seam Fastball,Called Strike,96.6,88.1,3.37,1.7,6.77,0.39,3,2588,1.3,17.2,-12.2,0.6732,2.9826,0.11,1.43,-1.02,0.11,0.11,0.37,True,True,False,True,True,0.6732,2.9826,1,55,16,14,2,130,,,,,,,,,,,True,,,False,N,1
824510,2026-06-01,CIN,KC,pitch,2babf712-2c9c-3f0e-82b2-6510c1f1e3dd,4,33,0,1,663993,L,Nathaniel Lowe,679883,R,Luinder Avila,CIN,KC,113,118,Forceout,"Nathaniel Lowe grounds into a force out, second baseman Michael Massey to shortstop Bobby Witt Jr. Eugenio Suárez out at 2nd. Nathaniel Lowe to 1st.",Forceout,,1,0,1,0,B,Ball,blocked_ball,False,*B,SI,Sinker,Ball In Dirt,92.2,83.9,3.37,1.7,7.01,0.41,14,1977,10.1,11.0,-21.7,0.8838,-0.3198,0.84,0.92,-1.81,0.84,0.84,0.39,False,False,False,True,False,0.8838,-0.3198,2,56,11,14,2,131,,,,,,,,,,,True,,,False,N,1
824510,2026-06-01,CIN,KC,pitch,beb580ef-a037-3d1c-b69a-305c59c8e002,4,33,0,1,663993,L,Nathaniel Lowe,679883,R,Luinder Avila,CIN,KC,113,118,Forceout,"Nathaniel Lowe grounds into a force out, second baseman Michael Massey to shortstop Bobby Witt Jr. Eugenio Suárez out at 2nd. Nathaniel Lowe to 1st.",Forceout,,1,1,1,1,B,Ball,ball,False,B,CH,Changeup,Ball,88.7,80.9,3.37,1.7,6.86,0.43,9,2035,17.2,4.8,-30.2,0.7151,1.6171,1.43,0.4,-2.52,1.43,1.43,0.4,True,True,False,True,False,0.7151,1.6171,3,57,6,14,2,132,,,,,,,,,,,True,,,False,N,1
824510,2026-06-01,CIN,KC,pitch,6a1a0cff-e326-3ca3-8c1f-d90c25b8fd5c,4,33,0,1,663993,L,Nathaniel Lowe,679883,R,Luinder Avila,CIN,KC,113,118,Forceout,"Nathaniel Lowe grounds into a force out, second baseman Michael Massey to shortstop Bobby Witt Jr. Eugenio Suárez out at 2nd. Nathaniel Lowe to 1st.",Forceout,,1,2,1,2,X,In Play,hit_into_play,False,X,FF,4-Seam Fastball,"In play, out(s)",96.4,88.1,3.37,1.7,6.86,0.39,14,2486,1.6,17.0,-12.6,0.887,1.8103,0.13,1.42,-1.05,0.13,0.13,0.37,False,False,False,True,False,0.887,1.8103,4,58,17,14,2,133,79.8,,,,66.57,123.43,,,,,True,,,True,N,1
824510,2026-06-01,CIN,KC,pitch,76ba014f-7c46-3c85-aa7e-99f83fab5e64,4,34,33,1,668715,R,Spencer Steer,679883,R,Luinder Avila,CIN,KC,113,118,Single,Spencer Steer singles on a line drive to left fielder Isaac Collins. Nathaniel Lowe to 2nd.,Single,,0,0,0,0,B,Ball,ball,False,B,SL,Slider,Ball,85.0,78.1,3.1,1.56,6.69,0.44,12,2634,7.3,-3.0,-40.8,0.5291,3.694,-0.61,-0.25,-3.4,7.3,-0.61,0.42,False,False,False,False,False,0.5291,3.694,1,59,15,15,2,134,,,,,,,,,,,True,,,False,N,1
824510,2026-06-01,CIN,KC,pitch,ecb37196-4409-3946-91b5-207b14ee6198,4,34,33,1,668715,R,Spencer Steer,679883,R,Luinder Avila,CIN,KC,113,118,Single,Spencer Steer singles on a line drive to left fielder Isaac Collins. Nathaniel Lowe to 2nd.,Single,,0,1,0,1,B,Ball,ball,False,B,SI,Sinker,Ball,97.2,89.2,3.1,1.56,6.86,0.39,13,2444,13.4,12.0,-17.0,-1.2505,1.4023,1.12,1.0,-1.42,1.12,1.12,0.36,False,False,False,False,False,-1.2505,1.4023,2,60,12,15,2,135,,,,,,,,,,,True,,,False,N,1
824510,2026-06-01,CIN,KC,pitch,dded9b45-6832-388d-b4c0-09c5e535c80b,4,34,33,1,668715,R,Spencer Steer,679883,R,Luinder Avila,CIN,KC,113,118,Single,Spencer Steer singles on a line drive to left fielder Isaac Collins. Nathaniel Lowe to 2nd.,Single,,0,2,0,2,B,Ball,ball,False,B,SL,Slider,Ball,88.2,81.0,3.1,1.56,6.75,0.43,14,2568,5.9,1.2,-34.1,0.8588,2.0527,-0.49,0.1,-2.84,5.9,-0.49,0.4,False,False,False,False,False,0.8588,2.0527,3,61,16,15,2,136,,,,,,,,,,,True,,,False,N,1
824510,2026-06-01,CIN,KC,pitch,1be2c55e-7b46-30d6-98fe-509c341d4336,4,34,33,1,668715,R,Spencer Steer,679883,R,Luinder Avila,CIN,KC,113,118,Single,Spencer Steer singles on a line drive to left fielder Isaac Collins. Nathaniel Lowe to 2nd.,Single,"{""homeRunBallparks"": 0}",0,3,0,3,X,In Play,hit_into_play,False,D,FF,4-Seam Fastball,"In play, no out",95.8,87.1,3.1,1.56,6.8,0.39,3,2486,2.0,18.1,-11.9,0.5201,3.0959,0.17,1.51,-0.99,0.17,0.17,0.37,True,True,False,False,False,0.5201,3.0959,4,62,18,15,2,137,74.2,214.0,0.62,0,-165.57,219.95,89.2,19.0,89.2,19.0,True,,,True,N,1
824510,2026-06-01,CIN,KC,pitch,33a346de-1955-3044-aecb-b46d7139b112,4,35,0,1,663886,R,Tyler Stephenson,679883,R,Luinder Avila,CIN,KC,113,118,Forceout,"Tyler Stephenson grounds into a force out, second baseman Michael Massey to shortstop Bobby Witt Jr. Nathaniel Lowe to 3rd. Spencer Steer out at 2nd. Tyler Stephenson to 1st.",Forceout,,0,0,0,0,S,Strike,called_strike,False,C,SL,Slider,Called Strike,87.2,79.4,3.36,1.7,6.75,0.43,1,2633,4.4,1.6,-34.7,-0.5066,3.32,-0.37,0.13,-2.89,4.4,-0.37,0.41,True,True,False,True,False,-0.5066,3.32,1,63,17,16,2,138,,,,,,,,,,,True,True,,False,N,1
824510,2026-06-01,CIN,KC,pitch,b07a1a37-5af3-33e6-9e7f-34a5573007f6,4,35,0,1,663886,R,Tyler Stephenson,679883,R,Luinder Avila,CIN,KC,113,118,Forceout,"Tyler Stephenson grounds into a force out, second baseman Michael Massey to shortstop Bobby Witt Jr. Nathaniel Lowe to 3rd. Spencer Steer out at 2nd. Tyler Stephenson to 1st.",Forceout,"{""homeRunBallparks"": 0}",1,0,1,0,X,In Play,hit_into_play,False,X,FF,4-Seam Fastball,"In play, out(s)",96.6,88.1,3.36,1.7,6.87,0.39,11,2503,3.5,14.5,-14.9,-0.888,3.2173,0.29,1.21,-1.24,0.29,0.29,0.37,False,False,False,True,False,-0.888,3.2173,2,64,19,16,2,139,64.1,129.0,0.28,0,-7.86,168.27,64.0,16.0,64.0,16.0,True,True,,True,N,1
824510,2026-06-01,CIN,KC,pitch,0d283acd-ef5d-31a2-99df-9b9b10dd0211,4,36,14,2,695490,L,Edwin Arroyo,679883,R,Luinder Avila,CIN,KC,113,118,Strikeout,Edwin Arroyo strikes out swinging.,Strikeout,,0,0,0,0,B,Ball,ball,False,B,FF,4-Seam Fastball,Ball,96.4,87.9,3.16,1.6,6.75,0.39,11,2602,1.2,14.5,-15.0,-0.3936,4.5843,-0.1,1.21,-1.25,1.2,-0.1,0.37,False,False,False,False,False,-0.3936,4.5843,1,65,20,17,2,140,,,,,,,,,,,,,,False,N,1
824510,2026-06-01,CIN,KC,pitch,c23da68b-0c16-3d16-85a2-c67bffb73356,4,36,14,2,695490,L,Edwin Arroyo,679883,R,Luinder Avila,CIN,KC,113,118,Strikeout,Edwin Arroyo strikes out swinging.,Strikeout,,0,1,0,1,S,Strike,foul,False,F,SI,Sinker,Foul,97.0,87.8,3.16,1.6,6.98,0.39,8,2432,14.6,12.5,-16.9,-0.003,1.7987,1.22,1.04,-1.41,1.22,1.22,0.37,True,True,False,False,False,-0.003,1.7987,2,66,13,17,2,141,74.1,,,,,,,,,,,,,False,N,1
824510,2026-06-01,CIN,KC,pitch,fdc997cf-9df1-31f5-be64-5bdaa047f560,4,36,14,2,695490,L,Edwin Arroyo,679883,R,Luinder Avila,CIN,KC,113,118,Strikeout,Edwin Arroyo strikes out swinging.,Strikeout,,1,1,1,1,S,Strike,foul,False,F,SL,Slider,Foul,85.1,77.2,3.16,1.6,6.86,0.45,8,2819,6.0,-5.2,-43.6,-0.182,1.8341,-0.5,-0.43,-3.63,6.0,-0.5,0.42,True,True,False,False,False,-0.182,1.8341,3,67,18,17,2,142,65.0,,,,,,,,,,,,,False,N,1
824510,2026-06-01,CIN,KC,pitch,c0897a6e-eeab-30ae-a96a-4df7972e101d,4,36,14,2,695490,L,Edwin Arroyo,679883,R,Luinder Avila,CIN,KC,113,118,Strikeout,Edwin Arroyo strikes out swinging.,Strikeout,,2,1,2,1,S,Strike,swinging_strike,True,S,SI,Sinker,Swinging Strike,98.0,88.2,3.16,1.6,6.89,0.39,11,2391,11.2,11.8,-17.2,-1.5751,3.2397,0.93,0.98,-1.43,0.93,0.93,0.36,False,False,False,False,False,-1.5751,3.2397,4,68,14,17,2,143,57.5,,,,,,,,,,,,,True,N,1
824510,2026-06-01,CIN,KC,pitch,af97d297-b9a4-3d99-b942-f8d19b617c51,5,37,34,0,677951,R,Bobby Witt Jr.,605335,L,Brandon Leibrandt,KC,CIN,118,113,Double,Bobby Witt Jr. doubles (16) on a sharp fly ball to center fielder Blake Dunn.,Double,,0,0,0,0,B,Ball,ball,False,B,CH,Changeup,Ball,81.1,74.9,3.24,1.63,6.69,0.46,13,1552,9.5,11.8,-29.9,-0.3463,-0.3038,-0.79,0.98,-2.49,9.5,-0.79,0.44,False,False,False,False,False,-0.3463,-0.3038,1,12,3,5,1,144,,,,,,,,,,,,,,False,N,1
824510,2026-06-01,CIN,KC,pitch,4010bd55-91cd-3256-8535-2936fd0fd8f6,5,37,34,0,677951,R,Bobby Witt Jr.,605335,L,Brandon Leibrandt,KC,CIN,118,113,Double,Bobby Witt Jr. doubles (16) on a sharp fly ball to center fielder Blake Dunn.,Double,"{""homeRunBallparks"": 7}",0,1,0,1,X,In Play,hit_into_play,False,D,CH,Changeup,"In play, no out",79.2,72.9,3.24,1.63,6.7,0.48,13,1395,5.6,9.5,-34.1,-0.0008,1.4963,-0.47,0.79,-2.84,5.6,-0.47,0.45,False,False,False,False,False,-0.0008,1.4963,2,13,4,5,1,145,80.6,376.0,0.43,1,-129.97,352.66,100.3,32.0,100.3,32.0,,,,True,N,1
824510,2026-06-01,CIN,KC,pitch,6ca6c710-0d11-3c0f-8aac-74bf68e8a26b,5,38,0,1,686469,L,Vinnie Pasquantino,605335,L,Brandon Leibrandt,KC,CIN,118,113,Lineout,Vinnie Pasquantino lines out to left fielder JJ Bleday.,Lineout,,0,0,0,0,X,In Play,foul_bunt,False,L,SI,Sinker,Foul Bunt,87.4,79.5,3.36,1.7,6.61,0.43,5,2054,8.4,18.1,-18.0,-0.034,2.4641,-0.7,1.51,-1.5,8.4,-0.7,0.41,True,True,False,True,False,-0.034,2.4641,1,14,1,6,1,146,14.9,,,,,,,,,,,,,False,N,1
824510,2026-06-01,CIN,KC,pitch,bbd0802f-5550-3dac-88ff-bf3411a818f0,5,38,0,1,686469,L,Vinnie Pasquantino,605335,L,Brandon Leibrandt,KC,CIN,118,113,Lineout,Vinnie Pasquantino lines out to left fielder JJ Bleday.,Lineout,,1,0,1,0,B,Ball,ball,False,B,SI,Sinker,Ball,88.4,80.5,3.36,1.7,6.53,0.43,12,2111,13.9,13.8,-21.4,1.818,2.8741,-1.16,1.15,-1.78,13.9,-1.16,0.4,False,False,False,True,False,1.818,2.8741,2,15,2,6,1,147,,,,,,,,,,,,,,False,N,1
824510,2026-06-01,CIN,KC,pitch,d989eb3f-28dd-387f-8147-c3f91d8ad947,5,38,0,1,686469,L,Vinnie Pasquantino,605335,L,Brandon Leibrandt,KC,CIN,118,113,Lineout,Vinnie Pasquantino lines out to left fielder JJ Bleday.,Lineout,,1,1,1,1,B,Ball,ball,False,B,SL,Slider,Ball,83.3,76.6,3.36,1.7,6.34,0.45,13,2374,5.8,3.4,-36.0,-0.9354,2.5209,0.48,0.28,-3.0,0.48,0.48,0.42,False,False,False,True,False,-0.9354,2.5209,3,16,6,6,1,148,,,,,,,,,,,,,,False,N,1
824510,2026-06-01,CIN,KC,pitch,52621524-42b2-32b9-a250-e09f9d80779f,5,38,0,1,686469,L,Vinnie Pasquantino,605335,L,Brandon Leibrandt,KC,CIN,118,113,Lineout,Vinnie Pasquantino lines out to left fielder JJ Bleday.,Lineout,"{""homeRunBallparks"": 0}",1,2,1,2,X,In Play,hit_into_play,False,X,FF,4-Seam Fastball,"In play, out(s)",87.6,80.0,3.36,1.7,6.34,0.43,12,2203,4.3,18.0,-17.6,0.2743,3.9726,-0.36,1.5,-1.47,4.3,-0.36,0.4,False,False,False,True,False,0.2743,3.9726,4,17,4,6,1,149,,268.0,0.33,0,-69.76,257.74,79.1,26.0,79.1,26.0,,,,True,N,1
824510,2026-06-01,CIN,KC,pitch,2c780ce9-7db5-3c94-b247-f3a786c61004,5,39,38,1,695506,L,Jac Caglianone,605335,L,Brandon Leibrandt,KC,CIN,118,113,Home Run,Jac Caglianone homers (6) on a fly ball to center field. Bobby Witt Jr. scores.,Home Run,,0,0,0,0,B,Ball,ball,False,B,SI,Sinker,Ball,87.7,80.8,3.4,1.72,6.47,0.43,14,2111,11.6,12.8,-22.6,1.7201,2.5329,-0.97,1.07,-1.88,11.6,-0.97,0.4,False,False,False,False,False,1.7201,2.5329,1,18,3,7,1,150,,,,,,,,,,,,True,,False,N,1
824510,2026-06-01,CIN,KC,pitch,e4179cd4-7501-357c-baea-cfd3226e694b,5,39,38,1,695506,L,Jac Caglianone,605335,L,Brandon Leibrandt,KC,CIN,118,113,Home Run,Jac Caglianone homers (6) on a fly ball to center field. Bobby Witt Jr. scores.,Home Run,"{""homeRunBallparks"": 26}",0,1,0,1,X,In Play,hit_into_play,False,E,SL,Slider,"In play, run(s)",83.5,77.3,3.4,1.72,6.39,0.45,5,2360,3.7,5.0,-33.7,-0.134,2.7999,0.31,0.42,-2.81,0.31,0.31,0.42,True,True,False,False,False,-0.134,2.7999,2,19,7,7,1,151,79.0,419.0,0.98,1,-42.13,405.59,108.1,25.0,108.1,25.0,,True,,True,N,1
824510,2026-06-01,CIN,KC,pitch,10d413f5-5920-3b7c-b127-3602600e0e43,5,40,0,1,686555,R,Isaac Collins,605335,L,Brandon Leibrandt,KC,CIN,118,113,Flyout,Isaac Collins flies out to right fielder Spencer Steer.,Flyout,,0,0,0,0,B,Ball,ball,False,B,ST,Sweeper,Ball,78.1,72.6,3.01,1.52,6.38,0.48,13,2732,12.0,-6.1,-50.8,-1.4974,1.4795,1.0,-0.51,-4.23,1.0,1.0,0.45,False,False,False,True,False,-1.4974,1.4795,1,20,2,8,1,152,,,,,,,,,,,,,,False,N,1
824510,2026-06-01,CIN,KC,pitch,7ea79fb5-8385-3c35-9765-84e931c5379d,5,40,0,1,686555,R,Isaac Collins,605335,L,Brandon Leibrandt,KC,CIN,118,113,Flyout,Isaac Collins flies out to right fielder Spencer Steer.,Flyout,"{""homeRunBallparks"": 0}",0,1,0,1,X,In Play,hit_into_play,False,X,SI,Sinker,"In play, out(s)",89.6,82.2,3.01,1.52,6.55,0.42,2,2113,9.5,15.1,-18.8,0.0033,2.6995,-0.79,1.26,-1.57,9.5,-0.79,0.39,True,True,False,True,False,0.0033,2.6995,2,21,4,8,1,153,70.6,251.0,0.02,0,169.88,186.1,80.9,47.0,80.9,47.0,,,,True,N,1
824510,2026-06-01,CIN,KC,pitch,8fe62328-8100-3563-b69d-c5bee25ae758,5,41,34,2,657041,R,Lane Thomas,605335,L,Brandon Leibrandt,KC,CIN,118,113,Double,Lane Thomas doubles (4) on a sharp line drive to center fielder Blake Dunn.,Double,,0,0,0,0,B,Ball,ball,False,B,CH,Changeup,Ball,81.2,75.2,3.15,1.59,6.71,0.46,13,1490,11.2,7.1,-34.2,-0.4515,1.0442,-0.93,0.59,-2.85,11.2,-0.93,0.43,False,False,False,False,False,-0.4515,1.0442,1,22,5,9,1,154,,,,,,,,,,,,,,False,N,1
824510,2026-06-01,CIN,KC,pitch,30295ad9-f7aa-34ca-a918-95599c8cffd2,5,41,34,2,657041,R,Lane Thomas,605335,L,Brandon Leibrandt,KC,CIN,118,113,Double,Lane Thomas doubles (4) on a sharp line drive to center fielder Blake Dunn.,Double,,0,1,0,1,B,Ball,ball,False,B,CH,Changeup,Ball,81.2,74.7,3.15,1.59,6.62,0.46,14,1478,11.9,8.6,-32.9,0.3191,1.2713,-0.99,0.72,-2.74,11.9,-0.99,0.44,False,False,False,False,False,0.3191,1.2713,2,23,6,9,1,155,,,,,,,,,,,,,,False,N,1
824510,2026-06-01,CIN,KC,pitch,2b1ce410-66e7-3357-a54e-13b0cf896ede,5,41,34,2,657041,R,Lane Thomas,605335,L,Brandon Leibrandt,KC,CIN,118,113,Double,Lane Thomas doubles (4) on a sharp line drive to center fielder Blake Dunn.,Double,,0,2,0,2,B,Ball,ball,False,B,SL,Slider,Ball,85.5,79.3,3.15,1.59,6.45,0.44,14,2362,7.2,7.2,-29.9,0.0528,1.4361,0.6,0.6,-2.49,0.6,0.6,0.41,False,False,False,False,False,0.0528,1.4361,3,24,8,9,1,156,,,,,,,,,,,,,,False,N,1
824510,2026-06-01,CIN,KC,pitch,9ff50028-49ed-398f-a2b0-28515629a5fd,5,41,34,2,657041,R,Lane Thomas,605335,L,Brandon Leibrandt,KC,CIN,118,113,Double,Lane Thomas doubles (4) on a sharp line drive to center fielder Blake Dunn.,Double,"{""homeRunBallparks"": 0}",0,3,0,3,X,In Play,hit_into_play,False,D,SI,Sinker,"In play, no out",89.3,81.3,3.15,1.59,6.44,0.42,9,2251,9.7,14.3,-20.3,0.4442,1.829,-0.81,1.19,-1.69,9.7,-0.81,0.4,True,True,False,False,False,0.4442,1.829,4,25,5,9,1,157,73.8,263.0,0.92,0,64.43,318.12,104.8,12.0,104.8,12.0,,,,True,N,1
824510,2026-06-01,CIN,KC,pitch,cd9674d3-fcd9-3358-b42d-30543e9ba49d,5,42,0,2,686681,L,Michael Massey,605335,L,Brandon Leibrandt,KC,CIN,118,113,Pop Out,Michael Massey pops out to third baseman Sal Stewart.,Pop Out,,0,0,0,0,B,Ball,ball,False,B,SI,Sinker,Ball,88.5,80.7,3.2,1.62,6.67,0.43,8,2052,10.4,16.9,-18.4,-0.1885,1.5431,-0.87,1.41,-1.53,10.4,-0.87,0.4,True,True,False,True,False,-0.1885,1.5431,1,26,6,10,2,158,,,,,,,,,,,,,,False,N,1
824510,2026-06-01,CIN,KC,pitch,accd8f89-2eca-3565-bf6e-6b2bc1520ff4,5,42,0,2,686681,L,Michael Massey,605335,L,Brandon Leibrandt,KC,CIN,118,113,Pop Out,Michael Massey pops out to third baseman Sal Stewart.,Pop Out,,0,1,0,1,B,Ball,ball,False,B,SI,Sinker,Ball,87.5,79.5,3.2,1.62,6.52,0.43,12,2049,13.6,16.4,-19.4,1.3936,4.5932,-1.13,1.37,-1.62,13.6,-1.13,0.4,False,False,False,True,False,1.3936,4.5932,2,27,7,10,2,159,,,,,,,,,,,,,,False,N,1
824510,2026-06-01,CIN,KC,pitch,a22fb412-1001-38f0-ab73-8baeca1505e9,5,42,0,2,686681,L,Michael Massey,605335,L,Brandon Leibrandt,KC,CIN,118,113,Pop Out,Michael Massey pops out to third baseman Sal Stewart.,Pop Out,,0,2,0,2,S,Strike,called_strike,False,C,SL,Slider,Called Strike,84.8,78.5,3.2,1.62,6.37,0.44,1,2343,3.0,8.6,-29.0,-0.3268,2.9256,0.25,0.72,-2.42,0.25,0.25,0.41,True,True,False,True,False,-0.3268,2.9256,3,28,9,10,2,160,,,,,,,,,,,,,,False,N,1
824510,2026-06-01,CIN,KC,pitch,1d186782-e10e-3d73-881f-b4a8c28ec29c,5,42,0,2,686681,L,Michael Massey,605335,L,Brandon Leibrandt,KC,CIN,118,113,Pop Out,Michael Massey pops out to third baseman Sal Stewart.,Pop Out,"{""homeRunBallparks"": 0}",1,2,1,2,X,In Play,hit_into_play,False,X,FF,4-Seam Fastball,"In play, out(s)",88.4,80.4,3.2,1.62,6.52,0.43,12,2133,4.6,18.0,-17.0,0.0092,3.3492,-0.38,1.5,-1.42,4.6,-0.38,0.4,False,False,False,True,False,0.0092,3.3492,4,29,5,10,2,161,69.3,64.0,0.01,0,-12.82,83.13,67.6,74.0,67.6,74.0,,,,True,N,1
824510,2026-06-01,CIN,KC,pitch,68e872ca-426a-3339-95f7-2bd94ef671d5,5,43,0,0,680574,R,Matt McLain,679883,R,Luinder Avila,CIN,KC,113,118,Walk,Matt McLain walks.,Walk,,0,0,0,0,B,Ball,ball,False,B,SI,Sinker,Ball,93.5,85.4,3.05,1.54,6.96,0.4,13,2294,15.0,9.8,-21.6,-1.2629,1.0868,1.25,0.82,-1.8,1.25,1.25,0.38,False,False,False,False,False,-1.2629,1.0868,1,69,15,18,2,162,,,,,,,,,,,,,,False,N,1
824510,2026-06-01,CIN,KC,pitch,f4d47ce9-645f-3b12-b226-d84bf14c91d6,5,43,0,0,680574,R,Matt McLain,679883,R,Luinder Avila,CIN,KC,113,118,Walk,Matt McLain walks.,Walk,,0,1,0,1,B,Ball,ball,False,B,FF,4-Seam Fastball,Ball,95.3,88.2,3.05,1.54,6.79,0.39,13,2532,2.2,12.4,-17.6,-0.1053,1.1625,0.18,1.03,-1.47,0.18,0.18,0.37,False,False,False,False,False,-0.1053,1.1625,2,70,21,18,2,163,,,,,,,,,,,,,,False,N,1
824510,2026-06-01,CIN,KC,pitch,dc8f337d-932a-37dc-a337-47dd4e8a21b9,5,43,0,0,680574,R,Matt McLain,679883,R,Luinder Avila,CIN,KC,113,118,Walk,Matt McLain walks.,Walk,,0,2,0,2,B,Ball,ball,False,B,SI,Sinker,Ball,95.5,88.4,3.05,1.54,6.8,0.39,13,2411,9.1,10.7,-19.2,-0.5889,0.6839,0.76,0.89,-1.6,0.76,0.76,0.37,False,False,False,False,False,-0.5889,0.6839,3,71,16,18,2,164,,,,,,,,,,,,,,False,N,1
824510,2026-06-01,CIN,KC,pitch,df682853-4232-3799-a3c9-423044235783,5,43,0,0,680574,R,Matt McLain,679883,R,Luinder Avila,CIN,KC,113,118,Walk,Matt McLain walks.,Walk,,0,3,0,3,B,Ball,ball,False,B,SI,Sinker,Ball,94.1,86.1,3.05,1.54,6.71,0.4,11,2404,13.1,10.0,-20.8,-1.0929,4.6524,1.09,0.83,-1.73,1.09,1.09,0.37,False,False,False,False,False,-1.0929,4.6524,4,72,17,18,2,165,,,,,,,,,,,,,,True,N,1
824510,2026-06-01,CIN,KC,pitch,09d0c1ed-8feb-3e34-8ce8-a435f887db3f,5,44,14,1,694362,R,Blake Dunn,679883,R,Luinder Avila,CIN,KC,113,118,Strikeout,Blake Dunn strikes out on a foul tip.,Strikeout,,0,0,0,0,B,Ball,ball,False,B,SI,Sinker,Ball,95.0,86.4,3.09,1.56,6.76,0.4,11,2385,14.2,9.6,-20.9,-1.3126,3.3861,1.18,0.8,-1.74,1.18,1.18,0.37,False,False,False,False,False,-1.3126,3.3861,1,73,18,19,3,166,,,,,,,,,,,,,,False,N,1
824510,2026-06-01,CIN,KC,pitch,7b7130a8-e2ec-3ba3-b834-9a5f0e2917c0,5,44,14,1,694362,R,Blake Dunn,679883,R,Luinder Avila,CIN,KC,113,118,Strikeout,Blake Dunn strikes out on a foul tip.,Strikeout,,0,1,0,1,B,Ball,ball,False,B,FF,4-Seam Fastball,Ball,95.1,87.4,3.09,1.56,6.91,0.4,13,2464,1.6,13.0,-17.2,-1.1414,1.9428,0.13,1.08,-1.43,0.13,0.13,0.37,False,False,False,False,False,-1.1414,1.9428,2,74,22,19,3,167,,,,,,,,,,,,,,False,N,1
824510,2026-06-01,CIN,KC,pitch,2f46390a-be55-3d25-b6e5-3d294e99a668,5,44,14,1,694362,R,Blake Dunn,679883,R,Luinder Avila,CIN,KC,113,118,Strikeout,Blake Dunn strikes out on a foul tip.,Strikeout,,0,2,0,2,S,Strike,called_strike,False,C,FF,4-Seam Fastball,Called Strike,95.4,87.3,3.09,1.56,6.83,0.39,5,2424,1.4,16.7,-13.4,0.2125,2.0894,0.12,1.39,-1.12,0.12,0.12,0.37,True,True,False,False,False,0.2125,2.0894,3,75,23,19,3,168,,,,,,,,,,,,,,False,N,1
824510,2026-06-01,CIN,KC,pitch,3d275443-fde9-3e21-96b5-403b3cc3dc25,5,44,14,1,694362,R,Blake Dunn,679883,R,Luinder Avila,CIN,KC,113,118,Strikeout,Blake Dunn strikes out on a foul tip.,Strikeout,,1,2,1,2,B,Ball,ball,False,B,SL,Slider,Ball,87.1,80.3,3.09,1.56,6.65,0.43,11,2578,5.6,0.5,-35.4,-0.9568,3.0401,-0.47,0.04,-2.95,5.6,-0.47,0.4,False,False,False,False,False,-0.9568,3.0401,4,76,19,19,3,169,,,,,,,,,,,,,,False,N,1
824510,2026-06-01,CIN,KC,pitch,25006d50-167a-3ed2-b936-e92335e2cd07,5,44,14,1,694362,R,Blake Dunn,679883,R,Luinder Avila,CIN,KC,113,118,Strikeout,Blake Dunn strikes out on a foul tip.,Strikeout,,1,3,1,3,S,Strike,called_strike,False,C,FF,4-Seam Fastball,Called Strike,95.3,87.6,3.09,1.56,6.8,0.39,5,2460,2.2,16.0,-14.0,-0.1581,2.3456,0.18,1.33,-1.17,0.18,0.18,0.37,True,True,False,False,False,-0.1581,2.3456,5,77,24,19,3,170,,,,,,,,,,,,,,False,N,1
824510,2026-06-01,CIN,KC,pitch,06852791-f8a4-3071-b254-15bd18379aa6,5,44,14,1,694362,R,Blake Dunn,679883,R,Luinder Avila,CIN,KC,113,118,Strikeout,Blake Dunn strikes out on a foul tip.,Strikeout,,2,3,2,3,S,Strike,foul,False,F,SL,Slider,Foul,87.2,80.7,3.09,1.56,6.73,0.43,7,2542,5.8,0.2,-35.5,-0.6592,1.6676,-0.48,0.02,-2.96,5.8,-0.48,0.4,True,True,False,False,False,-0.6592,1.6676,6,78,20,19,3,171,70.8,,,,,,,,,,,,,False,N,1
824510,2026-06-01,CIN,KC,pitch,a6f852ce-fcc2-378a-a410-9808d969d43a,5,44,14,1,694362,R,Blake Dunn,679883,R,Luinder Avila,CIN,KC,113,118,Strikeout,Blake Dunn strikes out on a foul tip.,Strikeout,,2,3,2,3,S,Strike,foul_tip,True,T,FF,4-Seam Fastball,Foul Tip,96.8,88.7,3.09,1.56,6.83,0.39,11,2531,2.2,16.7,-12.4,-0.691,3.4567,0.18,1.39,-1.03,0.18,0.18,0.36,False,False,False,False,False,-0.691,3.4567,7,79,25,19,3,172,68.9,,,,,,,,,,,,,True,N,1
824510,2026-06-01,CIN,KC,pitch,4eb9a1f4-3d43-34ee-9a88-684a2f165cf2,5,45,14,1,668709,L,JJ Bleday,679883,R,Luinder Avila,CIN,KC,113,118,Strikeout,JJ Bleday strikes out swinging.,Strikeout,,0,0,0,0,X,In Play,foul_bunt,False,L,SI,Sinker,Foul Bunt,96.5,87.8,3.29,1.66,6.99,0.39,4,2406,9.8,13.0,-16.7,-0.3471,2.4298,0.82,1.08,-1.39,0.82,0.82,0.37,True,True,False,False,False,-0.3471,2.4298,1,80,19,20,3,173,8.8,,,,,,,,,,,,,False,N,1
824510,2026-06-01,CIN,KC,pitch,f813358d-6dc9-30b4-b6fb-1de6d8e2be1c,5,45,14,1,668709,L,JJ Bleday,679883,R,Luinder Avila,CIN,KC,113,118,Strikeout,JJ Bleday strikes out swinging.,Strikeout,,1,0,1,0,B,Ball,ball,False,B,CU,Curveball,Ball,84.1,77.5,3.29,1.66,6.58,0.45,1,2730,8.9,-5.9,-44.4,-0.7714,3.0997,-0.74,-0.49,-3.7,8.9,-0.74,0.42,True,True,False,False,False,-0.7714,3.0997,2,81,11,20,3,174,,,,,,,,,,,,,,False,N,1
824510,2026-06-01,CIN,KC,pitch,737ee04c-e4ce-3e8d-a144-84e9d3113cf4,5,45,14,1,668709,L,JJ Bleday,679883,R,Luinder Avila,CIN,KC,113,118,Strikeout,JJ Bleday strikes out swinging.,Strikeout,,1,1,1,1,S,Strike,swinging_strike,True,S,SI,Sinker,Swinging Strike,96.7,87.9,3.29,1.66,6.87,0.39,13,2500,14.6,11.0,-18.5,-1.2095,2.1057,1.22,0.92,-1.54,1.22,1.22,0.37,False,False,False,False,False,-1.2095,2.1057,3,82,20,20,3,175,65.2,,,,,,,,,,,,,False,N,1
824510,2026-06-01,CIN,KC,pitch,7f6c85fc-8c16-32b9-b4d1-70d2f0504de8,5,45,14,1,668709,L,JJ Bleday,679883,R,Luinder Avila,CIN,KC,113,118,Strikeout,JJ Bleday strikes out swinging.,Strikeout,,2,1,2,1,S,Strike,swinging_strike,True,S,SL,Slider,Swinging Strike,85.1,77.9,3.29,1.66,6.76,0.44,14,2882,10.1,-7.9,-46.1,0.8778,1.3044,-0.84,-0.66,-3.84,10.1,-0.84,0.42,False,False,True,False,False,0.8778,1.3044,4,83,21,20,3,176,42.7,,,,,,,,,,,,,True,N,1
824510,2026-06-01,CIN,KC,pitch,5e11f52f-f27e-32cf-af41-b7346fcd1b9b,5,46,0,2,701398,R,Sal Stewart,679883,R,Luinder Avila,CIN,KC,113,118,Forceout,"Sal Stewart grounds into a force out, third baseman Nick Loftin to second baseman Michael Massey. Matt McLain out at 2nd.",Forceout,,0,0,0,0,S,Strike,foul_tip,True,T,SL,Slider,Foul Tip,88.4,81.3,3.24,1.64,6.93,0.43,14,2609,5.8,-0.5,-35.5,0.5646,1.4907,-0.48,-0.04,-2.96,5.8,-0.48,0.4,False,False,False,True,False,0.5646,1.4907,1,84,22,21,3,177,72.5,,,,,,,,,,True,,,False,N,1
824510,2026-06-01,CIN,KC,pitch,03e07d9d-d3c4-33b0-afb6-a6eae31c3ce8,5,46,0,2,701398,R,Sal Stewart,679883,R,Luinder Avila,CIN,KC,113,118,Forceout,"Sal Stewart grounds into a force out, third baseman Nick Loftin to second baseman Michael Massey. Matt McLain out at 2nd.",Forceout,,1,0,1,0,B,Ball,ball,False,B,FF,4-Seam Fastball,Ball,96.9,89.0,3.24,1.64,6.89,0.39,14,2596,1.7,16.0,-13.2,0.3977,0.9759,0.14,1.33,-1.1,0.14,0.14,0.37,False,False,False,True,False,0.3977,0.9759,2,85,26,21,3,178,,,,,,,,,,,True,,,False,N,1
824510,2026-06-01,CIN,KC,pitch,87d65768-4eae-3ff6-b766-13221cd365be,5,46,0,2,701398,R,Sal Stewart,679883,R,Luinder Avila,CIN,KC,113,118,Forceout,"Sal Stewart grounds into a force out, third baseman Nick Loftin to second baseman Michael Massey. Matt McLain out at 2nd.",Forceout,"{""homeRunBallparks"": 0}",1,1,1,1,X,In Play,hit_into_play,False,X,SL,Slider,"In play, out(s)",87.8,80.8,3.24,1.64,6.79,0.43,8,2859,8.4,-1.8,-37.3,0.1241,2.0651,-0.7,-0.15,-3.11,8.4,-0.7,0.4,True,True,False,True,False,0.1241,2.0651,3,86,23,21,3,179,75.0,17.0,0.2,0,-50.67,77.01,92.3,-8.0,92.3,-8.0,True,,,True,N,1
824510,2026-06-01,CIN,KC,pitch,aa1271a8-3fa9-33a7-9ff3-b3011805d230,6,47,0,0,679845,R,Nick Loftin,605335,L,Brandon Leibrandt,KC,CIN,118,113,Walk,Nick Loftin walks.,Walk,,0,0,0,0,B,Ball,ball,False,B,FF,4-Seam Fastball,Ball,88.6,80.6,3.18,1.61,6.48,0.43,13,2161,2.0,18.1,-17.0,-1.6295,2.0972,-0.17,1.51,-1.42,2.0,-0.17,0.4,False,False,False,False,False,-1.6295,2.0972,1,30,6,11,2,180,,,,,,,,,,,,,,False,N,1
824510,2026-06-01,CIN,KC,pitch,404487a7-1894-30d9-a062-f4ddfff34ec2,6,47,0,0,679845,R,Nick Loftin,605335,L,Brandon Leibrandt,KC,CIN,118,113,Walk,Nick Loftin walks.,Walk,,0,1,0,1,B,Ball,ball,False,B,CH,Changeup,Ball,79.3,72.6,3.18,1.61,6.4,0.48,12,1526,12.6,8.3,-35.3,1.0351,2.7072,-1.05,0.69,-2.94,12.6,-1.05,0.45,False,False,False,False,False,1.0351,2.7072,2,31,7,11,2,181,,,,,,,,,,,,,,False,N,1
824510,2026-06-01,CIN,KC,pitch,5b9e760f-5982-3ef1-b8bf-581baa433a2b,6,47,0,0,679845,R,Nick Loftin,605335,L,Brandon Leibrandt,KC,CIN,118,113,Walk,Nick Loftin walks.,Walk,,0,2,0,2,B,Ball,ball,False,B,SL,Slider,Ball,85.0,78.1,3.18,1.61,6.54,0.44,13,2329,5.2,7.7,-30.5,-1.1467,0.2919,0.43,0.64,-2.54,0.43,0.43,0.42,False,False,False,False,False,-1.1467,0.2919,3,32,10,11,2,182,,,,,,,,,,,,,,False,N,1
824510,2026-06-01,CIN,KC,pitch,cf345801-961d-3261-adee-50c40af9d23d,6,47,0,0,679845,R,Nick Loftin,605335,L,Brandon Leibrandt,KC,CIN,118,113,Walk,Nick Loftin walks.,Walk,,0,3,0,3,S,Strike,called_strike,False,C,FF,4-Seam Fastball,Called Strike,88.8,80.6,3.18,1.61,6.44,0.43,3,2126,2.9,17.5,-17.4,0.4364,2.9148,-0.24,1.46,-1.45,2.9,-0.24,0.4,True,True,False,False,False,0.4364,2.9148,4,33,7,11,2,183,,,,,,,,,,,,,,False,N,1
824510,2026-06-01,CIN,KC,pitch,dbc9877b-6423-355c-b1b7-fff16b1713bd,6,47,0,0,679845,R,Nick Loftin,605335,L,Brandon Leibrandt,KC,CIN,118,113,Walk,Nick Loftin walks.,Walk,,1,3,1,3,B,Ball,ball,False,B,SL,Slider,Ball,85.0,78.6,3.18,1.61,6.29,0.44,6,2386,2.9,8.4,-29.2,0.8065,2.6351,0.24,0.7,-2.43,0.24,0.24,0.41,True,True,False,False,False,0.8065,2.6351,5,34,11,11,2,184,,,,,,,,,,,,,,True,N,1
824510,2026-06-01,CIN,KC,pitch,30ac80f0-2b6c-304e-8841-d0e809a8c4f5,6,48,14,1,664728,L,Kyle Isbel,605335,L,Brandon Leibrandt,KC,CIN,118,113,Strikeout,Kyle Isbel strikes out swinging.,Strikeout,,0,0,0,0,S,Strike,called_strike,False,C,FF,4-Seam Fastball,Called Strike,87.3,79.8,3.11,1.57,6.67,0.43,4,2262,7.9,15.2,-20.8,-0.4148,2.4212,-0.66,1.27,-1.73,7.9,-0.66,0.41,True,True,False,False,False,-0.4148,2.4212,1,35,8,12,2,185,,,,,,,,,,,,,,False,N,1
824510,2026-06-01,CIN,KC,pitch,43a51e5a-e24e-33b5-99de-3098ebff0346,6,48,14,1,664728,L,Kyle Isbel,605335,L,Brandon Leibrandt,KC,CIN,118,113,Strikeout,Kyle Isbel strikes out swinging.,Strikeout,,1,0,1,0,S,Strike,called_strike,False,C,SL,Slider,Called Strike,83.4,77.3,3.11,1.57,6.64,0.45,7,2323,2.4,4.7,-34.3,-0.3996,1.6895,0.2,0.39,-2.86,0.2,0.2,0.42,True,True,False,False,True,-0.3996,1.6895,2,36,12,12,2,186,11.5,,,,,,,,,,,,,False,N,1
824510,2026-06-01,CIN,KC,pitch,004f74fd-4f3d-3ca9-9cb4-31474d593bfb,6,48,14,1,664728,L,Kyle Isbel,605335,L,Brandon Leibrandt,KC,CIN,118,113,Strikeout,Kyle Isbel strikes out swinging.,Strikeout,,2,0,2,0,S,Strike,swinging_strike,True,S,CH,Changeup,Swinging Strike,79.2,73.2,3.11,1.57,6.69,0.47,14,1428,9.8,4.4,-39.0,0.0412,0.9847,-0.82,0.37,-3.25,9.8,-0.82,0.45,False,False,False,False,False,0.0412,0.9847,3,37,8,12,2,187,71.7,,,,,,,,,,,,,True,N,1
824510,2026-06-01,CIN,KC,pitch,33259c26-0257-3e72-a325-057226f62290,6,49,0,1,695600,L,Carter Jensen,605335,L,Brandon Leibrandt,KC,CIN,118,113,Flyout,Carter Jensen flies out to center fielder Blake Dunn.,Flyout,,0,0,0,0,B,Ball,ball,False,B,FF,4-Seam Fastball,Ball,87.8,79.9,3.19,1.61,6.57,0.43,14,2236,7.8,15.0,-20.8,1.2729,2.0473,-0.65,1.25,-1.73,7.8,-0.65,0.4,False,False,False,True,False,1.2729,2.0473,1,38,9,13,2,188,,,,,,,,,,,,,,False,N,1
824510,2026-06-01,CIN,KC,pitch,dd6b731d-c49b-3286-bdcc-73394d87d7b2,6,49,0,1,695600,L,Carter Jensen,605335,L,Brandon Leibrandt,KC,CIN,118,113,Flyout,Carter Jensen flies out to center fielder Blake Dunn.,Flyout,"{""homeRunBallparks"": 0}",0,1,0,1,X,In Play,hit_into_play,False,X,SI,Sinker,"In play, out(s)",87.4,79.4,3.19,1.61,6.47,0.43,12,2221,10.3,15.0,-21.1,0.8756,2.6072,-0.86,1.25,-1.76,10.3,-0.86,0.41,False,False,False,True,False,0.8756,2.6072,2,39,8,13,2,189,74.4,263.0,0.05,0,5.52,259.02,78.3,40.0,78.3,40.0,,,,True,N,1
824510,2026-06-01,CIN,KC,pitch,37cd8e83-50eb-33a2-a408-0f047a2efcd0,6,50,0,2,677951,R,Bobby Witt Jr.,605335,L,Brandon Leibrandt,KC,CIN,118,113,Intent Walk,Brandon Leibrandt intentionally walks Bobby Witt Jr.,Intent Walk,,0,0,0,0,B,Ball,ball,False,B,FF,4-Seam Fastball,Ball,87.8,79.7,3.24,1.63,6.23,0.43,12,2083,8.8,16.0,-19.7,0.9964,4.2063,-0.73,1.33,-1.64,8.8,-0.73,0.4,False,False,False,False,False,0.9964,4.2063,1,40,10,14,2,190,,,,,,,,,,,True,,,False,N,1
824510,2026-06-01,CIN,KC,pitch,7d2e9998-4e95-3076-8197-7b805fb4fe2c,6,50,0,2,677951,R,Bobby Witt Jr.,605335,L,Brandon Leibrandt,KC,CIN,118,113,Intent Walk,Brandon Leibrandt intentionally walks Bobby Witt Jr.,Intent Walk,,0,1,0,1,B,Ball,ball,False,B,SL,Slider,Ball,85.0,78.7,3.24,1.63,6.32,0.44,14,2357,3.1,8.4,-29.2,0.0766,1.4286,0.26,0.7,-2.43,0.26,0.26,0.41,False,False,False,False,False,0.0766,1.4286,2,41,13,14,2,191,,,,,,,,,,,True,,,False,N,1
824510,2026-06-01,CIN,KC,pitch,62eefde8-fefe-3952-9843-b6bcb0b55974,6,50,0,2,677951,R,Bobby Witt Jr.,605335,L,Brandon Leibrandt,KC,CIN,118,113,Intent Walk,Brandon Leibrandt intentionally walks Bobby Witt Jr.,Intent Walk,,0,2,0,2,B,Ball,ball,False,B,CH,Changeup,Ball,78.3,71.9,3.24,1.63,6.36,0.48,12,1423,10.1,4.1,-40.3,0.9761,4.4897,-0.84,0.34,-3.36,10.1,-0.84,0.45,False,False,False,False,False,0.9761,4.4897,3,42,9,14,2,192,,,,,,,,,,,True,,,True,N,1
824510,2026-06-01,CIN,KC,pitch,6045eb72-1cd0-3f88-bb48-c7c00fc1afb1,6,51,33,2,686469,L,Vinnie Pasquantino,605335,L,Brandon Leibrandt,KC,CIN,118,113,Single,Vinnie Pasquantino singles on a line drive to right fielder Spencer Steer. Nick Loftin scores. Bobby Witt Jr. to 3rd.,Single,,0,0,0,0,B,Ball,ball,False,B,FF,4-Seam Fastball,Ball,88.0,80.1,3.36,1.7,6.18,0.43,12,2166,5.8,15.4,-20.0,1.3492,3.3877,-0.48,1.28,-1.67,5.8,-0.48,0.4,False,False,False,False,False,1.3492,3.3877,1,43,11,15,2,193,,,,,,,,,,,True,True,True,False,N,1
824510,2026-06-01,CIN,KC,pitch,97fcfb07-fedc-3004-898d-c2d9b0e9037d,6,51,33,2,686469,L,Vinnie Pasquantino,605335,L,Brandon Leibrandt,KC,CIN,118,113,Single,Vinnie Pasquantino singles on a line drive to right fielder Spencer Steer. Nick Loftin scores. Bobby Witt Jr. to 3rd.,Single,"{""homeRunBallparks"": 0}",0,1,0,1,X,In Play,hit_into_play,False,E,SI,Sinker,"In play, run(s)",88.2,80.3,3.36,1.7,6.42,0.43,6,2160,11.4,13.8,-21.5,0.402,2.3183,-0.95,1.15,-1.79,11.4,-0.95,0.4,True,True,False,False,False,0.402,2.3183,2,44,9,15,2,194,73.4,171.0,0.63,0,128.16,215.0,94.8,9.0,94.8,9.0,True,True,True,True,N,1
824510,2026-06-01,CIN,KC,pitch,0a1b535b-de2f-30fb-b7c3-2f54cc4c9f7c,6,52,0,2,695506,L,Jac Caglianone,605335,L,Brandon Leibrandt,KC,CIN,118,113,Flyout,Jac Caglianone flies out to center fielder Blake Dunn.,Flyout,"{""homeRunBallparks"": 0}",0,0,0,0,X,In Play,hit_into_play,False,X,ST,Sweeper,"In play, out(s)",77.9,70.9,3.4,1.72,6.36,0.49,7,2726,12.4,-2.0,-47.6,-0.5879,1.8269,1.03,-0.17,-3.97,1.03,1.03,0.46,True,True,False,True,False,-0.5879,1.8269,1,45,3,16,2,195,75.8,308.0,0.02,0,24.34,306.5,84.4,34.0,84.4,34.0,,,,True,N,1
824510,2026-06-01,CIN,KC,pitch,54b122ec-c7f0-37b1-99be-039fa29c29f8,6,53,14,1,553993,R,Eugenio Suárez,670167,R,John Schreiber,CIN,KC,113,118,Strikeout,Eugenio Suárez strikes out swinging.,Strikeout,,0,0,0,0,S,Strike,foul,False,F,SI,Sinker,Foul,93.5,85.3,3.17,1.6,6.49,0.4,8,2263,16.0,-5.3,-36.7,0.2085,1.7171,1.33,-0.44,-3.06,1.33,1.33,0.38,True,True,False,False,False,0.2085,1.7171,1,1,1,1,1,196,72.6,,,,,,,,,,,,,False,N,1
824510,2026-06-01,CIN,KC,pitch,65d92531-c968-3429-b83e-72c74acdcb63,6,53,14,1,553993,R,Eugenio Suárez,670167,R,John Schreiber,CIN,KC,113,118,Strikeout,Eugenio Suárez strikes out swinging.,Strikeout,,1,0,1,0,B,Ball,ball,False,B,FF,4-Seam Fastball,Ball,94.1,85.6,3.17,1.6,6.42,0.4,12,2410,10.9,14.3,-16.8,0.9365,4.3553,0.91,1.19,-1.4,0.91,0.91,0.38,False,False,False,False,False,0.9365,4.3553,2,2,1,1,1,197,,,,,,,,,,,,,,False,N,1
824510,2026-06-01,CIN,KC,pitch,9e6957f7-6f76-3151-bca9-ad6dc9d31153,6,53,14,1,553993,R,Eugenio Suárez,670167,R,John Schreiber,CIN,KC,113,118,Strikeout,Eugenio Suárez strikes out swinging.,Strikeout,,1,1,1,1,S,Strike,called_strike,False,C,SI,Sinker,Called Strike,93.4,84.6,3.17,1.6,6.48,0.41,6,2317,19.4,-1.1,-32.8,0.2803,2.1859,1.62,-0.09,-2.73,1.62,1.62,0.38,True,True,False,False,False,0.2803,2.1859,3,3,2,1,1,198,,,,,,,,,,,,,,False,N,1
824510,2026-06-01,CIN,KC,pitch,d70f103d-6415-32a3-995c-8e9182c847ea,6,53,14,1,553993,R,Eugenio Suárez,670167,R,John Schreiber,CIN,KC,113,118,Strikeout,Eugenio Suárez strikes out swinging.,Strikeout,,2,1,2,1,S,Strike,swinging_strike,True,S,ST,Sweeper,Swinging Strike,82.7,75.4,3.17,1.6,6.41,0.46,14,2782,18.2,4.4,-36.0,1.4175,1.9826,-1.52,0.37,-3.0,18.2,-1.52,0.43,False,False,False,False,False,1.4175,1.9826,4,4,1,1,1,199,68.7,,,,,,,,,,,,,True,N,1
824510,2026-06-01,CIN,KC,pitch,ed665132-6d9f-31e3-9e9b-9c290754b8a5,6,54,0,1,663993,L,Nathaniel Lowe,670167,R,John Schreiber,CIN,KC,113,118,Walk,Nathaniel Lowe walks.,Walk,,0,0,0,0,B,Ball,ball,False,B,FF,4-Seam Fastball,Ball,94.6,86.4,3.37,1.7,6.56,0.4,14,2304,13.8,11.6,-19.1,0.8461,2.1494,1.15,0.97,-1.59,1.15,1.15,0.37,False,False,False,False,False,0.8461,2.1494,1,5,2,2,1,200,,,,,,,,,,,,,,False,N,1
824510,2026-06-01,CIN,KC,pitch,895e3edf-70c0-38f6-9fe3-cfa719e009f8,6,54,0,1,663993,L,Nathaniel Lowe,670167,R,John Schreiber,CIN,KC,113,118,Walk,Nathaniel Lowe walks.,Walk,,0,1,0,1,S,Strike,called_strike,False,C,FF,4-Seam Fastball,Called Strike,94.3,86.1,3.37,1.7,6.45,0.4,2,2364,12.2,12.4,-18.5,-0.0731,3.1151,1.02,1.03,-1.54,1.02,1.02,0.38,True,True,False,False,False,-0.0731,3.1151,2,6,3,2,1,201,,,,,,,,,,,,,,False,N,1
824510,2026-06-01,CIN,KC,pitch,4131027c-a92e-39fa-839d-1363039f790e,6,54,0,1,663993,L,Nathaniel Lowe,670167,R,John Schreiber,CIN,KC,113,118,Walk,Nathaniel Lowe walks.,Walk,,1,1,1,1,B,Ball,ball,False,B,CH,Changeup,Ball,87.3,80.1,3.37,1.7,6.51,0.43,14,1139,7.2,-4.8,-40.9,1.6187,1.3748,0.6,-0.4,-3.41,0.6,0.6,0.41,False,False,False,False,False,1.6187,1.3748,3,7,1,2,1,202,,,,,,,,,,,,,,False,N,1
824510,2026-06-01,CIN,KC,pitch,9bead90b-51e3-354c-a78b-b59981e97bd2,6,54,0,1,663993,L,Nathaniel Lowe,670167,R,John Schreiber,CIN,KC,113,118,Walk,Nathaniel Lowe walks.,Walk,,1,2,1,2,B,Ball,ball,False,B,FF,4-Seam Fastball,Ball,94.5,86.1,3.37,1.7,6.48,0.4,14,2414,11.0,11.6,-19.2,1.1544,2.4184,0.92,0.97,-1.6,0.92,0.92,0.38,False,False,False,False,False,1.1544,2.4184,4,8,4,2,1,203,,,,,,,,,,,,,,False,N,1
824510,2026-06-01,CIN,KC,pitch,03dde9cc-ffaa-3745-b3b8-ed28b7c1a707,6,54,0,1,663993,L,Nathaniel Lowe,670167,R,John Schreiber,CIN,KC,113,118,Walk,Nathaniel Lowe walks.,Walk,,1,3,1,3,B,Ball,ball,False,B,SI,Sinker,Ball,92.3,83.5,3.37,1.7,6.7,0.41,14,2276,19.3,-3.1,-35.8,0.8562,1.474,1.61,-0.26,-2.98,1.61,1.61,0.39,False,False,False,False,False,0.8562,1.474,5,9,3,2,1,204,,,,,,,,,,,,,,True,N,1
824510,2026-06-01,CIN,KC,pitch,5ba35fa4-8726-3c50-9783-3928e23ff48f,6,55,24,1,668715,R,Spencer Steer,670167,R,John Schreiber,CIN,KC,113,118,GIDP,"Reds challenged (play at 1st), call on the field was upheld: Spencer Steer grounds into a double play, shortstop Bobby Witt Jr. to second baseman Michael Massey to first baseman Vinnie Pasquantino. Nathaniel Lowe out at 2nd. Spencer Steer out at 1st.",GIDP,,0,0,0,0,B,Ball,ball,False,B,ST,Sweeper,Ball,83.0,75.3,3.1,1.56,6.27,0.46,14,2747,16.4,3.0,-37.3,1.6691,1.9566,-1.37,0.25,-3.11,16.4,-1.37,0.43,False,False,False,False,False,1.6691,1.9566,1,10,2,3,1,205,,,,,,,,,,,True,,,False,N,1
824510,2026-06-01,CIN,KC,pitch,88774542-41be-3adf-bbfa-00bf1b84ce61,6,55,24,1,668715,R,Spencer Steer,670167,R,John Schreiber,CIN,KC,113,118,GIDP,"Reds challenged (play at 1st), call on the field was upheld: Spencer Steer grounds into a double play, shortstop Bobby Witt Jr. to second baseman Michael Massey to first baseman Vinnie Pasquantino. Nathaniel Lowe out at 2nd. Spencer Steer out at 1st.",GIDP,"{""homeRunBallparks"": 0}",0,1,0,1,X,In Play,hit_into_play,False,X,SI,Sinker,"In play, out(s)",93.3,84.2,3.1,1.56,6.61,0.41,4,2328,18.6,-3.8,-35.8,-0.8213,2.2867,1.55,-0.32,-2.98,1.55,1.55,0.38,True,True,False,False,False,-0.8213,2.2867,2,11,4,3,1,206,68.0,35.0,0.1,,-18.8,108.03,63.7,,63.7,,True,,,True,N,1
824510,2026-06-01,CIN,KC,pitch,f9fa091c-32e2-326e-8f0b-ede42899c675,7,56,14,1,686555,R,Isaac Collins,605335,L,Brandon Leibrandt,KC,CIN,118,113,Strikeout,Isaac Collins strikes out swinging.,Strikeout,,0,0,0,0,S,Strike,foul,False,F,SI,Sinker,Foul,87.9,80.4,3.01,1.52,6.43,0.43,5,2203,10.2,15.7,-19.7,-0.0199,2.3907,-0.85,1.31,-1.64,10.2,-0.85,0.4,True,True,False,False,False,-0.0199,2.3907,1,46,10,17,2,207,75.8,,,,,,,,,,,,,False,N,1
824510,2026-06-01,CIN,KC,pitch,b4426821-ea59-356d-aa7f-139e92efce1c,7,56,14,1,686555,R,Isaac Collins,605335,L,Brandon Leibrandt,KC,CIN,118,113,Strikeout,Isaac Collins strikes out swinging.,Strikeout,,1,0,1,0,S,Strike,swinging_strike,True,S,CH,Changeup,Swinging Strike,80.2,73.7,3.01,1.52,6.44,0.47,14,1444,12.2,8.4,-34.2,0.2948,1.3929,-1.02,0.7,-2.85,12.2,-1.02,0.44,False,False,False,False,False,0.2948,1.3929,2,47,10,17,2,208,72.4,,,,,,,,,,,,,False,N,1
824510,2026-06-01,CIN,KC,pitch,e3ecc3fe-2e1a-3bda-b735-300f32362b82,7,56,14,1,686555,R,Isaac Collins,605335,L,Brandon Leibrandt,KC,CIN,118,113,Strikeout,Isaac Collins strikes out swinging.,Strikeout,,2,0,2,0,B,Ball,ball,False,B,FF,4-Seam Fastball,Ball,88.2,79.9,3.01,1.52,6.19,0.43,11,2244,5.2,19.8,-15.6,-0.7018,3.9381,-0.43,1.65,-1.3,5.2,-0.43,0.4,False,False,False,False,False,-0.7018,3.9381,3,48,12,17,2,209,,,,,,,,,,,,,,False,N,1
824510,2026-06-01,CIN,KC,pitch,f869dbc2-0e03-3774-83a2-30fabf6a0fae,7,56,14,1,686555,R,Isaac Collins,605335,L,Brandon Leibrandt,KC,CIN,118,113,Strikeout,Isaac Collins strikes out swinging.,Strikeout,,2,1,2,1,S,Strike,swinging_strike,True,S,CH,Changeup,Swinging Strike,79.5,73.1,3.01,1.52,6.52,0.47,14,1500,9.8,6.5,-37.0,0.0109,1.1555,-0.82,0.54,-3.08,9.8,-0.82,0.45,False,False,False,False,False,0.0109,1.1555,4,49,11,17,2,210,75.2,,,,,,,,,,,,,True,N,1
824510,2026-06-01,CIN,KC,pitch,0062bcbf-486c-31c1-b0b1-05b75da96572,7,57,0,1,657041,R,Lane Thomas,605335,L,Brandon Leibrandt,KC,CIN,118,113,Groundout,"Lane Thomas grounds out, shortstop Matt McLain to first baseman Nathaniel Lowe.",Groundout,,0,0,0,0,B,Ball,ball,False,B,SL,Slider,Ball,83.4,77.0,3.15,1.59,6.46,0.45,13,2402,5.4,7.7,-31.7,-1.331,0.5276,0.45,0.64,-2.64,0.45,0.45,0.42,False,False,False,True,False,-1.331,0.5276,1,50,14,18,2,211,,,,,,,,,,,,,,False,N,1
824510,2026-06-01,CIN,KC,pitch,6812fb7a-2f39-3c0f-8adf-85bcda13fd75,7,57,0,1,657041,R,Lane Thomas,605335,L,Brandon Leibrandt,KC,CIN,118,113,Groundout,"Lane Thomas grounds out, shortstop Matt McLain to first baseman Nathaniel Lowe.",Groundout,,0,1,0,1,B,Ball,ball,False,B,CH,Changeup,Ball,80.3,73.6,3.15,1.59,6.39,0.47,14,1294,9.8,6.1,-36.5,0.7035,1.3834,-0.82,0.51,-3.04,9.8,-0.82,0.44,False,False,False,True,False,0.7035,1.3834,2,51,12,18,2,212,25.5,,,,,,,,,,,,,False,N,1
824510,2026-06-01,CIN,KC,pitch,b3b1510c-e356-3bbd-9664-6ef323e83ea2,7,57,0,1,657041,R,Lane Thomas,605335,L,Brandon Leibrandt,KC,CIN,118,113,Groundout,"Lane Thomas grounds out, shortstop Matt McLain to first baseman Nathaniel Lowe.",Groundout,,0,2,0,2,S,Strike,called_strike,False,C,FF,4-Seam Fastball,Called Strike,88.4,80.1,3.15,1.59,6.43,0.43,4,2294,4.2,19.8,-15.5,-0.3491,2.3676,-0.35,1.65,-1.29,4.2,-0.35,0.4,True,True,False,True,False,-0.3491,2.3676,3,52,13,18,2,213,,,,,,,,,,,,,,False,N,1
824510,2026-06-01,CIN,KC,pitch,54e6070d-9b44-374c-957c-4acbf3a41d63,7,57,0,1,657041,R,Lane Thomas,605335,L,Brandon Leibrandt,KC,CIN,118,113,Groundout,"Lane Thomas grounds out, shortstop Matt McLain to first baseman Nathaniel Lowe.",Groundout,,1,2,1,2,S,Strike,foul,False,F,CU,Curveball,Foul,75.3,68.6,3.15,1.59,6.36,0.5,5,2567,12.6,-10.1,-59.0,-0.1662,2.068,1.05,-0.84,-4.92,1.05,1.05,0.47,True,True,False,True,False,-0.1662,2.068,4,53,1,18,2,214,78.4,,,,,,,,,,,,,False,N,1
824510,2026-06-01,CIN,KC,pitch,ff96d362-a9b3-34c7-8e7e-dd998a0f7996,7,57,0,1,657041,R,Lane Thomas,605335,L,Brandon Leibrandt,KC,CIN,118,113,Groundout,"Lane Thomas grounds out, shortstop Matt McLain to first baseman Nathaniel Lowe.",Groundout,,2,2,2,2,B,Ball,ball,False,B,CH,Changeup,Ball,80.1,73.7,3.15,1.59,6.8,0.47,14,1382,12.1,7.1,-35.8,0.0987,0.4996,-1.01,0.59,-2.98,12.1,-1.01,0.44,False,False,False,True,False,0.0987,0.4996,5,54,13,18,2,215,,,,,,,,,,,,,,False,N,1
824510,2026-06-01,CIN,KC,pitch,84c15c66-9df0-37d9-a198-b6ff57b0e60d,7,57,0,1,657041,R,Lane Thomas,605335,L,Brandon Leibrandt,KC,CIN,118,113,Groundout,"Lane Thomas grounds out, shortstop Matt McLain to first baseman Nathaniel Lowe.",Groundout,"{""homeRunBallparks"": 0}",2,3,2,3,X,In Play,hit_into_play,False,X,CH,Changeup,"In play, out(s)",79.0,72.7,3.15,1.59,6.5,0.48,9,1320,11.8,5.5,-38.3,0.7456,1.638,-0.98,0.46,-3.19,11.8,-0.98,0.45,True,True,False,True,False,0.7456,1.638,6,55,14,18,2,216,67.5,11.0,0.26,0,-55.8,149.95,93.4,-10.0,93.4,-10.0,,,,True,N,1
824510,2026-06-01,CIN,KC,pitch,1bc9f943-5b64-3abb-b59e-3f1f801d52e0,7,58,38,2,686681,L,Michael Massey,605335,L,Brandon Leibrandt,KC,CIN,118,113,Home Run,Michael Massey homers (5) on a fly ball to right center field.,Home Run,,0,0,0,0,B,Ball,ball,False,B,CU,Curveball,Ball,75.5,68.4,3.2,1.62,6.4,0.5,11,2609,15.2,-8.4,-57.4,-1.4855,2.9158,1.27,-0.7,-4.78,1.27,1.27,0.47,False,False,False,False,False,-1.4855,2.9158,1,56,2,19,3,217,,,,,,,,,,,,,,False,N,1
824510,2026-06-01,CIN,KC,pitch,8cab558a-3a11-3871-95e2-9d32f786cbf5,7,58,38,2,686681,L,Michael Massey,605335,L,Brandon Leibrandt,KC,CIN,118,113,Home Run,Michael Massey homers (5) on a fly ball to right center field.,Home Run,,0,1,0,1,S,Strike,foul,False,F,FF,4-Seam Fastball,Foul,87.9,79.3,3.2,1.62,6.46,0.43,1,2310,2.6,19.3,-16.6,-0.7931,2.796,-0.22,1.61,-1.38,2.6,-0.22,0.41,True,True,False,False,False,-0.7931,2.796,2,57,14,19,3,218,74.2,,,,,,,,,,,,,False,N,1
824510,2026-06-01,CIN,KC,pitch,c009a3a7-5baa-35f3-9871-5840c320809c,7,58,38,2,686681,L,Michael Massey,605335,L,Brandon Leibrandt,KC,CIN,118,113,Home Run,Michael Massey homers (5) on a fly ball to right center field.,Home Run,"{""homeRunBallparks"": 26}",1,1,1,1,X,In Play,hit_into_play,False,E,FF,4-Seam Fastball,"In play, run(s)",88.4,80.1,3.2,1.62,6.38,0.43,4,2244,5.2,18.2,-17.0,-0.4583,2.587,-0.43,1.52,-1.42,5.2,-0.43,0.4,True,True,False,False,False,-0.4583,2.587,3,58,15,19,3,219,74.7,390.0,0.59,1,153.4,360.08,101.1,26.0,101.1,26.0,,,,True,N,1
824510,2026-06-01,CIN,KC,pitch,5ffde4bd-efc0-3f6e-a121-79b726dd6c59,7,59,33,2,679845,R,Nick Loftin,605335,L,Brandon Leibrandt,KC,CIN,118,113,Single,Nick Loftin singles on a ground ball to center fielder Blake Dunn.,Single,,0,0,0,0,S,Strike,called_strike,False,C,CU,Curveball,Called Strike,75.1,68.3,3.18,1.61,6.28,0.51,5,2645,11.2,-11.0,-60.4,0.2121,2.3901,0.93,-0.92,-5.03,0.93,0.93,0.47,True,True,False,False,False,0.2121,2.3901,1,59,3,20,3,220,,,,,,,,,,,,,,False,N,1
824510,2026-06-01,CIN,KC,pitch,8571655d-5e81-3bab-b8ad-dc8364e3af8c,7,59,33,2,679845,R,Nick Loftin,605335,L,Brandon Leibrandt,KC,CIN,118,113,Single,Nick Loftin singles on a ground ball to center fielder Blake Dunn.,Single,"{""homeRunBallparks"": 0}",1,0,1,0,X,In Play,hit_into_play,False,D,CH,Changeup,"In play, no out",79.6,73.1,3.18,1.61,6.45,0.47,9,1553,10.4,7.7,-35.5,0.6683,1.8945,-0.87,0.64,-2.96,10.4,-0.87,0.44,True,True,False,False,False,0.6683,1.8945,2,60,15,20,3,221,68.0,141.0,0.3,0,-38.45,229.97,73.1,11.0,73.1,11.0,,,,True,N,1
824510,2026-06-01,CIN,KC,pitch,c3357c04-d6c9-396b-8d6c-b91c06077467,7,60,0,2,664728,L,Kyle Isbel,605335,L,Brandon Leibrandt,KC,CIN,118,113,Lineout,Kyle Isbel lines out to left fielder JJ Bleday.,Lineout,,0,0,0,0,S,Strike,swinging_strike,True,S,SL,Slider,Swinging Strike,83.7,76.6,3.11,1.57,6.43,0.45,13,2303,5.0,6.2,-33.1,-0.6762,1.2478,0.42,0.52,-2.76,0.42,0.42,0.42,False,False,False,True,False,-0.6762,1.2478,1,61,15,21,3,222,76.7,,,,,,,,,,,,,False,N,1
824510,2026-06-01,CIN,KC,pitch,828c6568-9788-39c3-b108-d7b678ee736e,7,60,0,2,664728,L,Kyle Isbel,605335,L,Brandon Leibrandt,KC,CIN,118,113,Lineout,Kyle Isbel lines out to left fielder JJ Bleday.,Lineout,"{""homeRunBallparks"": 0}",1,0,1,0,X,In Play,hit_into_play,False,X,ST,Sweeper,"In play, out(s)",77.3,70.3,3.11,1.57,6.31,0.49,13,2655,19.7,-2.6,-49.1,-0.9141,2.0756,1.64,-0.22,-4.09,1.64,1.64,0.46,False,False,False,True,False,-0.9141,2.0756,2,62,4,21,3,223,65.2,261.0,0.33,0,-149.18,212.71,79.1,26.0,79.1,26.0,,,,True,N,1
824510,2026-06-01,CIN,KC,pitch,37548385-d01a-395c-a495-a8a49a4c84a3,7,61,0,1,663886,R,Tyler Stephenson,656638,R,Alex Lange,CIN,KC,113,118,Lineout,Tyler Stephenson lines out to center fielder Kyle Isbel.,Lineout,,0,0,0,0,S,Strike,called_strike,False,C,FC,Cutter,Called Strike,94.1,85.9,3.36,1.7,6.39,0.4,9,2245,2.5,6.6,-24.5,0.6207,2.2089,0.21,0.55,-2.04,0.21,0.21,0.38,True,True,False,True,False,0.6207,2.2089,1,1,1,1,1,224,,,,,,,,,,,,,,False,N,1
824510,2026-06-01,CIN,KC,pitch,b5dea80c-d567-345e-a768-8042856f0b60,7,61,0,1,663886,R,Tyler Stephenson,656638,R,Alex Lange,CIN,KC,113,118,Lineout,Tyler Stephenson lines out to center fielder Kyle Isbel.,Lineout,"{""homeRunBallparks"": 0}",1,0,1,0,X,In Play,hit_into_play,False,X,SL,Slider,"In play, out(s)",87.6,80.0,3.36,1.7,6.37,0.43,7,2277,1.2,-5.2,-41.0,-0.341,2.0631,-0.1,-0.43,-3.42,1.2,-0.1,0.4,True,True,False,True,False,-0.341,2.0631,2,2,1,1,1,225,69.2,288.0,0.31,0,-11.86,287.15,89.8,21.0,89.8,21.0,,,,True,N,1
824510,2026-06-01,CIN,KC,pitch,87de3c26-b847-30fd-9e21-22246edb5f3f,7,62,14,1,695490,L,Edwin Arroyo,656638,R,Alex Lange,CIN,KC,113,118,Strikeout,Edwin Arroyo strikes out swinging.,Strikeout,,0,0,0,0,S,Strike,foul,False,F,CH,Changeup,Foul,91.8,83.4,3.16,1.6,6.34,0.41,11,2076,15.6,2.2,-30.6,-1.0561,2.3902,1.3,0.18,-2.55,1.3,1.3,0.39,False,False,False,False,False,-1.0561,2.3902,1,3,1,2,1,226,66.0,,,,,,,,,,,,,False,N,1
824510,2026-06-01,CIN,KC,pitch,14413e01-af6b-3e8f-8b5f-349f39d37505,7,62,14,1,695490,L,Edwin Arroyo,656638,R,Alex Lange,CIN,KC,113,118,Strikeout,Edwin Arroyo strikes out swinging.,Strikeout,,1,0,1,0,S,Strike,swinging_strike,True,S,SL,Slider,Swinging Strike,88.5,80.8,3.16,1.6,6.45,0.43,14,2257,0.5,-4.7,-40.2,0.8958,0.1656,0.04,-0.39,-3.35,0.04,0.04,0.4,False,False,False,False,False,0.8958,0.1656,2,4,2,2,1,227,66.5,,,,,,,,,,,,,False,N,1
824510,2026-06-01,CIN,KC,pitch,97a0a3ee-161d-3fea-8188-32ca76400190,7,62,14,1,695490,L,Edwin Arroyo,656638,R,Alex Lange,CIN,KC,113,118,Strikeout,Edwin Arroyo strikes out swinging.,Strikeout,,2,0,2,0,S,Strike,swinging_strike_blocked,True,W,SL,Slider,Swinging Strike,88.2,80.9,3.16,1.6,6.47,0.43,13,2289,2.6,-6.1,-41.5,-0.0531,0.5859,0.22,-0.51,-3.46,0.22,0.22,0.4,False,False,False,False,False,-0.0531,0.5859,3,5,3,2,1,228,65.4,,,,,,,,,,,,,True,N,1
824510,2026-06-01,CIN,KC,pitch,d9b8bf27-554b-3225-a485-36c410f8322e,7,63,14,2,680574,R,Matt McLain,656638,R,Alex Lange,CIN,KC,113,118,Strikeout,Matt McLain called out on strikes.,Strikeout,,0,0,0,0,S,Strike,called_strike,False,C,SI,Sinker,Called Strike,96.8,88.7,3.05,1.54,6.45,0.39,4,2203,16.7,7.3,-21.8,-0.5601,2.5549,1.39,0.61,-1.82,1.39,1.39,0.36,True,True,False,False,False,-0.5601,2.5549,1,6,1,3,1,229,,,,,,,,,,,,,,False,N,1
824510,2026-06-01,CIN,KC,pitch,5bdc2de6-04e5-307b-8397-290740ec7fa9,7,63,14,2,680574,R,Matt McLain,656638,R,Alex Lange,CIN,KC,113,118,Strikeout,Matt McLain called out on strikes.,Strikeout,,1,0,1,0,S,Strike,swinging_strike,True,S,SL,Slider,Swinging Strike,87.8,80.8,3.05,1.54,6.34,0.43,8,2317,4.6,-0.6,-36.1,0.2367,1.6903,0.38,-0.05,-3.01,0.38,0.38,0.4,True,True,False,False,False,0.2367,1.6903,2,7,4,3,1,230,72.6,,,,,,,,,,,,,False,N,1
824510,2026-06-01,CIN,KC,pitch,5b1a2bd1-f424-3df5-a821-937489f6f9af,7,63,14,2,680574,R,Matt McLain,656638,R,Alex Lange,CIN,KC,113,118,Strikeout,Matt McLain called out on strikes.,Strikeout,,2,0,2,0,B,Ball,ball,False,B,CH,Changeup,Ball,92.5,85.6,3.05,1.54,6.39,0.41,14,1900,16.8,0.4,-31.6,0.4527,0.5302,1.4,0.03,-2.63,1.4,1.4,0.38,False,False,False,False,False,0.4527,0.5302,3,8,2,3,1,231,,,,,,,,,,,,,,False,N,1
824510,2026-06-01,CIN,KC,pitch,af2aed26-1603-3003-98e5-07e8fd9aef2c,7,63,14,2,680574,R,Matt McLain,656638,R,Alex Lange,CIN,KC,113,118,Strikeout,Matt McLain called out on strikes.,Strikeout,,2,1,2,1,S,Strike,called_strike,False,C,FF,4-Seam Fastball,Called Strike,96.8,88.5,3.05,1.54,6.47,0.39,5,2335,15.1,14.5,-14.8,0.0437,2.1413,1.26,1.21,-1.23,1.26,1.26,0.37,True,True,False,False,False,0.0437,2.1413,4,9,1,3,1,232,,,,,,,,,,,,,,True,N,1
824510,2026-06-01,CIN,KC,pitch,190edbeb-4456-3510-b600-b376d2dc853d,8,64,0,1,695600,L,Carter Jensen,605335,L,Brandon Leibrandt,KC,CIN,118,113,Flyout,Carter Jensen flies out to center fielder Blake Dunn.,Flyout,,0,0,0,0,B,Ball,ball,False,B,ST,Sweeper,Ball,78.1,71.8,3.19,1.61,6.25,0.48,13,2595,8.3,-3.1,-48.5,-1.639,-0.0532,0.69,-0.26,-4.04,0.69,0.69,0.46,False,False,False,True,False,-1.639,-0.0532,1,63,5,22,3,233,,,,,,,,,,,,,,False,N,1
824510,2026-06-01,CIN,KC,pitch,db4220fd-5d89-31a9-af0f-16f9af8576ce,8,64,0,1,695600,L,Carter Jensen,605335,L,Brandon Leibrandt,KC,CIN,118,113,Flyout,Carter Jensen flies out to center fielder Blake Dunn.,Flyout,,0,1,0,1,S,Strike,swinging_strike,True,S,CH,Changeup,Swinging Strike,79.5,72.8,3.19,1.61,6.45,0.47,6,1455,15.0,8.6,-34.8,0.7933,2.375,-1.25,0.72,-2.9,15.0,-1.25,0.45,True,True,False,True,False,0.7933,2.375,2,64,16,22,3,234,74.7,,,,,,,,,,,,,False,N,1
824510,2026-06-01,CIN,KC,pitch,fda8d253-bce5-3954-add5-287111950a3c,8,64,0,1,695600,L,Carter Jensen,605335,L,Brandon Leibrandt,KC,CIN,118,113,Flyout,Carter Jensen flies out to center fielder Blake Dunn.,Flyout,,1,1,1,1,S,Strike,called_strike,False,C,ST,Sweeper,Called Strike,76.5,70.6,3.19,1.61,6.27,0.49,7,2585,15.6,-1.6,-48.4,-0.3611,1.5381,1.3,-0.13,-4.03,1.3,1.3,0.46,True,True,False,True,False,-0.3611,1.5381,3,65,6,22,3,235,,,,,,,,,,,,,,False,N,1
824510,2026-06-01,CIN,KC,pitch,c5450cfd-3601-3d38-9fe9-cbcbdfea3813,8,64,0,1,695600,L,Carter Jensen,605335,L,Brandon Leibrandt,KC,CIN,118,113,Flyout,Carter Jensen flies out to center fielder Blake Dunn.,Flyout,,2,1,2,1,B,Ball,ball,False,B,CH,Changeup,Ball,81.1,74.7,3.19,1.61,6.35,0.46,14,1476,11.3,9.2,-32.4,1.0315,0.7207,-0.94,0.77,-2.7,11.3,-0.94,0.44,False,False,False,True,False,1.0315,0.7207,4,66,17,22,3,236,,,,,,,,,,,,,,False,N,1
824510,2026-06-01,CIN,KC,pitch,be79b7d8-2982-3310-b140-20472f13decb,8,64,0,1,695600,L,Carter Jensen,605335,L,Brandon Leibrandt,KC,CIN,118,113,Flyout,Carter Jensen flies out to center fielder Blake Dunn.,Flyout,,2,2,2,2,B,Ball,ball,False,B,CH,Changeup,Ball,78.8,72.9,3.19,1.61,6.43,0.48,13,1433,10.1,2.8,-41.3,-0.8264,1.0994,-0.84,0.23,-3.44,10.1,-0.84,0.45,False,False,False,True,False,-0.8264,1.0994,5,67,18,22,3,237,,,,,,,,,,,,,,False,N,1
824510,2026-06-01,CIN,KC,pitch,3664857b-ae1b-30ee-a30b-934d7998b154,8,64,0,1,695600,L,Carter Jensen,605335,L,Brandon Leibrandt,KC,CIN,118,113,Flyout,Carter Jensen flies out to center fielder Blake Dunn.,Flyout,"{""homeRunBallparks"": 0}",2,3,2,3,X,In Play,hit_into_play,False,X,SI,Sinker,"In play, out(s)",87.8,80.3,3.19,1.61,6.31,0.43,6,2058,9.6,16.0,-19.4,0.3342,2.6425,-0.8,1.33,-1.62,9.6,-0.8,0.4,True,True,False,True,False,0.3342,2.6425,6,68,11,22,3,238,72.7,366.0,0.32,0,11.59,365.43,98.8,34.0,98.8,34.0,,,,True,N,1
824510,2026-06-01,CIN,KC,pitch,1c8375b0-da67-3350-9a3d-a57085ed57f0,8,65,0,1,677951,R,Bobby Witt Jr.,605335,L,Brandon Leibrandt,KC,CIN,118,113,Groundout,"Bobby Witt Jr. grounds out, third baseman Sal Stewart to first baseman Nathaniel Lowe.",Groundout,,0,0,0,0,S,Strike,called_strike,False,C,ST,Sweeper,Called Strike,78.1,71.7,3.24,1.63,6.33,0.48,6,2398,14.0,-3.4,-48.4,0.5048,2.2757,1.17,-0.28,-4.03,1.17,1.17,0.45,True,True,False,True,False,0.5048,2.2757,1,69,7,23,3,239,,,,,,,,,,,,,,False,N,1
824510,2026-06-01,CIN,KC,pitch,91c5925b-5fb2-3ddf-b7a8-5eb78efe2bcc,8,65,0,1,677951,R,Bobby Witt Jr.,605335,L,Brandon Leibrandt,KC,CIN,118,113,Groundout,"Bobby Witt Jr. grounds out, third baseman Sal Stewart to first baseman Nathaniel Lowe.",Groundout,,1,0,1,0,S,Strike,foul_tip,True,T,FF,4-Seam Fastball,Foul Tip,88.0,80.4,3.24,1.63,6.29,0.43,11,2107,3.2,17.2,-18.1,-0.244,3.8958,-0.27,1.43,-1.51,3.2,-0.27,0.4,False,False,False,True,False,-0.244,3.8958,2,70,16,23,3,240,69.5,,,,,,,,,,,,,False,N,1
824510,2026-06-01,CIN,KC,pitch,255ebbeb-2912-3ab7-be79-434460568c0c,8,65,0,1,677951,R,Bobby Witt Jr.,605335,L,Brandon Leibrandt,KC,CIN,118,113,Groundout,"Bobby Witt Jr. grounds out, third baseman Sal Stewart to first baseman Nathaniel Lowe.",Groundout,,2,0,2,0,S,Strike,foul,False,F,CH,Changeup,Foul,79.9,73.2,3.24,1.63,6.51,0.47,13,1344,3.2,11.2,-32.0,-0.5119,0.9163,-0.27,0.93,-2.67,3.2,-0.27,0.44,False,False,False,True,False,-0.5119,0.9163,3,71,19,23,3,241,39.8,,,,,,,,,,,,,False,N,1
824510,2026-06-01,CIN,KC,pitch,3ef02d29-7e83-3846-8789-72dd592e190c,8,65,0,1,677951,R,Bobby Witt Jr.,605335,L,Brandon Leibrandt,KC,CIN,118,113,Groundout,"Bobby Witt Jr. grounds out, third baseman Sal Stewart to first baseman Nathaniel Lowe.",Groundout,,2,0,2,0,B,Ball,ball,False,B,CH,Changeup,Ball,80.9,74.2,3.24,1.63,6.54,0.47,13,1378,11.6,4.9,-37.3,-0.3297,-0.2646,-0.97,0.41,-3.11,11.6,-0.97,0.44,False,False,False,True,False,-0.3297,-0.2646,4,72,20,23,3,242,,,,,,,,,,,,,,False,N,1
824510,2026-06-01,CIN,KC,pitch,ae8404ea-1ef5-3ba4-bb8f-58216f112fe7,8,65,0,1,677951,R,Bobby Witt Jr.,605335,L,Brandon Leibrandt,KC,CIN,118,113,Groundout,"Bobby Witt Jr. grounds out, third baseman Sal Stewart to first baseman Nathaniel Lowe.",Groundout,,2,1,2,1,S,Strike,foul,False,F,ST,Sweeper,Foul,77.6,70.7,3.24,1.63,6.13,0.49,2,2760,13.7,-6.5,-52.4,0.238,2.7791,1.14,-0.54,-4.37,1.14,1.14,0.46,True,True,False,True,False,0.238,2.7791,5,73,8,23,3,243,78.0,,,,,,,,,,,,,False,N,1
824510,2026-06-01,CIN,KC,pitch,c3d35c59-5899-395b-808c-af3c096f8178,8,65,0,1,677951,R,Bobby Witt Jr.,605335,L,Brandon Leibrandt,KC,CIN,118,113,Groundout,"Bobby Witt Jr. grounds out, third baseman Sal Stewart to first baseman Nathaniel Lowe.",Groundout,,2,1,2,1,S,Strike,foul,False,F,FF,4-Seam Fastball,Foul,87.5,79.5,3.24,1.63,6.24,0.43,12,2115,4.1,17.4,-18.4,0.5522,4.1422,-0.34,1.45,-1.53,4.1,-0.34,0.4,False,False,False,True,False,0.5522,4.1422,6,74,17,23,3,244,67.9,,,,,,,,,,,,,False,N,1
824510,2026-06-01,CIN,KC,pitch,c99c1f94-77e7-3d79-b510-24946583bc59,8,65,0,1,677951,R,Bobby Witt Jr.,605335,L,Brandon Leibrandt,KC,CIN,118,113,Groundout,"Bobby Witt Jr. grounds out, third baseman Sal Stewart to first baseman Nathaniel Lowe.",Groundout,,2,1,2,1,S,Strike,foul,False,F,FF,4-Seam Fastball,Foul,87.1,79.3,3.24,1.63,6.46,0.43,12,2238,3.2,20.0,-16.1,0.9181,2.9566,-0.27,1.67,-1.34,3.2,-0.27,0.41,False,False,False,True,False,0.9181,2.9566,7,75,18,23,3,245,70.5,,,,,,,,,,,,,False,N,1
824510,2026-06-01,CIN,KC,pitch,8347cc50-e355-3228-bdae-725f6d227e81,8,65,0,1,677951,R,Bobby Witt Jr.,605335,L,Brandon Leibrandt,KC,CIN,118,113,Groundout,"Bobby Witt Jr. grounds out, third baseman Sal Stewart to first baseman Nathaniel Lowe.",Groundout,,2,1,2,1,X,In Play,hit_into_play,False,X,SL,Slider,"In play, out(s)",84.2,77.9,3.24,1.63,6.38,0.45,13,2333,5.6,4.8,-33.6,-0.8149,1.384,0.47,0.4,-2.8,0.47,0.47,0.42,False,False,False,True,False,-0.8149,1.384,8,76,16,23,3,246,74.1,,,,-61.66,81.9,,,,,,,,True,N,1
824510,2026-06-01,CIN,KC,pitch,320c0bca-0121-3db6-8d84-6a267ea6d5dd,8,66,0,2,686469,L,Vinnie Pasquantino,605335,L,Brandon Leibrandt,KC,CIN,118,113,Walk,Vinnie Pasquantino walks.,Walk,,0,0,0,0,B,Ball,ball,False,B,SL,Slider,Ball,83.8,77.5,3.36,1.7,6.27,0.45,14,2328,4.2,3.7,-35.2,0.2624,1.2222,0.35,0.31,-2.93,0.35,0.35,0.42,False,False,False,False,False,0.2624,1.2222,1,77,17,24,3,247,,,,,,,,,,,,,,False,N,1
824510,2026-06-01,CIN,KC,pitch,ed5b0454-02e7-3257-80da-df5482bef7a3,8,66,0,2,686469,L,Vinnie Pasquantino,605335,L,Brandon Leibrandt,KC,CIN,118,113,Walk,Vinnie Pasquantino walks.,Walk,,0,1,0,1,B,Ball,ball,False,B,CH,Changeup,Ball,79.7,72.8,3.36,1.7,6.48,0.47,14,1329,7.4,8.3,-35.0,0.0074,1.2354,-0.62,0.69,-2.92,7.4,-0.62,0.45,False,False,False,False,False,0.0074,1.2354,2,78,21,24,3,248,,,,,,,,,,,,,,False,N,1
824510,2026-06-01,CIN,KC,pitch,3996e49f-782a-36a2-a827-713ed794f58b,8,66,0,2,686469,L,Vinnie Pasquantino,605335,L,Brandon Leibrandt,KC,CIN,118,113,Walk,Vinnie Pasquantino walks.,Walk,,0,2,0,2,S,Strike,called_strike,False,C,SL,Slider,Called Strike,82.9,76.6,3.36,1.7,6.23,0.45,7,2406,3.7,4.3,-35.3,-0.2959,1.6355,0.31,0.36,-2.94,0.31,0.31,0.43,True,True,False,False,False,-0.2959,1.6355,3,79,18,24,3,249,,,,,,,,,,,,,,False,N,1
824510,2026-06-01,CIN,KC,pitch,810a5743-3391-3322-8608-1239d8b8fd47,8,66,0,2,686469,L,Vinnie Pasquantino,605335,L,Brandon Leibrandt,KC,CIN,118,113,Walk,Vinnie Pasquantino walks.,Walk,,1,2,1,2,B,Ball,ball,False,B,ST,Sweeper,Ball,77.6,71.0,3.36,1.7,6.21,0.49,12,2988,17.5,-4.9,-50.6,1.0526,2.6848,1.46,-0.41,-4.22,1.46,1.46,0.46,False,False,False,False,False,1.0526,2.6848,4,80,9,24,3,250,,,,,,,,,,,,,,False,N,1
824510,2026-06-01,CIN,KC,pitch,2f245924-76c3-372f-b1b7-e871b4c452e9,8,66,0,2,686469,L,Vinnie Pasquantino,605335,L,Brandon Leibrandt,KC,CIN,118,113,Walk,Vinnie Pasquantino walks.,Walk,,1,3,1,3,S,Strike,foul_tip,True,T,SL,Slider,Foul Tip,82.9,76.1,3.36,1.7,6.32,0.45,14,2396,4.0,3.0,-36.8,0.3078,1.4769,0.33,0.25,-3.07,0.33,0.33,0.43,False,False,False,False,False,0.3078,1.4769,5,81,19,24,3,251,66.9,,,,,,,,,,,,,False,N,1
824510,2026-06-01,CIN,KC,pitch,d4e947b3-f09b-33f8-9265-b366ab0e0b02,8,66,0,2,686469,L,Vinnie Pasquantino,605335,L,Brandon Leibrandt,KC,CIN,118,113,Walk,Vinnie Pasquantino walks.,Walk,,2,3,2,3,B,Ball,ball,False,B,CH,Changeup,Ball,78.4,72.4,3.36,1.7,6.6,0.48,13,1277,10.8,7.2,-37.1,-1.4172,2.5263,-0.9,0.6,-3.09,10.8,-0.9,0.45,False,False,False,False,False,-1.4172,2.5263,6,82,22,24,3,252,,,,,,,,,,,,,,True,N,1
824510,2026-06-01,CIN,KC,pitch,fde2a0ff-a6db-33c2-8e13-03ad476e448e,8,67,33,2,695506,L,Jac Caglianone,605335,L,Brandon Leibrandt,KC,CIN,118,113,Single,Jac Caglianone singles on a line drive to right fielder Spencer Steer. Vinnie Pasquantino to 3rd.,Single,,0,0,0,0,S,Strike,called_strike,False,C,CH,Changeup,Called Strike,78.4,72.5,3.4,1.72,6.47,0.48,9,1422,10.9,7.7,-36.6,0.7104,2.1935,-0.91,0.64,-3.05,10.9,-0.91,0.45,True,True,False,False,False,0.7104,2.1935,1,83,23,25,3,253,25.8,,,,,,,,,,True,True,,False,N,1
824510,2026-06-01,CIN,KC,pitch,823d9e63-025d-3a63-98c2-8401dff1e628,8,67,33,2,695506,L,Jac Caglianone,605335,L,Brandon Leibrandt,KC,CIN,118,113,Single,Jac Caglianone singles on a line drive to right fielder Spencer Steer. Vinnie Pasquantino to 3rd.,Single,,1,0,1,0,S,Strike,foul,False,F,CU,Curveball,Foul,77.0,70.8,3.4,1.72,6.31,0.49,8,2730,11.2,-6.5,-52.7,-0.0772,2.1378,0.93,-0.54,-4.39,0.93,0.93,0.46,True,True,False,False,False,-0.0772,2.1378,2,84,4,25,3,254,78.4,,,,,,,,,,True,True,,False,N,1
824510,2026-06-01,CIN,KC,pitch,6f27150f-33d9-300d-992c-712e549b3358,8,67,33,2,695506,L,Jac Caglianone,605335,L,Brandon Leibrandt,KC,CIN,118,113,Single,Jac Caglianone singles on a line drive to right fielder Spencer Steer. Vinnie Pasquantino to 3rd.,Single,,2,0,2,0,B,Ball,ball,False,B,CH,Changeup,Ball,80.8,74.0,3.4,1.72,6.48,0.47,14,1499,13.7,6.1,-36.0,0.7486,1.4328,-1.14,0.51,-3.0,13.7,-1.14,0.44,False,False,False,False,False,0.7486,1.4328,3,85,24,25,3,255,,,,,,,,,,,True,True,,False,N,1
824510,2026-06-01,CIN,KC,pitch,2a8337e4-8e05-3f72-b51d-463910947176,8,67,33,2,695506,L,Jac Caglianone,605335,L,Brandon Leibrandt,KC,CIN,118,113,Single,Jac Caglianone singles on a line drive to right fielder Spencer Steer. Vinnie Pasquantino to 3rd.,Single,"{""homeRunBallparks"": 0}",2,1,2,1,X,In Play,hit_into_play,False,D,CH,Changeup,"In play, no out",80.4,73.7,3.4,1.72,6.43,0.47,14,1447,12.6,7.8,-34.7,0.5982,0.9381,-1.05,0.65,-2.89,12.6,-1.05,0.44,False,False,False,False,False,0.5982,0.9381,4,86,25,25,3,256,48.5,162.0,0.55,0,111.24,160.77,69.7,16.0,69.7,16.0,True,True,,True,N,1
824510,2026-06-01,CIN,KC,pitch,1bf09da1-17e3-35f6-9958-74c9ce1119f7,8,68,14,2,686555,R,Isaac Collins,605335,L,Brandon Leibrandt,KC,CIN,118,113,Strikeout,Isaac Collins strikes out on a foul tip.,Strikeout,,0,0,0,0,B,Ball,ball,False,B,FF,4-Seam Fastball,Ball,87.0,78.5,3.01,1.52,6.35,0.43,11,2181,3.2,21.2,-15.2,-0.5389,4.1079,-0.27,1.77,-1.27,3.2,-0.27,0.41,False,False,False,False,False,-0.5389,4.1079,1,87,19,26,3,257,,,,,,,,,,,,,,False,N,1
824510,2026-06-01,CIN,KC,pitch,2eefef88-f7fa-379c-b9e8-5dee1f50c8b1,8,68,14,2,686555,R,Isaac Collins,605335,L,Brandon Leibrandt,KC,CIN,118,113,Strikeout,Isaac Collins strikes out on a foul tip.,Strikeout,,0,1,0,1,S,Strike,foul,False,F,SL,Slider,Foul,82.4,76.1,3.01,1.52,6.4,0.46,8,2321,3.2,9.6,-30.5,-0.1906,1.9512,0.27,0.8,-2.54,0.27,0.27,0.43,True,True,False,False,False,-0.1906,1.9512,2,88,20,26,3,258,,,,,,,,,,,,,,False,N,1
824510,2026-06-01,CIN,KC,pitch,82ca77d4-32fc-3363-a1f7-3d76650072bd,8,68,14,2,686555,R,Isaac Collins,605335,L,Brandon Leibrandt,KC,CIN,118,113,Strikeout,Isaac Collins strikes out on a foul tip.,Strikeout,,1,1,1,1,S,Strike,swinging_strike,True,S,FF,4-Seam Fastball,Swinging Strike,87.5,79.5,3.01,1.52,6.46,0.43,12,2211,4.0,19.7,-16.2,0.1021,3.2558,-0.33,1.64,-1.35,4.0,-0.33,0.41,False,False,False,False,False,0.1021,3.2558,3,89,20,26,3,259,70.5,,,,,,,,,,,,,False,N,1
824510,2026-06-01,CIN,KC,pitch,70c3b324-0991-3064-892f-594fa528fcbb,8,68,14,2,686555,R,Isaac Collins,605335,L,Brandon Leibrandt,KC,CIN,118,113,Strikeout,Isaac Collins strikes out on a foul tip.,Strikeout,,2,1,2,1,S,Strike,foul_tip,True,T,FF,4-Seam Fastball,Foul Tip,86.7,78.9,3.01,1.52,6.35,0.44,11,2066,5.9,18.2,-18.2,-0.1953,3.3634,-0.49,1.52,-1.52,5.9,-0.49,0.41,False,False,False,False,False,-0.1953,3.3634,4,90,21,26,3,260,65.6,,,,,,,,,,,,,True,N,1
824510,2026-06-01,CIN,KC,pitch,8edb3cc9-6c45-34f0-8e90-c961d823b82b,8,69,0,1,666181,L,Will Benson,696131,R,Mason Black,CIN,KC,113,118,Flyout,Will Benson flies out to shortstop Bobby Witt Jr.,Flyout,"{""homeRunBallparks"": 0}",0,0,0,0,X,In Play,hit_into_play,False,X,ST,Sweeper,"In play, out(s)",82.5,75.5,3.39,1.71,6.47,0.46,6,2550,12.5,-3.0,-43.4,0.6309,2.8298,-1.04,-0.25,-3.62,12.5,-1.04,0.43,True,True,False,True,False,0.6309,2.8298,1,1,1,1,1,261,74.1,203.0,0.51,0,-21.77,200.54,64.7,39.0,64.7,39.0,,,,True,N,1
824510,2026-06-01,CIN,KC,pitch,7bebddda-cd88-358c-8e24-12b7ac049584,8,70,14,1,668709,L,JJ Bleday,696131,R,Mason Black,CIN,KC,113,118,Strikeout,JJ Bleday called out on strikes.,Strikeout,,0,0,0,0,S,Strike,swinging_strike,True,S,ST,Sweeper,Swinging Strike,84.2,76.5,3.29,1.66,6.5,0.45,6,2795,9.4,0.5,-38.5,0.2878,2.7335,-0.78,0.04,-3.21,9.4,-0.78,0.42,True,True,False,False,False,0.2878,2.7335,1,2,2,2,1,262,73.9,,,,,,,,,,,,,False,N,1
824510,2026-06-01,CIN,KC,pitch,a4ed668c-9444-347f-aa6b-cbff6057e67c,8,70,14,1,668709,L,JJ Bleday,696131,R,Mason Black,CIN,KC,113,118,Strikeout,JJ Bleday called out on strikes.,Strikeout,,1,0,1,0,B,Ball,ball,False,B,CH,Changeup,Ball,90.2,82.6,3.29,1.66,6.37,0.42,13,1225,11.3,-1.2,-35.0,-0.1931,0.465,0.94,-0.1,-2.92,0.94,0.94,0.39,False,False,False,False,False,-0.1931,0.465,2,3,1,2,1,263,,,,,,,,,,,,,,False,N,1
824510,2026-06-01,CIN,KC,pitch,172307e8-9263-3350-80e8-6c23ca77a67e,8,70,14,1,668709,L,JJ Bleday,696131,R,Mason Black,CIN,KC,113,118,Strikeout,JJ Bleday called out on strikes.,Strikeout,,1,1,1,1,B,Ball,ball,False,B,ST,Sweeper,Ball,83.8,76.3,3.29,1.66,6.46,0.45,14,2553,15.0,-7.4,-46.9,1.3675,2.1784,-1.25,-0.62,-3.91,15.0,-1.25,0.43,False,False,False,False,False,1.3675,2.1784,3,4,3,2,1,264,,,,,,,,,,,,,,False,N,1
824510,2026-06-01,CIN,KC,pitch,ddc96468-dd3e-3f7e-b19b-502a94acebfe,8,70,14,1,668709,L,JJ Bleday,696131,R,Mason Black,CIN,KC,113,118,Strikeout,JJ Bleday called out on strikes.,Strikeout,,1,2,1,2,S,Strike,foul,False,F,FF,4-Seam Fastball,Foul,95.3,86.3,3.29,1.66,6.79,0.4,2,1977,13.4,14.2,-16.2,-0.0537,3.0776,1.12,1.18,-1.35,1.12,1.12,0.37,True,True,False,False,False,-0.0537,3.0776,4,5,1,2,1,265,71.7,,,,,,,,,,,,,False,N,1
824510,2026-06-01,CIN,KC,pitch,ec0b0658-ff0f-3d5d-9576-332b20106354,8,70,14,1,668709,L,JJ Bleday,696131,R,Mason Black,CIN,KC,113,118,Strikeout,JJ Bleday called out on strikes.,Strikeout,,2,2,2,2,B,Ball,ball,False,B,SL,Slider,Ball,89.4,81.3,3.29,1.66,6.48,0.42,12,2483,0.7,1.4,-33.1,0.636,3.4375,-0.06,0.12,-2.76,0.7,-0.06,0.4,False,False,False,False,False,0.636,3.4375,5,6,1,2,1,266,,,,,,,,,,,,,,False,N,1
824510,2026-06-01,CIN,KC,pitch,592fe9e5-44a8-35d4-afe6-a3941a2f6cbe,8,70,14,1,668709,L,JJ Bleday,696131,R,Mason Black,CIN,KC,113,118,Strikeout,JJ Bleday called out on strikes.,Strikeout,,2,3,2,3,S,Strike,called_strike,False,C,SI,Sinker,Called Strike,94.8,86.5,3.29,1.66,6.74,0.4,6,2247,16.8,7.9,-22.7,0.6111,2.2453,1.4,0.66,-1.89,1.4,1.4,0.37,True,True,False,False,False,0.6111,2.2453,6,7,1,2,1,267,,,,,,,,,,,,,,True,N,1
824510,2026-06-01,CIN,KC,pitch,1815b9c2-987c-3477-8357-c544928659e5,8,71,33,2,701398,R,Sal Stewart,696131,R,Mason Black,CIN,KC,113,118,Single,Sal Stewart singles on a line drive to right fielder Lane Thomas.,Single,"{""homeRunBallparks"": 0}",0,0,0,0,X,In Play,hit_into_play,False,D,ST,Sweeper,"In play, no out",83.9,76.6,3.24,1.64,6.39,0.45,5,2847,10.7,-6.5,-45.6,-0.0043,2.5388,-0.89,-0.54,-3.8,10.7,-0.89,0.42,True,True,False,False,False,-0.0043,2.5388,1,8,4,3,1,268,71.9,212.0,0.96,0,125.7,253.55,96.4,13.0,96.4,13.0,,,,True,N,1
824510,2026-06-01,CIN,KC,pitch,79cffbcc-2e80-3501-89ce-83d3c057aedd,8,72,33,2,553993,R,Eugenio Suárez,696131,R,Mason Black,CIN,KC,113,118,Single,Eugenio Suárez singles on a ground ball to left fielder Isaac Collins. Sal Stewart to 2nd.,Single,,0,0,0,0,S,Strike,called_strike,False,C,SI,Sinker,Called Strike,93.8,85.2,3.17,1.6,6.7,0.4,4,2191,17.8,10.0,-21.4,-0.5711,2.4841,1.48,0.83,-1.78,1.48,1.48,0.38,True,True,False,False,False,-0.5711,2.4841,1,9,2,4,1,269,,,,,,,,,,,True,,,False,N,1
824510,2026-06-01,CIN,KC,pitch,6c3f3a37-22c7-3d6e-aedc-2f97506f0dd5,8,72,33,2,553993,R,Eugenio Suárez,696131,R,Mason Black,CIN,KC,113,118,Single,Eugenio Suárez singles on a ground ball to left fielder Isaac Collins. Sal Stewart to 2nd.,Single,"{""homeRunBallparks"": 0}",1,0,1,0,X,In Play,hit_into_play,False,D,SL,Slider,"In play, no out",87.4,80.0,3.17,1.6,6.61,0.43,9,2399,0.6,1.4,-34.4,0.4395,2.0282,0.05,0.12,-2.87,0.05,0.05,0.41,True,True,False,False,False,0.4395,2.0282,2,10,2,4,1,270,76.2,115.0,0.68,0,-160.6,196.78,102.2,7.0,102.2,7.0,True,,,True,N,1
824510,2026-06-01,CIN,KC,pitch,1719c9a4-445e-383a-9022-b3c9bf79b431,8,73,0,2,663993,L,Nathaniel Lowe,696131,R,Mason Black,CIN,KC,113,118,Pop Out,Nathaniel Lowe pops out to third baseman Nick Loftin in foul territory.,Pop Out,,0,0,0,0,B,Ball,ball,False,B,FF,4-Seam Fastball,Ball,94.4,85.5,3.37,1.7,6.67,0.4,11,2350,13.0,15.7,-15.2,-0.7114,4.6247,1.08,1.31,-1.27,1.08,1.08,0.38,False,False,False,True,False,-0.7114,4.6247,1,11,2,5,1,271,,,,,,,,,,,,,,False,N,1
824510,2026-06-01,CIN,KC,pitch,6e86774f-a2e4-34e6-b923-9acd312b38e1,8,73,0,2,663993,L,Nathaniel Lowe,696131,R,Mason Black,CIN,KC,113,118,Pop Out,Nathaniel Lowe pops out to third baseman Nick Loftin in foul territory.,Pop Out,,0,1,0,1,S,Strike,foul,False,F,FF,4-Seam Fastball,Foul,94.3,85.6,3.37,1.7,6.72,0.4,2,2363,14.3,14.5,-16.4,-0.227,3.3172,1.19,1.21,-1.37,1.19,1.19,0.38,True,True,False,True,False,-0.227,3.3172,2,12,3,5,1,272,74.4,,,,,,,,,,,,,False,N,1
824510,2026-06-01,CIN,KC,pitch,50bfd4da-3db6-37e4-807e-08d2159829dc,8,73,0,2,663993,L,Nathaniel Lowe,696131,R,Mason Black,CIN,KC,113,118,Pop Out,Nathaniel Lowe pops out to third baseman Nick Loftin in foul territory.,Pop Out,,1,1,1,1,B,Ball,ball,False,B,FF,4-Seam Fastball,Ball,94.7,86.4,3.37,1.7,6.9,0.4,14,2212,13.4,16.1,-14.8,0.9154,0.9614,1.12,1.34,-1.23,1.12,1.12,0.37,False,False,False,True,False,0.9154,0.9614,3,13,4,5,1,273,,,,,,,,,,,,,,False,N,1
824510,2026-06-01,CIN,KC,pitch,b544d53c-3b3b-32d2-ab04-4c4ef6f4877c,8,73,0,2,663993,L,Nathaniel Lowe,696131,R,Mason Black,CIN,KC,113,118,Pop Out,Nathaniel Lowe pops out to third baseman Nick Loftin in foul territory.,Pop Out,,1,2,1,2,S,Strike,foul_tip,True,T,SI,Sinker,Foul Tip,94.3,86.4,3.37,1.7,6.7,0.4,3,2129,16.1,8.2,-22.6,0.7035,3.0866,1.34,0.68,-1.88,1.34,1.34,0.37,True,True,False,True,False,0.7035,3.0866,4,14,3,5,1,274,69.0,,,,,,,,,,,,,False,N,1
824510,2026-06-01,CIN,KC,pitch,2b97f273-85a5-3907-8c13-cbd136e3b89f,8,73,0,2,663993,L,Nathaniel Lowe,696131,R,Mason Black,CIN,KC,113,118,Pop Out,Nathaniel Lowe pops out to third baseman Nick Loftin in foul territory.,Pop Out,"{""homeRunBallparks"": 0}",2,2,2,2,X,In Play,hit_into_play,False,X,FF,4-Seam Fastball,"In play, out(s)",95.1,86.4,3.37,1.7,6.77,0.4,3,2317,13.8,14.9,-15.6,0.5369,3.1104,1.15,1.24,-1.3,1.15,1.15,0.37,True,True,False,True,False,0.5369,3.1104,5,15,5,5,1,275,77.7,82.0,0.0,0,-70.21,33.05,73.3,77.0,73.3,77.0,,,,True,N,1
824510,2026-06-01,CIN,KC,pitch,2b301dcc-a1a7-35ee-b58a-db6cf500a81d,9,74,33,0,657041,R,Lane Thomas,605335,L,Brandon Leibrandt,KC,CIN,118,113,Single,Lane Thomas singles on a ground ball to center fielder Will Benson.,Single,,0,0,0,0,B,Ball,ball,False,B,SI,Sinker,Ball,86.6,79.3,3.15,1.59,6.42,0.43,4,2028,9.4,13.2,-23.3,-0.7317,2.2538,-0.78,1.1,-1.94,9.4,-0.78,0.41,True,True,False,False,False,-0.7317,2.2538,1,91,12,27,3,276,,,,,,,,,,,,,,False,N,1
824510,2026-06-01,CIN,KC,pitch,4cecf31f-a569-3734-944b-2dacf7713b11,9,74,33,0,657041,R,Lane Thomas,605335,L,Brandon Leibrandt,KC,CIN,118,113,Single,Lane Thomas singles on a ground ball to center fielder Will Benson.,Single,,0,1,0,1,B,Ball,ball,False,B,CH,Changeup,Ball,78.5,72.6,3.15,1.59,6.53,0.48,14,1588,9.6,8.4,-36.0,0.2867,0.3664,-0.8,0.7,-3.0,9.6,-0.8,0.45,False,False,False,False,False,0.2867,0.3664,2,92,26,27,3,277,,,,,,,,,,,,,,False,N,1
824510,2026-06-01,CIN,KC,pitch,7f24a0d4-5322-3735-ba26-804a322cd7a8,9,74,33,0,657041,R,Lane Thomas,605335,L,Brandon Leibrandt,KC,CIN,118,113,Single,Lane Thomas singles on a ground ball to center fielder Will Benson.,Single,"{""homeRunBallparks"": 0}",0,2,0,2,X,In Play,hit_into_play,False,D,SL,Slider,"In play, no out",82.5,75.8,3.15,1.59,6.26,0.46,7,2271,6.7,6.4,-33.8,-0.5266,2.0633,0.56,0.53,-2.82,0.56,0.56,0.43,True,True,False,False,False,-0.5266,2.0633,3,93,21,27,3,278,73.6,125.0,0.33,0,-29.41,239.59,76.8,10.0,76.8,10.0,,,,True,N,1
824510,2026-06-01,CIN,KC,pitch,a57eff0d-c44b-36db-8040-50e7c9afebf2,9,75,33,0,686681,L,Michael Massey,605335,L,Brandon Leibrandt,KC,CIN,118,113,Single,Michael Massey singles on a sharp line drive to right fielder Spencer Steer. Lane Thomas to 3rd.,Single,,0,0,0,0,B,Ball,ball,False,B,SI,Sinker,Ball,87.1,79.2,3.2,1.62,6.4,0.43,13,2179,10.1,17.9,-18.6,-1.4973,1.788,-0.84,1.49,-1.55,10.1,-0.84,0.41,False,False,False,False,False,-1.4973,1.788,1,94,13,28,4,279,,,,,,,,,,,True,True,,False,N,1
824510,2026-06-01,CIN,KC,pitch,1bab2da9-c59a-3fdd-89c4-9a71490eaae1,9,75,33,0,686681,L,Michael Massey,605335,L,Brandon Leibrandt,KC,CIN,118,113,Single,Michael Massey singles on a sharp line drive to right fielder Spencer Steer. Lane Thomas to 3rd.,Single,"{""homeRunBallparks"": 1}",0,1,0,1,X,In Play,hit_into_play,False,D,SI,Sinker,"In play, no out",86.7,78.9,3.2,1.62,6.38,0.44,2,2036,10.8,18.6,-18.0,0.1305,2.7409,-0.9,1.55,-1.5,10.8,-0.9,0.41,True,True,False,False,False,0.1305,2.7409,2,95,14,28,4,280,71.0,350.0,0.84,1,178.25,302.43,104.8,23.0,104.8,23.0,True,True,,True,N,1
824510,2026-06-01,CIN,KC,pitch,51b7dc30-6d72-3e02-8a2d-90c8c7c86c50,9,76,0,1,679845,R,Nick Loftin,605335,L,Brandon Leibrandt,KC,CIN,118,113,Sac Fly,Nick Loftin out on a sacrifice fly to center fielder Will Benson. Lane Thomas scores.,Sac Fly,,0,0,0,0,S,Strike,called_strike,False,C,CH,Changeup,Called Strike,78.5,72.1,3.18,1.61,6.41,0.48,3,1453,13.4,6.4,-37.9,0.3518,3.1202,-1.12,0.53,-3.16,13.4,-1.12,0.45,True,True,False,True,False,0.3518,3.1202,1,96,27,29,4,281,,,,,,,,,,,,,True,False,N,1
824510,2026-06-01,CIN,KC,pitch,d300ecce-0634-3e69-9d94-303e8eabf703,9,76,0,1,679845,R,Nick Loftin,605335,L,Brandon Leibrandt,KC,CIN,118,113,Sac Fly,Nick Loftin out on a sacrifice fly to center fielder Will Benson. Lane Thomas scores.,Sac Fly,"{""homeRunBallparks"": 0}",1,0,1,0,X,In Play,hit_into_play,False,E,FF,4-Seam Fastball,"In play, run(s)",87.1,79.2,3.18,1.61,6.32,0.43,11,2257,7.0,18.2,-18.0,-0.4541,3.9258,-0.58,1.52,-1.5,7.0,-0.58,0.41,False,False,False,True,False,-0.4541,3.9258,2,97,22,29,4,282,57.7,323.0,0.1,0,3.86,322.12,88.3,25.0,88.3,25.0,,,True,True,N,1
824510,2026-06-01,CIN,KC,pitch,f3d5286f-a7ac-32d5-a134-40078953f15d,9,77,24,1,664728,L,Kyle Isbel,605335,L,Brandon Leibrandt,KC,CIN,118,113,GIDP,"Kyle Isbel grounds into a double play, second baseman Edwin Arroyo to shortstop Matt McLain to first baseman Nathaniel Lowe. Michael Massey out at 2nd. Kyle Isbel out at 1st.",GIDP,,0,0,0,0,S,Strike,called_strike,False,C,FF,4-Seam Fastball,Called Strike,86.9,79.2,3.11,1.57,6.33,0.43,6,2229,5.9,18.0,-18.4,0.6284,2.1687,-0.49,1.5,-1.53,5.9,-0.49,0.41,True,True,False,False,False,0.6284,2.1687,1,98,23,30,4,283,,,,,,,,,,,True,,,False,N,1
824510,2026-06-01,CIN,KC,pitch,2e1bd83b-6ebf-3ade-802f-d4a7873cfb72,9,77,24,1,664728,L,Kyle Isbel,605335,L,Brandon Leibrandt,KC,CIN,118,113,GIDP,"Kyle Isbel grounds into a double play, second baseman Edwin Arroyo to shortstop Matt McLain to first baseman Nathaniel Lowe. Michael Massey out at 2nd. Kyle Isbel out at 1st.",GIDP,"{""homeRunBallparks"": 0}",1,0,1,0,X,In Play,hit_into_play,False,X,SL,Slider,"In play, out(s)",82.7,76.3,3.11,1.57,6.25,0.45,8,2276,5.5,4.1,-35.8,-0.1845,1.9398,0.46,0.34,-2.98,0.46,0.46,0.43,True,True,False,False,False,-0.1845,1.9398,2,99,22,30,4,284,69.4,50.0,0.45,,65.37,121.0,98.5,,98.5,,True,,,True,N,1
824510,2026-06-01,CIN,KC,pitch,03c7dbfd-4192-3b91-a1ec-ea815b071a89,9,78,14,1,668715,R,Spencer Steer,669212,R,Eli Morgan,CIN,KC,113,118,Strikeout,Spencer Steer strikes out swinging.,Strikeout,,0,0,0,0,S,Strike,foul,False,F,FF,4-Seam Fastball,Foul,90.8,81.8,3.1,1.56,6.45,0.42,4,2261,9.0,19.9,-13.8,-0.5961,2.5802,0.75,1.66,-1.15,0.75,0.75,0.39,True,True,False,False,False,-0.5961,2.5802,1,1,1,1,1,285,75.8,,,,,,,,,,,,,False,N,1
824510,2026-06-01,CIN,KC,pitch,34ac867d-31fc-3664-b32b-c400a469a7de,9,78,14,1,668715,R,Spencer Steer,669212,R,Eli Morgan,CIN,KC,113,118,Strikeout,Spencer Steer strikes out swinging.,Strikeout,,1,0,1,0,S,Strike,called_strike,False,C,SL,Slider,Called Strike,84.9,78.1,3.1,1.56,6.29,0.44,12,2356,0.6,4.1,-33.7,0.0554,3.2209,-0.05,0.34,-2.81,0.6,-0.05,0.42,False,False,False,False,False,0.0554,3.2209,2,2,1,1,1,286,,,,,,,,,,,,,,False,N,1
824510,2026-06-01,CIN,KC,pitch,b80c82c7-54a4-3856-a974-e6a375390b3e,9,78,14,1,668715,R,Spencer Steer,669212,R,Eli Morgan,CIN,KC,113,118,Strikeout,Spencer Steer strikes out swinging.,Strikeout,,2,0,2,0,S,Strike,foul,False,F,SL,Slider,Foul,84.8,78.4,3.1,1.56,6.23,0.44,9,2375,2.0,3.4,-34.4,0.8202,1.8663,-0.17,0.28,-2.87,2.0,-0.17,0.42,True,True,False,False,False,0.8202,1.8663,3,3,2,1,1,287,61.3,,,,,,,,,,,,,False,N,1
824510,2026-06-01,CIN,KC,pitch,09328965-0643-3415-a8f2-cf80a763f79c,9,78,14,1,668715,R,Spencer Steer,669212,R,Eli Morgan,CIN,KC,113,118,Strikeout,Spencer Steer strikes out swinging.,Strikeout,,2,0,2,0,B,Ball,ball,False,B,CH,Changeup,Ball,76.6,70.2,3.1,1.56,6.24,0.5,14,2182,15.8,-0.5,-47.8,2.1914,-0.4086,1.32,-0.04,-3.98,1.32,1.32,0.47,False,False,False,False,False,2.1914,-0.4086,4,4,1,1,1,288,,,,,,,,,,,,,,False,N,1
824510,2026-06-01,CIN,KC,pitch,136a6250-99b2-3a7f-b21a-bb726ac41c7c,9,78,14,1,668715,R,Spencer Steer,669212,R,Eli Morgan,CIN,KC,113,118,Strikeout,Spencer Steer strikes out swinging.,Strikeout,,2,1,2,1,B,Ball,ball,False,B,FF,4-Seam Fastball,Ball,91.8,82.9,3.1,1.56,6.31,0.41,12,2387,9.6,20.2,-12.6,0.927,3.5876,0.8,1.68,-1.05,0.8,0.8,0.39,False,False,False,False,False,0.927,3.5876,5,5,2,1,1,289,,,,,,,,,,,,,,False,N,1
824510,2026-06-01,CIN,KC,pitch,840beb10-d830-3209-b7ec-d82c9966fca7,9,78,14,1,668715,R,Spencer Steer,669212,R,Eli Morgan,CIN,KC,113,118,Strikeout,Spencer Steer strikes out swinging.,Strikeout,,2,2,2,2,S,Strike,foul,False,F,CH,Changeup,Foul,76.6,70.1,3.1,1.56,6.33,0.49,14,2262,17.9,4.7,-42.2,1.0603,2.0489,1.49,0.39,-3.52,1.49,1.49,0.46,False,False,False,False,False,1.0603,2.0489,6,6,2,1,1,290,52.8,,,,,,,,,,,,,False,N,1
824510,2026-06-01,CIN,KC,pitch,c0da7853-f92f-35e6-aa47-0bdf10237724,9,78,14,1,668715,R,Spencer Steer,669212,R,Eli Morgan,CIN,KC,113,118,Strikeout,Spencer Steer strikes out swinging.,Strikeout,,2,2,2,2,B,Ball,ball,False,B,SL,Slider,Ball,87.5,80.1,3.1,1.56,6.45,0.43,14,2576,6.5,1.4,-34.4,1.5435,1.6339,-0.54,0.12,-2.87,6.5,-0.54,0.41,False,False,False,False,False,1.5435,1.6339,7,7,3,1,1,291,,,,,,,,,,,,,,False,N,1
824510,2026-06-01,CIN,KC,pitch,85663e49-618e-3ed9-b522-02b88f633b7d,9,78,14,1,668715,R,Spencer Steer,669212,R,Eli Morgan,CIN,KC,113,118,Strikeout,Spencer Steer strikes out swinging.,Strikeout,,2,3,2,3,S,Strike,foul,False,F,CH,Changeup,Foul,75.7,69.5,3.1,1.56,6.38,0.5,5,2200,18.1,3.4,-44.5,-0.1688,2.371,1.51,0.28,-3.71,1.51,1.51,0.47,True,True,False,False,False,-0.1688,2.371,8,8,3,1,1,292,71.7,,,,,,,,,,,,,False,N,1
824510,2026-06-01,CIN,KC,pitch,4cdbb64d-ff91-3e82-98f3-04f740c03900,9,78,14,1,668715,R,Spencer Steer,669212,R,Eli Morgan,CIN,KC,113,118,Strikeout,Spencer Steer strikes out swinging.,Strikeout,,2,3,2,3,S,Strike,swinging_strike,True,S,FF,4-Seam Fastball,Swinging Strike,92.4,83.7,3.1,1.56,6.38,0.41,12,2416,8.6,21.6,-10.7,0.7377,3.6193,0.72,1.8,-0.89,0.72,0.72,0.38,False,False,False,False,False,0.7377,3.6193,9,9,3,1,1,293,67.9,,,,,,,,,,,,,True,N,1
824510,2026-06-01,CIN,KC,pitch,d3c586e7-14c6-3cad-b8e0-409f4034c99b,9,79,14,1,663886,R,Tyler Stephenson,669212,R,Eli Morgan,CIN,KC,113,118,Strikeout,Tyler Stephenson strikes out swinging.,Strikeout,,0,0,0,0,S,Strike,called_strike,False,C,SL,Slider,Called Strike,85.0,78.3,3.36,1.7,6.25,0.44,8,2455,2.6,2.9,-34.8,-0.0789,2.0517,-0.22,0.24,-2.9,2.6,-0.22,0.42,True,True,False,False,False,-0.0789,2.0517,1,10,4,2,1,294,,,,,,,,,,,,,,False,N,1
824510,2026-06-01,CIN,KC,pitch,01f3a1c4-d647-3d3d-9302-ef8660b16190,9,79,14,1,663886,R,Tyler Stephenson,669212,R,Eli Morgan,CIN,KC,113,118,Strikeout,Tyler Stephenson strikes out swinging.,Strikeout,,1,0,1,0,B,Ball,ball,False,B,FF,4-Seam Fastball,Ball,92.5,83.6,3.36,1.7,6.55,0.41,14,2407,9.8,20.6,-11.8,1.0948,2.0751,0.82,1.72,-0.98,0.82,0.82,0.38,False,False,False,False,False,1.0948,2.0751,2,11,4,2,1,295,,,,,,,,,,,,,,False,N,1
824510,2026-06-01,CIN,KC,pitch,623003d6-6d34-3ecf-ad87-e0ba2792d2fb,9,79,14,1,663886,R,Tyler Stephenson,669212,R,Eli Morgan,CIN,KC,113,118,Strikeout,Tyler Stephenson strikes out swinging.,Strikeout,,1,1,1,1,S,Strike,swinging_strike,True,S,FF,4-Seam Fastball,Swinging Strike,91.7,82.7,3.36,1.7,6.33,0.41,11,2379,11.4,19.1,-13.9,-0.5238,3.5605,0.95,1.59,-1.16,0.95,0.95,0.39,False,False,False,False,False,-0.5238,3.5605,3,12,5,2,1,296,67.7,,,,,,,,,,,,,False,N,1
824510,2026-06-01,CIN,KC,pitch,419b3a9a-e8b4-3562-83d5-01313cce842f,9,79,14,1,663886,R,Tyler Stephenson,669212,R,Eli Morgan,CIN,KC,113,118,Strikeout,Tyler Stephenson strikes out swinging.,Strikeout,,2,1,2,1,B,Ball,ball,False,B,CH,Changeup,Ball,77.4,71.2,3.36,1.7,6.24,0.49,14,2331,19.2,2.6,-43.1,1.8213,2.1154,1.6,0.22,-3.59,1.6,1.6,0.46,False,False,False,False,False,1.8213,2.1154,4,13,4,2,1,297,,,,,,,,,,,,,,False,N,1
824510,2026-06-01,CIN,KC,pitch,678dc344-5623-3800-990e-5ebae74419ef,9,79,14,1,663886,R,Tyler Stephenson,669212,R,Eli Morgan,CIN,KC,113,118,Strikeout,Tyler Stephenson strikes out swinging.,Strikeout,,2,2,2,2,S,Strike,swinging_strike,True,S,SL,Slider,Swinging Strike,87.7,81.1,3.36,1.7,6.43,0.43,14,2624,2.0,2.4,-33.0,0.8966,1.3586,-0.17,0.2,-2.75,2.0,-0.17,0.4,False,False,False,False,False,0.8966,1.3586,5,14,5,2,1,298,74.3,,,,,,,,,,,,,True,N,1
824510,2026-06-01,CIN,KC,pitch,92ba5e15-1957-3682-90fc-d2412ff08260,9,80,33,2,695490,L,Edwin Arroyo,669212,R,Eli Morgan,CIN,KC,113,118,Single,Edwin Arroyo singles on a line drive to right fielder Lane Thomas.,Single,"{""homeRunBallparks"": 0}",0,0,0,0,X,In Play,hit_into_play,False,D,CH,Changeup,"In play, no out",77.8,70.7,3.16,1.6,6.43,0.49,1,2243,19.4,6.1,-39.5,-0.5131,2.7751,1.62,0.51,-3.29,1.62,1.62,0.46,True,True,False,False,False,-0.5131,2.7751,1,15,5,3,1,299,69.2,186.0,0.88,0,116.2,244.0,94.0,15.0,94.0,15.0,,,,True,N,1
824510,2026-06-01,CIN,KC,pitch,69e271a2-bcde-3b4c-b3b3-1f00695a9852,9,81,34,2,680574,R,Matt McLain,669212,R,Eli Morgan,CIN,KC,113,118,Double,Matt McLain doubles (10) on a line drive to left fielder Isaac Collins. Edwin Arroyo scores.,Double,"{""homeRunBallparks"": 0}",0,0,0,0,X,In Play,hit_into_play,False,E,FF,4-Seam Fastball,"In play, run(s)",90.4,81.1,3.05,1.54,6.52,0.42,5,2355,11.8,21.1,-13.0,-0.2652,2.1643,0.98,1.76,-1.08,0.98,0.98,0.4,True,True,False,False,False,-0.2652,2.1643,1,16,6,4,1,300,73.8,287.0,0.31,0,-225.66,231.03,99.4,19.0,99.4,19.0,True,,True,True,N,1
824510,2026-06-01,CIN,KC,pitch,30061afb-94d1-3c99-b89f-be6796e9af96,9,82,0,2,666181,L,Will Benson,669212,R,Eli Morgan,CIN,KC,113,118,Walk,Will Benson walks.,Walk,,0,0,0,0,B,Ball,ball,False,B,CH,Changeup,Ball,77.4,70.8,3.39,1.71,6.43,0.49,14,2228,18.6,3.2,-42.8,0.4695,1.1345,1.55,0.27,-3.57,1.55,1.55,0.46,False,False,False,False,False,0.4695,1.1345,1,17,6,5,1,301,6.2,,,,,,,,,,,,,False,N,1
824510,2026-06-01,CIN,KC,pitch,c6619ba4-3a4f-31e4-b4ed-e65a9656f254,9,82,0,2,666181,L,Will Benson,669212,R,Eli Morgan,CIN,KC,113,118,Walk,Will Benson walks.,Walk,,0,1,0,1,S,Strike,swinging_strike,True,S,CH,Changeup,Swinging Strike,77.7,71.2,3.39,1.71,6.43,0.49,14,2268,17.3,-0.1,-45.7,0.4463,0.9976,1.44,-0.01,-3.81,1.44,1.44,0.46,False,False,False,False,False,0.4463,0.9976,2,18,7,5,1,302,26.5,,,,,,,,,,,,,False,N,1
824510,2026-06-01,CIN,KC,pitch,f4c9f8fe-af2b-38bf-a085-bcb9a680704a,9,82,0,2,666181,L,Will Benson,669212,R,Eli Morgan,CIN,KC,113,118,Walk,Will Benson walks.,Walk,,1,1,1,1,B,Ball,ball,False,B,SL,Slider,Ball,85.5,79.2,3.39,1.71,6.2,0.44,14,2562,4.4,2.8,-34.3,1.743,1.7871,-0.37,0.23,-2.86,4.4,-0.37,0.41,False,False,False,False,False,1.743,1.7871,3,19,6,5,1,303,,,,,,,,,,,,,,False,N,1
824510,2026-06-01,CIN,KC,pitch,70d29c7a-cdbd-3636-a062-a4073569118e,9,82,0,2,666181,L,Will Benson,669212,R,Eli Morgan,CIN,KC,113,118,Walk,Will Benson walks.,Walk,,1,2,1,2,B,Ball,blocked_ball,False,*B,CH,Changeup,Ball In Dirt,78.5,72.2,3.39,1.71,6.67,0.48,14,2307,18.2,2.6,-42.0,0.3086,0.3764,1.52,0.22,-3.5,1.52,1.52,0.45,False,False,False,False,False,0.3086,0.3764,4,20,8,5,1,304,,,,,,,,,,,,,,False,N,1
824510,2026-06-01,CIN,KC,pitch,034c77dc-4952-3a85-b4ca-11770067d101,9,82,0,2,666181,L,Will Benson,669212,R,Eli Morgan,CIN,KC,113,118,Walk,Will Benson walks.,Walk,,1,3,1,3,S,Strike,swinging_strike,True,S,FF,4-Seam Fastball,Swinging Strike,91.6,83.1,3.39,1.71,6.29,0.41,12,2264,9.8,20.3,-12.6,0.6167,3.852,0.82,1.69,-1.05,0.82,0.82,0.39,False,False,False,False,False,0.6167,3.852,5,21,7,5,1,305,74.8,,,,,,,,,,,,,False,N,1
824510,2026-06-01,CIN,KC,pitch,8318c2a2-7bb7-3205-a560-d3251df313ca,9,82,0,2,666181,L,Will Benson,669212,R,Eli Morgan,CIN,KC,113,118,Walk,Will Benson walks.,Walk,,2,3,2,3,B,Ball,ball,False,B,SL,Slider,Ball,86.4,79.2,3.39,1.71,6.26,0.44,14,2576,3.2,2.6,-34.2,0.9349,1.5849,-0.27,0.22,-2.85,3.2,-0.27,0.41,False,False,False,False,False,0.9349,1.5849,6,22,7,5,1,306,20.7,,,,,,,,,,,,,True,N,1
824510,2026-06-01,CIN,KC,pitch,5fbbd9a1-4df8-32b8-a0c7-3f6da93567a5,9,83,14,2,668709,L,JJ Bleday,669212,R,Eli Morgan,CIN,KC,113,118,Strikeout,JJ Bleday strikes out swinging.,Strikeout,,0,0,0,0,S,Strike,called_strike,False,C,SL,Slider,Called Strike,87.4,79.9,3.29,1.66,6.37,0.43,6,2461,4.0,2.8,-33.2,0.5135,2.5093,-0.33,0.23,-2.77,4.0,-0.33,0.41,True,True,False,False,False,0.5135,2.5093,1,23,8,6,1,307,,,,,,,,,,,,,,False,N,1
824510,2026-06-01,CIN,KC,pitch,1790fc06-c442-31e7-90d6-5e8c36c77c6e,9,83,14,2,668709,L,JJ Bleday,669212,R,Eli Morgan,CIN,KC,113,118,Strikeout,JJ Bleday strikes out swinging.,Strikeout,,1,0,1,0,S,Strike,called_strike,False,C,CH,Changeup,Called Strike,78.4,71.4,3.29,1.66,6.18,0.48,2,2209,16.9,2.2,-42.6,-0.0012,3.3589,1.41,0.18,-3.55,1.41,1.41,0.45,True,True,False,False,True,-0.0012,3.3589,2,24,9,6,1,308,,,,,,,,,,,,,,False,N,1
824510,2026-06-01,CIN,KC,pitch,b9f60748-e6ee-3ade-b388-63db564f5cea,9,83,14,2,668709,L,JJ Bleday,669212,R,Eli Morgan,CIN,KC,113,118,Strikeout,JJ Bleday strikes out swinging.,Strikeout,,2,0,2,0,S,Strike,swinging_strike,True,S,SL,Slider,Swinging Strike,87.8,81.4,3.29,1.66,6.31,0.43,14,2654,1.4,6.4,-28.8,0.9608,1.3304,-0.12,0.53,-2.4,1.4,-0.12,0.4,False,False,False,False,False,0.9608,1.3304,3,25,9,6,1,309,75.0,,,,,,,,,,,,,True,N,1
